scheme_code,isin_growth,isin_reinv,scheme_name,category,amc,plan,option,latest_nav,nav_date
130947,INF109KA1I84,-,ICICI Prudential Corporate Bond Fund,Open Ended Schemes(Debt Scheme - Corporate Bond Fund),ICICI Prudential Mutual Fund,Regular,Other,,
111988,INF109K01CR9,-,ICICI Prudential Corporate Bond Fund,Open Ended Schemes(Debt Scheme - Corporate Bond Fund),ICICI Prudential Mutual Fund,Regular,Other,,
120695,INF109K013B8,-,ICICI Prudential Corporate Bond Fund,Open Ended Schemes(Debt Scheme - Corporate Bond Fund),ICICI Prudential Mutual Fund,Regular,Other,,
120696,INF109K014B6,INF109K015B3,ICICI Prudential Corporate Bond Fund,Open Ended Schemes(Debt Scheme - Corporate Bond Fund),ICICI Prudential Mutual Fund,Regular,Other,,
131152,INF109KA1N38,INF109KA1N20,ICICI Prudential Corporate Bond Fund,Open Ended Schemes(Debt Scheme - Corporate Bond Fund),ICICI Prudential Mutual Fund,Regular,Other,,
120693,INF109K010C2,INF109K011C0,ICICI Prudential Corporate Bond Fund,Open Ended Schemes(Debt Scheme - Corporate Bond Fund),ICICI Prudential Mutual Fund,Regular,Other,,
111990,INF109K01SJ2,INF109K01CS7,ICICI Prudential Corporate Bond Fund,Open Ended Schemes(Debt Scheme - Corporate Bond Fund),ICICI Prudential Mutual Fund,Regular,Other,,
131151,INF109KA1N12,INF109KA1N04,ICICI Prudential Corporate Bond Fund,Open Ended Schemes(Debt Scheme - Corporate Bond Fund),ICICI Prudential Mutual Fund,Regular,Other,,
111982,INF109K01CL2,-,ICICI Prudential Corporate Bond Fund,Open Ended Schemes(Debt Scheme - Corporate Bond Fund),ICICI Prudential Mutual Fund,Regular,Other,,
111985,INF109K01CO6,-,ICICI Prudential Corporate Bond Fund,Open Ended Schemes(Debt Scheme - Corporate Bond Fund),ICICI Prudential Mutual Fund,Regular,Other,,
111989,INF109K01SL8,INF109K01SM6,ICICI Prudential Corporate Bond Fund,Open Ended Schemes(Debt Scheme - Corporate Bond Fund),ICICI Prudential Mutual Fund,Regular,Other,,
111976,INF109K01CF4,-,ICICI Prudential Corporate Bond Fund,Open Ended Schemes(Debt Scheme - Corporate Bond Fund),ICICI Prudential Mutual Fund,Regular,Other,,
111978,INF109K01SF0,INF109K01CH0,ICICI Prudential Corporate Bond Fund,Open Ended Schemes(Debt Scheme - Corporate Bond Fund),ICICI Prudential Mutual Fund,Regular,Other,,
111972,INF109K01CE7,-,ICICI Prudential Corporate Bond Fund,Open Ended Schemes(Debt Scheme - Corporate Bond Fund),ICICI Prudential Mutual Fund,Regular,Other,,
111979,INF109K01QM0,INF109K01CI8,ICICI Prudential Corporate Bond Fund,Open Ended Schemes(Debt Scheme - Corporate Bond Fund),ICICI Prudential Mutual Fund,Regular,Other,,
111980,INF109K01FQ4,INF109K01CJ6,ICICI Prudential Corporate Bond Fund,Open Ended Schemes(Debt Scheme - Corporate Bond Fund),ICICI Prudential Mutual Fund,Regular,Other,,
111977,INF109K01SE3,INF109K01CG2,ICICI Prudential Corporate Bond Fund,Open Ended Schemes(Debt Scheme - Corporate Bond Fund),ICICI Prudential Mutual Fund,Regular,Other,,
138323,INF223J01CQ2,-,PGIM India Corporate Bond Fund,Open Ended Schemes(Debt Scheme - Corporate Bond Fund),PGIM India Mutual Fund,Regular,Other,,
138336,INF223J01WZ1,-,PGIM India Corporate Bond Fund,Open Ended Schemes(Debt Scheme - Corporate Bond Fund),PGIM India Mutual Fund,Regular,Other,,
138324,INF223J01DA4,-,PGIM India Corporate Bond Fund,Open Ended Schemes(Debt Scheme - Corporate Bond Fund),PGIM India Mutual Fund,Regular,Other,,
138333,INF223J01WG1,-,PGIM India Corporate Bond Fund,Open Ended Schemes(Debt Scheme - Corporate Bond Fund),PGIM India Mutual Fund,Regular,Other,,
138334,INF223J01WF3,-,PGIM India Corporate Bond Fund,Open Ended Schemes(Debt Scheme - Corporate Bond Fund),PGIM India Mutual Fund,Regular,Other,,
148085,INF789F1AOW2,-,UTI - Bond Fund ( Segregated - 17022020 ),Open Ended Schemes(Debt Scheme - Corporate Bond Fund),UTI Mutual Fund,Regular,Other,,
148086,INF789F1APF4,-,UTI - Bond Fund ( Segregated - 17022020 ),Open Ended Schemes(Debt Scheme - Corporate Bond Fund),UTI Mutual Fund,Regular,Other,,
148076,INF789F1APK4,INF789F1APL2,UTI - Bond Fund ( Segregated - 17022020 ),Open Ended Schemes(Debt Scheme - Corporate Bond Fund),UTI Mutual Fund,Regular,Other,,
148090,INF789F1APM0,INF789F1APN8,UTI - Bond Fund ( Segregated - 17022020 ),Open Ended Schemes(Debt Scheme - Corporate Bond Fund),UTI Mutual Fund,Regular,Other,,
148091,INF789F1API8,INF789F1APJ6,UTI - Bond Fund ( Segregated - 17022020 ),Open Ended Schemes(Debt Scheme - Corporate Bond Fund),UTI Mutual Fund,Regular,Other,,
148092,INF789F1APG2,INF789F1APH0,UTI - Bond Fund ( Segregated - 17022020 ),Open Ended Schemes(Debt Scheme - Corporate Bond Fund),UTI Mutual Fund,Regular,Other,,
148075,INF789F1APB3,INF789F1APC1,UTI - Bond Fund ( Segregated - 17022020 ),Open Ended Schemes(Debt Scheme - Corporate Bond Fund),UTI Mutual Fund,Regular,Other,,
148088,INF789F1APD9,INF789F1APE7,UTI - Bond Fund ( Segregated - 17022020 ),Open Ended Schemes(Debt Scheme - Corporate Bond Fund),UTI Mutual Fund,Regular,Other,,
148087,INF789F1AOZ5,INF789F1APA5,UTI - Bond Fund ( Segregated - 17022020 ),Open Ended Schemes(Debt Scheme - Corporate Bond Fund),UTI Mutual Fund,Regular,Other,,
148089,INF789F1AOX0,INF789F1AOY8,UTI - Bond Fund ( Segregated - 17022020 ),Open Ended Schemes(Debt Scheme - Corporate Bond Fund),UTI Mutual Fund,Regular,Other,,
134384,INF209KA1K70,-,Aditya Birla Sun Life Credit Risk Fund,Open Ended Schemes(Debt Scheme - Credit Risk Fund),Aditya Birla Sun Life Mutual Fund,Regular,Other,,
116153,INF090I01ET7,-,Franklin India Credit Risk Fund (No. of segregated portfolios-3),Open Ended Schemes(Debt Scheme - Credit Risk Fund),Franklin Templeton Mutual Fund,Regular,Other,,
116154,INF090I01ES9,INF090I01ER1,Franklin India Credit Risk Fund (No. of segregated portfolios-3),Open Ended Schemes(Debt Scheme - Credit Risk Fund),Franklin Templeton Mutual Fund,Regular,Other,,
147957,INF090I01TI8,-,Franklin India Credit Risk Fund (No. of segregated portfolios-3),Open Ended Schemes(Debt Scheme - Credit Risk Fund),Franklin Templeton Mutual Fund,Regular,Other,,
147954,INF090I01TJ6,-,Franklin India Credit Risk Fund (No. of segregated portfolios-3),Open Ended Schemes(Debt Scheme - Credit Risk Fund),Franklin Templeton Mutual Fund,Regular,Other,,
147959,INF090I01TM0,-,Franklin India Credit Risk Fund (No. of segregated portfolios-3),Open Ended Schemes(Debt Scheme - Credit Risk Fund),Franklin Templeton Mutual Fund,Regular,Other,,
147961,INF090I01TN8,-,Franklin India Credit Risk Fund (No. of segregated portfolios-3),Open Ended Schemes(Debt Scheme - Credit Risk Fund),Franklin Templeton Mutual Fund,Regular,Other,,
134342,INF109KB1AF0,INF109KB1AG8,ICICI Prudential Credit Risk Fund,Open Ended Schemes(Debt Scheme - Credit Risk Fund),ICICI Prudential Mutual Fund,Regular,Other,,
130943,INF109KA1I27,-,ICICI Prudential Credit Risk Fund,Open Ended Schemes(Debt Scheme - Credit Risk Fund),ICICI Prudential Mutual Fund,Regular,Other,,
134341,INF109KB1AD5,INF109KB1AE3,ICICI Prudential Credit Risk Fund,Open Ended Schemes(Debt Scheme - Credit Risk Fund),ICICI Prudential Mutual Fund,Regular,Other,,
120710,INF109K01V18,INF109K01V26,ICICI Prudential Credit Risk Fund,Open Ended Schemes(Debt Scheme - Credit Risk Fund),ICICI Prudential Mutual Fund,Regular,Other,,
130944,INF109KA1I19,-,ICICI Prudential Credit Risk Fund,Open Ended Schemes(Debt Scheme - Credit Risk Fund),ICICI Prudential Mutual Fund,Regular,Other,,
114241,INF109K01GX8,INF109K01GY6,ICICI Prudential Credit Risk Fund,Open Ended Schemes(Debt Scheme - Credit Risk Fund),ICICI Prudential Mutual Fund,Regular,Other,,
148239,INF789F1ARG8,INF789F1ARH6,UTI - Credit Risk Fund (Segregated - 06032020),Open Ended Schemes(Debt Scheme - Credit Risk Fund),UTI Mutual Fund,Regular,Other,,
148241,INF789F1ARK0,INF789F1ARL8,UTI - Credit Risk Fund (Segregated - 06032020),Open Ended Schemes(Debt Scheme - Credit Risk Fund),UTI Mutual Fund,Regular,Other,,
148242,INF789F1ARF0,-,UTI - Credit Risk Fund (Segregated - 06032020),Open Ended Schemes(Debt Scheme - Credit Risk Fund),UTI Mutual Fund,Regular,Other,,
148238,INF789F1ARI4,INF789F1ARJ2,UTI - Credit Risk Fund (Segregated - 06032020),Open Ended Schemes(Debt Scheme - Credit Risk Fund),UTI Mutual Fund,Regular,Other,,
148240,INF789F1ARM6,INF789F1ARN4,UTI - Credit Risk Fund (Segregated - 06032020),Open Ended Schemes(Debt Scheme - Credit Risk Fund),UTI Mutual Fund,Regular,Other,,
148245,INF789F1ARD5,INF789F1ARE3,UTI - Credit Risk Fund (Segregated - 06032020),Open Ended Schemes(Debt Scheme - Credit Risk Fund),UTI Mutual Fund,Regular,Other,,
148234,INF789F1ARR5,INF789F1ARS3,UTI - Credit Risk Fund (Segregated - 06032020),Open Ended Schemes(Debt Scheme - Credit Risk Fund),UTI Mutual Fund,Regular,Other,,
148236,INF789F1ARV7,INF789F1ARW5,UTI - Credit Risk Fund (Segregated - 06032020),Open Ended Schemes(Debt Scheme - Credit Risk Fund),UTI Mutual Fund,Regular,Other,,
148237,INF789F1ARQ7,-,UTI - Credit Risk Fund (Segregated - 06032020),Open Ended Schemes(Debt Scheme - Credit Risk Fund),UTI Mutual Fund,Regular,Other,,
148235,INF789F1ART1,INF789F1ARU9,UTI - Credit Risk Fund (Segregated - 06032020),Open Ended Schemes(Debt Scheme - Credit Risk Fund),UTI Mutual Fund,Regular,Other,,
148244,INF789F1ARX3,INF789F1ARY1,UTI - Credit Risk Fund (Segregated - 06032020),Open Ended Schemes(Debt Scheme - Credit Risk Fund),UTI Mutual Fund,Regular,Other,,
148243,INF789F1ARO2,INF789F1ARP9,UTI - Credit Risk Fund (Segregated - 06032020),Open Ended Schemes(Debt Scheme - Credit Risk Fund),UTI Mutual Fund,Regular,Other,,
148432,-,-,UTI - Credit Risk Fund (Segregated - 07072020),Open Ended Schemes(Debt Scheme - Credit Risk Fund),UTI Mutual Fund,Regular,Other,,
148427,-,-,UTI - Credit Risk Fund (Segregated - 07072020),Open Ended Schemes(Debt Scheme - Credit Risk Fund),UTI Mutual Fund,Regular,Other,,
148429,-,-,UTI - Credit Risk Fund (Segregated - 07072020),Open Ended Schemes(Debt Scheme - Credit Risk Fund),UTI Mutual Fund,Regular,Other,,
148430,-,-,UTI - Credit Risk Fund (Segregated - 07072020),Open Ended Schemes(Debt Scheme - Credit Risk Fund),UTI Mutual Fund,Regular,Other,,
148431,-,-,UTI - Credit Risk Fund (Segregated - 07072020),Open Ended Schemes(Debt Scheme - Credit Risk Fund),UTI Mutual Fund,Regular,Other,,
148428,-,-,UTI - Credit Risk Fund (Segregated - 07072020),Open Ended Schemes(Debt Scheme - Credit Risk Fund),UTI Mutual Fund,Regular,Other,,
148420,-,-,UTI - Credit Risk Fund (Segregated - 07072020),Open Ended Schemes(Debt Scheme - Credit Risk Fund),UTI Mutual Fund,Regular,Other,,
148426,-,-,UTI - Credit Risk Fund (Segregated - 07072020),Open Ended Schemes(Debt Scheme - Credit Risk Fund),UTI Mutual Fund,Regular,Other,,
148425,-,-,UTI - Credit Risk Fund (Segregated - 07072020),Open Ended Schemes(Debt Scheme - Credit Risk Fund),UTI Mutual Fund,Regular,Other,,
148424,-,-,UTI - Credit Risk Fund (Segregated - 07072020),Open Ended Schemes(Debt Scheme - Credit Risk Fund),UTI Mutual Fund,Regular,Other,,
148423,-,-,UTI - Credit Risk Fund (Segregated - 07072020),Open Ended Schemes(Debt Scheme - Credit Risk Fund),UTI Mutual Fund,Regular,Other,,
148422,-,-,UTI - Credit Risk Fund (Segregated - 07072020),Open Ended Schemes(Debt Scheme - Credit Risk Fund),UTI Mutual Fund,Regular,Other,,
147659,INF789F1AML9,INF789F1AMM7,UTi - Credit Risk Fund (Segregated - 13092019),Open Ended Schemes(Debt Scheme - Credit Risk Fund),UTI Mutual Fund,Regular,Other,,
147656,INF789F1AMP0,INF789F1AMQ8,UTi - Credit Risk Fund (Segregated - 13092019),Open Ended Schemes(Debt Scheme - Credit Risk Fund),UTI Mutual Fund,Regular,Other,,
147651,INF789F1AMK1,-,UTi - Credit Risk Fund (Segregated - 13092019),Open Ended Schemes(Debt Scheme - Credit Risk Fund),UTI Mutual Fund,Regular,Other,,
147660,INF789F1AMN5,INF789F1AMO3,UTi - Credit Risk Fund (Segregated - 13092019),Open Ended Schemes(Debt Scheme - Credit Risk Fund),UTI Mutual Fund,Regular,Other,,
147653,INF789F1AMR6,INF789F1AMS4,UTi - Credit Risk Fund (Segregated - 13092019),Open Ended Schemes(Debt Scheme - Credit Risk Fund),UTI Mutual Fund,Regular,Other,,
147655,INF789F1AMI5,INF789F1AMJ3,UTi - Credit Risk Fund (Segregated - 13092019),Open Ended Schemes(Debt Scheme - Credit Risk Fund),UTI Mutual Fund,Regular,Other,,
147657,INF789F1AMW6,INF789F1AMX4,UTi - Credit Risk Fund (Segregated - 13092019),Open Ended Schemes(Debt Scheme - Credit Risk Fund),UTI Mutual Fund,Regular,Other,,
147654,INF789F1ANA0,INF789F1ANB8,UTi - Credit Risk Fund (Segregated - 13092019),Open Ended Schemes(Debt Scheme - Credit Risk Fund),UTI Mutual Fund,Regular,Other,,
147650,INF789F1AMV8,-,UTi - Credit Risk Fund (Segregated - 13092019),Open Ended Schemes(Debt Scheme - Credit Risk Fund),UTI Mutual Fund,Regular,Other,,
147658,INF789F1AMY2,INF789F1AMZ9,UTi - Credit Risk Fund (Segregated - 13092019),Open Ended Schemes(Debt Scheme - Credit Risk Fund),UTI Mutual Fund,Regular,Other,,
147652,INF789F1ANC6,INF789F1AND4,UTi - Credit Risk Fund (Segregated - 13092019),Open Ended Schemes(Debt Scheme - Credit Risk Fund),UTI Mutual Fund,Regular,Other,,
147649,INF789F1AMT2,INF789F1AMU0,UTi - Credit Risk Fund (Segregated - 13092019),Open Ended Schemes(Debt Scheme - Credit Risk Fund),UTI Mutual Fund,Regular,Other,,
148147,INF789F1ANG7,-,UTI - Credit Risk Fund (Segregated - 17022019),Open Ended Schemes(Debt Scheme - Credit Risk Fund),UTI Mutual Fund,Regular,Other,,
148146,INF789F1ANR4,-,UTI - Credit Risk Fund (Segregated - 17022019),Open Ended Schemes(Debt Scheme - Credit Risk Fund),UTI Mutual Fund,Regular,Other,,
148156,INF789F1ANH5,INF789F1ANI3,UTI - Credit Risk Fund (Segregated - 17022019),Open Ended Schemes(Debt Scheme - Credit Risk Fund),UTI Mutual Fund,Regular,Other,,
148151,INF789F1ANL7,INF789F1ANM5,UTI - Credit Risk Fund (Segregated - 17022019),Open Ended Schemes(Debt Scheme - Credit Risk Fund),UTI Mutual Fund,Regular,Other,,
148145,INF789F1ANJ1,INF789F1ANK9,UTI - Credit Risk Fund (Segregated - 17022019),Open Ended Schemes(Debt Scheme - Credit Risk Fund),UTI Mutual Fund,Regular,Other,,
148154,INF789F1ANN3,INF789F1ANO1,UTI - Credit Risk Fund (Segregated - 17022019),Open Ended Schemes(Debt Scheme - Credit Risk Fund),UTI Mutual Fund,Regular,Other,,
148150,INF789F1ANE2,INF789F1ANF9,UTI - Credit Risk Fund (Segregated - 17022019),Open Ended Schemes(Debt Scheme - Credit Risk Fund),UTI Mutual Fund,Regular,Other,,
148155,INF789F1ANS2,INF789F1ANT0,UTI - Credit Risk Fund (Segregated - 17022019),Open Ended Schemes(Debt Scheme - Credit Risk Fund),UTI Mutual Fund,Regular,Other,,
148149,INF789F1ANW4,INF789F1ANX2,UTI - Credit Risk Fund (Segregated - 17022019),Open Ended Schemes(Debt Scheme - Credit Risk Fund),UTI Mutual Fund,Regular,Other,,
148152,INF789F1ANU8,INF789F1ANV6,UTI - Credit Risk Fund (Segregated - 17022019),Open Ended Schemes(Debt Scheme - Credit Risk Fund),UTI Mutual Fund,Regular,Other,,
148153,INF789F1ANY0,INF789F1ANZ7,UTI - Credit Risk Fund (Segregated - 17022019),Open Ended Schemes(Debt Scheme - Credit Risk Fund),UTI Mutual Fund,Regular,Other,,
148148,INF789F1ANP8,INF789F1ANQ6,UTI - Credit Risk Fund (Segregated - 17022019),Open Ended Schemes(Debt Scheme - Credit Risk Fund),UTI Mutual Fund,Regular,Other,,
100498,INF090I01BN6,INF090I01BO4,Franklin India Dynamic Accrual Fund (No. of segregated portfolios- 3),Open Ended Schemes(Debt Scheme - Dynamic Bond),Franklin Templeton Mutual Fund,Regular,Other,,
147983,INF090I01TQ1,-,Franklin India Dynamic Accrual Fund (No. of segregated portfolios- 3),Open Ended Schemes(Debt Scheme - Dynamic Bond),Franklin Templeton Mutual Fund,Regular,Other,,
147981,INF090I01TR9,-,Franklin India Dynamic Accrual Fund (No. of segregated portfolios- 3),Open Ended Schemes(Debt Scheme - Dynamic Bond),Franklin Templeton Mutual Fund,Regular,Other,,
147985,INF090I01TU3,-,Franklin India Dynamic Accrual Fund (No. of segregated portfolios- 3),Open Ended Schemes(Debt Scheme - Dynamic Bond),Franklin Templeton Mutual Fund,Regular,Other,,
147987,INF090I01TV1,-,Franklin India Dynamic Accrual Fund (No. of segregated portfolios- 3),Open Ended Schemes(Debt Scheme - Dynamic Bond),Franklin Templeton Mutual Fund,Regular,Other,,
100499,INF090I01BP1,-,Franklin India Dynamic Accrual Fund (No. of segregated portfolios- 3),Open Ended Schemes(Debt Scheme - Dynamic Bond),Franklin Templeton Mutual Fund,Regular,Other,,
148118,INF789F1APX7,-,UTI - Dynamic Bond Fund ( Segregated - 17022020),Open Ended Schemes(Debt Scheme - Dynamic Bond),UTI Mutual Fund,Regular,Other,,
148117,INF789F1APO6,-,UTI - Dynamic Bond Fund ( Segregated - 17022020),Open Ended Schemes(Debt Scheme - Dynamic Bond),UTI Mutual Fund,Regular,Other,,
148125,INF789F1AQC9,INF789F1AQD7,UTI - Dynamic Bond Fund ( Segregated - 17022020),Open Ended Schemes(Debt Scheme - Dynamic Bond),UTI Mutual Fund,Regular,Other,,
148124,INF789F1AQE5,INF789F1AQF2,UTI - Dynamic Bond Fund ( Segregated - 17022020),Open Ended Schemes(Debt Scheme - Dynamic Bond),UTI Mutual Fund,Regular,Other,,
148120,INF789F1AQA3,INF789F1AQB1,UTI - Dynamic Bond Fund ( Segregated - 17022020),Open Ended Schemes(Debt Scheme - Dynamic Bond),UTI Mutual Fund,Regular,Other,,
148121,INF789F1APY5,INF789F1APZ2,UTI - Dynamic Bond Fund ( Segregated - 17022020),Open Ended Schemes(Debt Scheme - Dynamic Bond),UTI Mutual Fund,Regular,Other,,
148122,INF789F1APT5,INF789F1APU3,UTI - Dynamic Bond Fund ( Segregated - 17022020),Open Ended Schemes(Debt Scheme - Dynamic Bond),UTI Mutual Fund,Regular,Other,,
148123,INF789F1APV1,INF789F1APW9,UTI - Dynamic Bond Fund ( Segregated - 17022020),Open Ended Schemes(Debt Scheme - Dynamic Bond),UTI Mutual Fund,Regular,Other,,
148119,INF789F1APR9,INF789F1APS7,UTI - Dynamic Bond Fund ( Segregated - 17022020),Open Ended Schemes(Debt Scheme - Dynamic Bond),UTI Mutual Fund,Regular,Other,,
148126,INF789F1APP3,INF789F1APQ1,UTI - Dynamic Bond Fund ( Segregated - 17022020),Open Ended Schemes(Debt Scheme - Dynamic Bond),UTI Mutual Fund,Regular,Other,,
130903,INF109KA1H10,-,ICICI Prudential Gilt Fund,Open Ended Schemes(Debt Scheme - Gilt Fund),ICICI Prudential Mutual Fund,Regular,Other,,
130955,INF109KA1H02,-,ICICI Prudential Gilt Fund,Open Ended Schemes(Debt Scheme - Gilt Fund),ICICI Prudential Mutual Fund,Regular,Other,,
130902,INF109KA1I68,-,ICICI Prudential Gilt Fund,Open Ended Schemes(Debt Scheme - Gilt Fund),ICICI Prudential Mutual Fund,Regular,Other,,
120607,INF109K012D6,INF109K013D4,ICICI Prudential Gilt Fund,Open Ended Schemes(Debt Scheme - Gilt Fund),ICICI Prudential Mutual Fund,Regular,Other,,
120608,INF109K014D2,-,ICICI Prudential Gilt Fund,Open Ended Schemes(Debt Scheme - Gilt Fund),ICICI Prudential Mutual Fund,Regular,Other,,
120609,INF109K015D9,INF109K016D7,ICICI Prudential Gilt Fund,Open Ended Schemes(Debt Scheme - Gilt Fund),ICICI Prudential Mutual Fund,Regular,Other,,
130956,INF109KA1I50,-,ICICI Prudential Gilt Fund,Open Ended Schemes(Debt Scheme - Gilt Fund),ICICI Prudential Mutual Fund,Regular,Other,,
100370,INF109K01JW4,INF109K01JV6,ICICI Prudential Gilt Fund,Open Ended Schemes(Debt Scheme - Gilt Fund),ICICI Prudential Mutual Fund,Regular,Other,,
100371,INF109K01JX2,-,ICICI Prudential Gilt Fund,Open Ended Schemes(Debt Scheme - Gilt Fund),ICICI Prudential Mutual Fund,Regular,Other,,
100372,INF109K01JZ7,INF109K01JY0,ICICI Prudential Gilt Fund,Open Ended Schemes(Debt Scheme - Gilt Fund),ICICI Prudential Mutual Fund,Regular,Other,,
138471,INF223J01AR4,-,PGIM India Gilt Fund,Open Ended Schemes(Debt Scheme - Gilt Fund),PGIM India Mutual Fund,Regular,Other,,
138476,INF223J01VM1,-,PGIM India Gilt Fund,Open Ended Schemes(Debt Scheme - Gilt Fund),PGIM India Mutual Fund,Regular,Other,,
138475,INF223J01VL3,-,PGIM India Gilt Fund,Open Ended Schemes(Debt Scheme - Gilt Fund),PGIM India Mutual Fund,Regular,Other,,
100041,-,INF209K01KN9,Aditya Birla Sun Life Liquid Fund,Open Ended Schemes(Debt Scheme - Liquid Fund),Aditya Birla Sun Life Mutual Fund,Regular,Other,,
100048,INF209KA1LK7,INF209K01KY6,Aditya Birla Sun Life Liquid Fund,Open Ended Schemes(Debt Scheme - Liquid Fund),Aditya Birla Sun Life Mutual Fund,Regular,Other,,
100044,-,INF209K01KP4,Aditya Birla Sun Life Liquid Fund,Open Ended Schemes(Debt Scheme - Liquid Fund),Aditya Birla Sun Life Mutual Fund,Regular,Other,,
108694,INF194K01VP5,INF194K01VO8,BANDHAN LIQUID Fund,Open Ended Schemes(Debt Scheme - Liquid Fund),Bandhan Mutual Fund,Regular,Other,,
139582,INF194KA14C0,-,BANDHAN LIQUID Fund,Open Ended Schemes(Debt Scheme - Liquid Fund),Bandhan Mutual Fund,Regular,Other,,Unclaimed IDCW Less than 3 years
139583,INF194KA15C7,-,BANDHAN LIQUID Fund,Open Ended Schemes(Debt Scheme - Liquid Fund),Bandhan Mutual Fund,Regular,Other,,Unclaimed IDCW More than 3 years
139584,INF194KA12C4,-,BANDHAN LIQUID Fund,Open Ended Schemes(Debt Scheme - Liquid Fund),Bandhan Mutual Fund,Regular,Other,,Unclaimed Redemption Less than 3 years
139585,INF194KA13C2,-,BANDHAN LIQUID Fund,Open Ended Schemes(Debt Scheme - Liquid Fund),Bandhan Mutual Fund,Regular,Other,,Unclaimed Redemption More than 3 years
141887,-,-,BANK OF INDIA LIQUID FUND,Open Ended Schemes(Debt Scheme - Liquid Fund),Bank of India Mutual Fund,Regular,Other,,
141889,-,-,BANK OF INDIA LIQUID FUND,Open Ended Schemes(Debt Scheme - Liquid Fund),Bank of India Mutual Fund,Regular,Other,,
141888,-,-,BANK OF INDIA LIQUID FUND,Open Ended Schemes(Debt Scheme - Liquid Fund),Bank of India Mutual Fund,Regular,Other,,
141890,-,-,BANK OF INDIA LIQUID FUND,Open Ended Schemes(Debt Scheme - Liquid Fund),Bank of India Mutual Fund,Regular,Other,,
140189,INF754K01HR1,-,Edelweiss Liquid Fund,Open Ended Schemes(Debt Scheme - Liquid Fund),Edelweiss Mutual Fund,Regular,Other,,
140176,INF754K01HE9,-,Edelweiss Liquid Fund,Open Ended Schemes(Debt Scheme - Liquid Fund),Edelweiss Mutual Fund,Regular,Other,,
140178,-,INF754K01HG4,Edelweiss Liquid Fund,Open Ended Schemes(Debt Scheme - Liquid Fund),Edelweiss Mutual Fund,Regular,Other,,
140177,-,INF754K01HF6,Edelweiss Liquid Fund,Open Ended Schemes(Debt Scheme - Liquid Fund),Edelweiss Mutual Fund,Regular,Other,,
140180,-,INF754K01HI0,Edelweiss Liquid Fund,Open Ended Schemes(Debt Scheme - Liquid Fund),Edelweiss Mutual Fund,Regular,Other,,
100878,INF179K01KP9,-,HDFC Liquid Fund,Open Ended Schemes(Debt Scheme - Liquid Fund),HDFC Mutual Fund,Regular,Other,,
100881,INF179K01KS3,-,HDFC Liquid Fund,Open Ended Schemes(Debt Scheme - Liquid Fund),HDFC Mutual Fund,Regular,Other,,
100872,INF179K01KQ7,-,HDFC Liquid Fund,Open Ended Schemes(Debt Scheme - Liquid Fund),HDFC Mutual Fund,Regular,Other,,
100357,INF109K01UU5,INF109K01UT7,ICICI Prudential Liquid Fund,Open Ended Schemes(Debt Scheme - Liquid Fund),ICICI Prudential Mutual Fund,Regular,Other,,
100359,INF109K01VJ6,-,ICICI Prudential Liquid Fund,Open Ended Schemes(Debt Scheme - Liquid Fund),ICICI Prudential Mutual Fund,Regular,Other,,
130933,INF109KA1G94,-,ICICI Prudential Liquid Fund -,Open Ended Schemes(Debt Scheme - Liquid Fund),ICICI Prudential Mutual Fund,Regular,Other,,
120198,INF109K01P99,INF109K01Q07,ICICI Prudential Liquid Fund -,Open Ended Schemes(Debt Scheme - Liquid Fund),ICICI Prudential Mutual Fund,Regular,Other,,
120187,INF109K01Q56,INF109K01Q64,ICICI Prudential Liquid Fund -,Open Ended Schemes(Debt Scheme - Liquid Fund),ICICI Prudential Mutual Fund,Regular,Other,,
120189,INF109K01R06,-,ICICI Prudential Liquid Fund -,Open Ended Schemes(Debt Scheme - Liquid Fund),ICICI Prudential Mutual Fund,Regular,Other,,
120196,INF109K01Q72,INF109K01Q80,ICICI Prudential Liquid Fund -,Open Ended Schemes(Debt Scheme - Liquid Fund),ICICI Prudential Mutual Fund,Regular,Other,,
130934,INF109KA1G86,-,ICICI Prudential Liquid Fund -,Open Ended Schemes(Debt Scheme - Liquid Fund),ICICI Prudential Mutual Fund,Regular,Other,,
104308,INF109K01UX9,INF109K01UW1,ICICI Prudential Liquid Fund -,Open Ended Schemes(Debt Scheme - Liquid Fund),ICICI Prudential Mutual Fund,Regular,Other,,
103344,INF109K01VH0,-,ICICI Prudential Liquid Fund -,Open Ended Schemes(Debt Scheme - Liquid Fund),ICICI Prudential Mutual Fund,Regular,Other,,
139434,INF109KB1WR9,-,ICICI Prudential Liquid Fund -,Open Ended Schemes(Debt Scheme - Liquid Fund),ICICI Prudential Mutual Fund,Regular,Other,,
139432,INF109KB1WS7,-,ICICI Prudential Liquid Fund -,Open Ended Schemes(Debt Scheme - Liquid Fund),ICICI Prudential Mutual Fund,Regular,Other,,
139433,INF109KB1WQ1,-,ICICI Prudential Liquid Fund -,Open Ended Schemes(Debt Scheme - Liquid Fund),ICICI Prudential Mutual Fund,Regular,Other,,
139431,INF109KB1WT5,-,ICICI Prudential Liquid Fund -,Open Ended Schemes(Debt Scheme - Liquid Fund),ICICI Prudential Mutual Fund,Regular,Other,,
103341,INF109K01VR9,-,ICICI Prudential Liquid Fund -,Open Ended Schemes(Debt Scheme - Liquid Fund),ICICI Prudential Mutual Fund,Regular,Other,,
112119,INF109K01VD9,INF109K01VC1,ICICI Prudential Liquid Fund -,Open Ended Schemes(Debt Scheme - Liquid Fund),ICICI Prudential Mutual Fund,Regular,Other,,
101748,INF109K01VE7,-,ICICI Prudential Liquid Fund-,Open Ended Schemes(Debt Scheme - Liquid Fund),ICICI Prudential Mutual Fund,Regular,Other,,
101753,INF109K01VI8,-,ICICI Prudential Liquid Fund-,Open Ended Schemes(Debt Scheme - Liquid Fund),ICICI Prudential Mutual Fund,Regular,Other,,
101754,INF109K01UR1,-,ICICI Prudential Liquid Fund-,Open Ended Schemes(Debt Scheme - Liquid Fund),ICICI Prudential Mutual Fund,Regular,Other,,
101750,INF109K01UQ3,-,ICICI Prudential Liquid Fund-,Open Ended Schemes(Debt Scheme - Liquid Fund),ICICI Prudential Mutual Fund,Regular,Other,,
101755,INF109K01US9,-,ICICI Prudential Liquid Fund-,Open Ended Schemes(Debt Scheme - Liquid Fund),ICICI Prudential Mutual Fund,Regular,Other,,
101752,INF109K01UV3,-,ICICI Prudential Liquid Fund-,Open Ended Schemes(Debt Scheme - Liquid Fund),ICICI Prudential Mutual Fund,Regular,Other,,
101751,INF109K01VF4,-,ICICI Prudential Liquid Fund-,Open Ended Schemes(Debt Scheme - Liquid Fund),ICICI Prudential Mutual Fund,Regular,Other,,
145834,INF247L01734,-,Motilal Oswal Liquid Fund,Open Ended Schemes(Debt Scheme - Liquid Fund),Motilal Oswal Mutual Fund,Regular,Other,,
145946,INF247L01726,-,Motilal Oswal Liquid Fund,Open Ended Schemes(Debt Scheme - Liquid Fund),Motilal Oswal Mutual Fund,Regular,Other,,
147442,-,-,Motilal Oswal Liquid Fund,Open Ended Schemes(Debt Scheme - Liquid Fund),Motilal Oswal Mutual Fund,Regular,Other,,
147441,-,-,Motilal Oswal Liquid Fund,Open Ended Schemes(Debt Scheme - Liquid Fund),Motilal Oswal Mutual Fund,Regular,Other,,
147443,-,-,Motilal Oswal Liquid Fund,Open Ended Schemes(Debt Scheme - Liquid Fund),Motilal Oswal Mutual Fund,Regular,Other,,
147444,-,-,Motilal Oswal Liquid Fund,Open Ended Schemes(Debt Scheme - Liquid Fund),Motilal Oswal Mutual Fund,Regular,Other,,
146218,INF247L01791,INF247L01783,Motilal Oswal Liquid Fund,Open Ended Schemes(Debt Scheme - Liquid Fund),Motilal Oswal Mutual Fund,Regular,Other,,
146226,-,INF247L01759,Motilal Oswal Liquid Fund,Open Ended Schemes(Debt Scheme - Liquid Fund),Motilal Oswal Mutual Fund,Regular,Other,,
146223,INF247L01775,INF247L01767,Motilal Oswal Liquid Fund,Open Ended Schemes(Debt Scheme - Liquid Fund),Motilal Oswal Mutual Fund,Regular,Other,,
146228,-,INF247L01742,Motilal Oswal Liquid Fund,Open Ended Schemes(Debt Scheme - Liquid Fund),Motilal Oswal Mutual Fund,Regular,Other,,
146229,-,INF247L01809,Motilal Oswal Liquid Fund,Open Ended Schemes(Debt Scheme - Liquid Fund),Motilal Oswal Mutual Fund,Regular,Other,,
146227,-,INF247L01817,Motilal Oswal Liquid Fund,Open Ended Schemes(Debt Scheme - Liquid Fund),Motilal Oswal Mutual Fund,Regular,Other,,
146230,-,INF247L01825,Motilal Oswal Liquid Fund,Open Ended Schemes(Debt Scheme - Liquid Fund),Motilal Oswal Mutual Fund,Regular,Other,,
146220,INF247L01841,INF247L01833,Motilal Oswal Liquid Fund,Open Ended Schemes(Debt Scheme - Liquid Fund),Motilal Oswal Mutual Fund,Regular,Other,,
146222,INF247L01866,INF247L01858,Motilal Oswal Liquid Fund,Open Ended Schemes(Debt Scheme - Liquid Fund),Motilal Oswal Mutual Fund,Regular,Other,,
146224,-,INF247L01874,Motilal Oswal Liquid Fund,Open Ended Schemes(Debt Scheme - Liquid Fund),Motilal Oswal Mutual Fund,Regular,Other,,
119164,INF959L01GF1,-,Navi Liquid Fund,Open Ended Schemes(Debt Scheme - Liquid Fund),Navi Mutual Fund,Regular,Other,,
138306,INF223J01WV0,-,PGIM India Liquid Fund,Open Ended Schemes(Debt Scheme - Liquid Fund),PGIM India Mutual Fund,Regular,Other,,
138305,INF223J01WW8,-,PGIM India Liquid Fund,Open Ended Schemes(Debt Scheme - Liquid Fund),PGIM India Mutual Fund,Regular,Other,,
138302,INF223J01NQ9,-,PGIM India Liquid Fund,Open Ended Schemes(Debt Scheme - Liquid Fund),PGIM India Mutual Fund,Regular,Other,,
138296,INF223J01NO4,INF223J01NP1,PGIM India Liquid Fund,Open Ended Schemes(Debt Scheme - Liquid Fund),PGIM India Mutual Fund,Regular,Other,,
138300,INF223J01NX5,-,PGIM India Liquid Fund,Open Ended Schemes(Debt Scheme - Liquid Fund),PGIM India Mutual Fund,Regular,Other,,
138303,INF223J01VE8,-,PGIM India Liquid Fund,Open Ended Schemes(Debt Scheme - Liquid Fund),PGIM India Mutual Fund,Regular,Other,,
138294,INF223J01IN6,INF223J01IO4,PGIM India Liquid Fund,Open Ended Schemes(Debt Scheme - Liquid Fund),PGIM India Mutual Fund,Regular,Other,,
138284,INF223J01BH3,-,PGIM India Liquid Fund,Open Ended Schemes(Debt Scheme - Liquid Fund),PGIM India Mutual Fund,Regular,Other,,
138292,INF223J01IP1,INF223J01IQ9,PGIM India Liquid Fund,Open Ended Schemes(Debt Scheme - Liquid Fund),PGIM India Mutual Fund,Regular,Other,,
138278,INF223J01BN1,-,PGIM India Liquid Fund,Open Ended Schemes(Debt Scheme - Liquid Fund),PGIM India Mutual Fund,Regular,Other,,
138283,INF223J01BA8,-,PGIM India Liquid Fund,Open Ended Schemes(Debt Scheme - Liquid Fund),PGIM India Mutual Fund,Regular,Other,,
138282,INF223J01BB6,-,PGIM India Liquid Fund,Open Ended Schemes(Debt Scheme - Liquid Fund),PGIM India Mutual Fund,Regular,Other,,
138304,INF223J01VD0,-,PGIM India Liquid Fund,Open Ended Schemes(Debt Scheme - Liquid Fund),PGIM India Mutual Fund,Regular,Other,,
138286,INF223J01BQ4,-,PGIM India Liquid Fund,Open Ended Schemes(Debt Scheme - Liquid Fund),PGIM India Mutual Fund,Regular,Other,,
138280,-,INF223J01BI1,PGIM India Liquid Fund,Open Ended Schemes(Debt Scheme - Liquid Fund),PGIM India Mutual Fund,Regular,Other,,
138279,INF223J01BR2,INF223J01BS0,PGIM India Liquid Fund,Open Ended Schemes(Debt Scheme - Liquid Fund),PGIM India Mutual Fund,Regular,Other,,
138281,INF223J01BJ9,-,PGIM India Liquid Fund,Open Ended Schemes(Debt Scheme - Liquid Fund),PGIM India Mutual Fund,Regular,Other,,
152299,-,-,Quantum Liquid Fund,Open Ended Schemes(Debt Scheme - Liquid Fund),Quantum Mutual Fund,Regular,Other,,
152298,-,-,Quantum Liquid Fund,Open Ended Schemes(Debt Scheme - Liquid Fund),Quantum Mutual Fund,Regular,Other,,
152301,-,-,Quantum Liquid Fund,Open Ended Schemes(Debt Scheme - Liquid Fund),Quantum Mutual Fund,Regular,Other,,
152300,-,-,Quantum Liquid Fund,Open Ended Schemes(Debt Scheme - Liquid Fund),Quantum Mutual Fund,Regular,Other,,
149745,-,-,Sundaram Liquid Fund (Formerly Known as Principal Cash Management Fund),Open Ended Schemes(Debt Scheme - Liquid Fund),Sundaram Mutual Fund,Regular,Other,,
104240,INF044D01542,INF044D01559,Taurus Liquid Fund,Open Ended Schemes(Debt Scheme - Liquid Fund),Taurus Mutual Fund,Regular,Other,,
104241,INF044D01575,-,Taurus Liquid Fund,Open Ended Schemes(Debt Scheme - Liquid Fund),Taurus Mutual Fund,Regular,Other,,
142345,-,-,Union Liquid Fund,Open Ended Schemes(Debt Scheme - Liquid Fund),Union Mutual Fund,Regular,Other,,Unclaimed Amounts Plan - IDCW Beyond 3 years
142344,-,-,Union Liquid Fund,Open Ended Schemes(Debt Scheme - Liquid Fund),Union Mutual Fund,Regular,Other,,Unclaimed Amounts Plan - IDCW Upto 3 years
142343,-,-,Union Liquid Fund,Open Ended Schemes(Debt Scheme - Liquid Fund),Union Mutual Fund,Regular,Other,,Unclaimed Amounts Plan - Redemption Beyond 3 years
142342,-,-,Union Liquid Fund,Open Ended Schemes(Debt Scheme - Liquid Fund),Union Mutual Fund,Regular,Other,,Unclaimed Amounts Plan - Redemption Upto 3 years
101642,INF109K01EW5,INF109K01373,ICICI Prudential Long Term Bond Fund-,Open Ended Schemes(Debt Scheme - Long Duration Fund),ICICI Prudential Mutual Fund,Regular,Other,,
101643,INF109K01407,-,ICICI Prudential Long Term Bond Fund-,Open Ended Schemes(Debt Scheme - Long Duration Fund),ICICI Prudential Mutual Fund,Regular,Other,,
113135,INF090I01BU1,-,Franklin India Low Duration Fund (No. of Segregated Portfolios-2),Open Ended Schemes(Debt Scheme - Low Duration Fund),Franklin Templeton Mutual Fund,Regular,Other,,
100503,INF090I01BQ9,INF090I01BR7,Franklin India Low Duration Fund (No. of Segregated Portfolios-2),Open Ended Schemes(Debt Scheme - Low Duration Fund),Franklin Templeton Mutual Fund,Regular,Other,,
100504,INF090I01BS5,INF090I01BT3,Franklin India Low Duration Fund (No. of Segregated Portfolios-2),Open Ended Schemes(Debt Scheme - Low Duration Fund),Franklin Templeton Mutual Fund,Regular,Other,,
147994,INF090I01UA3,-,Franklin India Low Duration Fund (No. of Segregated Portfolios-2),Open Ended Schemes(Debt Scheme - Low Duration Fund),Franklin Templeton Mutual Fund,Regular,Other,,
147990,INF090I01TY5,-,Franklin India Low Duration Fund (No. of Segregated Portfolios-2),Open Ended Schemes(Debt Scheme - Low Duration Fund),Franklin Templeton Mutual Fund,Regular,Other,,
147992,INF090I01TZ2,-,Franklin India Low Duration Fund (No. of Segregated Portfolios-2),Open Ended Schemes(Debt Scheme - Low Duration Fund),Franklin Templeton Mutual Fund,Regular,Other,,
147999,INF090I01UJ4,-,Franklin India Low Duration Fund (No. of Segregated Portfolios-2),Open Ended Schemes(Debt Scheme - Low Duration Fund),Franklin Templeton Mutual Fund,Regular,Other,,
148000,INF090I01UG0,-,Franklin India Low Duration Fund (No. of Segregated Portfolios-2),Open Ended Schemes(Debt Scheme - Low Duration Fund),Franklin Templeton Mutual Fund,Regular,Other,,
118554,INF090I01JI9,-,Franklin India Income Opportunities Fund (no. of segregated portfolios- 2),Open Ended Schemes(Debt Scheme - Medium Duration Fund),Franklin Templeton Mutual Fund,Regular,Other,,
118555,INF090I01JG3,INF090I01JH1,Franklin India Income Opportunities Fund (no. of segregated portfolios- 2),Open Ended Schemes(Debt Scheme - Medium Duration Fund),Franklin Templeton Mutual Fund,Regular,Other,,
112304,INF090I01445,-,Franklin India Income Opportunities Fund (no. of segregated portfolios- 2),Open Ended Schemes(Debt Scheme - Medium Duration Fund),Franklin Templeton Mutual Fund,Regular,Other,,
112305,INF090I01452,INF090I01460,Franklin India Income Opportunities Fund (no. of segregated portfolios- 2),Open Ended Schemes(Debt Scheme - Medium Duration Fund),Franklin Templeton Mutual Fund,Regular,Other,,
147965,INF090I01TC1,-,Franklin India Income Opportunities Fund (no. of segregated portfolios- 2),Open Ended Schemes(Debt Scheme - Medium Duration Fund),Franklin Templeton Mutual Fund,Regular,Other,,
147963,INF090I01TD9,-,Franklin India Income Opportunities Fund (no. of segregated portfolios- 2),Open Ended Schemes(Debt Scheme - Medium Duration Fund),Franklin Templeton Mutual Fund,Regular,Other,,
147964,INF090I01TA5,-,Franklin India Income Opportunities Fund (no. of segregated portfolios- 2),Open Ended Schemes(Debt Scheme - Medium Duration Fund),Franklin Templeton Mutual Fund,Regular,Other,,
147962,INF090I01TB3,-,Franklin India Income Opportunities Fund (no. of segregated portfolios- 2),Open Ended Schemes(Debt Scheme - Medium Duration Fund),Franklin Templeton Mutual Fund,Regular,Other,,
147967,INF090I01TG2,-,Franklin India Income Opportunities Fund (no. of segregated portfolios- 2),Open Ended Schemes(Debt Scheme - Medium Duration Fund),Franklin Templeton Mutual Fund,Regular,Other,,
147969,INF090I01TE7,-,Franklin India Income Opportunities Fund (no. of segregated portfolios- 2),Open Ended Schemes(Debt Scheme - Medium Duration Fund),Franklin Templeton Mutual Fund,Regular,Other,,
147966,INF090I01TH0,-,Franklin India Income Opportunities Fund (no. of segregated portfolios- 2),Open Ended Schemes(Debt Scheme - Medium Duration Fund),Franklin Templeton Mutual Fund,Regular,Other,,
147968,INF090I01TF4,-,Franklin India Income Opportunities Fund (no. of segregated portfolios- 2),Open Ended Schemes(Debt Scheme - Medium Duration Fund),Franklin Templeton Mutual Fund,Regular,Other,,
101703,INF277K01717,-,Tata Medium Term Fund,Open Ended Schemes(Debt Scheme - Medium Duration Fund),Tata Mutual Fund,Regular,Other,,
119126,INF277K01PG9,INF277K01PH7,Tata Medium Term Fund,Open Ended Schemes(Debt Scheme - Medium Duration Fund),Tata Mutual Fund,Regular,Other,,
119127,INF277K01PI5,-,Tata Medium Term Fund,Open Ended Schemes(Debt Scheme - Medium Duration Fund),Tata Mutual Fund,Regular,Other,,
101605,INF277K01DW2,INF277K01709,Tata Medium Term Fund,Open Ended Schemes(Debt Scheme - Medium Duration Fund),Tata Mutual Fund,Regular,Other,,
148248,INF789F1ASC5,INF789F1ASD3,UTI - Medium Term Fund ( Segregated - 06032020),Open Ended Schemes(Debt Scheme - Medium Duration Fund),UTI Mutual Fund,Regular,Other,,
148249,INF789F1ASG6,INF789F1ASH4,UTI - Medium Term Fund ( Segregated - 06032020),Open Ended Schemes(Debt Scheme - Medium Duration Fund),UTI Mutual Fund,Regular,Other,,
148257,INF789F1ASB7,-,UTI - Medium Term Fund ( Segregated - 06032020),Open Ended Schemes(Debt Scheme - Medium Duration Fund),UTI Mutual Fund,Regular,Other,,
148256,INF789F1ASE1,INF789F1ASF8,UTI - Medium Term Fund ( Segregated - 06032020),Open Ended Schemes(Debt Scheme - Medium Duration Fund),UTI Mutual Fund,Regular,Other,,
148250,INF789F1ASI2,INF789F1ASJ0,UTI - Medium Term Fund ( Segregated - 06032020),Open Ended Schemes(Debt Scheme - Medium Duration Fund),UTI Mutual Fund,Regular,Other,,
148255,INF789F1ARZ8,INF789F1ASA9,UTI - Medium Term Fund ( Segregated - 06032020),Open Ended Schemes(Debt Scheme - Medium Duration Fund),UTI Mutual Fund,Regular,Other,,
148247,INF789F1ASN2,INF789F1ASO0,UTI - Medium Term Fund ( Segregated - 06032020),Open Ended Schemes(Debt Scheme - Medium Duration Fund),UTI Mutual Fund,Regular,Other,,
148254,INF789F1ASR3,INF789F1ASS1,UTI - Medium Term Fund ( Segregated - 06032020),Open Ended Schemes(Debt Scheme - Medium Duration Fund),UTI Mutual Fund,Regular,Other,,
148252,INF789F1ASM4,-,UTI - Medium Term Fund ( Segregated - 06032020),Open Ended Schemes(Debt Scheme - Medium Duration Fund),UTI Mutual Fund,Regular,Other,,
148251,INF789F1ASP7,INF789F1ASQ5,UTI - Medium Term Fund ( Segregated - 06032020),Open Ended Schemes(Debt Scheme - Medium Duration Fund),UTI Mutual Fund,Regular,Other,,
148246,INF789F1AST9,INF789F1ASU7,UTI - Medium Term Fund ( Segregated - 06032020),Open Ended Schemes(Debt Scheme - Medium Duration Fund),UTI Mutual Fund,Regular,Other,,
148253,INF789F1ASK8,INF789F1ASL6,UTI - Medium Term Fund ( Segregated - 06032020),Open Ended Schemes(Debt Scheme - Medium Duration Fund),UTI Mutual Fund,Regular,Other,,
148439,-,-,UTI - Medium Term Fund (Segregated - 07072020),Open Ended Schemes(Debt Scheme - Medium Duration Fund),UTI Mutual Fund,Regular,Other,,
148442,-,-,UTI - Medium Term Fund (Segregated - 07072020),Open Ended Schemes(Debt Scheme - Medium Duration Fund),UTI Mutual Fund,Regular,Other,,
148443,-,-,UTI - Medium Term Fund (Segregated - 07072020),Open Ended Schemes(Debt Scheme - Medium Duration Fund),UTI Mutual Fund,Regular,Other,,
148441,-,-,UTI - Medium Term Fund (Segregated - 07072020),Open Ended Schemes(Debt Scheme - Medium Duration Fund),UTI Mutual Fund,Regular,Other,,
148440,-,-,UTI - Medium Term Fund (Segregated - 07072020),Open Ended Schemes(Debt Scheme - Medium Duration Fund),UTI Mutual Fund,Regular,Other,,
148438,-,-,UTI - Medium Term Fund (Segregated - 07072020),Open Ended Schemes(Debt Scheme - Medium Duration Fund),UTI Mutual Fund,Regular,Other,,
148421,-,-,UTI - Medium Term Fund (Segregated - 07072020),Open Ended Schemes(Debt Scheme - Medium Duration Fund),UTI Mutual Fund,Regular,Other,,
148434,-,-,UTI - Medium Term Fund (Segregated - 07072020),Open Ended Schemes(Debt Scheme - Medium Duration Fund),UTI Mutual Fund,Regular,Other,,
148433,-,-,UTI - Medium Term Fund (Segregated - 07072020),Open Ended Schemes(Debt Scheme - Medium Duration Fund),UTI Mutual Fund,Regular,Other,,
148437,-,-,UTI - Medium Term Fund (Segregated - 07072020),Open Ended Schemes(Debt Scheme - Medium Duration Fund),UTI Mutual Fund,Regular,Other,,
148435,-,-,UTI - Medium Term Fund (Segregated - 07072020),Open Ended Schemes(Debt Scheme - Medium Duration Fund),UTI Mutual Fund,Regular,Other,,
148436,-,-,UTI - Medium Term Fund (Segregated - 07072020),Open Ended Schemes(Debt Scheme - Medium Duration Fund),UTI Mutual Fund,Regular,Other,,
148136,INF789F1AOC4,-,UTI - Medium Term Fund (Segregated - 17022020),Open Ended Schemes(Debt Scheme - Medium Duration Fund),UTI Mutual Fund,Regular,Other,,
148138,INF789F1AON1,-,UTI - Medium Term Fund (Segregated - 17022020),Open Ended Schemes(Debt Scheme - Medium Duration Fund),UTI Mutual Fund,Regular,Other,,
148129,INF789F1AOD2,INF789F1AOE0,UTI - Medium Term Fund (Segregated - 17022020),Open Ended Schemes(Debt Scheme - Medium Duration Fund),UTI Mutual Fund,Regular,Other,,
148135,INF789F1AOH3,INF789F1AOI1,UTI - Medium Term Fund (Segregated - 17022020),Open Ended Schemes(Debt Scheme - Medium Duration Fund),UTI Mutual Fund,Regular,Other,,
148134,INF789F1AOF7,INF789F1AOG5,UTI - Medium Term Fund (Segregated - 17022020),Open Ended Schemes(Debt Scheme - Medium Duration Fund),UTI Mutual Fund,Regular,Other,,
148137,INF789F1AOJ9,INF789F1AOK7,UTI - Medium Term Fund (Segregated - 17022020),Open Ended Schemes(Debt Scheme - Medium Duration Fund),UTI Mutual Fund,Regular,Other,,
148131,INF789F1AOA8,INF789F1AOB6,UTI - Medium Term Fund (Segregated - 17022020),Open Ended Schemes(Debt Scheme - Medium Duration Fund),UTI Mutual Fund,Regular,Other,,
148128,INF789F1AOO9,INF789F1AOP6,UTI - Medium Term Fund (Segregated - 17022020),Open Ended Schemes(Debt Scheme - Medium Duration Fund),UTI Mutual Fund,Regular,Other,,
148127,INF789F1AOS0,INF789F1AOT8,UTI - Medium Term Fund (Segregated - 17022020),Open Ended Schemes(Debt Scheme - Medium Duration Fund),UTI Mutual Fund,Regular,Other,,
148133,INF789F1AOQ4,INF789F1AOR2,UTI - Medium Term Fund (Segregated - 17022020),Open Ended Schemes(Debt Scheme - Medium Duration Fund),UTI Mutual Fund,Regular,Other,,
148132,INF789F1AOU6,INF789F1AOV4,UTI - Medium Term Fund (Segregated - 17022020),Open Ended Schemes(Debt Scheme - Medium Duration Fund),UTI Mutual Fund,Regular,Other,,
148130,INF789F1AOL5,INF789F1AOM3,UTI - Medium Term Fund (Segregated - 17022020),Open Ended Schemes(Debt Scheme - Medium Duration Fund),UTI Mutual Fund,Regular,Other,,
111718,INF761K01439,INF761K01421,BANK OF INDIA CONSERVATIVE HYBRID FUND,Open Ended Schemes(Debt Scheme - Medium to Long Duration Fund),Bank of India Mutual Fund,Regular,Other,,Quarterly IDCW
111715,INF761K01397,-,BANK OF INDIA CONSERVATIVE HYBRID FUND,Open Ended Schemes(Debt Scheme - Medium to Long Duration Fund),Bank of India Mutual Fund,Regular,Other,,Growth
111717,INF761K01413,INF761K01405,BANK OF INDIA CONSERVATIVE HYBRID FUND,Open Ended Schemes(Debt Scheme - Medium to Long Duration Fund),Bank of India Mutual Fund,Regular,Other,,Monthly IDCW
140230,INF843K01377,-,Edelweiss Money Market Fund,Open Ended Schemes(Debt Scheme - Money Market Fund),Edelweiss Mutual Fund,Regular,Other,,
101359,INF090I01BW7,INF090I01BV9,Franklin India Money Market Fund,Open Ended Schemes(Debt Scheme - Money Market Fund),Franklin Templeton Mutual Fund,Regular,Other,,
130946,INF109KA1H85,-,ICICI Prudential Money Market Fund,Open Ended Schemes(Debt Scheme - Money Market Fund),ICICI Prudential Mutual Fund,Regular,Other,,
130945,INF109KA1H93,-,ICICI Prudential Money Market Fund,Open Ended Schemes(Debt Scheme - Money Market Fund),ICICI Prudential Mutual Fund,Regular,Other,,
115328,INF109K01I72,-,ICICI Prudential Money Market Fund,Open Ended Schemes(Debt Scheme - Money Market Fund),ICICI Prudential Mutual Fund,Regular,Other,,
120210,INF109K01R55,-,ICICI Prudential Money Market Fund,Open Ended Schemes(Debt Scheme - Money Market Fund),ICICI Prudential Mutual Fund,Regular,Other,,
120213,INF109K01R63,INF109K01R71,ICICI Prudential Money Market Fund,Open Ended Schemes(Debt Scheme - Money Market Fund),ICICI Prudential Mutual Fund,Regular,Other,,
101221,INF109K01TW3,-,ICICI Prudential Money Market Fund,Open Ended Schemes(Debt Scheme - Money Market Fund),ICICI Prudential Mutual Fund,Regular,Other,,
103637,INF109K01UC3,INF109K01UB5,ICICI Prudential Money Market Fund - Cash Option,Open Ended Schemes(Debt Scheme - Money Market Fund),ICICI Prudential Mutual Fund,Regular,Other,,
103636,INF109K01UA7,-,ICICI Prudential Money Market Fund - Cash Option,Open Ended Schemes(Debt Scheme - Money Market Fund),ICICI Prudential Mutual Fund,Regular,Other,,
143602,-,INF192K01DR3,JM Money Market Fund,Open Ended Schemes(Debt Scheme - Money Market Fund),JM Financial Mutual Fund,Regular,Other,,
143597,INF192K01DS1,-,JM Money Market Fund,Open Ended Schemes(Debt Scheme - Money Market Fund),JM Financial Mutual Fund,Regular,Other,,
143599,-,INF192K01DQ5,JM Money Market Fund,Open Ended Schemes(Debt Scheme - Money Market Fund),JM Financial Mutual Fund,Regular,Other,,
143592,INF192K01FH9,-,JM Money Market Fund,Open Ended Schemes(Debt Scheme - Money Market Fund),JM Financial Mutual Fund,Regular,Other,,
143595,-,INF192K01DP7,JM Money Market Fund,Open Ended Schemes(Debt Scheme - Money Market Fund),JM Financial Mutual Fund,Regular,Other,,
143601,INF192K01FF3,-,JM Money Market Fund,Open Ended Schemes(Debt Scheme - Money Market Fund),JM Financial Mutual Fund,Regular,Other,,
143594,-,INF192K01AR9,JM Money Market Fund,Open Ended Schemes(Debt Scheme - Money Market Fund),JM Financial Mutual Fund,Regular,Other,,
143596,-,INF192K01AT5,JM Money Market Fund,Open Ended Schemes(Debt Scheme - Money Market Fund),JM Financial Mutual Fund,Regular,Other,,
143598,INF192K01AU3,-,JM Money Market Fund,Open Ended Schemes(Debt Scheme - Money Market Fund),JM Financial Mutual Fund,Regular,Other,,
143600,-,INF192K01AS7,JM Money Market Fund,Open Ended Schemes(Debt Scheme - Money Market Fund),JM Financial Mutual Fund,Regular,Other,,
149412,-,-,BANK OF INDIA OVERNIGHT FUND,Open Ended Schemes(Debt Scheme - Overnight Fund),Bank of India Mutual Fund,Regular,Other,,
149414,-,-,BANK OF INDIA OVERNIGHT FUND,Open Ended Schemes(Debt Scheme - Overnight Fund),Bank of India Mutual Fund,Regular,Other,,
149415,-,-,BANK OF INDIA OVERNIGHT FUND,Open Ended Schemes(Debt Scheme - Overnight Fund),Bank of India Mutual Fund,Regular,Other,,
149413,-,-,BANK OF INDIA OVERNIGHT FUND,Open Ended Schemes(Debt Scheme - Overnight Fund),Bank of India Mutual Fund,Regular,Other,,
149313,-,-,DSP Overnight Fund,Open Ended Schemes(Debt Scheme - Overnight Fund),DSP Mutual Fund,Regular,Other,,
149312,-,-,DSP Overnight Fund,Open Ended Schemes(Debt Scheme - Overnight Fund),DSP Mutual Fund,Regular,Other,,
149311,-,-,DSP Overnight Fund,Open Ended Schemes(Debt Scheme - Overnight Fund),DSP Mutual Fund,Regular,Other,,
149310,-,-,DSP Overnight Fund,Open Ended Schemes(Debt Scheme - Overnight Fund),DSP Mutual Fund,Regular,Other,,
149476,-,-,Edelweiss Overnight Fund,Open Ended Schemes(Debt Scheme - Overnight Fund),Edelweiss Mutual Fund,Regular,Other,,
149477,-,-,Edelweiss Overnight Fund,Open Ended Schemes(Debt Scheme - Overnight Fund),Edelweiss Mutual Fund,Regular,Other,,
149479,-,-,Edelweiss Overnight Fund,Open Ended Schemes(Debt Scheme - Overnight Fund),Edelweiss Mutual Fund,Regular,Other,,
149478,-,-,Edelweiss Overnight Fund,Open Ended Schemes(Debt Scheme - Overnight Fund),Edelweiss Mutual Fund,Regular,Other,,
145546,INF109KC19F6,INF109KC10G3,ICICI Prudential Overnight Fund,Open Ended Schemes(Debt Scheme - Overnight Fund),ICICI Prudential Mutual Fund,Regular,Other,,
145550,INF109KC13H5,INF109KC14H3,ICICI Prudential Overnight Fund,Open Ended Schemes(Debt Scheme - Overnight Fund),ICICI Prudential Mutual Fund,Regular,Other,,
145541,INF109KC18G6,INF109KC17G8,ICICI Prudential Overnight Fund,Open Ended Schemes(Debt Scheme - Overnight Fund),ICICI Prudential Mutual Fund,Regular,Other,,
145545,INF109KC11H9,INF109KC12H7,ICICI Prudential Overnight Fund,Open Ended Schemes(Debt Scheme - Overnight Fund),ICICI Prudential Mutual Fund,Regular,Other,,
145542,INF109KC13G7,INF109KC14G5,ICICI Prudential Overnight Fund,Open Ended Schemes(Debt Scheme - Overnight Fund),ICICI Prudential Mutual Fund,Regular,Other,,
145544,INF109KC19G4,INF109KC10H1,ICICI Prudential Overnight Fund,Open Ended Schemes(Debt Scheme - Overnight Fund),ICICI Prudential Mutual Fund,Regular,Other,,
145540,INF109KC14F7,INF109KC13F9,ICICI Prudential Overnight Fund,Open Ended Schemes(Debt Scheme - Overnight Fund),ICICI Prudential Mutual Fund,Regular,Other,,
145549,INF109KC17F0,INF109KC18F8,ICICI Prudential Overnight Fund,Open Ended Schemes(Debt Scheme - Overnight Fund),ICICI Prudential Mutual Fund,Regular,Other,,
145548,INF109KC19E9,INF109KC10F5,ICICI Prudential Overnight Fund,Open Ended Schemes(Debt Scheme - Overnight Fund),ICICI Prudential Mutual Fund,Regular,Other,,
145543,INF109KC15F4,INF109KC16F2,ICICI Prudential Overnight Fund,Open Ended Schemes(Debt Scheme - Overnight Fund),ICICI Prudential Mutual Fund,Regular,Other,,
149471,-,-,Mahindra Manulife Overnight Fund,Open Ended Schemes(Debt Scheme - Overnight Fund),Mahindra Manulife Mutual Fund,Regular,Other,,Unclaimed Redemption/IDCW beyond 3 years
149470,-,-,Mahindra Manulife Overnight Fund,Open Ended Schemes(Debt Scheme - Overnight Fund),Mahindra Manulife Mutual Fund,Regular,Other,,Unclaimed Redemption/IDCW upto 3 years
149451,-,-,Union Overnight Fund,Open Ended Schemes(Debt Scheme - Overnight Fund),Union Mutual Fund,Regular,Other,,Unclaimed Amounts Plan - IDCW Beyond 3 years
149452,-,-,Union Overnight Fund,Open Ended Schemes(Debt Scheme - Overnight Fund),Union Mutual Fund,Regular,Other,,Unclaimed Amounts Plan - IDCW Upto 3 years
149453,-,-,Union Overnight Fund,Open Ended Schemes(Debt Scheme - Overnight Fund),Union Mutual Fund,Regular,Other,,Unclaimed Amounts Plan - Redemption Beyond 3 years
149454,-,-,Union Overnight Fund,Open Ended Schemes(Debt Scheme - Overnight Fund),Union Mutual Fund,Regular,Other,,Unclaimed Amounts Plan - Redemption Upto 3 years
101236,INF090I01338,INF090I01346,Franklin India Short-Term Income Plan (no. of segregated portfolios- 3),Open Ended Schemes(Debt Scheme - Short Duration Fund),Franklin Templeton Mutual Fund,Regular,Other,,
101238,INF090I01312,INF090I01320,Franklin India Short-Term Income Plan (no. of segregated portfolios- 3),Open Ended Schemes(Debt Scheme - Short Duration Fund),Franklin Templeton Mutual Fund,Regular,Other,,
101242,INF090I01353,-,Franklin India Short-Term Income Plan (no. of segregated portfolios- 3),Open Ended Schemes(Debt Scheme - Short Duration Fund),Franklin Templeton Mutual Fund,Regular,Other,,
148013,INF090I01UX5,-,Franklin India Short-Term Income Plan (no. of segregated portfolios- 3),Open Ended Schemes(Debt Scheme - Short Duration Fund),Franklin Templeton Mutual Fund,Regular,Other,,
148010,INF090I01UT3,-,Franklin India Short-Term Income Plan (no. of segregated portfolios- 3),Open Ended Schemes(Debt Scheme - Short Duration Fund),Franklin Templeton Mutual Fund,Regular,Other,,
148004,INF090I01UR7,-,Franklin India Short-Term Income Plan (no. of segregated portfolios- 3),Open Ended Schemes(Debt Scheme - Short Duration Fund),Franklin Templeton Mutual Fund,Regular,Other,,
148009,INF090I01UQ9,-,Franklin India Short-Term Income Plan (no. of segregated portfolios- 3),Open Ended Schemes(Debt Scheme - Short Duration Fund),Franklin Templeton Mutual Fund,Regular,Other,,
148003,INF090I01UM8,-,Franklin India Short-Term Income Plan (no. of segregated portfolios- 3),Open Ended Schemes(Debt Scheme - Short Duration Fund),Franklin Templeton Mutual Fund,Regular,Other,,
148007,INF090I01UL0,-,Franklin India Short-Term Income Plan (no. of segregated portfolios- 3),Open Ended Schemes(Debt Scheme - Short Duration Fund),Franklin Templeton Mutual Fund,Regular,Other,,
148011,INF090I01UV9,-,Franklin India Short-Term Income Plan (no. of segregated portfolios- 3),Open Ended Schemes(Debt Scheme - Short Duration Fund),Franklin Templeton Mutual Fund,Regular,Other,,
148012,INF090I01UU1,-,Franklin India Short-Term Income Plan (no. of segregated portfolios- 3),Open Ended Schemes(Debt Scheme - Short Duration Fund),Franklin Templeton Mutual Fund,Regular,Other,,
148014,INF090I01UW7,-,Franklin India Short-Term Income Plan (no. of segregated portfolios- 3),Open Ended Schemes(Debt Scheme - Short Duration Fund),Franklin Templeton Mutual Fund,Regular,Other,,
148008,INF090I01UO4,-,Franklin India Short-Term Income Plan (no. of segregated portfolios- 3),Open Ended Schemes(Debt Scheme - Short Duration Fund),Franklin Templeton Mutual Fund,Regular,Other,,
148002,INF090I01UP1,-,Franklin India Short-Term Income Plan (no. of segregated portfolios- 3),Open Ended Schemes(Debt Scheme - Short Duration Fund),Franklin Templeton Mutual Fund,Regular,Other,,
148001,INF090I01UK2,-,Franklin India Short-Term Income Plan (no. of segregated portfolios- 3),Open Ended Schemes(Debt Scheme - Short Duration Fund),Franklin Templeton Mutual Fund,Regular,Other,,
148005,INF090I01UN6,-,Franklin India Short-Term Income Plan (no. of segregated portfolios- 3),Open Ended Schemes(Debt Scheme - Short Duration Fund),Franklin Templeton Mutual Fund,Regular,Other,,
101232,INF090I01304,-,Franklin India Short-Term Income Plan (no. of segregated portfolios- 3),Open Ended Schemes(Debt Scheme - Short Duration Fund),Franklin Templeton Mutual Fund,Regular,Other,,
101244,INF090I01361,-,Franklin India Short-Term Income Plan (no. of segregated portfolios- 3),Open Ended Schemes(Debt Scheme - Short Duration Fund),Franklin Templeton Mutual Fund,Regular,Other,,
101246,INF090I01387,INF090I01395,Franklin India Short-Term Income Plan (no. of segregated portfolios- 3),Open Ended Schemes(Debt Scheme - Short Duration Fund),Franklin Templeton Mutual Fund,Regular,Other,,
148006,INF090I01US5,-,Franklin India Short-Term Income Plan (no. of segregated portfolios- 3),Open Ended Schemes(Debt Scheme - Short Duration Fund),Franklin Templeton Mutual Fund,Regular,Other,,
101237,INF090I01DY9,-,Franklin India Short-Term Income Plan (no. of segregated portfolios- 3),Open Ended Schemes(Debt Scheme - Short Duration Fund),Franklin Templeton Mutual Fund,Regular,Other,,
122674,INF109KA1376,-,ICICI Prudential Short Term Fund,Open Ended Schemes(Debt Scheme - Short Duration Fund),ICICI Prudential Mutual Fund,Regular,Other,,
122909,INF109KA1368,-,ICICI Prudential Short Term Fund,Open Ended Schemes(Debt Scheme - Short Duration Fund),ICICI Prudential Mutual Fund,Regular,Other,,
131478,INF109KA1X36,INF109KA1X28,ICICI Prudential Short Term Fund,Open Ended Schemes(Debt Scheme - Short Duration Fund),ICICI Prudential Mutual Fund,Regular,Other,,
120753,INF109K012N5,-,ICICI Prudential Short Term Fund,Open Ended Schemes(Debt Scheme - Short Duration Fund),ICICI Prudential Mutual Fund,Regular,Other,,
131479,INF109KA1X10,INF109KA1X02,ICICI Prudential Short Term Fund,Open Ended Schemes(Debt Scheme - Short Duration Fund),ICICI Prudential Mutual Fund,Regular,Other,,
101759,INF109KB12M9,INF109K01662,ICICI Prudential Short Term Fund,Open Ended Schemes(Debt Scheme - Short Duration Fund),ICICI Prudential Mutual Fund,Regular,Other,,
101229,INF109K01WK2,INF109K01670,ICICI Prudential Short Term Fund-,Open Ended Schemes(Debt Scheme - Short Duration Fund),ICICI Prudential Mutual Fund,Regular,Other,,
101231,INF109K01696,-,ICICI Prudential Short Term Fund-,Open Ended Schemes(Debt Scheme - Short Duration Fund),ICICI Prudential Mutual Fund,Regular,Other,,
101230,INF109K01688,-,ICICI Prudential Short Term Fund-,Open Ended Schemes(Debt Scheme - Short Duration Fund),ICICI Prudential Mutual Fund,Regular,Other,,
115103,-,INF192K01BD7,JM Short Term Fund..,Open Ended Schemes(Debt Scheme - Short Duration Fund),JM Financial Mutual Fund,Regular,Other,,
101524,INF192K01BE5,INF192K01BF2,JM Short Term Fund..,Open Ended Schemes(Debt Scheme - Short Duration Fund),JM Financial Mutual Fund,Regular,Other,,
101521,INF192K01BG0,-,JM Short Term Fund..,Open Ended Schemes(Debt Scheme - Short Duration Fund),JM Financial Mutual Fund,Regular,Other,,
115090,-,INF192K01AZ2,JM Short Term Fund..,Open Ended Schemes(Debt Scheme - Short Duration Fund),JM Financial Mutual Fund,Regular,Other,,
101519,INF192K01BA3,INF192K01BB1,JM Short Term Fund..,Open Ended Schemes(Debt Scheme - Short Duration Fund),JM Financial Mutual Fund,Regular,Other,,
101520,INF192K01BC9,-,JM Short Term Fund..,Open Ended Schemes(Debt Scheme - Short Duration Fund),JM Financial Mutual Fund,Regular,Other,,
107248,INF090I01CG8,-,Franklin India Ultra Short Bond Fund (no. of segregated portfolio-1),Open Ended Schemes(Debt Scheme - Ultra Short Duration Fund),Franklin Templeton Mutual Fund,Regular,Other,,
109574,INF090I01CE3,INF090I01CF0,Franklin India Ultra Short Bond Fund (no. of segregated portfolio-1),Open Ended Schemes(Debt Scheme - Ultra Short Duration Fund),Franklin Templeton Mutual Fund,Regular,Other,,
107251,-,INF090I01CD5,Franklin India Ultra Short Bond Fund (no. of segregated portfolio-1),Open Ended Schemes(Debt Scheme - Ultra Short Duration Fund),Franklin Templeton Mutual Fund,Regular,Other,,
107247,INF090I01CK0,-,Franklin India Ultra Short Bond Fund (no. of segregated portfolio-1),Open Ended Schemes(Debt Scheme - Ultra Short Duration Fund),Franklin Templeton Mutual Fund,Regular,Other,,
107252,-,INF090I01CH6,Franklin India Ultra Short Bond Fund (no. of segregated portfolio-1),Open Ended Schemes(Debt Scheme - Ultra Short Duration Fund),Franklin Templeton Mutual Fund,Regular,Other,,
109575,INF090I01CI4,INF090I01CJ2,Franklin India Ultra Short Bond Fund (no. of segregated portfolio-1),Open Ended Schemes(Debt Scheme - Ultra Short Duration Fund),Franklin Templeton Mutual Fund,Regular,Other,,
107249,INF090I01CN4,-,Franklin India Ultra Short Bond Fund (no. of segregated portfolio-1),Open Ended Schemes(Debt Scheme - Ultra Short Duration Fund),Franklin Templeton Mutual Fund,Regular,Other,,
107250,-,INF090I01CL8,Franklin India Ultra Short Bond Fund (no. of segregated portfolio-1),Open Ended Schemes(Debt Scheme - Ultra Short Duration Fund),Franklin Templeton Mutual Fund,Regular,Other,,
109576,INF090I01CM6,-,Franklin India Ultra Short Bond Fund (no. of segregated portfolio-1),Open Ended Schemes(Debt Scheme - Ultra Short Duration Fund),Franklin Templeton Mutual Fund,Regular,Other,,
147975,INF090I01VF0,-,Franklin India Ultra Short Bond Fund (no. of segregated portfolio-1),Open Ended Schemes(Debt Scheme - Ultra Short Duration Fund),Franklin Templeton Mutual Fund,Regular,Other,,
147976,INF090I01VE3,-,Franklin India Ultra Short Bond Fund (no. of segregated portfolio-1),Open Ended Schemes(Debt Scheme - Ultra Short Duration Fund),Franklin Templeton Mutual Fund,Regular,Other,,
147980,INF090I01VD5,-,Franklin India Ultra Short Bond Fund (no. of segregated portfolio-1),Open Ended Schemes(Debt Scheme - Ultra Short Duration Fund),Franklin Templeton Mutual Fund,Regular,Other,,
147979,INF090I01VC7,-,Franklin India Ultra Short Bond Fund (no. of segregated portfolio-1),Open Ended Schemes(Debt Scheme - Ultra Short Duration Fund),Franklin Templeton Mutual Fund,Regular,Other,,
147977,INF090I01VI4,-,Franklin India Ultra Short Bond Fund (no. of segregated portfolio-1),Open Ended Schemes(Debt Scheme - Ultra Short Duration Fund),Franklin Templeton Mutual Fund,Regular,Other,,
147971,INF090I01VH6,-,Franklin India Ultra Short Bond Fund (no. of segregated portfolio-1),Open Ended Schemes(Debt Scheme - Ultra Short Duration Fund),Franklin Templeton Mutual Fund,Regular,Other,,
147974,INF090I01VL8,-,Franklin India Ultra Short Bond Fund (no. of segregated portfolio-1),Open Ended Schemes(Debt Scheme - Ultra Short Duration Fund),Franklin Templeton Mutual Fund,Regular,Other,,
147973,INF090I01VK0,-,Franklin India Ultra Short Bond Fund (no. of segregated portfolio-1),Open Ended Schemes(Debt Scheme - Ultra Short Duration Fund),Franklin Templeton Mutual Fund,Regular,Other,,
147978,INF090I01VM6,-,Franklin India Ultra Short Bond Fund (no. of segregated portfolio-1),Open Ended Schemes(Debt Scheme - Ultra Short Duration Fund),Franklin Templeton Mutual Fund,Regular,Other,,
147970,INF090I01VG8,-,Franklin India Ultra Short Bond Fund (no. of segregated portfolio-1),Open Ended Schemes(Debt Scheme - Ultra Short Duration Fund),Franklin Templeton Mutual Fund,Regular,Other,,
147972,INF090I01VJ2,-,Franklin India Ultra Short Bond Fund (no. of segregated portfolio-1),Open Ended Schemes(Debt Scheme - Ultra Short Duration Fund),Franklin Templeton Mutual Fund,Regular,Other,,
120678,INF109K01T12,INF109K01T20,ICICI Prudential Ultra Short term Fund,Open Ended Schemes(Debt Scheme - Ultra Short Duration Fund),ICICI Prudential Mutual Fund,Regular,Other,,
145401,INF109KC1NB1,INF109KC1NC9,ICICI Prudential Ultra Short term Fund,Open Ended Schemes(Debt Scheme - Ultra Short Duration Fund),ICICI Prudential Mutual Fund,Regular,Other,,
130942,INF109KA1H69,-,ICICI Prudential Ultra Short term Fund,Open Ended Schemes(Debt Scheme - Ultra Short Duration Fund),ICICI Prudential Mutual Fund,Regular,Other,,
145403,INF109KC1NH8,INF109KC1NG0,ICICI Prudential Ultra Short term Fund,Open Ended Schemes(Debt Scheme - Ultra Short Duration Fund),ICICI Prudential Mutual Fund,Regular,Other,,
115093,INF109K01TV5,INF109K01TU7,ICICI Prudential Ultra Short term Fund,Open Ended Schemes(Debt Scheme - Ultra Short Duration Fund),ICICI Prudential Mutual Fund,Regular,Other,,
122316,INF192K01FD8,-,JM Ultra Short Duration Fund,Open Ended Schemes(Debt Scheme - Ultra Short Duration Fund),JM Financial Mutual Fund,Regular,Other,,
120457,-,INF192K01DN2,JM Ultra Short Duration Fund,Open Ended Schemes(Debt Scheme - Ultra Short Duration Fund),JM Financial Mutual Fund,Regular,Other,,
120458,INF192K01DO0,-,JM Ultra Short Duration Fund,Open Ended Schemes(Debt Scheme - Ultra Short Duration Fund),JM Financial Mutual Fund,Regular,Other,,
120454,-,INF192K01DL6,JM Ultra Short Duration Fund,Open Ended Schemes(Debt Scheme - Ultra Short Duration Fund),JM Financial Mutual Fund,Regular,Other,,
120455,-,INF192K01DM4,JM Ultra Short Duration Fund,Open Ended Schemes(Debt Scheme - Ultra Short Duration Fund),JM Financial Mutual Fund,Regular,Other,,
122317,INF192K01FB2,-,JM Ultra Short Duration Fund,Open Ended Schemes(Debt Scheme - Ultra Short Duration Fund),JM Financial Mutual Fund,Regular,Other,,
104272,-,INF192K01AN8,JM Ultra Short Duration Fund,Open Ended Schemes(Debt Scheme - Ultra Short Duration Fund),JM Financial Mutual Fund,Regular,Other,,
106101,-,INF192K01AP3,JM Ultra Short Duration Fund,Open Ended Schemes(Debt Scheme - Ultra Short Duration Fund),JM Financial Mutual Fund,Regular,Other,,
104271,INF192K01AQ1,-,JM Ultra Short Duration Fund,Open Ended Schemes(Debt Scheme - Ultra Short Duration Fund),JM Financial Mutual Fund,Regular,Other,,
106104,-,INF192K01AO6,JM Ultra Short Duration Fund,Open Ended Schemes(Debt Scheme - Ultra Short Duration Fund),JM Financial Mutual Fund,Regular,Other,,
110575,INF174K01FE4,-,Kotak Treasury Advantage,Open Ended Schemes(Debt Scheme - Ultra Short Duration Fund),Kotak Mahindra Mutual Fund,Regular,Other,,
119749,INF174K01JT4,-,Kotak Treasury Advantage,Open Ended Schemes(Debt Scheme - Ultra Short Duration Fund),Kotak Mahindra Mutual Fund,Regular,Other,,
124303,-,INF247L01270,Motilal Oswal Ultra Short Term Fund,Open Ended Schemes(Debt Scheme - Ultra Short Duration Fund),Motilal Oswal Mutual Fund,Regular,Other,,Payout/Reinvestment
118929,INF179K01WX8,-,HDFC Long Term Advantage Plan,Open Ended Schemes(Equity Scheme - ELSS),HDFC Mutual Fund,Regular,Other,,
100998,INF179K01996,-,HDFC Long Term Advantage Plan,Open Ended Schemes(Equity Scheme - ELSS),HDFC Mutual Fund,Regular,Other,,
118928,INF179K01WV2,INF179K01WW0,HDFC Long Term Advantage Plan,Open Ended Schemes(Equity Scheme - ELSS),HDFC Mutual Fund,Regular,Other,,
100997,INF179K01970,INF179K01988,HDFC Long Term Advantage Plan,Open Ended Schemes(Equity Scheme - ELSS),HDFC Mutual Fund,Regular,Other,,
135653,INF959L01CE3,-,Navi ELSS Tax Saver Fund,Open Ended Schemes(Equity Scheme - ELSS),Navi Mutual Fund,Regular,Other,,
135652,INF959L01CG8,-,Navi ELSS Tax Saver Fund,Open Ended Schemes(Equity Scheme - ELSS),Navi Mutual Fund,Regular,Other,,
135654,INF959L01CD5,-,Navi ELSS Tax Saver Fund,Open Ended Schemes(Equity Scheme - ELSS),Navi Mutual Fund,Regular,Other,,
135655,INF959L01CF0,-,Navi ELSS Tax Saver Fund,Open Ended Schemes(Equity Scheme - ELSS),Navi Mutual Fund,Regular,Other,,
110599,INF761K01041,-,BANK OF INDIA LARGE & MID CAP FUND,Open Ended Schemes(Equity Scheme - Large & Mid Cap Fund),Bank of India Mutual Fund,Regular,Other,,Growth
110601,INF761K01017,-,BANK OF INDIA LARGE & MID CAP FUND,Open Ended Schemes(Equity Scheme - Large & Mid Cap Fund),Bank of India Mutual Fund,Regular,Other,,Bonus
110604,INF761K01058,INF761K01066,BANK OF INDIA LARGE & MID CAP FUND,Open Ended Schemes(Equity Scheme - Large & Mid Cap Fund),Bank of India Mutual Fund,Regular,Other,,Quarterly IDCW
110608,INF761K01025,INF761K01033,BANK OF INDIA LARGE & MID CAP FUND,Open Ended Schemes(Equity Scheme - Large & Mid Cap Fund),Bank of India Mutual Fund,Regular,Other,,IDCW
147706,INF247L01AB3,INF247L01AA5,Motilal Oswal Large and Midcap Fund,Open Ended Schemes(Equity Scheme - Large & Mid Cap Fund),Motilal Oswal Mutual Fund,Regular,Other,,
119527,INF209K01YX9,INF209K01YW1,Aditya Birla Sun Life Large Cap Fund,Open Ended Schemes(Equity Scheme - Large Cap Fund),Aditya Birla Sun Life Mutual Fund,Regular,Other,,
111938,INF754K01053,INF754K01061,Edelweiss Large Cap Fund,Open Ended Schemes(Equity Scheme - Large Cap Fund),Edelweiss Mutual Fund,Regular,Other,,
111939,INF754K01095,INF754K01103,Edelweiss Large Cap Fund,Open Ended Schemes(Equity Scheme - Large Cap Fund),Edelweiss Mutual Fund,Regular,Other,,
111935,INF754K01087,-,Edelweiss Large Cap Fund,Open Ended Schemes(Equity Scheme - Large Cap Fund),Edelweiss Mutual Fund,Regular,Other,,
111937,INF754K01129,-,Edelweiss Large Cap Fund,Open Ended Schemes(Equity Scheme - Large Cap Fund),Edelweiss Mutual Fund,Regular,Other,,
108467,INF109K01BN0,-,ICICI Prudential Large Cap Fund (erstwhile Bluechip Fund),Open Ended Schemes(Equity Scheme - Large Cap Fund),ICICI Prudential Mutual Fund,Regular,Other,,
152354,INF247L01CE3,-,Motilal Oswal Large Cap Fund,Open Ended Schemes(Equity Scheme - Large Cap Fund),Motilal Oswal Mutual Fund,Regular,Other,,
152351,INF247L01CF0,INF247L01CG8,Motilal Oswal Large Cap Fund,Open Ended Schemes(Equity Scheme - Large Cap Fund),Motilal Oswal Mutual Fund,Regular,Other,,
152352,INF247L01CB9,-,Motilal Oswal Large Cap Fund,Open Ended Schemes(Equity Scheme - Large Cap Fund),Motilal Oswal Mutual Fund,Regular,Other,,
152353,INF247L01CC7,INF247L01CD5,Motilal Oswal Large Cap Fund,Open Ended Schemes(Equity Scheme - Large Cap Fund),Motilal Oswal Mutual Fund,Regular,Other,,
138311,INF223J01895,-,PGIM India Large Cap Fund,Open Ended Schemes(Equity Scheme - Large Cap Fund),PGIM India Mutual Fund,Regular,Other,,
138314,INF223J01MM0,-,PGIM India Large Cap Fund,Open Ended Schemes(Equity Scheme - Large Cap Fund),PGIM India Mutual Fund,Regular,Other,,
138310,INF223J01267,-,PGIM India Large Cap Fund,Open Ended Schemes(Equity Scheme - Large Cap Fund),PGIM India Mutual Fund,Regular,Other,,
138309,INF223J01242,-,PGIM India Large Cap Fund,Open Ended Schemes(Equity Scheme - Large Cap Fund),PGIM India Mutual Fund,Regular,Other,,
127044,INF247L01460,INF247L01452,Motilal Oswal Midcap Fund,Open Ended Schemes(Equity Scheme - Mid Cap Fund),Motilal Oswal Mutual Fund,Regular,Other,,
127042,INF247L01445,-,Motilal Oswal Midcap Fund,Open Ended Schemes(Equity Scheme - Mid Cap Fund),Motilal Oswal Mutual Fund,Regular,Other,,
127040,INF247L01437,INF247L01429,Motilal Oswal Midcap Fund,Open Ended Schemes(Equity Scheme - Mid Cap Fund),Motilal Oswal Mutual Fund,Regular,Other,,
127039,INF247L01411,-,Motilal Oswal Midcap Fund,Open Ended Schemes(Equity Scheme - Mid Cap Fund),Motilal Oswal Mutual Fund,Regular,Other,,
152650,INF247L01CO2,-,Motilal Oswal Multi Cap Fund,Open Ended Schemes(Equity Scheme - Multi Cap Fund),Motilal Oswal Mutual Fund,Regular,Other,,
152649,INF247L01CJ2,INF247L01CK0,Motilal Oswal Multi Cap Fund,Open Ended Schemes(Equity Scheme - Multi Cap Fund),Motilal Oswal Mutual Fund,Regular,Other,,
152651,INF247L01CL8,-,Motilal Oswal Multi Cap Fund,Open Ended Schemes(Equity Scheme - Multi Cap Fund),Motilal Oswal Mutual Fund,Regular,Other,,
152652,INF247L01CM6,INF247L01CN4,Motilal Oswal Multi Cap Fund,Open Ended Schemes(Equity Scheme - Multi Cap Fund),Motilal Oswal Mutual Fund,Regular,Other,,
119576,INF209K01VL0,-,Aditya Birla Sun Life Commodity Equities Fund - Global Agri Plan,Open Ended Schemes(Equity Scheme - Sectoral/ Thematic),Aditya Birla Sun Life Mutual Fund,Regular,Other,,
111349,INF209K01207,-,Aditya Birla Sun Life Commodity Equities Fund - Global Agri Plan,Open Ended Schemes(Equity Scheme - Sectoral/ Thematic),Aditya Birla Sun Life Mutual Fund,Regular,Other,,
119575,INF209K01P64,INF209K01VM8,Aditya Birla Sun Life Commodity Equities Fund - Global Agri Plan,Open Ended Schemes(Equity Scheme - Sectoral/ Thematic),Aditya Birla Sun Life Mutual Fund,Regular,Other,,
111348,INF209K01199,INF209K01CG0,Aditya Birla Sun Life Commodity Equities Fund - Global Agri Plan,Open Ended Schemes(Equity Scheme - Sectoral/ Thematic),Aditya Birla Sun Life Mutual Fund,Regular,Other,,
119519,INF209K01Q97,INF209K01WV7,Aditya Birla Sun Life International Equity Fund Plan B,Open Ended Schemes(Equity Scheme - Sectoral/ Thematic),Aditya Birla Sun Life Mutual Fund,Regular,Other,,
119518,INF209K01WU9,-,Aditya Birla Sun Life International Equity Fund Plan B,Open Ended Schemes(Equity Scheme - Sectoral/ Thematic),Aditya Birla Sun Life Mutual Fund,Regular,Other,,
106876,INF209K01546,-,Aditya Birla Sun Life International Equity Fund Plan B,Open Ended Schemes(Equity Scheme - Sectoral/ Thematic),Aditya Birla Sun Life Mutual Fund,Regular,Other,,
106875,INF209K01538,INF209K01CW7,Aditya Birla Sun Life International Equity Fund Plan B,Open Ended Schemes(Equity Scheme - Sectoral/ Thematic),Aditya Birla Sun Life Mutual Fund,Regular,Other,,
152796,INF247L01DG6,-,Motilal Oswal Business Cycle Fund,Open Ended Schemes(Equity Scheme - Sectoral/ Thematic),Motilal Oswal Mutual Fund,Regular,Other,,
152797,INF247L01DH4,INF247L01DI2,Motilal Oswal Business Cycle Fund,Open Ended Schemes(Equity Scheme - Sectoral/ Thematic),Motilal Oswal Mutual Fund,Regular,Other,,
152794,INF247L01DD3,-,Motilal Oswal Business Cycle Fund,Open Ended Schemes(Equity Scheme - Sectoral/ Thematic),Motilal Oswal Mutual Fund,Regular,Other,,
152795,INF247L01DE1,INF247L01DF8,Motilal Oswal Business Cycle Fund,Open Ended Schemes(Equity Scheme - Sectoral/ Thematic),Motilal Oswal Mutual Fund,Regular,Other,,
153913,INF247L01GA2,-,Motilal Oswal Consumption Fund,Open Ended Schemes(Equity Scheme - Sectoral/ Thematic),Motilal Oswal Mutual Fund,Regular,Other,,
153914,INF247L01GB0,INF247L01GC8,Motilal Oswal Consumption Fund,Open Ended Schemes(Equity Scheme - Sectoral/ Thematic),Motilal Oswal Mutual Fund,Regular,Other,,
153915,INF247L01GE4,INF247L01GF1,Motilal Oswal Consumption Fund,Open Ended Schemes(Equity Scheme - Sectoral/ Thematic),Motilal Oswal Mutual Fund,Regular,Other,,
152762,INF247L01DB7,INF247L01DC5,Motilal Oswal Manufacturing Fund,Open Ended Schemes(Equity Scheme - Sectoral/ Thematic),Motilal Oswal Mutual Fund,Regular,Other,,
152760,INF247L01DA9,-,Motilal Oswal Manufacturing Fund,Open Ended Schemes(Equity Scheme - Sectoral/ Thematic),Motilal Oswal Mutual Fund,Regular,Other,,
152761,INF247L01CY1,INF247L01CZ8,Motilal Oswal Manufacturing Fund,Open Ended Schemes(Equity Scheme - Sectoral/ Thematic),Motilal Oswal Mutual Fund,Regular,Other,,
152763,INF247L01CX3,-,Motilal Oswal Manufacturing Fund,Open Ended Schemes(Equity Scheme - Sectoral/ Thematic),Motilal Oswal Mutual Fund,Regular,Other,,
113373,INF903J01579,INF903J01587,Sundaram Consumption Fund (Formerly Known as Sundaram Rural and Consumption Fund),Open Ended Schemes(Equity Scheme - Sectoral/ Thematic),Sundaram Mutual Fund,Regular,Other,,Institutional IDCW (Income Distribution CUM Capital Withdrawal)
109061,INF903J01652,-,Sundaram Financial Services Opportunities Fund,Open Ended Schemes(Equity Scheme - Sectoral/ Thematic),Sundaram Mutual Fund,Regular,Other,,Institutional GROWTH
109060,INF903J01637,INF903J01645,Sundaram Financial Services Opportunities Fund,Open Ended Schemes(Equity Scheme - Sectoral/ Thematic),Sundaram Mutual Fund,Regular,Other,,Institutional IDCW (Income Distribution CUM Capital Withdrawal)
119659,INF209K01WQ7,-,Aditya Birla Sun Life Value Fund,Open Ended Schemes(Equity Scheme - Value Fund),Aditya Birla Sun Life Mutual Fund,Regular,Other,,
111709,INF761K01157,-,BANK OF INDIA ELSS TAX SAVER FUND,Open Ended Schemes(Equity Schemes - ELSS- Tax Saver Fund),Bank of India Mutual Fund,Regular,Other,,Growth
111711,INF761K01132,INF761K01140,BANK OF INDIA ELSS TAX SAVER FUND,Open Ended Schemes(Equity Schemes - ELSS- Tax Saver Fund),Bank of India Mutual Fund,Regular,Other,,IDCW
151130,INF917K01QA1,-,HSBC Small Cap Fund,Open Ended Schemes(Equity Schemes - Small Cap Fund),HSBC Mutual Fund,Regular,Other,,
151132,INF917K01PZ0,INF917K01XP5,HSBC Small Cap Fund,Open Ended Schemes(Equity Schemes - Small Cap Fund),HSBC Mutual Fund,Regular,Other,,
151133,INF917K01QC7,-,HSBC Small Cap Fund,Open Ended Schemes(Equity Schemes - Small Cap Fund),HSBC Mutual Fund,Regular,Other,,
151131,INF917K01QB9,INF917K01XQ3,HSBC Small Cap Fund,Open Ended Schemes(Equity Schemes - Small Cap Fund),HSBC Mutual Fund,Regular,Other,,
106821,INF109K01BK6,-,ICICI Prudential Small Cap Fund,Open Ended Schemes(Equity Schemes - Small Cap Fund),ICICI Prudential Mutual Fund,Regular,Other,,
151533,INF209KB18T9,-,Aditya Birla Sun Life CRISIL Liquid Overnight ETF,Open Ended Schemes(Exchange Traded Funds (ETFs) - Debt ETF),Aditya Birla Sun Life Mutual Fund,Regular,Other,,
154593,INF740KA1ZI7,-,DSP NIFTY 10 YR BENCHMARK G-SEC ETF,Open Ended Schemes(Exchange Traded Funds (ETFs) - Debt ETF),DSP Mutual Fund,Regular,Other,,
152891,INF666M01IP5,-,Groww Nifty 1D Rate Liquid ETF,Open Ended Schemes(Exchange Traded Funds (ETFs) - Debt ETF),Groww Mutual Fund,Regular,Other,,
153045,INF769K01MY5,-,Mirae Asset Nifty 1D Rate Liquid ETF - Growth,Open Ended Schemes(Exchange Traded Funds (ETFs) - Debt ETF),Mirae Asset Mutual Fund,Regular,Growth,,
151908,-,INF769K01KS1,Mirae Asset Nifty 1D Rate Liquid ETF-IDCW,Open Ended Schemes(Exchange Traded Funds (ETFs) - Debt ETF),Mirae Asset Mutual Fund,Regular,IDCW,,
151695,INF769K01KF8,-,Mirae Asset Nifty 8-13 yr G-Sec ETF,Open Ended Schemes(Exchange Traded Funds (ETFs) - Debt ETF),Mirae Asset Mutual Fund,Regular,Other,,
139581,INF209KB10E8,-,Aditya Birla Sun Life BSE Sensex ETF,Open Ended Schemes(Exchange Traded Funds (ETFs) - Equity ETF),Aditya Birla Sun Life Mutual Fund,Regular,Other,,
154224,INF209KC1670,-,Aditya Birla Sun Life BSE Top 10 Banks ETF,Open Ended Schemes(Exchange Traded Funds (ETFs) - Equity ETF),Aditya Birla Sun Life Mutual Fund,Regular,Other,,
115127,INF209KB18D3,-,Aditya Birla Sun Life Gold ETF,Open Ended Schemes(Exchange Traded Funds (ETFs) - Equity ETF),Aditya Birla Sun Life Mutual Fund,Regular,Other,,
154220,INF209KC1662,-,Aditya Birla Sun Life MSCI India ETF,Open Ended Schemes(Exchange Traded Funds (ETFs) - Equity ETF),Aditya Birla Sun Life Mutual Fund,Regular,Other,,
150497,INF209KB15K4,-,Aditya Birla Sun Life Nifty 200 Quality 30 ETF,Open Ended Schemes(Exchange Traded Funds (ETFs) - Equity ETF),Aditya Birla Sun Life Mutual Fund,Regular,Other,,
115512,INF209KB19D1,-,Aditya Birla Sun Life Nifty 50 ETF,Open Ended Schemes(Exchange Traded Funds (ETFs) - Equity ETF),Aditya Birla Sun Life Mutual Fund,Regular,Other,,
147735,INF209KB17D5,-,ADITYA BIRLA SUN LIFE NIFTY BANK ETF,Open Ended Schemes(Exchange Traded Funds (ETFs) - Equity ETF),Aditya Birla Sun Life Mutual Fund,Regular,Other,,
149262,INF209KB10C2,-,Aditya Birla Sun Life Nifty Healthcare ETF,Open Ended Schemes(Exchange Traded Funds (ETFs) - Equity ETF),Aditya Birla Sun Life Mutual Fund,Regular,Other,,
149293,INF209KB11D8,-,Aditya Birla Sun Life Nifty IT ETF,Open Ended Schemes(Exchange Traded Funds (ETFs) - Equity ETF),Aditya Birla Sun Life Mutual Fund,Regular,Other,,
145881,INF209KB16D7,-,Aditya Birla Sun Life Nifty Next 50 ETF,Open Ended Schemes(Exchange Traded Funds (ETFs) - Equity ETF),Aditya Birla Sun Life Mutual Fund,Regular,Other,,
152620,INF209KB19Z4,-,Aditya Birla Sun Life Nifty PSE ETF,Open Ended Schemes(Exchange Traded Funds (ETFs) - Equity ETF),Aditya Birla Sun Life Mutual Fund,Regular,Other,,
149779,INF209KB19F6,-,Aditya Birla Sun Life Silver ETF,Open Ended Schemes(Exchange Traded Funds (ETFs) - Equity ETF),Aditya Birla Sun Life Mutual Fund,Regular,Other,,
151585,INF846K010Q0,-,Axis BSE Sensex ETF,Open Ended Schemes(Exchange Traded Funds (ETFs) - Equity ETF),Axis Mutual Fund,Regular,Other,,
141545,INF846K01W98,-,Axis Nifty 50 ETF,Open Ended Schemes(Exchange Traded Funds (ETFs) - Equity ETF),Axis Mutual Fund,Regular,Other,,
148559,INF846K01X63,-,Axis NIFTY Bank ETF,Open Ended Schemes(Exchange Traded Funds (ETFs) - Equity ETF),Axis Mutual Fund,Regular,Other,,
154627,INF846KA1598,-,Axis Nifty Energy ETF,Open Ended Schemes(Exchange Traded Funds (ETFs) - Equity ETF),Axis Mutual Fund,Regular,Other,,
148934,INF846K01Z12,-,Axis NIFTY Healthcare ETF,Open Ended Schemes(Exchange Traded Funds (ETFs) - Equity ETF),Axis Mutual Fund,Regular,Other,,
149156,INF846K016C7,-,Axis NIFTY India Consumption ETF,Open Ended Schemes(Exchange Traded Funds (ETFs) - Equity ETF),Axis Mutual Fund,Regular,Other,,
148799,INF846K01Y96,-,Axis NIFTY IT ETF,Open Ended Schemes(Exchange Traded Funds (ETFs) - Equity ETF),Axis Mutual Fund,Regular,Other,,
153414,INF846KA1119,-,Axis Nifty500 Value 50 ETF,Open Ended Schemes(Exchange Traded Funds (ETFs) - Equity ETF),Axis Mutual Fund,Regular,Other,,
154492,INF0QA701CI0,-,Bajaj Finserv BSE Top 10 Banks ETF,Open Ended Schemes(Exchange Traded Funds (ETFs) - Equity ETF),Bajaj Finserv Mutual Fund,Regular,Other,,
154528,INF740KA1ZH9,-,DSP BSE MidSmall Private Banks ETF,Open Ended Schemes(Exchange Traded Funds (ETFs) - Equity ETF),DSP Mutual Fund,Regular,Other,,
154535,INF754K01XI7,-,Edelweiss BSE LargeMid (60:40) Stable dividend 50 ETF,Open Ended Schemes(Exchange Traded Funds (ETFs) - Equity ETF),Edelweiss Mutual Fund,Regular,IDCW,,
154524,INF754K01XH9,-,Edelweiss BSE Top 10 Bank ETF,Open Ended Schemes(Exchange Traded Funds (ETFs) - Equity ETF),Edelweiss Mutual Fund,Regular,Other,,
154461,INF754K01XG1,-,Edelweiss Nifty Metal ETF,Open Ended Schemes(Exchange Traded Funds (ETFs) - Equity ETF),Edelweiss Mutual Fund,Regular,Other,,
154504,-,-,HDFC Nifty Metal ETF,Open Ended Schemes(Exchange Traded Funds (ETFs) - Equity ETF),HDFC Mutual Fund,Regular,Other,,Growth Option
154550,INF22M001184,-,JioBlackRock Nifty 50 ETF,Open Ended Schemes(Exchange Traded Funds (ETFs) - Equity ETF),Jio BlackRock Mutual Fund,Regular,Other,,
154491,INF174KA1A94,-,Kotak Nifty Private Bank ETF,Open Ended Schemes(Exchange Traded Funds (ETFs) - Equity ETF),Kotak Mahindra Mutual Fund,Regular,Other,,
106929,INF174KA1A86,-,Kotak Nifty PSU Bank ETF,Open Ended Schemes(Exchange Traded Funds (ETFs) - Equity ETF),Kotak Mahindra Mutual Fund,Regular,Other,,
153379,INF769K01OA1,-,Mirae Asset BSE 200 Equal Weight ETF,Open Ended Schemes(Exchange Traded Funds (ETFs) - Equity ETF),Mirae Asset Mutual Fund,Regular,Other,,
154061,INF769K01PY8,-,Mirae Asset BSE 500 Dividend Leaders 50 ETF,Open Ended Schemes(Exchange Traded Funds (ETFs) - Equity ETF),Mirae Asset Mutual Fund,Regular,IDCW,,
154182,INF769K01QC2,-,Mirae Asset BSE India Defence ETF,Open Ended Schemes(Exchange Traded Funds (ETFs) - Equity ETF),Mirae Asset Mutual Fund,Regular,Other,,
154626,INF769K01RK3,-,Mirae Asset BSE LargeMid (60:40) Stable Dividend 50 ETF,Open Ended Schemes(Exchange Traded Funds (ETFs) - Equity ETF),Mirae Asset Mutual Fund,Regular,IDCW,,
154471,INF769K01RC0,-,Mirae Asset BSE Midcap 150 Momentum 30 ETF,Open Ended Schemes(Exchange Traded Funds (ETFs) - Equity ETF),Mirae Asset Mutual Fund,Regular,Other,,
153384,INF769K01ON4,-,Mirae Asset BSE Select IPO ETF,Open Ended Schemes(Exchange Traded Funds (ETFs) - Equity ETF),Mirae Asset Mutual Fund,Regular,Other,,
152097,INF769K01KT9,-,Mirae Asset BSE Sensex ETF,Open Ended Schemes(Exchange Traded Funds (ETFs) - Equity ETF),Mirae Asset Mutual Fund,Regular,Other,,
148572,INF769K01GS9,-,Mirae Asset Nifty 100 ESG Sector Leaders ETF,Open Ended Schemes(Exchange Traded Funds (ETFs) - Equity ETF),Mirae Asset Mutual Fund,Regular,Other,,
151604,INF769K01JU9,-,Mirae Asset Nifty 100 Low Volatility 30 ETF,Open Ended Schemes(Exchange Traded Funds (ETFs) - Equity ETF),Mirae Asset Mutual Fund,Regular,Other,,
152134,INF769K01KU7,-,Mirae Asset Nifty 200 Alpha 30 ETF,Open Ended Schemes(Exchange Traded Funds (ETFs) - Equity ETF),Mirae Asset Mutual Fund,Regular,Other,,
145633,INF769K01EG9,-,Mirae Asset Nifty 50 ETF,Open Ended Schemes(Exchange Traded Funds (ETFs) - Equity ETF),Mirae Asset Mutual Fund,Regular,Other,,
154169,INF769K01QA6,-,Mirae Asset Nifty 500 Healthcare ETF,Open Ended Schemes(Exchange Traded Funds (ETFs) - Equity ETF),Mirae Asset Mutual Fund,Regular,Other,,
154299,INF769K01QV2,-,Mirae Asset Nifty 500 Value 50 ETF,Open Ended Schemes(Exchange Traded Funds (ETFs) - Equity ETF),Mirae Asset Mutual Fund,Regular,Other,,
151857,INF769K01KR3,-,Mirae Asset Nifty Bank ETF,Open Ended Schemes(Exchange Traded Funds (ETFs) - Equity ETF),Mirae Asset Mutual Fund,Regular,Other,,
153945,INF769K01PR2,-,Mirae Asset Nifty Energy ETF,Open Ended Schemes(Exchange Traded Funds (ETFs) - Equity ETF),Mirae Asset Mutual Fund,Regular,Other,,
152715,INF769K01LQ3,-,Mirae Asset Nifty EV and New Age Automotive ETF,Open Ended Schemes(Exchange Traded Funds (ETFs) - Equity ETF),Mirae Asset Mutual Fund,Regular,Other,,
149105,INF769K01HI8,-,Mirae Asset Nifty Financial Services ETF,Open Ended Schemes(Exchange Traded Funds (ETFs) - Equity ETF),Mirae Asset Mutual Fund,Regular,Other,,
154181,INF769K01QB4,-,Mirae Asset Nifty India Infrastructure & Logistics ETF,Open Ended Schemes(Exchange Traded Funds (ETFs) - Equity ETF),Mirae Asset Mutual Fund,Regular,Other,,
153642,INF769K01PB6,-,Mirae Asset Nifty India Internet ETF,Open Ended Schemes(Exchange Traded Funds (ETFs) - Equity ETF),Mirae Asset Mutual Fund,Regular,Other,,
149786,INF769K01IB1,-,Mirae Asset Nifty India Manufacturing ETF,Open Ended Schemes(Exchange Traded Funds (ETFs) - Equity ETF),Mirae Asset Mutual Fund,Regular,Other,,
153191,INF769K01NS5,-,Mirae Asset Nifty India New Age Consumption ETF,Open Ended Schemes(Exchange Traded Funds (ETFs) - Equity ETF),Mirae Asset Mutual Fund,Regular,Other,,
152155,INF769K01KV5,-,Mirae Asset Nifty IT ETF,Open Ended Schemes(Exchange Traded Funds (ETFs) - Equity ETF),Mirae Asset Mutual Fund,Regular,Other,,
152924,INF769K01LY7,-,Mirae Asset Nifty Metal ETF,Open Ended Schemes(Exchange Traded Funds (ETFs) - Equity ETF),Mirae Asset Mutual Fund,Regular,Other,,
149918,INF769K01IC9,-,Mirae Asset Nifty Midcap 150 ETF,Open Ended Schemes(Exchange Traded Funds (ETFs) - Equity ETF),Mirae Asset Mutual Fund,Regular,Other,,
152634,INF769K01LJ8,-,Mirae Asset Nifty MidSmallcap400 Momentum Quality 100 ETF,Open Ended Schemes(Exchange Traded Funds (ETFs) - Equity ETF),Mirae Asset Mutual Fund,Regular,Other,,
147906,INF769K01FN2,-,Mirae Asset Nifty Next 50 ETF,Open Ended Schemes(Exchange Traded Funds (ETFs) - Equity ETF),Mirae Asset Mutual Fund,Regular,Other,,
152929,INF769K01LZ4,-,Mirae Asset Nifty PSU Bank ETF,Open Ended Schemes(Exchange Traded Funds (ETFs) - Equity ETF),Mirae Asset Mutual Fund,Regular,Other,,
153946,INF769K01PQ4,-,Mirae Asset Nifty Smallcap 250 ETF,Open Ended Schemes(Exchange Traded Funds (ETFs) - Equity ETF),Mirae Asset Mutual Fund,Regular,Other,,
152455,INF769K01LC3,-,Mirae Asset Nifty Smallcap 250 Momentum Quality 100 ETF,Open Ended Schemes(Exchange Traded Funds (ETFs) - Equity ETF),Mirae Asset Mutual Fund,Regular,Other,,
154060,INF769K01PZ5,-,Mirae Asset Nifty Top 20 Equal Weight ETF,Open Ended Schemes(Exchange Traded Funds (ETFs) - Equity ETF),Mirae Asset Mutual Fund,Regular,Other,,
153519,INF769K01OO2,-,Mirae Asset Nifty50 Equal Weight ETF,Open Ended Schemes(Exchange Traded Funds (ETFs) - Equity ETF),Mirae Asset Mutual Fund,Regular,Other,,
152811,INF769K01LX9,-,Mirae Asset Nifty500 Multicap 50:25:25 ETF,Open Ended Schemes(Exchange Traded Funds (ETFs) - Equity ETF),Mirae Asset Mutual Fund,Regular,Other,,
149169,INF769K01HP3,-,Mirae Asset S&P 500 Top 50 ETF,Open Ended Schemes(Exchange Traded Funds (ETFs) - Equity ETF),Mirae Asset Mutual Fund,Regular,Other,,
154551,INF247L01HG7,-,Motilal Oswal Nifty Metal ETF,Open Ended Schemes(Exchange Traded Funds (ETFs) - Equity ETF),Motilal Oswal Mutual Fund,Regular,Other,,
154552,INF247L01HH5,-,Motilal Oswal Nifty Oil & Gas ETF,Open Ended Schemes(Exchange Traded Funds (ETFs) - Equity ETF),Motilal Oswal Mutual Fund,Regular,Other,,
154698,INF789F1AH42,-,UTI BSE India Sector Leaders Exchange Traded Fund,Open Ended Schemes(Exchange Traded Funds (ETFs) - Equity ETF),UTI Mutual Fund,Regular,Other,,Growth
154602,INF789F1AG76,-,UTI Nifty 500 Exchange Traded Fund,Open Ended Schemes(Exchange Traded Funds (ETFs) - Equity ETF),UTI Mutual Fund,Regular,Other,,
149379,INF769K01HS7,-,Mirae Asset Hang Seng TECH ETF,Open Ended Schemes(Exchange Traded Funds (ETFs) - ETFs investing overseas),Mirae Asset Mutual Fund,Regular,Other,,
148927,INF769K01HF4,-,Mirae Asset NYSE FANG+ ETF,Open Ended Schemes(Exchange Traded Funds (ETFs) - ETFs investing overseas),Mirae Asset Mutual Fund,Regular,Other,,
113434,INF846K01W80,-,Axis Gold ETF,Open Ended Schemes(Exchange Traded Funds (ETFs) - Gold ETF),Axis Mutual Fund,Regular,Other,,
151737,INF740KA1ZP2,-,DSP Gold ETF,Open Ended Schemes(Exchange Traded Funds (ETFs) - Gold ETF),DSP Mutual Fund,Regular,Other,,
152957,INF666M01OE7,-,Groww Gold ETF,Open Ended Schemes(Exchange Traded Funds (ETFs) - Gold ETF),Groww Mutual Fund,Regular,Other,,
151416,INF769K01JP9,-,Mirae Asset Gold ETF,Open Ended Schemes(Exchange Traded Funds (ETFs) - Gold ETF),Mirae Asset Mutual Fund,Regular,Other,,
154497,INF769K01RJ5,-,Mirae Asset Nifty200 Momentum 30 Plus 8-13 yr G-Sec 50:50 ETF,Open Ended Schemes(Exchange Traded Funds (ETFs) - Hybrid ETF),Mirae Asset Mutual Fund,Regular,Other,,
154199,INF666M01OD9,-,Groww BSE Hospitals ETF,Open Ended Schemes(Exchange Traded Funds (ETFs) - Other ETF),Groww Mutual Fund,Regular,Other,,
153744,INF666M01LM6,-,Groww BSE Power ETF,Open Ended Schemes(Exchange Traded Funds (ETFs) - Other ETF),Groww Mutual Fund,Regular,Other,,
153329,INF666M01JV1,-,Groww Nifty 200 ETF,Open Ended Schemes(Exchange Traded Funds (ETFs) - Other ETF),Groww Mutual Fund,Regular,Other,,
153699,INF666M01LL8,-,Groww Nifty 50 ETF,Open Ended Schemes(Exchange Traded Funds (ETFs) - Other ETF),Groww Mutual Fund,Regular,Other,,
153583,INF666M01LB9,-,Groww Nifty 500 Low Volatility 50 ETF,Open Ended Schemes(Exchange Traded Funds (ETFs) - Other ETF),Groww Mutual Fund,Regular,Other,,
153452,INF666M01KJ4,-,Groww Nifty 500 Momentum 50 ETF,Open Ended Schemes(Exchange Traded Funds (ETFs) - Other ETF),Groww Mutual Fund,Regular,Other,,
153907,INF666M01MM4,-,Groww Nifty Capital Markets ETF,Open Ended Schemes(Exchange Traded Funds (ETFs) - Other ETF),Groww Mutual Fund,Regular,Other,,
154476,INF666M01PH7,-,Groww Nifty Cements ETF,Open Ended Schemes(Exchange Traded Funds (ETFs) - Other ETF),Groww Mutual Fund,Regular,Other,,
154111,INF666M01NP5,-,Groww Nifty Chemicals ETF,Open Ended Schemes(Exchange Traded Funds (ETFs) - Other ETF),Groww Mutual Fund,Regular,Other,,
152764,INF666M01IH2,-,Groww Nifty EV & New Age Automotive ETF,Open Ended Schemes(Exchange Traded Funds (ETFs) - Other ETF),Groww Mutual Fund,Regular,Other,,
152845,INF666M01IO8,-,Groww Nifty India Defence ETF,Open Ended Schemes(Exchange Traded Funds (ETFs) - Other ETF),Groww Mutual Fund,Regular,Other,,
153625,INF666M01LI4,-,Groww Nifty India Internet ETF,Open Ended Schemes(Exchange Traded Funds (ETFs) - Other ETF),Groww Mutual Fund,Regular,Other,,
153229,INF666M01JJ6,-,Groww Nifty India Railways PSU ETF,Open Ended Schemes(Exchange Traded Funds (ETFs) - Other ETF),Groww Mutual Fund,Regular,Other,,
154034,INF666M01NI0,-,Groww Nifty Metal ETF,Open Ended Schemes(Exchange Traded Funds (ETFs) - Other ETF),Groww Mutual Fund,Regular,Other,,
153940,INF666M01MV5,-,Groww Nifty Midcap 150 ETF,Open Ended Schemes(Exchange Traded Funds (ETFs) - Other ETF),Groww Mutual Fund,Regular,Other,,
153785,INF666M01LZ8,-,Groww Nifty Next 50 ETF,Open Ended Schemes(Exchange Traded Funds (ETFs) - Other ETF),Groww Mutual Fund,Regular,Other,,
154345,INF666M01OT5,-,Groww Nifty Private Bank ETF,Open Ended Schemes(Exchange Traded Funds (ETFs) - Other ETF),Groww Mutual Fund,Regular,Other,,
154163,INF666M01NQ3,-,Groww Nifty PSE ETF,Open Ended Schemes(Exchange Traded Funds (ETFs) - Other ETF),Groww Mutual Fund,Regular,Other,,
154277,INF666M01OG2,-,Groww Nifty PSU Bank ETF,Open Ended Schemes(Exchange Traded Funds (ETFs) - Other ETF),Groww Mutual Fund,Regular,Other,,
153899,INF666M01MN2,-,Groww Nifty Realty ETF,Open Ended Schemes(Exchange Traded Funds (ETFs) - Other ETF),Groww Mutual Fund,Regular,Other,,
153923,INF666M01MO0,-,Groww Nifty Smallcap 250 ETF,Open Ended Schemes(Exchange Traded Funds (ETFs) - Other ETF),Groww Mutual Fund,Regular,Other,,
154384,INF666M01PG9,-,Groww Nifty Smallcap 250 Momentum Quality 100 ETF,Open Ended Schemes(Exchange Traded Funds (ETFs) - Other ETF),Groww Mutual Fund,Regular,Other,,
154503,INF109K1A567,-,ICICI Prudential BSE Insurance ETF,Open Ended Schemes(Exchange Traded Funds (ETFs) - Other ETF),ICICI Prudential Mutual Fund,Regular,Other,,
150610,INF846K011K1,-,Axis Silver ETF,Open Ended Schemes(Exchange Traded Funds (ETFs) - Silver ETF),Axis Mutual Fund,Regular,Other,,
150523,INF740KA1ZQ0,-,DSP Silver ETF,Open Ended Schemes(Exchange Traded Funds (ETFs) - Silver ETF),DSP Mutual Fund,Regular,Other,,
153524,INF666M01OF4,-,Groww Silver ETF,Open Ended Schemes(Exchange Traded Funds (ETFs) - Silver ETF),Groww Mutual Fund,Regular,Other,,
151779,INF769K01KG6,-,Mirae Asset Silver ETF,Open Ended Schemes(Exchange Traded Funds (ETFs) - Silver ETF),Mirae Asset Mutual Fund,Regular,Other,,
154661,INF109K1A641,-,ICICI Prudential Dynamic Asset Allocation Passive FOF,Open Ended Schemes(Fund of Funds Scheme (Domestic) - Fund of Funds Scheme (Domestic)),ICICI Prudential Mutual Fund,Regular,Other,,
154662,INF109K1A633,-,ICICI Prudential Dynamic Asset Allocation Passive FOF,Open Ended Schemes(Fund of Funds Scheme (Domestic) - Fund of Funds Scheme (Domestic)),ICICI Prudential Mutual Fund,Regular,Other,,
120606,INF109K019C3,INF109K010D0,ICICI Prudential Gilt Fund Investment Plan PF Option,Open Ended Schemes(Gilt),ICICI Prudential Mutual Fund,Regular,Other,,
120605,INF109K011D8,-,ICICI Prudential Gilt Fund Investment Plan PF Option,Open Ended Schemes(Gilt),ICICI Prudential Mutual Fund,Regular,Other,,
102060,INF109K01JS2,-,ICICI Prudential Gilt Fund Investment Plan PF Option,Open Ended Schemes(Gilt),ICICI Prudential Mutual Fund,Regular,Other,,
118019,INF109K01I15,INF109K01I07,ICICI Prudential Gilt Fund Investment Plan PF Option,Open Ended Schemes(Gilt),ICICI Prudential Mutual Fund,Regular,Other,,
130901,INF109KA1C31,-,ICICI Prudential Gilt Fund Investment Plan PF Option,Open Ended Schemes(Gilt),ICICI Prudential Mutual Fund,Regular,Other,,
130954,INF109KA1C23,-,ICICI Prudential Gilt Fund Investment Plan PF Option,Open Ended Schemes(Gilt),ICICI Prudential Mutual Fund,Regular,Other,,
120612,INF109K017D5,INF109K018D3,ICICI Prudential Gilt Fund Treasury Plan PF Option,Open Ended Schemes(Gilt),ICICI Prudential Mutual Fund,Regular,Other,,
120610,INF109K019D1,INF109K010E8,ICICI Prudential Gilt Fund Treasury Plan PF Option,Open Ended Schemes(Gilt),ICICI Prudential Mutual Fund,Regular,Other,,
120611,INF109K011E6,-,ICICI Prudential Gilt Fund Treasury Plan PF Option,Open Ended Schemes(Gilt),ICICI Prudential Mutual Fund,Regular,Other,,
102248,INF109K01KA8,-,ICICI Prudential Gilt Fund Treasury Plan PF Option,Open Ended Schemes(Gilt),ICICI Prudential Mutual Fund,Regular,Other,,
118023,INF109K01I56,INF109K01I31,ICICI Prudential Gilt Fund Treasury Plan PF Option,Open Ended Schemes(Gilt),ICICI Prudential Mutual Fund,Regular,Other,,
118022,INF109K01I49,INF109K01I23,ICICI Prudential Gilt Fund Treasury Plan PF Option,Open Ended Schemes(Gilt),ICICI Prudential Mutual Fund,Regular,Other,,
130905,INF109KA1C56,-,ICICI Prudential Gilt Fund Treasury Plan PF Option,Open Ended Schemes(Gilt),ICICI Prudential Mutual Fund,Regular,Other,,
103028,INF109K01DZ0,INF109K01AO0,ICICI Prudential Blended Plan A,Open Ended Schemes(Growth),ICICI Prudential Mutual Fund,Regular,Other,,
130949,INF109KA1B65,-,ICICI Prudential Blended Plan A,Open Ended Schemes(Growth),ICICI Prudential Mutual Fund,Regular,Other,,
103027,INF109K01AP7,-,ICICI Prudential Blended Plan A,Open Ended Schemes(Growth),ICICI Prudential Mutual Fund,Regular,Other,,
120311,INF109K013C6,INF109K014C4,ICICI Prudential Blended Plan A,Open Ended Schemes(Growth),ICICI Prudential Mutual Fund,Regular,Other,,
120310,INF109K015C1,-,ICICI Prudential Blended Plan A,Open Ended Schemes(Growth),ICICI Prudential Mutual Fund,Regular,Other,,
112013,INF754K01137,INF754K01145,Edelweiss Aggressive Hybrid Fund,Open Ended Schemes(Hybrid Scheme - Aggressive Hybrid Fund),Edelweiss Mutual Fund,Regular,Other,,
112012,INF754K01160,-,Edelweiss Aggressive Hybrid Fund,Open Ended Schemes(Hybrid Scheme - Aggressive Hybrid Fund),Edelweiss Mutual Fund,Regular,Other,,
143186,INF959L01DE1,INF959L01DF8,Navi Aggressive Hybrid Fund,Open Ended Schemes(Hybrid Scheme - Aggressive Hybrid Fund),Navi Mutual Fund,Regular,Other,,
138385,INF223J01903,-,PGIM India Aggressive Hybrid Equity Fund,Open Ended Schemes(Hybrid Scheme - Aggressive Hybrid Fund),PGIM India Mutual Fund,Regular,Other,,
142422,INF663L01ZC6,INF663L01ZD4,PGIM India Aggressive Hybrid Equity Fund,Open Ended Schemes(Hybrid Scheme - Aggressive Hybrid Fund),PGIM India Mutual Fund,Regular,Other,,
142421,INF663L01ZA0,INF663L01ZB8,PGIM India Aggressive Hybrid Equity Fund,Open Ended Schemes(Hybrid Scheme - Aggressive Hybrid Fund),PGIM India Mutual Fund,Regular,Other,,
138384,INF223J01309,-,PGIM India Aggressive Hybrid Equity Fund,Open Ended Schemes(Hybrid Scheme - Aggressive Hybrid Fund),PGIM India Mutual Fund,Regular,Other,,
138383,INF223J01325,-,PGIM India Aggressive Hybrid Equity Fund,Open Ended Schemes(Hybrid Scheme - Aggressive Hybrid Fund),PGIM India Mutual Fund,Regular,Other,,
139823,INF663L01OE6,INF663L01OF3,PGIM India Aggressive Hybrid Equity Fund,Open Ended Schemes(Hybrid Scheme - Aggressive Hybrid Fund),PGIM India Mutual Fund,Regular,Other,,
139822,INF663L01OC0,INF663L01OD8,PGIM India Aggressive Hybrid Equity Fund,Open Ended Schemes(Hybrid Scheme - Aggressive Hybrid Fund),PGIM India Mutual Fund,Regular,Other,,
108844,INF194K01623,INF194K01631,BANDHAN Arbitrage Fund,Open Ended Schemes(Hybrid Scheme - Arbitrage Fund),Bandhan Mutual Fund,Regular,Other,,
108846,INF194K01615,-,BANDHAN Arbitrage Fund,Open Ended Schemes(Hybrid Scheme - Arbitrage Fund),Bandhan Mutual Fund,Regular,Other,,
130208,INF754K01EJ5,-,Edelweiss Arbitrage Fund,Open Ended Schemes(Hybrid Scheme - Arbitrage Fund),Edelweiss Mutual Fund,Regular,Other,,
138880,INF223J012N9,-,PGIM India Arbitrage Fund,Open Ended Schemes(Hybrid Scheme - Arbitrage Fund),PGIM India Mutual Fund,Regular,Other,,
138875,INF223J013N7,-,PGIM India Arbitrage Fund,Open Ended Schemes(Hybrid Scheme - Arbitrage Fund),PGIM India Mutual Fund,Regular,Other,,
142424,INF663L01YU1,INF663L01YV9,PGIM India Arbitrage Fund,Open Ended Schemes(Hybrid Scheme - Arbitrage Fund),PGIM India Mutual Fund,Regular,Other,,
138878,INF223J011N1,INF223J016N0,PGIM India Arbitrage Fund,Open Ended Schemes(Hybrid Scheme - Arbitrage Fund),PGIM India Mutual Fund,Regular,Other,,
138879,INF223J010N3,INF223J015N2,PGIM India Arbitrage Fund,Open Ended Schemes(Hybrid Scheme - Arbitrage Fund),PGIM India Mutual Fund,Regular,Other,,
138877,INF223J019M6,INF223J014N5,PGIM India Arbitrage Fund,Open Ended Schemes(Hybrid Scheme - Arbitrage Fund),PGIM India Mutual Fund,Regular,Other,,
138885,INF223J012M1,INF223J016M2,PGIM India Arbitrage Fund,Open Ended Schemes(Hybrid Scheme - Arbitrage Fund),PGIM India Mutual Fund,Regular,Other,,
138876,INF223J019N4,-,PGIM India Arbitrage Fund,Open Ended Schemes(Hybrid Scheme - Arbitrage Fund),PGIM India Mutual Fund,Regular,Other,,
138884,INF223J010M5,INF223J014M7,PGIM India Arbitrage Fund,Open Ended Schemes(Hybrid Scheme - Arbitrage Fund),PGIM India Mutual Fund,Regular,Other,,
148297,INF090I01WE1,-,Franklin India Conservative Hybrid Fund,Open Ended Schemes(Hybrid Scheme - Conservative Hybrid Fund),Franklin Templeton Mutual Fund,Regular,Other,,
148299,INF090I01WG6,-,Franklin India Conservative Hybrid Fund,Open Ended Schemes(Hybrid Scheme - Conservative Hybrid Fund),Franklin Templeton Mutual Fund,Regular,Other,,
148300,INF090I01WF8,-,Franklin India Conservative Hybrid Fund,Open Ended Schemes(Hybrid Scheme - Conservative Hybrid Fund),Franklin Templeton Mutual Fund,Regular,Other,,
148106,INF789F1AQP1,-,UTI - Regular Saving Fund (Segregated - 17022020),Open Ended Schemes(Hybrid Scheme - Conservative Hybrid Fund),UTI Mutual Fund,Regular,Other,,
148112,INF789F1AQM8,-,UTI - Regular Saving Fund (Segregated - 17022020),Open Ended Schemes(Hybrid Scheme - Conservative Hybrid Fund),UTI Mutual Fund,Regular,Other,,
148105,INF789F1AQJ4,-,UTI - Regular Saving Fund (Segregated - 17022020),Open Ended Schemes(Hybrid Scheme - Conservative Hybrid Fund),UTI Mutual Fund,Regular,Other,,
148108,INF789F1AQG0,-,UTI - Regular Saving Fund (Segregated - 17022020),Open Ended Schemes(Hybrid Scheme - Conservative Hybrid Fund),UTI Mutual Fund,Regular,Other,,
148115,INF789F1AQQ9,INF789F1AQR7,UTI - Regular Saving Fund (Segregated - 17022020),Open Ended Schemes(Hybrid Scheme - Conservative Hybrid Fund),UTI Mutual Fund,Regular,Other,,
148109,INF789F1AQN6,INF789F1AQO4,UTI - Regular Saving Fund (Segregated - 17022020),Open Ended Schemes(Hybrid Scheme - Conservative Hybrid Fund),UTI Mutual Fund,Regular,Other,,
148111,INF789F1AQK2,INF789F1AQL0,UTI - Regular Saving Fund (Segregated - 17022020),Open Ended Schemes(Hybrid Scheme - Conservative Hybrid Fund),UTI Mutual Fund,Regular,Other,,
148104,INF789F1AQH8,INF789F1AQI6,UTI - Regular Saving Fund (Segregated - 17022020),Open Ended Schemes(Hybrid Scheme - Conservative Hybrid Fund),UTI Mutual Fund,Regular,Other,,
152469,-,INF879O01282,Parag Parikh Dynamic Asset Allocation Fund,Open Ended Schemes(Hybrid Scheme - Dynamic Asset Allocation or Balanced Advantage),PPFAS Mutual Fund,Regular,Other,,
152467,-,INF879O01258,Parag Parikh Dynamic Asset Allocation Fund,Open Ended Schemes(Hybrid Scheme - Dynamic Asset Allocation or Balanced Advantage),PPFAS Mutual Fund,Regular,Other,,
108993,INF194K01565,INF194K01573,BANDHAN EQUITY SAVINGS FUND,Open Ended Schemes(Hybrid Scheme - Equity Savings),Bandhan Mutual Fund,Regular,Other,,
108994,INF194K01557,-,BANDHAN EQUITY SAVINGS FUND,Open Ended Schemes(Hybrid Scheme - Equity Savings),Bandhan Mutual Fund,Regular,Other,,
140350,INF843K01KD6,-,Edelweiss Equity Savings Fund,Open Ended Schemes(Hybrid Scheme - Equity Savings),Edelweiss Mutual Fund,Regular,Other,,
140352,INF843K01KH7,-,Edelweiss Equity Savings Fund,Open Ended Schemes(Hybrid Scheme - Equity Savings),Edelweiss Mutual Fund,Regular,Other,,
142427,INF663L01YM8,INF663L01YN6,PGIM India Equity Savings Fund,Open Ended Schemes(Hybrid Scheme - Equity Savings),PGIM India Mutual Fund,Regular,Other,,
138378,INF223J01QG3,INF223J01QH1,PGIM India Equity Savings Fund,Open Ended Schemes(Hybrid Scheme - Equity Savings),PGIM India Mutual Fund,Regular,Other,,
142428,INF663L01YQ9,INF663L01YR7,PGIM India Equity Savings Fund,Open Ended Schemes(Hybrid Scheme - Equity Savings),PGIM India Mutual Fund,Regular,Other,,
138370,INF223J01FE1,INF223J01FF8,PGIM India Equity Savings Fund,Open Ended Schemes(Hybrid Scheme - Equity Savings),PGIM India Mutual Fund,Regular,Other,,
142426,INF663L01YO4,INF663L01YP1,PGIM India Equity Savings Fund,Open Ended Schemes(Hybrid Scheme - Equity Savings),PGIM India Mutual Fund,Regular,Other,,
133401,INF192K01GP0,-,JM Aggressive Hybrid Fund,Open Ended Schemes(Hybrid Schemes - Aggressive Hybrid Fund),JM Financial Mutual Fund,Regular,Other,,
133409,INF192K01HV6,-,JM Aggressive Hybrid Fund,Open Ended Schemes(Hybrid Schemes - Aggressive Hybrid Fund),JM Financial Mutual Fund,Regular,Other,,
133411,INF192K01HZ7,-,JM Aggressive Hybrid Fund,Open Ended Schemes(Hybrid Schemes - Aggressive Hybrid Fund),JM Financial Mutual Fund,Regular,Other,,
133407,INF192K01GZ9,-,JM Aggressive Hybrid Fund,Open Ended Schemes(Hybrid Schemes - Aggressive Hybrid Fund),JM Financial Mutual Fund,Regular,Other,,
133400,INF192K01GN5,-,JM Aggressive Hybrid Fund,Open Ended Schemes(Hybrid Schemes - Aggressive Hybrid Fund),JM Financial Mutual Fund,Regular,Other,,
133403,INF192K01HT0,-,JM Aggressive Hybrid Fund,Open Ended Schemes(Hybrid Schemes - Aggressive Hybrid Fund),JM Financial Mutual Fund,Regular,Other,,
133410,INF192K01HX2,-,JM Aggressive Hybrid Fund,Open Ended Schemes(Hybrid Schemes - Aggressive Hybrid Fund),JM Financial Mutual Fund,Regular,Other,,
104684,INF109K01BD1,-,ICICI Prudential Arbitrage Fund,Open Ended Schemes(Hybrid Schemes - Arbitrage Fund),ICICI Prudential Mutual Fund,Regular,Other,,
130898,INF109KA1C15,-,ICICI Prudential Arbitrage Fund,Open Ended Schemes(Hybrid Schemes - Arbitrage Fund),ICICI Prudential Mutual Fund,Regular,Other,,
130951,INF109KA1C07,-,ICICI Prudential Arbitrage Fund,Open Ended Schemes(Hybrid Schemes - Arbitrage Fund),ICICI Prudential Mutual Fund,Regular,Other,,
133397,INF192K01ID2,-,JM Arbitrage Fund,Open Ended Schemes(Hybrid Schemes - Arbitrage Fund),JM Financial Mutual Fund,Regular,Other,,
133398,INF192K01IH3,-,JM Arbitrage Fund,Open Ended Schemes(Hybrid Schemes - Arbitrage Fund),JM Financial Mutual Fund,Regular,Other,,
133394,INF192K01GV8,-,JM Arbitrage Fund,Open Ended Schemes(Hybrid Schemes - Arbitrage Fund),JM Financial Mutual Fund,Regular,Other,,
133399,INF192K01IB6,-,JM Arbitrage Fund,Open Ended Schemes(Hybrid Schemes - Arbitrage Fund),JM Financial Mutual Fund,Regular,Other,,
133396,INF192K01IF7,-,JM Arbitrage Fund,Open Ended Schemes(Hybrid Schemes - Arbitrage Fund),JM Financial Mutual Fund,Regular,Other,,
154629,INF789F1AH34,-,UTI Balanced Hybrid Fund,Open Ended Schemes(Hybrid Schemes - Balanced Hybrid Fund),UTI Mutual Fund,Regular,Other,,
154628,INF789F1AH18,-,UTI Balanced Hybrid Fund,Open Ended Schemes(Hybrid Schemes - Balanced Hybrid Fund),UTI Mutual Fund,Regular,Other,,
154630,INF789F1AH00,-,UTI Balanced Hybrid Fund,Open Ended Schemes(Hybrid Schemes - Balanced Hybrid Fund),UTI Mutual Fund,Regular,Other,,
154631,INF789F1AH26,-,UTI Balanced Hybrid Fund,Open Ended Schemes(Hybrid Schemes - Balanced Hybrid Fund),UTI Mutual Fund,Regular,Other,,
123183,INF109KA1301,-,ICICI Prudential Conservative Hybrid Fund,Open Ended Schemes(Hybrid Schemes - Conservative Hybrid Fund),ICICI Prudential Mutual Fund,Regular,Other,,
128110,INF109KA1319,-,ICICI Prudential Conservative Hybrid Fund,Open Ended Schemes(Hybrid Schemes - Conservative Hybrid Fund),ICICI Prudential Mutual Fund,Regular,Other,,
115269,INF109K01TN2,-,ICICI Prudential Multi Asset Allocation Fund,Open Ended Schemes(Hybrid Schemes - Multi Asset Allocation Fund),ICICI Prudential Mutual Fund,Regular,Other,,
104898,INF109K01787,-,ICICI Prudential Multi Asset Allocation Fund,Open Ended Schemes(Hybrid Schemes - Multi Asset Allocation Fund),ICICI Prudential Mutual Fund,Regular,Other,,
103062,INF109K01EA1,INF109K01AQ5,ICICI Prudential Blended Plan B,Open Ended Schemes(Income),ICICI Prudential Mutual Fund,Regular,Other,,
103061,INF109K01AR3,-,ICICI Prudential Blended Plan B,Open Ended Schemes(Income),ICICI Prudential Mutual Fund,Regular,Other,,
114376,INF109K01VV1,INF109K01ID6,ICICI Prudential Blended Plan B,Open Ended Schemes(Income),ICICI Prudential Mutual Fund,Regular,Other,,
114238,INF109K01VW9,-,ICICI Prudential Blended Plan B,Open Ended Schemes(Income),ICICI Prudential Mutual Fund,Regular,Other,,
120302,INF109K015J6,INF109K016J4,ICICI Prudential Blended Plan B,Open Ended Schemes(Income),ICICI Prudential Mutual Fund,Regular,Other,,
120300,INF109K017J2,-,ICICI Prudential Blended Plan B,Open Ended Schemes(Income),ICICI Prudential Mutual Fund,Regular,Other,,
120301,INF109K018J0,INF109K019J8,ICICI Prudential Blended Plan B,Open Ended Schemes(Income),ICICI Prudential Mutual Fund,Regular,Other,,
131150,INF109KA1M54,INF109KA1M47,ICICI Prudential Blended Plan B,Open Ended Schemes(Income),ICICI Prudential Mutual Fund,Regular,Other,,
123542,INF109KA1CK7,INF109KA1CJ9,ICICI Prudential Blended Plan B,Open Ended Schemes(Income),ICICI Prudential Mutual Fund,Regular,Other,,
131149,INF109KA1M39,INF109KA1M21,ICICI Prudential Blended Plan B,Open Ended Schemes(Income),ICICI Prudential Mutual Fund,Regular,Other,,
132979,INF109KA1392,-,ICICI Prudential Blended Plan B,Open Ended Schemes(Income),ICICI Prudential Mutual Fund,Regular,Other,,
120303,INF109K014J9,-,ICICI Prudential Blended Plan B,Open Ended Schemes(Income),ICICI Prudential Mutual Fund,Regular,Other,,
101098,INF109K01597,-,ICICI Prudential Child Care -Study Plan,Open Ended Schemes(Income),ICICI Prudential Mutual Fund,Regular,Other,,
120691,INF109K01Y56,-,ICICI Prudential Child Care -Study Plan,Open Ended Schemes(Income),ICICI Prudential Mutual Fund,Regular,Other,,
131621,INF109KA15C5,INF109KA14C8,ICICI Prudential Dynamic Bond Fund,Open Ended Schemes(Income),ICICI Prudential Mutual Fund,Regular,Other,,
122613,INF109KA1350,-,ICICI Prudential Dynamic Bond Fund,Open Ended Schemes(Income),ICICI Prudential Mutual Fund,Regular,Other,,
113055,INF109K01PJ8,-,ICICI Prudential Dynamic Bond Fund,Open Ended Schemes(Income),ICICI Prudential Mutual Fund,Regular,Other,,
120584,INF109K016K2,-,ICICI Prudential Dynamic Bond Fund,Open Ended Schemes(Income),ICICI Prudential Mutual Fund,Regular,Other,,
120582,INF109K017K0,-,ICICI Prudential Dynamic Bond Fund,Open Ended Schemes(Income),ICICI Prudential Mutual Fund,Regular,Other,,
120581,INF109K018K8,INF109K019K6,ICICI Prudential Dynamic Bond Fund,Open Ended Schemes(Income),ICICI Prudential Mutual Fund,Regular,Other,,
120580,INF109K010L3,INF109K011L1,ICICI Prudential Dynamic Bond Fund,Open Ended Schemes(Income),ICICI Prudential Mutual Fund,Regular,Other,,
131620,INF109KA17C1,INF109KA16C3,ICICI Prudential Dynamic Bond Fund,Open Ended Schemes(Income),ICICI Prudential Mutual Fund,Regular,Other,,
131199,INF109KA1343,-,ICICI Prudential Dynamic Bond Fund,Open Ended Schemes(Income),ICICI Prudential Mutual Fund,Regular,Other,,
120583,INF109K012L9,INF109K013L7,ICICI Prudential Dynamic Bond Fund,Open Ended Schemes(Income),ICICI Prudential Mutual Fund,Regular,Other,,
111996,INF109K01CB3,-,ICICI Prudential Dynamic Bond Fund,Open Ended Schemes(Income),ICICI Prudential Mutual Fund,Regular,Other,,
112005,INF109K01PK6,INF109K01IY2,ICICI Prudential Dynamic Bond Fund,Open Ended Schemes(Income),ICICI Prudential Mutual Fund,Regular,Other,,
111997,INF109K01FE0,INF109K01CC1,ICICI Prudential Dynamic Bond Fund,Open Ended Schemes(Income),ICICI Prudential Mutual Fund,Regular,Other,,
112002,INF109K01RW7,-,ICICI Prudential Dynamic Bond Fund,Open Ended Schemes(Income),ICICI Prudential Mutual Fund,Regular,Other,,
111998,INF109K01FF7,INF109K01CD9,ICICI Prudential Dynamic Bond Fund,Open Ended Schemes(Income),ICICI Prudential Mutual Fund,Regular,Other,,
106290,INF109K01KM3,-,ICICI Prudential Interval Fund - Annual Interval Plan - I,Open Ended Schemes(Income),ICICI Prudential Mutual Fund,Regular,Other,,
106292,INF109K01KL5,-,ICICI Prudential Interval Fund - Annual Interval Plan - I,Open Ended Schemes(Income),ICICI Prudential Mutual Fund,Regular,Other,,
130958,INF109KA1C80,-,ICICI Prudential Interval Fund - Annual Interval Plan - I,Open Ended Schemes(Income),ICICI Prudential Mutual Fund,Regular,Other,,
106291,INF109K01KN1,-,ICICI Prudential Interval Fund - Annual Interval Plan - I,Open Ended Schemes(Income),ICICI Prudential Mutual Fund,Regular,Other,,
120625,INF109K01K45,-,ICICI Prudential Interval Fund - Annual Interval Plan - I,Open Ended Schemes(Income),ICICI Prudential Mutual Fund,Regular,Other,,
106293,INF109K01KO9,-,ICICI Prudential Interval Fund - Annual Interval Plan - I,Open Ended Schemes(Income),ICICI Prudential Mutual Fund,Regular,Other,,
106762,INF109K01KQ4,-,ICICI Prudential Interval Fund - Annual Interval Plan - II,Open Ended Schemes(Income),ICICI Prudential Mutual Fund,Regular,Other,,
106763,INF109K01KP6,-,ICICI Prudential Interval Fund - Annual Interval Plan - II,Open Ended Schemes(Income),ICICI Prudential Mutual Fund,Regular,Other,,
120627,INF109K01K60,-,ICICI Prudential Interval Fund - Annual Interval Plan - II,Open Ended Schemes(Income),ICICI Prudential Mutual Fund,Regular,Other,,
106760,INF109K01KS0,-,ICICI Prudential Interval Fund - Annual Interval Plan - II,Open Ended Schemes(Income),ICICI Prudential Mutual Fund,Regular,Other,,
106761,INF109K01KR2,-,ICICI Prudential Interval Fund - Annual Interval Plan - II,Open Ended Schemes(Income),ICICI Prudential Mutual Fund,Regular,Other,,
106778,INF109K01KU6,-,ICICI Prudential Interval Fund - Annual Interval Plan - III,Open Ended Schemes(Income),ICICI Prudential Mutual Fund,Regular,Other,,
106777,INF109K01KT8,-,ICICI Prudential Interval Fund - Annual Interval Plan - III,Open Ended Schemes(Income),ICICI Prudential Mutual Fund,Regular,Other,,
120629,INF109K01K86,-,ICICI Prudential Interval Fund - Annual Interval Plan - III,Open Ended Schemes(Income),ICICI Prudential Mutual Fund,Regular,Other,,
106780,INF109K01KW2,-,ICICI Prudential Interval Fund - Annual Interval Plan - III,Open Ended Schemes(Income),ICICI Prudential Mutual Fund,Regular,Other,,
106779,INF109K01KV4,-,ICICI Prudential Interval Fund - Annual Interval Plan - III,Open Ended Schemes(Income),ICICI Prudential Mutual Fund,Regular,Other,,
106832,INF109K01KI1,-,ICICI Prudential Interval Fund - Annual Interval Plan - IV,Open Ended Schemes(Income),ICICI Prudential Mutual Fund,Regular,Other,,
106833,INF109K01KH3,-,ICICI Prudential Interval Fund - Annual Interval Plan - IV,Open Ended Schemes(Income),ICICI Prudential Mutual Fund,Regular,Other,,
106830,INF109K01KK7,-,ICICI Prudential Interval Fund - Annual Interval Plan - IV,Open Ended Schemes(Income),ICICI Prudential Mutual Fund,Regular,Other,,
120631,INF109K01L02,-,ICICI Prudential Interval Fund - Annual Interval Plan - IV,Open Ended Schemes(Income),ICICI Prudential Mutual Fund,Regular,Other,,
106831,INF109K01KJ9,-,ICICI Prudential Interval Fund - Annual Interval Plan - IV,Open Ended Schemes(Income),ICICI Prudential Mutual Fund,Regular,Other,,
105650,INF109K01ON3,-,ICICI Prudential Interval Fund - Monthly Interval Plan - I,Open Ended Schemes(Income),ICICI Prudential Mutual Fund,Regular,Other,,
105651,INF109K01OM5,-,ICICI Prudential Interval Fund - Monthly Interval Plan - I,Open Ended Schemes(Income),ICICI Prudential Mutual Fund,Regular,Other,,
120635,INF109K01L36,-,ICICI Prudential Interval Fund - Monthly Interval Plan - I,Open Ended Schemes(Income),ICICI Prudential Mutual Fund,Regular,Other,,
120636,INF109K01L28,-,ICICI Prudential Interval Fund - Monthly Interval Plan - I,Open Ended Schemes(Income),ICICI Prudential Mutual Fund,Regular,Other,,
109680,INF109K01OL7,INF109K01OK9,ICICI Prudential Interval Fund - Monthly Interval Plan - I,Open Ended Schemes(Income),ICICI Prudential Mutual Fund,Regular,Other,,
109679,INF109K01OJ1,-,ICICI Prudential Interval Fund - Monthly Interval Plan - I,Open Ended Schemes(Income),ICICI Prudential Mutual Fund,Regular,Other,,
105711,INF109K01LU4,-,ICICI Prudential Interval Fund - Quarterly Interval Plan - I,Open Ended Schemes(Income),ICICI Prudential Mutual Fund,Regular,Other,,
105710,INF109K01LT6,-,ICICI Prudential Interval Fund - Quarterly Interval Plan - I,Open Ended Schemes(Income),ICICI Prudential Mutual Fund,Regular,Other,,
115763,INF109K01LW0,-,ICICI Prudential Interval Fund - Quarterly Interval Plan - I,Open Ended Schemes(Income),ICICI Prudential Mutual Fund,Regular,Other,,
120638,INF109K01L69,-,ICICI Prudential Interval Fund - Quarterly Interval Plan - I,Open Ended Schemes(Income),ICICI Prudential Mutual Fund,Regular,Other,,
120637,INF109K01L77,-,ICICI Prudential Interval Fund - Quarterly Interval Plan - I,Open Ended Schemes(Income),ICICI Prudential Mutual Fund,Regular,Other,,
111405,INF109K01LP4,-,ICICI Prudential Interval Fund - Quarterly Interval Plan - I,Open Ended Schemes(Income),ICICI Prudential Mutual Fund,Regular,Other,,
111406,INF109K01LR0,INF109K01LQ2,ICICI Prudential Interval Fund - Quarterly Interval Plan - I,Open Ended Schemes(Income),ICICI Prudential Mutual Fund,Regular,Other,,
124214,INF109K01N75,-,ICICI Prudential Interval Fund - Quarterly Interval Plan - I,Open Ended Schemes(Income),ICICI Prudential Mutual Fund,Regular,Other,,
105907,INF109K01MC0,-,ICICI Prudential Interval Fund - Quarterly Interval Plan - II,Open Ended Schemes(Income),ICICI Prudential Mutual Fund,Regular,Other,,
105908,INF109K01MB2,-,ICICI Prudential Interval Fund - Quarterly Interval Plan - II,Open Ended Schemes(Income),ICICI Prudential Mutual Fund,Regular,Other,,
120639,INF109K01L85,-,ICICI Prudential Interval Fund - Quarterly Interval Plan - II,Open Ended Schemes(Income),ICICI Prudential Mutual Fund,Regular,Other,,
110203,INF109K01LZ3,INF109K01LY6,ICICI Prudential Interval Fund - Quarterly Interval Plan - II,Open Ended Schemes(Income),ICICI Prudential Mutual Fund,Regular,Other,,
110204,INF109K01LX8,-,ICICI Prudential Interval Fund - Quarterly Interval Plan - II,Open Ended Schemes(Income),ICICI Prudential Mutual Fund,Regular,Other,,
127399,INF109K01N91,-,ICICI Prudential Interval Fund - Quarterly Interval Plan - III,Open Ended Schemes(Income),ICICI Prudential Mutual Fund,Regular,Other,,
106141,INF109K01MK3,-,ICICI Prudential Interval Fund - Quarterly Interval Plan - III,Open Ended Schemes(Income),ICICI Prudential Mutual Fund,Regular,Other,,
106142,INF109K01MJ5,-,ICICI Prudential Interval Fund - Quarterly Interval Plan - III,Open Ended Schemes(Income),ICICI Prudential Mutual Fund,Regular,Other,,
120654,INF109K01M19,-,ICICI Prudential Interval Fund - Quarterly Interval Plan - III,Open Ended Schemes(Income),ICICI Prudential Mutual Fund,Regular,Other,,
120655,INF109K01M01,-,ICICI Prudential Interval Fund - Quarterly Interval Plan - III,Open Ended Schemes(Income),ICICI Prudential Mutual Fund,Regular,Other,,
110556,INF109K01MH9,INF109K01MG1,ICICI Prudential Interval Fund - Quarterly Interval Plan - III,Open Ended Schemes(Income),ICICI Prudential Mutual Fund,Regular,Other,,
110555,INF109K01MF3,-,ICICI Prudential Interval Fund - Quarterly Interval Plan - III,Open Ended Schemes(Income),ICICI Prudential Mutual Fund,Regular,Other,,
121129,INF109K015G2,-,ICICI Prudential Interval Fund - Series VI - Annual Interval Plan - A,Open Ended Schemes(Income),ICICI Prudential Mutual Fund,Regular,Other,,
121127,INF109K013G7,-,ICICI Prudential Interval Fund - Series VI - Annual Interval Plan - A,Open Ended Schemes(Income),ICICI Prudential Mutual Fund,Regular,Other,,
121126,INF109K014G5,-,ICICI Prudential Interval Fund - Series VI - Annual Interval Plan - A,Open Ended Schemes(Income),ICICI Prudential Mutual Fund,Regular,Other,,
121364,INF109K014Q4,-,ICICI Prudential Interval Fund - Series VI - Annual Interval Plan - C,Open Ended Schemes(Income),ICICI Prudential Mutual Fund,Regular,Other,,
121362,INF109K016Q9,-,ICICI Prudential Interval Fund - Series VI - Annual Interval Plan - C,Open Ended Schemes(Income),ICICI Prudential Mutual Fund,Regular,Other,,
121441,INF109K018Q5,-,ICICI Prudential Interval Fund - Series VI - Annual Interval Plan - D,Open Ended Schemes(Income),ICICI Prudential Mutual Fund,Regular,Other,,
121440,INF109K010R0,-,ICICI Prudential Interval Fund - Series VI - Annual Interval Plan - D,Open Ended Schemes(Income),ICICI Prudential Mutual Fund,Regular,Other,,
121442,INF109K011R8,-,ICICI Prudential Interval Fund - Series VI - Annual Interval Plan - D,Open Ended Schemes(Income),ICICI Prudential Mutual Fund,Regular,Other,,
127238,INF109KA1NV1,-,ICICI Prudential Interval Fund - Series VII - Annual Interval Plan - C,Open Ended Schemes(Income),ICICI Prudential Mutual Fund,Regular,Other,,
127236,INF109KA1NX7,-,ICICI Prudential Interval Fund - Series VII - Annual Interval Plan - C,Open Ended Schemes(Income),ICICI Prudential Mutual Fund,Regular,Other,,
127235,INF109KA1NW9,-,ICICI Prudential Interval Fund - Series VII - Annual Interval Plan - C,Open Ended Schemes(Income),ICICI Prudential Mutual Fund,Regular,Other,,
123597,INF109K01O17,-,ICICI Prudential Interval Fund II - Quarterly Interval Plan - A,Open Ended Schemes(Income),ICICI Prudential Mutual Fund,Regular,Other,,
106828,INF109K01MO5,-,ICICI Prudential Interval Fund II - Quarterly Interval Plan - A,Open Ended Schemes(Income),ICICI Prudential Mutual Fund,Regular,Other,,
106829,INF109K01MN7,-,ICICI Prudential Interval Fund II - Quarterly Interval Plan - A,Open Ended Schemes(Income),ICICI Prudential Mutual Fund,Regular,Other,,
123645,INF109K01MU2,-,ICICI Prudential Interval Fund II - Quarterly Interval Plan - A,Open Ended Schemes(Income),ICICI Prudential Mutual Fund,Regular,Other,,
120641,INF109K01M50,-,ICICI Prudential Interval Fund II - Quarterly Interval Plan - A,Open Ended Schemes(Income),ICICI Prudential Mutual Fund,Regular,Other,,
120642,INF109K01M43,-,ICICI Prudential Interval Fund II - Quarterly Interval Plan - A,Open Ended Schemes(Income),ICICI Prudential Mutual Fund,Regular,Other,,
110664,INF109K01MT4,INF109K01MS6,ICICI Prudential Interval Fund II - Quarterly Interval Plan - A,Open Ended Schemes(Income),ICICI Prudential Mutual Fund,Regular,Other,,
110663,INF109K01MR8,-,ICICI Prudential Interval Fund II - Quarterly Interval Plan - A,Open Ended Schemes(Income),ICICI Prudential Mutual Fund,Regular,Other,,
117368,INF109K01MQ0,-,ICICI Prudential Interval Fund II - Quarterly Interval Plan - A,Open Ended Schemes(Income),ICICI Prudential Mutual Fund,Regular,Other,,
106885,INF109K01MW8,-,ICICI Prudential Interval Fund II - Quarterly Interval Plan - B,Open Ended Schemes(Income),ICICI Prudential Mutual Fund,Regular,Other,,
106886,INF109K01MV0,-,ICICI Prudential Interval Fund II - Quarterly Interval Plan - B,Open Ended Schemes(Income),ICICI Prudential Mutual Fund,Regular,Other,,
120644,INF109K01M76,-,ICICI Prudential Interval Fund II - Quarterly Interval Plan - B,Open Ended Schemes(Income),ICICI Prudential Mutual Fund,Regular,Other,,
120643,INF109K01M68,-,ICICI Prudential Interval Fund II - Quarterly Interval Plan - B,Open Ended Schemes(Income),ICICI Prudential Mutual Fund,Regular,Other,,
111317,INF109K01NB0,INF109K01NA2,ICICI Prudential Interval Fund II - Quarterly Interval Plan - B,Open Ended Schemes(Income),ICICI Prudential Mutual Fund,Regular,Other,,
111316,INF109K01MZ1,-,ICICI Prudential Interval Fund II - Quarterly Interval Plan - B,Open Ended Schemes(Income),ICICI Prudential Mutual Fund,Regular,Other,,
118037,INF109K01NC8,-,ICICI Prudential Interval Fund II - Quarterly Interval Plan - B,Open Ended Schemes(Income),ICICI Prudential Mutual Fund,Regular,Other,,
106977,INF109K01NI5,-,ICICI Prudential Interval Fund II - Quarterly Interval Plan - C,Open Ended Schemes(Income),ICICI Prudential Mutual Fund,Regular,Other,,
106976,INF109K01NH7,-,ICICI Prudential Interval Fund II - Quarterly Interval Plan - C,Open Ended Schemes(Income),ICICI Prudential Mutual Fund,Regular,Other,,
120647,INF109K01L51,-,ICICI Prudential Interval Fund II - Quarterly Interval Plan - C,Open Ended Schemes(Income),ICICI Prudential Mutual Fund,Regular,Other,,
120646,INF109K01L44,-,ICICI Prudential Interval Fund II - Quarterly Interval Plan - C,Open Ended Schemes(Income),ICICI Prudential Mutual Fund,Regular,Other,,
120648,INF109K01N67,-,ICICI Prudential Interval Fund II - Quarterly Interval Plan - C,Open Ended Schemes(Income),ICICI Prudential Mutual Fund,Regular,Other,,
109855,INF109K01NF1,INF109K01NE4,ICICI Prudential Interval Fund II - Quarterly Interval Plan - C,Open Ended Schemes(Income),ICICI Prudential Mutual Fund,Regular,Other,,
109854,INF109K01ND6,-,ICICI Prudential Interval Fund II - Quarterly Interval Plan - C,Open Ended Schemes(Income),ICICI Prudential Mutual Fund,Regular,Other,,
118235,INF109K01NG9,-,ICICI Prudential Interval Fund II - Quarterly Interval Plan - C,Open Ended Schemes(Income),ICICI Prudential Mutual Fund,Regular,Other,,
107138,INF109K01NQ8,-,ICICI Prudential Interval Fund II - Quarterly Interval Plan - D,Open Ended Schemes(Income),ICICI Prudential Mutual Fund,Regular,Other,,
107139,INF109K01NP0,-,ICICI Prudential Interval Fund II - Quarterly Interval Plan - D,Open Ended Schemes(Income),ICICI Prudential Mutual Fund,Regular,Other,,
120651,INF109K01M92,-,ICICI Prudential Interval Fund II - Quarterly Interval Plan - D,Open Ended Schemes(Income),ICICI Prudential Mutual Fund,Regular,Other,,
120650,INF109K01O33,-,ICICI Prudential Interval Fund II - Quarterly Interval Plan - D,Open Ended Schemes(Income),ICICI Prudential Mutual Fund,Regular,Other,,
120649,INF109K01M84,-,ICICI Prudential Interval Fund II - Quarterly Interval Plan - D,Open Ended Schemes(Income),ICICI Prudential Mutual Fund,Regular,Other,,
110014,INF109K01NN5,INF109K01NM7,ICICI Prudential Interval Fund II - Quarterly Interval Plan - D,Open Ended Schemes(Income),ICICI Prudential Mutual Fund,Regular,Other,,
110013,INF109K01NL9,-,ICICI Prudential Interval Fund II - Quarterly Interval Plan - D,Open Ended Schemes(Income),ICICI Prudential Mutual Fund,Regular,Other,,
114929,INF109K01NO3,-,ICICI Prudential Interval Fund II - Quarterly Interval Plan - D,Open Ended Schemes(Income),ICICI Prudential Mutual Fund,Regular,Other,,
107309,INF109K01NU0,-,ICICI Prudential Interval Fund II - Quarterly Interval Plan - F,Open Ended Schemes(Income),ICICI Prudential Mutual Fund,Regular,Other,,
107310,INF109K01NT2,-,ICICI Prudential Interval Fund II - Quarterly Interval Plan - F,Open Ended Schemes(Income),ICICI Prudential Mutual Fund,Regular,Other,,
120653,INF109K01N18,-,ICICI Prudential Interval Fund II - Quarterly Interval Plan - F,Open Ended Schemes(Income),ICICI Prudential Mutual Fund,Regular,Other,,
120652,INF109K01N00,-,ICICI Prudential Interval Fund II - Quarterly Interval Plan - F,Open Ended Schemes(Income),ICICI Prudential Mutual Fund,Regular,Other,,
123055,INF109K01O41,-,ICICI Prudential Interval Fund II - Quarterly Interval Plan - F,Open Ended Schemes(Income),ICICI Prudential Mutual Fund,Regular,Other,,
110384,INF109K01NZ9,INF109K01NY2,ICICI Prudential Interval Fund II - Quarterly Interval Plan - F,Open Ended Schemes(Income),ICICI Prudential Mutual Fund,Regular,Other,,
110383,INF109K01NX4,-,ICICI Prudential Interval Fund II - Quarterly Interval Plan - F,Open Ended Schemes(Income),ICICI Prudential Mutual Fund,Regular,Other,,
115927,INF109K01NW6,-,ICICI Prudential Interval Fund II - Quarterly Interval Plan - F,Open Ended Schemes(Income),ICICI Prudential Mutual Fund,Regular,Other,,
110345,INF109K01OG7,-,ICICI Prudential Interval Fund IV - Quarterly Interval Plan B,Open Ended Schemes(Income),ICICI Prudential Mutual Fund,Regular,Other,,
110348,INF109K01OF9,-,ICICI Prudential Interval Fund IV - Quarterly Interval Plan B,Open Ended Schemes(Income),ICICI Prudential Mutual Fund,Regular,Other,,
120624,INF109K01N59,-,ICICI Prudential Interval Fund IV - Quarterly Interval Plan B,Open Ended Schemes(Income),ICICI Prudential Mutual Fund,Regular,Other,,
120623,INF109K01N42,-,ICICI Prudential Interval Fund IV - Quarterly Interval Plan B,Open Ended Schemes(Income),ICICI Prudential Mutual Fund,Regular,Other,,
120811,INF109K01O58,-,ICICI Prudential Interval Fund IV - Quarterly Interval Plan B,Open Ended Schemes(Income),ICICI Prudential Mutual Fund,Regular,Other,,
110346,INF109K01OB8,-,ICICI Prudential Interval Fund IV - Quarterly Interval Plan B,Open Ended Schemes(Income),ICICI Prudential Mutual Fund,Regular,Other,,
110347,INF109K01OD4,INF109K01OE2,ICICI Prudential Interval Fund IV - Quarterly Interval Plan B,Open Ended Schemes(Income),ICICI Prudential Mutual Fund,Regular,Other,,
115022,INF109K01ME6,-,ICICI Prudential Interval Fund Quarterly Interval Plan - II Quarterly Dividend Payout,Open Ended Schemes(Income),ICICI Prudential Mutual Fund,Regular,IDCW,,
110048,INF109K01OU8,-,ICICI Prudential Interval Fund V - Monthly Interval Plan A,Open Ended Schemes(Income),ICICI Prudential Mutual Fund,Regular,Other,,
110047,INF109K01OS2,-,ICICI Prudential Interval Fund V - Monthly Interval Plan A,Open Ended Schemes(Income),ICICI Prudential Mutual Fund,Regular,Other,,
120660,INF109K01N34,-,ICICI Prudential Interval Fund V - Monthly Interval Plan A,Open Ended Schemes(Income),ICICI Prudential Mutual Fund,Regular,Other,,
120661,INF109K01N26,-,ICICI Prudential Interval Fund V - Monthly Interval Plan A,Open Ended Schemes(Income),ICICI Prudential Mutual Fund,Regular,Other,,
110046,INF109K01OR4,INF109K01OQ6,ICICI Prudential Interval Fund V - Monthly Interval Plan A,Open Ended Schemes(Income),ICICI Prudential Mutual Fund,Regular,Other,,
110045,INF109K01OP8,-,ICICI Prudential Interval Fund V - Monthly Interval Plan A,Open Ended Schemes(Income),ICICI Prudential Mutual Fund,Regular,Other,,
120669,INF109K01T79,INF109K01T87,ICICI Prudential MIP,Open Ended Schemes(Income),ICICI Prudential Mutual Fund,Regular,Other,,
120667,INF109K01T95,INF109K01U01,ICICI Prudential MIP,Open Ended Schemes(Income),ICICI Prudential Mutual Fund,Regular,Other,,
120666,INF109K01U19,INF109K01U27,ICICI Prudential MIP,Open Ended Schemes(Income),ICICI Prudential Mutual Fund,Regular,Other,,
120668,INF109K01U35,-,ICICI Prudential MIP,Open Ended Schemes(Income),ICICI Prudential Mutual Fund,Regular,Other,,
130940,INF109KA1H44,-,ICICI Prudential MIP,Open Ended Schemes(Income),ICICI Prudential Mutual Fund,Regular,Other,,
100955,INF109K01FG5,INF109K01548,ICICI Prudential MIP,Open Ended Schemes(Income),ICICI Prudential Mutual Fund,Regular,Other,,
100953,INF109K01FH3,INF109K01522,ICICI Prudential MIP,Open Ended Schemes(Income),ICICI Prudential Mutual Fund,Regular,Other,,
100954,INF109K01FI1,INF109K01530,ICICI Prudential MIP,Open Ended Schemes(Income),ICICI Prudential Mutual Fund,Regular,Other,,
100952,INF109K01555,-,ICICI Prudential MIP,Open Ended Schemes(Income),ICICI Prudential Mutual Fund,Regular,Other,,
131059,INF109KA1N87,INF109KA1O29,ICICI Prudential 10 year Constant Maturity Gilt Fund,Open Ended Schemes(Income/Debt Oriented Schemes - 10-year Constant Maturity Gilt Fund),ICICI Prudential Mutual Fund,Regular,Other,,
131056,INF109KA1O78,INF109KA1P10,ICICI Prudential 10 year Constant Maturity Gilt Fund,Open Ended Schemes(Income/Debt Oriented Schemes - 10-year Constant Maturity Gilt Fund),ICICI Prudential Mutual Fund,Regular,Other,,
131055,INF109KA1O60,INF109KA1P02,ICICI Prudential 10 year Constant Maturity Gilt Fund,Open Ended Schemes(Income/Debt Oriented Schemes - 10-year Constant Maturity Gilt Fund),ICICI Prudential Mutual Fund,Regular,Other,,
131053,INF109KA1O45,INF109KA1O86,ICICI Prudential 10 year Constant Maturity Gilt Fund,Open Ended Schemes(Income/Debt Oriented Schemes - 10-year Constant Maturity Gilt Fund),ICICI Prudential Mutual Fund,Regular,Other,,
131058,INF109KA1N79,INF109KA1O11,ICICI Prudential 10 year Constant Maturity Gilt Fund,Open Ended Schemes(Income/Debt Oriented Schemes - 10-year Constant Maturity Gilt Fund),ICICI Prudential Mutual Fund,Regular,Other,,
131062,INF109KA1N53,INF109KA1N95,ICICI Prudential 10 year Constant Maturity Gilt Fund,Open Ended Schemes(Income/Debt Oriented Schemes - 10-year Constant Maturity Gilt Fund),ICICI Prudential Mutual Fund,Regular,Other,,
130897,INF109KA1B57,-,ICICI Prudential Banking and PSU Debt Fund,Open Ended Schemes(Income/Debt Oriented Schemes - Banking and PSU Debt Fund),ICICI Prudential Mutual Fund,Regular,Other,,
130950,INF109KA1B40,-,ICICI Prudential Banking and PSU Debt Fund,Open Ended Schemes(Income/Debt Oriented Schemes - Banking and PSU Debt Fund),ICICI Prudential Mutual Fund,Regular,Other,,
131148,INF109KA1M96,INF109KA1M88,ICICI Prudential Banking and PSU Debt Fund,Open Ended Schemes(Income/Debt Oriented Schemes - Banking and PSU Debt Fund),ICICI Prudential Mutual Fund,Regular,Other,,
131147,INF109KA1M70,INF109KA1M62,ICICI Prudential Banking and PSU Debt Fund,Open Ended Schemes(Income/Debt Oriented Schemes - Banking and PSU Debt Fund),ICICI Prudential Mutual Fund,Regular,Other,,
113247,INF109K01WW7,INF109K01JM5,ICICI Prudential Banking and PSU Debt Fund,Open Ended Schemes(Income/Debt Oriented Schemes - Banking and PSU Debt Fund),ICICI Prudential Mutual Fund,Regular,Other,,
113242,INF109K01II5,-,ICICI Prudential Banking and PSU Debt Fund,Open Ended Schemes(Income/Debt Oriented Schemes - Banking and PSU Debt Fund),ICICI Prudential Mutual Fund,Regular,Other,,
113243,INF109K01WV9,INF109K01IJ3,ICICI Prudential Banking and PSU Debt Fund,Open Ended Schemes(Income/Debt Oriented Schemes - Banking and PSU Debt Fund),ICICI Prudential Mutual Fund,Regular,Other,,
100781,INF903J01IK9,-,Sundaram Banking and PSU Debt Fund (Formerly Known as Sundaram Banking and PSU Fund),Open Ended Schemes(Income/Debt Oriented Schemes - Banking and PSU Debt Fund),Sundaram Mutual Fund,Regular,Other,,Retail GROWTH
100780,INF903J01IL7,INF903J01IM5,Sundaram Banking and PSU Debt Fund (Formerly Known as Sundaram Banking and PSU Fund),Open Ended Schemes(Income/Debt Oriented Schemes - Banking and PSU Debt Fund),Sundaram Mutual Fund,Regular,Other,,Retail IDCW (Income Distribution CUM Capital Withdrawal)
150230,INF251K01EN4,INF251K01EO2,BARODA BNP PARIBAS CORPORATE BOND FUND,Open Ended Schemes(Income/Debt Oriented Schemes - Corporate Bond Fund),Baroda BNP Paribas Mutual Fund,Regular,Other,,Annual IDCW Option
150229,INF251K01EI4,-,BARODA BNP PARIBAS CORPORATE BOND FUND,Open Ended Schemes(Income/Debt Oriented Schemes - Corporate Bond Fund),Baroda BNP Paribas Mutual Fund,Regular,Other,,Growth Option
150231,INF251K01EJ2,INF251K01EK0,BARODA BNP PARIBAS CORPORATE BOND FUND,Open Ended Schemes(Income/Debt Oriented Schemes - Corporate Bond Fund),Baroda BNP Paribas Mutual Fund,Regular,Other,,Monthly IDCW Option
150228,INF251K01EL8,INF251K01EM6,BARODA BNP PARIBAS CORPORATE BOND FUND,Open Ended Schemes(Income/Debt Oriented Schemes - Corporate Bond Fund),Baroda BNP Paribas Mutual Fund,Regular,Other,,Quarterly IDCW Option
119289,INF090I01KC0,-,Franklin India Corporate Bond Fund,Open Ended Schemes(Income/Debt Oriented Schemes - Corporate Bond Fund),Franklin Templeton Mutual Fund,Regular,Other,,
100532,INF090I01DC5,-,Franklin India Corporate Bond Fund,Open Ended Schemes(Income/Debt Oriented Schemes - Corporate Bond Fund),Franklin Templeton Mutual Fund,Regular,Other,,
133770,-,-,Kotak Corporate Bond Fund,Open Ended Schemes(Income/Debt Oriented Schemes - Corporate Bond Fund),Kotak Mahindra Mutual Fund,Regular,Other,,
133772,INF178L01921,-,Kotak Corporate Bond Fund,Open Ended Schemes(Income/Debt Oriented Schemes - Corporate Bond Fund),Kotak Mahindra Mutual Fund,Regular,Other,,
133779,INF178L01855,-,Kotak Corporate Bond Fund,Open Ended Schemes(Income/Debt Oriented Schemes - Corporate Bond Fund),Kotak Mahindra Mutual Fund,Regular,Other,,
133771,INF178L01897,-,Kotak Corporate Bond Fund,Open Ended Schemes(Income/Debt Oriented Schemes - Corporate Bond Fund),Kotak Mahindra Mutual Fund,Regular,Other,,
133783,-,-,Kotak Corporate Bond Fund,Open Ended Schemes(Income/Debt Oriented Schemes - Corporate Bond Fund),Kotak Mahindra Mutual Fund,Regular,Other,,
133776,INF178L01BU8,-,Kotak Corporate Bond Fund,Open Ended Schemes(Income/Debt Oriented Schemes - Corporate Bond Fund),Kotak Mahindra Mutual Fund,Regular,Other,,
133786,-,INF178L01BT0,Kotak Corporate Bond Fund,Open Ended Schemes(Income/Debt Oriented Schemes - Corporate Bond Fund),Kotak Mahindra Mutual Fund,Regular,Other,,
150172,INF251K01EF0,-,Baroda BNP Paribas Dynamic Term Fund,Open Ended Schemes(Income/Debt Oriented Schemes - Dynamic Term Fund),Baroda BNP Paribas Mutual Fund,Regular,Other,,Growth Option
130937,INF109KA1H36,-,ICICI Prudential Dynamic Term Fund,Open Ended Schemes(Income/Debt Oriented Schemes - Dynamic Term Fund),ICICI Prudential Mutual Fund,Regular,Other,,
130938,INF109KA1H28,-,ICICI Prudential Dynamic Term Fund,Open Ended Schemes(Income/Debt Oriented Schemes - Dynamic Term Fund),ICICI Prudential Mutual Fund,Regular,Other,,
112094,INF109K01GM1,-,ICICI Prudential Dynamic Term Fund,Open Ended Schemes(Income/Debt Oriented Schemes - Dynamic Term Fund),ICICI Prudential Mutual Fund,Regular,Other,,
113220,INF109K01GI9,INF109K01GJ7,ICICI Prudential Dynamic Term Fund,Open Ended Schemes(Income/Debt Oriented Schemes - Dynamic Term Fund),ICICI Prudential Mutual Fund,Regular,Other,,
101350,INF109K01712,-,ICICI Prudential Dynamic Term Fund,Open Ended Schemes(Income/Debt Oriented Schemes - Dynamic Term Fund),ICICI Prudential Mutual Fund,Regular,Other,,
113417,INF109K01GG3,INF109K01GH1,ICICI Prudential Dynamic Term Fund,Open Ended Schemes(Income/Debt Oriented Schemes - Dynamic Term Fund),ICICI Prudential Mutual Fund,Regular,Other,,
122323,INF192K01EX9,-,JM Dynamic Term Fund,Open Ended Schemes(Income/Debt Oriented Schemes - Dynamic Term Fund),JM Financial Mutual Fund,Regular,Other,,
133389,INF192K01IN1,-,JM Dynamic Term Fund,Open Ended Schemes(Income/Debt Oriented Schemes - Dynamic Term Fund),JM Financial Mutual Fund,Regular,Other,,
101807,INF192K01734,INF192K01742,JM Dynamic Term Fund,Open Ended Schemes(Income/Debt Oriented Schemes - Dynamic Term Fund),JM Financial Mutual Fund,Regular,Other,,
122315,INF192K01EZ4,-,JM Dynamic Term Fund,Open Ended Schemes(Income/Debt Oriented Schemes - Dynamic Term Fund),JM Financial Mutual Fund,Regular,Other,,
133388,INF192K01IP6,-,JM Dynamic Term Fund,Open Ended Schemes(Income/Debt Oriented Schemes - Dynamic Term Fund),JM Financial Mutual Fund,Regular,Other,,
105638,-,INF192K01718,JM Dynamic Term Fund,Open Ended Schemes(Income/Debt Oriented Schemes - Dynamic Term Fund),JM Financial Mutual Fund,Regular,Other,,
101808,INF192K01759,-,JM Dynamic Term Fund,Open Ended Schemes(Income/Debt Oriented Schemes - Dynamic Term Fund),JM Financial Mutual Fund,Regular,Other,,
120085,INF663L01AF2,INF663L01AE5,PGIM India Dynamic Term Fund,Open Ended Schemes(Income/Debt Oriented Schemes - Dynamic Term Fund),PGIM India Mutual Fund,Regular,Other,,
116483,INF663L01492,INF663L01500,PGIM India Dynamic Term Fund,Open Ended Schemes(Income/Debt Oriented Schemes - Dynamic Term Fund),PGIM India Mutual Fund,Regular,Other,,
122260,INF663L01BF0,-,PGIM India Dynamic Term Fund,Open Ended Schemes(Income/Debt Oriented Schemes - Dynamic Term Fund),PGIM India Mutual Fund,Regular,Other,,
130899,INF109KA1I43,-,ICICI Prudential Floating Interest Rates Fund,Open Ended Schemes(Income/Debt Oriented Schemes - Floating Interest Rates Fund),ICICI Prudential Mutual Fund,Regular,Other,,
120427,INF109K01P40,-,ICICI Prudential Floating Interest Rates Fund,Open Ended Schemes(Income/Debt Oriented Schemes - Floating Interest Rates Fund),ICICI Prudential Mutual Fund,Regular,Other,,
122607,INF109K018Z6,INF109K017Z8,ICICI Prudential Floating Interest Rates Fund,Open Ended Schemes(Income/Debt Oriented Schemes - Floating Interest Rates Fund),ICICI Prudential Mutual Fund,Regular,Other,,
125216,INF109KA1012,INF109K019Z4,ICICI Prudential Floating Interest Rates Fund,Open Ended Schemes(Income/Debt Oriented Schemes - Floating Interest Rates Fund),ICICI Prudential Mutual Fund,Regular,Other,,
101803,INF109K01AZ6,-,ICICI Prudential Floating Interest Rates Fund,Open Ended Schemes(Income/Debt Oriented Schemes - Floating Interest Rates Fund),ICICI Prudential Mutual Fund,Regular,Other,,
122606,INF109KA1038,INF109KA1020,ICICI Prudential Floating Interest Rates Fund,Open Ended Schemes(Income/Debt Oriented Schemes - Floating Interest Rates Fund),ICICI Prudential Mutual Fund,Regular,Other,,
122891,INF109KA1053,INF109KA1046,ICICI Prudential Floating Interest Rates Fund,Open Ended Schemes(Income/Debt Oriented Schemes - Floating Interest Rates Fund),ICICI Prudential Mutual Fund,Regular,Other,,
101800,INF109K01928,-,ICICI Prudential Floating Interest Rates Fund,Open Ended Schemes(Income/Debt Oriented Schemes - Floating Interest Rates Fund),ICICI Prudential Mutual Fund,Regular,Other,,
101796,INF109K01910,-,ICICI Prudential Floating Interest Rates Fund,Open Ended Schemes(Income/Debt Oriented Schemes - Floating Interest Rates Fund),ICICI Prudential Mutual Fund,Regular,Other,,
101795,INF109K01936,-,ICICI Prudential Floating Interest Rates Fund,Open Ended Schemes(Income/Debt Oriented Schemes - Floating Interest Rates Fund),ICICI Prudential Mutual Fund,Regular,Other,,
111544,INF109K01EK0,INF109K01944,ICICI Prudential Floating Interest Rates Fund,Open Ended Schemes(Income/Debt Oriented Schemes - Floating Interest Rates Fund),ICICI Prudential Mutual Fund,Regular,Other,,
101799,INF109K01951,-,ICICI Prudential Floating Interest Rates Fund,Open Ended Schemes(Income/Debt Oriented Schemes - Floating Interest Rates Fund),ICICI Prudential Mutual Fund,Regular,Other,,
101794,INF109K01969,-,ICICI Prudential Floating Interest Rates Fund,Open Ended Schemes(Income/Debt Oriented Schemes - Floating Interest Rates Fund),ICICI Prudential Mutual Fund,Regular,Other,,
101793,INF109K01977,-,ICICI Prudential Floating Interest Rates Fund,Open Ended Schemes(Income/Debt Oriented Schemes - Floating Interest Rates Fund),ICICI Prudential Mutual Fund,Regular,Other,,
111543,INF109K01EL8,INF109K01985,ICICI Prudential Floating Interest Rates Fund,Open Ended Schemes(Income/Debt Oriented Schemes - Floating Interest Rates Fund),ICICI Prudential Mutual Fund,Regular,Other,,
101801,INF109K01AA9,-,ICICI Prudential Floating Interest Rates Fund,Open Ended Schemes(Income/Debt Oriented Schemes - Floating Interest Rates Fund),ICICI Prudential Mutual Fund,Regular,Other,,
101798,INF109K01993,-,ICICI Prudential Floating Interest Rates Fund,Open Ended Schemes(Income/Debt Oriented Schemes - Floating Interest Rates Fund),ICICI Prudential Mutual Fund,Regular,Other,,
101797,INF109K01AB7,-,ICICI Prudential Floating Interest Rates Fund,Open Ended Schemes(Income/Debt Oriented Schemes - Floating Interest Rates Fund),ICICI Prudential Mutual Fund,Regular,Other,,
111546,INF109K01EM6,INF109K01AC5,ICICI Prudential Floating Interest Rates Fund,Open Ended Schemes(Income/Debt Oriented Schemes - Floating Interest Rates Fund),ICICI Prudential Mutual Fund,Regular,Other,,
100319,INF767K01733,-,LIC MF Gilt Fund,Open Ended Schemes(Income/Debt Oriented Schemes - Gilt Fund),LIC Mutual Fund,Regular,Other,,Growth
100318,INF767K01717,INF767K01725,LIC MF Gilt Fund,Open Ended Schemes(Income/Debt Oriented Schemes - Gilt Fund),LIC Mutual Fund,Regular,Other,,IDCW
102046,-,-,Tata Gilt Fund,Open Ended Schemes(Income/Debt Oriented Schemes - Gilt Fund),Tata Mutual Fund,Regular,Other,,
101945,-,-,Tata Gilt Fund,Open Ended Schemes(Income/Debt Oriented Schemes - Gilt Fund),Tata Mutual Fund,Regular,Other,,
112712,-,INF846K01362,Axis Liquid Fund,Open Ended Schemes(Income/Debt Oriented Schemes - Liquid Fund),Axis Mutual Fund,Regular,Other,,Daily IDCW Option
112713,INF846K01354,-,Axis Liquid Fund,Open Ended Schemes(Income/Debt Oriented Schemes - Liquid Fund),Axis Mutual Fund,Regular,Other,,Growth Option
112714,INF846K01396,INF846K01404,Axis Liquid Fund,Open Ended Schemes(Income/Debt Oriented Schemes - Liquid Fund),Axis Mutual Fund,Regular,Other,,Monthly IDCW Option
112715,INF846K01370,INF846K01388,Axis Liquid Fund,Open Ended Schemes(Income/Debt Oriented Schemes - Liquid Fund),Axis Mutual Fund,Regular,Other,,Weekly IDCW Option
139344,INF955L01GR4,-,BARODA BNP PARIBAS LIQUID FUND,Open Ended Schemes(Income/Debt Oriented Schemes - Liquid Fund),Baroda BNP Paribas Mutual Fund,Regular,Other,,
116803,INF955L01534,INF955L01542,BARODA BNP PARIBAS LIQUID FUND,Open Ended Schemes(Income/Debt Oriented Schemes - Liquid Fund),Baroda BNP Paribas Mutual Fund,Regular,Other,,
142248,-,-,BARODA BNP PARIBAS LIQUID FUND,Open Ended Schemes(Income/Debt Oriented Schemes - Liquid Fund),Baroda BNP Paribas Mutual Fund,Regular,Other,,
142246,-,-,BARODA BNP PARIBAS LIQUID FUND,Open Ended Schemes(Income/Debt Oriented Schemes - Liquid Fund),Baroda BNP Paribas Mutual Fund,Regular,Other,,
142245,-,-,BARODA BNP PARIBAS LIQUID FUND,Open Ended Schemes(Income/Debt Oriented Schemes - Liquid Fund),Baroda BNP Paribas Mutual Fund,Regular,Other,,
142247,-,-,BARODA BNP PARIBAS LIQUID FUND,Open Ended Schemes(Income/Debt Oriented Schemes - Liquid Fund),Baroda BNP Paribas Mutual Fund,Regular,Other,,
101408,INF955L01575,-,BARODA BNP PARIBAS LIQUID FUND,Open Ended Schemes(Income/Debt Oriented Schemes - Liquid Fund),Baroda BNP Paribas Mutual Fund,Regular,Other,,Growth Option
101407,INF955L01559,INF955L01567,BARODA BNP PARIBAS LIQUID FUND,Open Ended Schemes(Income/Debt Oriented Schemes - Liquid Fund),Baroda BNP Paribas Mutual Fund,Regular,Other,,IDCW Option
101409,INF955L01518,INF955L01526,BARODA BNP PARIBAS LIQUID FUND,Open Ended Schemes(Income/Debt Oriented Schemes - Liquid Fund),Baroda BNP Paribas Mutual Fund,Regular,Other,,Daily IDCW Option
120410,INF192K01CN4,-,JM Liquid Fund,Open Ended Schemes(Income/Debt Oriented Schemes - Liquid Fund),JM Financial Mutual Fund,Regular,Other,,
148415,-,-,JM Liquid Fund,Open Ended Schemes(Income/Debt Oriented Schemes - Liquid Fund),JM Financial Mutual Fund,Regular,Other,,
139258,INF192K01LB0,-,JM Liquid Fund,Open Ended Schemes(Income/Debt Oriented Schemes - Liquid Fund),JM Financial Mutual Fund,Regular,Other,,
139260,INF192K01LD6,-,JM Liquid Fund,Open Ended Schemes(Income/Debt Oriented Schemes - Liquid Fund),JM Financial Mutual Fund,Regular,Other,,
139257,INF192K01LA2,-,JM Liquid Fund,Open Ended Schemes(Income/Debt Oriented Schemes - Liquid Fund),JM Financial Mutual Fund,Regular,Other,,
139259,INF192K01LC8,-,JM Liquid Fund,Open Ended Schemes(Income/Debt Oriented Schemes - Liquid Fund),JM Financial Mutual Fund,Regular,Other,,
154605,INF174KA1D91,INF174KA1E17,Kotak Liquid Fund,Open Ended Schemes(Income/Debt Oriented Schemes - Liquid Fund),Kotak Mahindra Mutual Fund,Regular,Other,,
139540,-,-,Mahindra Manulife Liquid Fund,Open Ended Schemes(Income/Debt Oriented Schemes - Liquid Fund),Mahindra Manulife Mutual Fund,Regular,Other,,Unclaimed Redemption / IDCW Beyond 3 years
139539,-,-,Mahindra Manulife Liquid Fund,Open Ended Schemes(Income/Debt Oriented Schemes - Liquid Fund),Mahindra Manulife Mutual Fund,Regular,Other,,Unclaimed Redemption / IDCW Upto three years
131623,INF109KA11C4,INF109KA10C6,ICICI Prudential Long Term Fund,Open Ended Schemes(Income/Debt Oriented Schemes - Long Term Fund),ICICI Prudential Mutual Fund,Regular,Other,,
122673,INF109KA1335,-,ICICI Prudential Long Term Fund,Open Ended Schemes(Income/Debt Oriented Schemes - Long Term Fund),ICICI Prudential Mutual Fund,Regular,Other,,
120748,INF109K018L6,INF109K019L4,ICICI Prudential Long Term Fund,Open Ended Schemes(Income/Debt Oriented Schemes - Long Term Fund),ICICI Prudential Mutual Fund,Regular,Other,,
100364,INF109K01EX3,INF109K01357,ICICI Prudential Long Term Fund,Open Ended Schemes(Income/Debt Oriented Schemes - Long Term Fund),ICICI Prudential Mutual Fund,Regular,Other,,
131622,INF109KA13C0,INF109KA12C2,ICICI Prudential Long Term Fund,Open Ended Schemes(Income/Debt Oriented Schemes - Long Term Fund),ICICI Prudential Mutual Fund,Regular,Other,,
100366,INF109K01EY1,INF109K01381,ICICI Prudential Long Term Fund,Open Ended Schemes(Income/Debt Oriented Schemes - Long Term Fund),ICICI Prudential Mutual Fund,Regular,Other,,
132981,INF109KA12G3,INF109KA13G1,ICICI Prudential Medium Term Fund,Open Ended Schemes(Income/Debt Oriented Schemes - Medium Term Fund),ICICI Prudential Mutual Fund,Regular,Other,,
130935,INF109KA1B99,-,ICICI Prudential Medium Term Fund,Open Ended Schemes(Income/Debt Oriented Schemes - Medium Term Fund),ICICI Prudential Mutual Fund,Regular,Other,,
120672,INF109K016A3,INF109K017A1,ICICI Prudential Medium Term Fund,Open Ended Schemes(Income/Debt Oriented Schemes - Medium Term Fund),ICICI Prudential Mutual Fund,Regular,Other,,
130936,INF109KA1B81,-,ICICI Prudential Medium Term Fund,Open Ended Schemes(Income/Debt Oriented Schemes - Medium Term Fund),ICICI Prudential Mutual Fund,Regular,Other,,
117330,INF109K01B53,INF109K01B61,ICICI Prudential Medium Term Fund,Open Ended Schemes(Income/Debt Oriented Schemes - Medium Term Fund),ICICI Prudential Mutual Fund,Regular,Other,,
132982,INF109KA10G7,INF109KA11G5,ICICI Prudential Medium Term Fund,Open Ended Schemes(Income/Debt Oriented Schemes - Medium Term Fund),ICICI Prudential Mutual Fund,Regular,Other,,
113080,INF109K01UD1,INF109K01IP0,ICICI Prudential Medium Term Fund,Open Ended Schemes(Income/Debt Oriented Schemes - Medium Term Fund),ICICI Prudential Mutual Fund,Regular,Other,,
117706,INF109K01B87,-,ICICI Prudential Medium Term Fund,Open Ended Schemes(Income/Debt Oriented Schemes - Medium Term Fund),ICICI Prudential Mutual Fund,Regular,Other,,
113138,INF109K01UI0,INF109K01IQ8,ICICI Prudential Medium Term Fund,Open Ended Schemes(Income/Debt Oriented Schemes - Medium Term Fund),ICICI Prudential Mutual Fund,Regular,Other,,
113136,INF109K01UO8,INF109K01UN0,ICICI Prudential Medium Term Fund,Open Ended Schemes(Income/Debt Oriented Schemes - Medium Term Fund),ICICI Prudential Mutual Fund,Regular,Other,,
102743,INF109K01AJ0,-,ICICI Prudential Medium Term Fund,Open Ended Schemes(Income/Debt Oriented Schemes - Medium Term Fund),ICICI Prudential Mutual Fund,Regular,Other,,
100608,INF903J01FY6,-,Sundaram Medium Term Fund (Formerly Known as Sundaram Medium Duration Fund),Open Ended Schemes(Income/Debt Oriented Schemes - Medium Term Fund),Sundaram Mutual Fund,Regular,Other,,Institutional GROWTH
111777,INF209K01LD8,-,Aditya Birla Sun Life Medium to Long Term Fund,Open Ended Schemes(Income/Debt Oriented Schemes - Medium to Long Term Fund),Aditya Birla Sun Life Mutual Fund,Regular,Other,,
130932,INF109KA1C72,-,ICICI Prudential Medium to Long Term Fund,Open Ended Schemes(Income/Debt Oriented Schemes - Medium to Long Term Fund),ICICI Prudential Mutual Fund,Regular,Other,,
109742,INF109K01BQ3,-,ICICI Prudential Medium to Long Term Fund,Open Ended Schemes(Income/Debt Oriented Schemes - Medium to Long Term Fund),ICICI Prudential Mutual Fund,Regular,Other,,
109744,INF109K01ES3,INF109K01BR1,ICICI Prudential Medium to Long Term Fund,Open Ended Schemes(Income/Debt Oriented Schemes - Medium to Long Term Fund),ICICI Prudential Mutual Fund,Regular,Other,,
109745,INF109K01ET1,INF109K01BT7,ICICI Prudential Medium to Long Term Fund,Open Ended Schemes(Income/Debt Oriented Schemes - Medium to Long Term Fund),ICICI Prudential Mutual Fund,Regular,Other,,
120428,INF192K01CX3,-,JM Medium to Long Term Fund,Open Ended Schemes(Income/Debt Oriented Schemes - Medium to Long Term Fund),JM Financial Mutual Fund,Regular,Other,,
100291,INF174K01EK4,INF174K01EL2,Kotak Medium to Long Term Fund,Open Ended Schemes(Income/Debt Oriented Schemes - Medium to Long Term Fund),Kotak Mahindra Mutual Fund,Regular,Other,,
100292,INF174K01EJ6,-,Kotak Medium to Long Term Fund,Open Ended Schemes(Income/Debt Oriented Schemes - Medium to Long Term Fund),Kotak Mahindra Mutual Fund,Regular,Other,,
101972,-,INF209K01JZ5,Aditya Birla Sun Life Money Market Fund,Open Ended Schemes(Income/Debt Oriented Schemes - Money Market Fund),Aditya Birla Sun Life Mutual Fund,Regular,Other,,
149988,-,-,Baroda BNP Paribas Overnight Fund,Open Ended Schemes(Income/Debt Oriented Schemes - Overnight Fund),Baroda BNP Paribas Mutual Fund,Regular,Other,,IDCW Greater than 3 years
149991,-,-,Baroda BNP Paribas Overnight Fund,Open Ended Schemes(Income/Debt Oriented Schemes - Overnight Fund),Baroda BNP Paribas Mutual Fund,Regular,Other,,IDCW Up to 3 Yrs
149990,-,-,Baroda BNP Paribas Overnight Fund,Open Ended Schemes(Income/Debt Oriented Schemes - Overnight Fund),Baroda BNP Paribas Mutual Fund,Regular,Other,,Redemption Greater than 3 years
149989,-,-,Baroda BNP Paribas Overnight Fund,Open Ended Schemes(Income/Debt Oriented Schemes - Overnight Fund),Baroda BNP Paribas Mutual Fund,Regular,Other,,Redemption Up to 3 Yrs
149394,-,-,Groww Overnight Fund,Open Ended Schemes(Income/Debt Oriented Schemes - Overnight Fund),Groww Mutual Fund,Regular,Other,,
149393,-,-,Groww Overnight Fund,Open Ended Schemes(Income/Debt Oriented Schemes - Overnight Fund),Groww Mutual Fund,Regular,Other,,
149396,-,-,Groww Overnight Fund,Open Ended Schemes(Income/Debt Oriented Schemes - Overnight Fund),Groww Mutual Fund,Regular,Other,,
149395,-,-,Groww Overnight Fund,Open Ended Schemes(Income/Debt Oriented Schemes - Overnight Fund),Groww Mutual Fund,Regular,Other,,
150501,-,-,HSBC Overnight Fund,Open Ended Schemes(Income/Debt Oriented Schemes - Overnight Fund),HSBC Mutual Fund,Regular,Other,,
150500,-,-,HSBC Overnight Fund,Open Ended Schemes(Income/Debt Oriented Schemes - Overnight Fund),HSBC Mutual Fund,Regular,Other,,
150502,-,-,HSBC Overnight Fund,Open Ended Schemes(Income/Debt Oriented Schemes - Overnight Fund),HSBC Mutual Fund,Regular,Other,,
154070,-,-,JioBlackRock Overnight Fund,Open Ended Schemes(Income/Debt Oriented Schemes - Overnight Fund),Jio BlackRock Mutual Fund,Regular,Other,,Unclaimed Redemption - Upto 3 years - Growth Option
152116,-,-,NJ Overnight Fund,Open Ended Schemes(Income/Debt Oriented Schemes - Overnight Fund),NJ Mutual Fund,Regular,Other,,Unclaimed Redemption Plan - Upto 3 Years
153021,-,-,Samco Overnight Fund,Open Ended Schemes(Income/Debt Oriented Schemes - Overnight Fund),Samco Mutual Fund,Regular,Other,,
108716,INF194K01HR0,INF194K01HQ2,Bandhan Short Term Fund,Open Ended Schemes(Income/Debt Oriented Schemes - Short Term Fund),Bandhan Mutual Fund,Regular,Other,,
108714,INF194K01HV2,INF194K01HU4,Bandhan Short Term Fund,Open Ended Schemes(Income/Debt Oriented Schemes - Short Term Fund),Bandhan Mutual Fund,Regular,Other,,
108717,INF194K01HT6,-,Bandhan Short Term Fund,Open Ended Schemes(Income/Debt Oriented Schemes - Short Term Fund),Bandhan Mutual Fund,Regular,Other,,
108718,INF194K01HY6,INF194K01HX8,Bandhan Short Term Fund,Open Ended Schemes(Income/Debt Oriented Schemes - Short Term Fund),Bandhan Mutual Fund,Regular,Other,,
108719,INF194K01IA4,-,Bandhan Short Term Fund,Open Ended Schemes(Income/Debt Oriented Schemes - Short Term Fund),Bandhan Mutual Fund,Regular,Other,,
108720,INF194K01IF3,INF194K01IE6,Bandhan Short Term Fund,Open Ended Schemes(Income/Debt Oriented Schemes - Short Term Fund),Bandhan Mutual Fund,Regular,Other,,
108715,INF194K01IC0,INF194K01IB2,Bandhan Short Term Fund,Open Ended Schemes(Income/Debt Oriented Schemes - Short Term Fund),Bandhan Mutual Fund,Regular,Other,,
154679,INF955L01JF3,-,Baroda BNP Paribas Short Term Fund (the scheme has 2 segregated portfolios),Open Ended Schemes(Income/Debt Oriented Schemes - Short Term Fund),Baroda BNP Paribas Mutual Fund,Regular,Other,,Direct Growth
154680,INF955L01JI7,INF955L01JJ5,Baroda BNP Paribas Short Term Fund (the scheme has 2 segregated portfolios),Open Ended Schemes(Income/Debt Oriented Schemes - Short Term Fund),Baroda BNP Paribas Mutual Fund,Regular,Other,,Direct Monthly IDCW Payout and Re-investment
154682,-,INF955L01JL1,Baroda BNP Paribas Short Term Fund (the scheme has 2 segregated portfolios),Open Ended Schemes(Income/Debt Oriented Schemes - Short Term Fund),Baroda BNP Paribas Mutual Fund,Regular,Other,,Direct Weekly Reinvestment
154683,-,INF955L01JD8,Baroda BNP Paribas Short Term Fund (the scheme has 2 segregated portfolios),Open Ended Schemes(Income/Debt Oriented Schemes - Short Term Fund),Baroda BNP Paribas Mutual Fund,Regular,Other,,Regular Daily IDCW Reinvestment
154684,INF955L01IY6,-,Baroda BNP Paribas Short Term Fund (the scheme has 2 segregated portfolios),Open Ended Schemes(Income/Debt Oriented Schemes - Short Term Fund),Baroda BNP Paribas Mutual Fund,Regular,Other,,SG 2 Regular Growth
154685,INF955L01JB2,INF955L01JC0,Baroda BNP Paribas Short Term Fund (the scheme has 2 segregated portfolios),Open Ended Schemes(Income/Debt Oriented Schemes - Short Term Fund),Baroda BNP Paribas Mutual Fund,Regular,Other,,Regular Monthly IDCW Payout and Re-investment
151063,INF917K01CH6,INF917K01CI4,HSBC Short Term Fund,Open Ended Schemes(Income/Debt Oriented Schemes - Short Term Fund),HSBC Mutual Fund,Regular,Other,,
151062,INF917K01CM6,-,HSBC Short Term Fund,Open Ended Schemes(Income/Debt Oriented Schemes - Short Term Fund),HSBC Mutual Fund,Regular,Other,,
151070,INF917K01VR5,INF917K01VQ7,HSBC Short Term Fund,Open Ended Schemes(Income/Debt Oriented Schemes - Short Term Fund),HSBC Mutual Fund,Regular,Other,,
151067,INF917K01IQ4,-,HSBC Short Term Fund,Open Ended Schemes(Income/Debt Oriented Schemes - Short Term Fund),HSBC Mutual Fund,Regular,Other,,
151068,INF917K01IP6,INF917K01IO9,HSBC Short Term Fund,Open Ended Schemes(Income/Debt Oriented Schemes - Short Term Fund),HSBC Mutual Fund,Regular,Other,,
151069,INF917K01IS0,INF917K01IR2,HSBC Short Term Fund,Open Ended Schemes(Income/Debt Oriented Schemes - Short Term Fund),HSBC Mutual Fund,Regular,Other,,
151071,INF917K01VT1,INF917K01VS3,HSBC Short Term Fund,Open Ended Schemes(Income/Debt Oriented Schemes - Short Term Fund),HSBC Mutual Fund,Regular,Other,,
151065,INF917K01CL8,-,HSBC Short Term Fund,Open Ended Schemes(Income/Debt Oriented Schemes - Short Term Fund),HSBC Mutual Fund,Regular,Other,,
151064,INF917K01CJ2,INF917K01CK0,HSBC Short Term Fund,Open Ended Schemes(Income/Debt Oriented Schemes - Short Term Fund),HSBC Mutual Fund,Regular,Other,,
120469,-,INF192K01DZ6,JM Short Term Fund-closed,Open Ended Schemes(Income/Debt Oriented Schemes - Short Term Fund),JM Financial Mutual Fund,Regular,Other,,
120470,INF192K01DX1,INF192K01DY9,JM Short Term Fund-closed,Open Ended Schemes(Income/Debt Oriented Schemes - Short Term Fund),JM Financial Mutual Fund,Regular,Other,,
120471,INF192K01EA7,-,JM Short Term Fund-closed,Open Ended Schemes(Income/Debt Oriented Schemes - Short Term Fund),JM Financial Mutual Fund,Regular,Other,,
112016,INF209K01JT8,-,Aditya Birla Sun Life Ultra Short Term Fund,Open Ended Schemes(Income/Debt Oriented Schemes - Ultra Short Term Fund),Aditya Birla Sun Life Mutual Fund,Regular,Other,,
147910,-,INF336L01OS9,HSBC Ultra Short Term Fund,Open Ended Schemes(Income/Debt Oriented Schemes - Ultra Short Term Fund),HSBC Mutual Fund,Regular,Other,,
147908,INF336L01OR1,-,HSBC Ultra Short Term Fund,Open Ended Schemes(Income/Debt Oriented Schemes - Ultra Short Term Fund),HSBC Mutual Fund,Regular,Other,,
147915,INF336L01OV3,INF336L01OU5,HSBC Ultra Short Term Fund,Open Ended Schemes(Income/Debt Oriented Schemes - Ultra Short Term Fund),HSBC Mutual Fund,Regular,Other,,
147912,-,INF336L01OT7,HSBC Ultra Short Term Fund,Open Ended Schemes(Income/Debt Oriented Schemes - Ultra Short Term Fund),HSBC Mutual Fund,Regular,Other,,
147909,-,INF336L01OX9,HSBC Ultra Short Term Fund,Open Ended Schemes(Income/Debt Oriented Schemes - Ultra Short Term Fund),HSBC Mutual Fund,Regular,Other,,
147907,INF336L01OW1,-,HSBC Ultra Short Term Fund,Open Ended Schemes(Income/Debt Oriented Schemes - Ultra Short Term Fund),HSBC Mutual Fund,Regular,Other,,
147916,INF336L01PA4,INF336L01OZ4,HSBC Ultra Short Term Fund,Open Ended Schemes(Income/Debt Oriented Schemes - Ultra Short Term Fund),HSBC Mutual Fund,Regular,Other,,
147911,-,INF336L01OY7,HSBC Ultra Short Term Fund,Open Ended Schemes(Income/Debt Oriented Schemes - Ultra Short Term Fund),HSBC Mutual Fund,Regular,Other,,
138368,INF223J01XH7,-,PGIM India Ultra Short Term Fund,Open Ended Schemes(Income/Debt Oriented Schemes - Ultra Short Term Fund),PGIM India Mutual Fund,Regular,Other,,
138354,INF223J01JJ2,-,PGIM India Ultra Short Term Fund,Open Ended Schemes(Income/Debt Oriented Schemes - Ultra Short Term Fund),PGIM India Mutual Fund,Regular,Other,,
138345,INF223J01FN2,-,PGIM India Ultra Short Term Fund,Open Ended Schemes(Income/Debt Oriented Schemes - Ultra Short Term Fund),PGIM India Mutual Fund,Regular,Other,,
138367,INF223J01XI5,-,PGIM India Ultra Short Term Fund,Open Ended Schemes(Income/Debt Oriented Schemes - Ultra Short Term Fund),PGIM India Mutual Fund,Regular,Other,,
138360,INF223J01QI9,INF223J01QJ7,PGIM India Ultra Short Term Fund,Open Ended Schemes(Income/Debt Oriented Schemes - Ultra Short Term Fund),PGIM India Mutual Fund,Regular,Other,,
138363,INF223J01QK5,-,PGIM India Ultra Short Term Fund,Open Ended Schemes(Income/Debt Oriented Schemes - Ultra Short Term Fund),PGIM India Mutual Fund,Regular,Other,,
138357,INF223J01QM1,INF223J01QN9,PGIM India Ultra Short Term Fund,Open Ended Schemes(Income/Debt Oriented Schemes - Ultra Short Term Fund),PGIM India Mutual Fund,Regular,Other,,
138366,INF223J01VK5,-,PGIM India Ultra Short Term Fund,Open Ended Schemes(Income/Debt Oriented Schemes - Ultra Short Term Fund),PGIM India Mutual Fund,Regular,Other,,
138364,INF223J01QT6,INF223J01QU4,PGIM India Ultra Short Term Fund,Open Ended Schemes(Income/Debt Oriented Schemes - Ultra Short Term Fund),PGIM India Mutual Fund,Regular,Other,,
138349,INF223J01FI2,INF223J01FJ0,PGIM India Ultra Short Term Fund,Open Ended Schemes(Income/Debt Oriented Schemes - Ultra Short Term Fund),PGIM India Mutual Fund,Regular,Other,,
138365,INF223J01VJ7,-,PGIM India Ultra Short Term Fund,Open Ended Schemes(Income/Debt Oriented Schemes - Ultra Short Term Fund),PGIM India Mutual Fund,Regular,Other,,
138353,INF223J01JH6,-,PGIM India Ultra Short Term Fund,Open Ended Schemes(Income/Debt Oriented Schemes - Ultra Short Term Fund),PGIM India Mutual Fund,Regular,Other,,
138346,INF223J01GA7,-,PGIM India Ultra Short Term Fund,Open Ended Schemes(Income/Debt Oriented Schemes - Ultra Short Term Fund),PGIM India Mutual Fund,Regular,Other,,
138338,INF223J01FW3,-,PGIM India Ultra Short Term Fund,Open Ended Schemes(Income/Debt Oriented Schemes - Ultra Short Term Fund),PGIM India Mutual Fund,Regular,Other,,
138337,INF223J01FX1,-,PGIM India Ultra Short Term Fund,Open Ended Schemes(Income/Debt Oriented Schemes - Ultra Short Term Fund),PGIM India Mutual Fund,Regular,Other,,
138340,INF223J01FY9,INF223J01FZ6,PGIM India Ultra Short Term Fund,Open Ended Schemes(Income/Debt Oriented Schemes - Ultra Short Term Fund),PGIM India Mutual Fund,Regular,Other,,
138339,INF223J01GC3,-,PGIM India Ultra Short Term Fund,Open Ended Schemes(Income/Debt Oriented Schemes - Ultra Short Term Fund),PGIM India Mutual Fund,Regular,Other,,
150163,-,INF251K01DM8,BARODA BNP PARIBAS ULTRA SHORT TO SHORT TERM FUND,Open Ended Schemes(Income/Debt Oriented Schemes - Ultra Short to Short Term Fund),Baroda BNP Paribas Mutual Fund,Regular,Other,,Daily IDCW Option
150160,INF251K01DL0,-,BARODA BNP PARIBAS ULTRA SHORT TO SHORT TERM FUND,Open Ended Schemes(Income/Debt Oriented Schemes - Ultra Short to Short Term Fund),Baroda BNP Paribas Mutual Fund,Regular,Other,,Growth Option
150162,INF251K01DO4,INF251K01DP1,BARODA BNP PARIBAS ULTRA SHORT TO SHORT TERM FUND,Open Ended Schemes(Income/Debt Oriented Schemes - Ultra Short to Short Term Fund),Baroda BNP Paribas Mutual Fund,Regular,Other,,Monthly IDCW Option
150161,-,INF251K01DN6,BARODA BNP PARIBAS ULTRA SHORT TO SHORT TERM FUND,Open Ended Schemes(Income/Debt Oriented Schemes - Ultra Short to Short Term Fund),Baroda BNP Paribas Mutual Fund,Regular,Other,,Weekly IDCW Option
105547,-,INF179K01541,HDFC Ultra Short to Short Term Fund,Open Ended Schemes(Income/Debt Oriented Schemes - Ultra Short to Short Term Fund),HDFC Mutual Fund,Regular,Other,,
105546,INF179K01509,INF179K01517,HDFC Ultra Short to Short Term Fund,Open Ended Schemes(Income/Debt Oriented Schemes - Ultra Short to Short Term Fund),HDFC Mutual Fund,Regular,Other,,
105545,INF179K01525,-,HDFC Ultra Short to Short Term Fund,Open Ended Schemes(Income/Debt Oriented Schemes - Ultra Short to Short Term Fund),HDFC Mutual Fund,Regular,Other,,
105544,INF179K01491,-,HDFC Ultra Short to Short Term Fund,Open Ended Schemes(Income/Debt Oriented Schemes - Ultra Short to Short Term Fund),HDFC Mutual Fund,Regular,Other,,
130900,INF109KA1I92,-,ICICI Prudential Ultra Short to Short Term Fund,Open Ended Schemes(Income/Debt Oriented Schemes - Ultra Short to Short Term Fund),ICICI Prudential Mutual Fund,Regular,Other,,
130952,INF109KA1I01,-,ICICI Prudential Ultra Short to Short Term Fund,Open Ended Schemes(Income/Debt Oriented Schemes - Ultra Short to Short Term Fund),ICICI Prudential Mutual Fund,Regular,Other,,
111795,INF109K01EI4,INF109K01BW1,ICICI Prudential Ultra Short to Short Term Fund,Open Ended Schemes(Income/Debt Oriented Schemes - Ultra Short to Short Term Fund),ICICI Prudential Mutual Fund,Regular,Other,,
111794,INF109K01BX9,-,ICICI Prudential Ultra Short to Short Term Fund,Open Ended Schemes(Income/Debt Oriented Schemes - Ultra Short to Short Term Fund),ICICI Prudential Mutual Fund,Regular,Other,,
111793,INF109K01EJ2,INF109K01BY7,ICICI Prudential Ultra Short to Short Term Fund,Open Ended Schemes(Income/Debt Oriented Schemes - Ultra Short to Short Term Fund),ICICI Prudential Mutual Fund,Regular,Other,,
120738,INF789F01XH5,-,UTI Ultra Short to Short Term Fund,Open Ended Schemes(Income/Debt Oriented Schemes - Ultra Short to Short Term Fund),UTI Mutual Fund,Regular,Other,,
154604,INF789F1AG92,-,UTI Nifty 500 Index Fund,Open Ended Schemes(Index Funds - Equity Funds),UTI Mutual Fund,Regular,Other,,
154603,INF789F1AG84,-,UTI Nifty 500 Index Fund,Open Ended Schemes(Index Funds - Equity Funds),UTI Mutual Fund,Regular,Other,,
154578,INF109K1A583,-,ICICI Prudential Life Cycle Fund 2036,Open Ended Schemes(Life Cycle Funds - Life Cycle Fund with Maturity of 10 Years),ICICI Prudential Mutual Fund,Regular,Other,,
154577,INF109K1A575,-,ICICI Prudential Life Cycle Fund 2036,Open Ended Schemes(Life Cycle Funds - Life Cycle Fund with Maturity of 10 Years),ICICI Prudential Mutual Fund,Regular,Other,,
154580,INF109K1A625,-,ICICI Prudential Life Cycle Fund 2041,Open Ended Schemes(Life Cycle Funds - Life Cycle Fund with Maturity of 15 Years),ICICI Prudential Mutual Fund,Regular,Other,,
154579,INF109K1A617,-,ICICI Prudential Life Cycle Fund 2041,Open Ended Schemes(Life Cycle Funds - Life Cycle Fund with Maturity of 15 Years),ICICI Prudential Mutual Fund,Regular,Other,,
154564,INF109K1A609,-,ICICI Prudential Life Cycle Fund 2031,Open Ended Schemes(Life Cycle Funds - Life Cycle Fund with Maturity of 5 Years),ICICI Prudential Mutual Fund,Regular,Other,,
154563,INF109K1A591,-,ICICI Prudential Life Cycle Fund 2031,Open Ended Schemes(Life Cycle Funds - Life Cycle Fund with Maturity of 5 Years),ICICI Prudential Mutual Fund,Regular,Other,,
139619,-,-,Taurus Investor Education Pool (Greater than 3 yrs),Open Ended Schemes(Money Market),Taurus Mutual Fund,Regular,Other,,
139618,-,-,Taurus Investor Education Pool (Greater than 3 yrs),Open Ended Schemes(Money Market),Taurus Mutual Fund,Regular,Other,,Growth
139617,-,-,Taurus Unclaimed Dividend & Redemption Liability (Less than 3 yrs),Open Ended Schemes(Money Market),Taurus Mutual Fund,Regular,IDCW,,Growth
148747,INF247L01AL2,-,Motilal Oswal Multi Asset Passive Fund of Fund,Open Ended Schemes(Other Scheme - FoF Domestic),Motilal Oswal Mutual Fund,Regular,Other,,
148748,INF247L01AM0,-,Motilal Oswal Multi Asset Passive Fund of Fund,Open Ended Schemes(Other Scheme - FoF Domestic),Motilal Oswal Mutual Fund,Regular,Other,,
154239,INF247L01GT2,-,Motilal Oswal Multi Factor Passive Fund of Funds,Open Ended Schemes(Other Scheme - FoF Domestic),Motilal Oswal Mutual Fund,Regular,Other,,
154238,INF247L01GU0,-,Motilal Oswal Multi Factor Passive Fund of Funds,Open Ended Schemes(Other Scheme - FoF Domestic),Motilal Oswal Mutual Fund,Regular,Other,,
145552,INF247L01718,-,Motilal Oswal Nasdaq 100 Fund of Fund,Open Ended Schemes(Other Scheme - FoF Domestic),Motilal Oswal Mutual Fund,Regular,Other,,
145551,INF247L01700,-,Motilal Oswal Nasdaq 100 Fund of Fund,Open Ended Schemes(Other Scheme - FoF Domestic),Motilal Oswal Mutual Fund,Regular,Other,,
132010,INF084M01EI5,INF084M01EJ3,Aditya Birla Sun Life Global Excellence Equity Fund Of Fund,Open Ended Schemes(Other Scheme - FoF Overseas),Aditya Birla Sun Life Mutual Fund,Regular,Other,,
149180,INF179KC1BO4,-,HDFC Developed World Overseas Equity Passive FOF,Open Ended Schemes(Other Scheme - FoF Overseas),HDFC Mutual Fund,Regular,Other,,
149181,INF179KC1BP1,-,HDFC Developed World Overseas Equity Passive FOF,Open Ended Schemes(Other Scheme - FoF Overseas),HDFC Mutual Fund,Regular,Other,,
133832,INF178L01CM3,INF178L01CN1,Kotak US Equity Fund,Open Ended Schemes(Other Scheme - FoF Overseas),Kotak Mahindra Mutual Fund,Regular,Other,,
133831,INF178L01CL5,-,Kotak US Equity Fund,Open Ended Schemes(Other Scheme - FoF Overseas),Kotak Mahindra Mutual Fund,Regular,Other,,
133830,INF178L01CJ9,INF178L01CK7,Kotak US Equity Fund,Open Ended Schemes(Other Scheme - FoF Overseas),Kotak Mahindra Mutual Fund,Regular,Other,,
133833,INF178L01CI1,-,Kotak US Equity Fund,Open Ended Schemes(Other Scheme - FoF Overseas),Kotak Mahindra Mutual Fund,Regular,Other,,
133814,INF178L01145,INF178L01137,Kotak World Gold Fund,Open Ended Schemes(Other Scheme - FoF Overseas),Kotak Mahindra Mutual Fund,Regular,Other,,
133815,INF178L01152,-,Kotak World Gold Fund,Open Ended Schemes(Other Scheme - FoF Overseas),Kotak Mahindra Mutual Fund,Regular,Other,,
133817,INF178L01AM7,INF178L01AN5,Kotak World Gold Fund,Open Ended Schemes(Other Scheme - FoF Overseas),Kotak Mahindra Mutual Fund,Regular,Other,,
133816,INF178L01AO3,-,Kotak World Gold Fund,Open Ended Schemes(Other Scheme - FoF Overseas),Kotak Mahindra Mutual Fund,Regular,Other,,
149910,INF959L01FZ1,-,Navi NASDAQ100 US Specific Equity Passive FOF,Open Ended Schemes(Other Scheme - FoF Overseas),Navi Mutual Fund,Regular,Other,,
149911,INF959L01GA2,-,Navi NASDAQ100 US Specific Equity Passive FOF,Open Ended Schemes(Other Scheme - FoF Overseas),Navi Mutual Fund,Regular,Other,,
149830,INF959L01FV0,-,Navi Total Stock Market US Specific Equity Passive FoF,Open Ended Schemes(Other Scheme - FoF Overseas),Navi Mutual Fund,Regular,Other,,
149831,INF959L01FW8,-,Navi Total Stock Market US Specific Equity Passive FoF,Open Ended Schemes(Other Scheme - FoF Overseas),Navi Mutual Fund,Regular,Other,,
138457,INF223J01NJ4,-,PGIM India Emerging Markets Equity Fund of Fund,Open Ended Schemes(Other Scheme - FoF Overseas),PGIM India Mutual Fund,Regular,Other,,
138454,INF223J01AW4,INF223J01AX2,PGIM India Emerging Markets Equity Fund of Fund,Open Ended Schemes(Other Scheme - FoF Overseas),PGIM India Mutual Fund,Regular,Other,,
138525,INF223J01AV6,-,PGIM India Global Equity Opportunities Fund of Fund,Open Ended Schemes(Other Scheme - FoF Overseas),PGIM India Mutual Fund,Regular,Other,,
138527,INF223J01NG0,-,PGIM India Global Equity Opportunities Fund of Fund,Open Ended Schemes(Other Scheme - FoF Overseas),PGIM India Mutual Fund,Regular,Other,,
138524,INF223J01AS2,INF223J01AT0,PGIM India Global Equity Opportunities Fund of Fund,Open Ended Schemes(Other Scheme - FoF Overseas),PGIM India Mutual Fund,Regular,Other,,
149300,INF663L01W71,INF663L01W89,PGIM India Global Select Real Estate Securities Fund of Fund,Open Ended Schemes(Other Scheme - FoF Overseas),PGIM India Mutual Fund,Regular,Other,,
149301,INF663L01X05,INF663L01X13,PGIM India Global Select Real Estate Securities Fund of Fund,Open Ended Schemes(Other Scheme - FoF Overseas),PGIM India Mutual Fund,Regular,Other,,
152193,INF754K01SE6,-,Edelweiss Gold ETF,Open Ended Schemes(Other Scheme - Gold ETF),Edelweiss Mutual Fund,Regular,Other,,
113049,INF179KC1981,-,HDFC Gold ETF,Open Ended Schemes(Other Scheme - Gold ETF),HDFC Mutual Fund,Regular,Other,,Growth Option
113076,INF109KC1NT3,-,ICICI Prudential Gold ETF,Open Ended Schemes(Other Scheme - Gold ETF),ICICI Prudential Mutual Fund,Regular,Other,,
106193,INF174KA1HJ8,-,KOTAK GOLD ETF,Open Ended Schemes(Other Scheme - Gold ETF),Kotak Mahindra Mutual Fund,Regular,Other,,
151961,INF767K01SM1,-,LIC MF Gold Exchange Traded Fund,Open Ended Schemes(Other Scheme - Gold ETF),LIC Mutual Fund,Regular,Other,,
153780,INF247L01FY4,-,Motilal Oswal Gold ETF,Open Ended Schemes(Other Scheme - Gold ETF),Motilal Oswal Mutual Fund,Regular,Other,,
107693,INF082J01408,-,Quantum Gold ETF,Open Ended Schemes(Other Scheme - Gold ETF),Quantum Mutual Fund,Regular,Other,,
152284,INF277KA1976,-,Tata Gold Exchange Traded Fund,Open Ended Schemes(Other Scheme - Gold ETF),Tata Mutual Fund,Regular,Other,,
150938,INF209KB10P4,-,Aditya Birla Sun Life Crisil IBX 60:40 SDL+ AAA PSU APR 2026 Index Fund,Open Ended Schemes(Other Scheme - Index Funds),Aditya Birla Sun Life Mutual Fund,Regular,Other,,
150939,INF209KB11P2,-,Aditya Birla Sun Life Crisil IBX 60:40 SDL+ AAA PSU APR 2026 Index Fund,Open Ended Schemes(Other Scheme - Index Funds),Aditya Birla Sun Life Mutual Fund,Regular,Other,,
150936,INF209KB18O0,-,Aditya Birla Sun Life Crisil IBX 60:40 SDL+ AAA PSU APR 2026 Index Fund,Open Ended Schemes(Other Scheme - Index Funds),Aditya Birla Sun Life Mutual Fund,Regular,Other,,
150937,INF209KB19O8,-,Aditya Birla Sun Life Crisil IBX 60:40 SDL+ AAA PSU APR 2026 Index Fund,Open Ended Schemes(Other Scheme - Index Funds),Aditya Birla Sun Life Mutual Fund,Regular,Other,,
150699,INF209KB11N7,-,Aditya Birla Sun Life Crisil IBX Gilt-April 2026 Index Fund,Open Ended Schemes(Other Scheme - Index Funds),Aditya Birla Sun Life Mutual Fund,Regular,Other,,
150701,INF209KB18M4,-,Aditya Birla Sun Life Crisil IBX Gilt-April 2026 Index Fund,Open Ended Schemes(Other Scheme - Index Funds),Aditya Birla Sun Life Mutual Fund,Regular,Other,,
150700,INF209KB19M2,-,Aditya Birla Sun Life Crisil IBX Gilt-April 2026 Index Fund,Open Ended Schemes(Other Scheme - Index Funds),Aditya Birla Sun Life Mutual Fund,Regular,Other,,
150663,INF209KB10M1,-,Aditya Birla Sun Life Nifty SDL SEP 2025 Index Fund,Open Ended Schemes(Other Scheme - Index Funds),Aditya Birla Sun Life Mutual Fund,Regular,Other,,
150664,INF209KB11M9,-,Aditya Birla Sun Life Nifty SDL SEP 2025 Index Fund,Open Ended Schemes(Other Scheme - Index Funds),Aditya Birla Sun Life Mutual Fund,Regular,Other,,
150665,INF209KB18L6,-,Aditya Birla Sun Life Nifty SDL SEP 2025 Index Fund,Open Ended Schemes(Other Scheme - Index Funds),Aditya Birla Sun Life Mutual Fund,Regular,Other,,
150667,INF209KB19L4,-,Aditya Birla Sun Life Nifty SDL SEP 2025 Index Fund,Open Ended Schemes(Other Scheme - Index Funds),Aditya Birla Sun Life Mutual Fund,Regular,Other,,
153235,INF109KC19Z4,INF109K1A013,ICICI Prudential CRISIL-IBX AAA Bond Financial Services Index -Dec 2026 Fund,Open Ended Schemes(Other Scheme - Index Funds),ICICI Prudential Mutual Fund,Regular,Other,,
153234,INF109KC18Z6,-,ICICI Prudential CRISIL-IBX AAA Bond Financial Services Index -Dec 2026 Fund,Open Ended Schemes(Other Scheme - Index Funds),ICICI Prudential Mutual Fund,Regular,Other,,
153237,INF109KC16Z0,INF109KC17Z8,ICICI Prudential CRISIL-IBX AAA Bond Financial Services Index -Dec 2026 Fund,Open Ended Schemes(Other Scheme - Index Funds),ICICI Prudential Mutual Fund,Regular,Other,,
153236,INF109KC15Z2,-,ICICI Prudential CRISIL-IBX AAA Bond Financial Services Index -Dec 2026 Fund,Open Ended Schemes(Other Scheme - Index Funds),ICICI Prudential Mutual Fund,Regular,Other,,
149226,INF109KC1T12,INF109KC1T38,ICICI Prudential Nifty PSU Bond Plus SDL Sep 2027 40:60 Index Fund,Open Ended Schemes(Other Scheme - Index Funds),ICICI Prudential Mutual Fund,Regular,Other,,
149225,INF109KC1T04,INF109KC1S96,ICICI Prudential Nifty PSU Bond Plus SDL Sep 2027 40:60 Index Fund,Open Ended Schemes(Other Scheme - Index Funds),ICICI Prudential Mutual Fund,Regular,Other,,
149223,INF109KC1S47,INF109KC1S54,ICICI Prudential Nifty PSU Bond Plus SDL Sep 2027 40:60 Index Fund,Open Ended Schemes(Other Scheme - Index Funds),ICICI Prudential Mutual Fund,Regular,Other,,
149222,INF109KC1S39,INF109KC1S21,ICICI Prudential Nifty PSU Bond Plus SDL Sep 2027 40:60 Index Fund,Open Ended Schemes(Other Scheme - Index Funds),ICICI Prudential Mutual Fund,Regular,Other,,
154365,INF247L01HD4,-,Motilal Oswal BSE Clean Environment Index Fund,Open Ended Schemes(Other Scheme - Index Funds),Motilal Oswal Mutual Fund,Regular,Other,,
150518,INF247L01BF2,-,Motilal Oswal BSE Enhanced Value Index Fund,Open Ended Schemes(Other Scheme - Index Funds),Motilal Oswal Mutual Fund,Regular,Other,,
150519,INF247L01BG0,-,Motilal Oswal BSE Enhanced Value Index Fund,Open Ended Schemes(Other Scheme - Index Funds),Motilal Oswal Mutual Fund,Regular,Other,,
150443,INF247L01BC9,-,Motilal Oswal BSE Financials ex Bank 30 Index Fund,Open Ended Schemes(Other Scheme - Index Funds),Motilal Oswal Mutual Fund,Regular,Other,,
150444,INF247L01BD7,-,Motilal Oswal BSE Financials ex Bank 30 Index Fund,Open Ended Schemes(Other Scheme - Index Funds),Motilal Oswal Mutual Fund,Regular,Other,,
149919,INF247L01AY5,-,Motilal Oswal BSE Low Volatility Index Fund,Open Ended Schemes(Other Scheme - Index Funds),Motilal Oswal Mutual Fund,Regular,Other,,
149920,INF247L01AZ2,-,Motilal Oswal BSE Low Volatility Index Fund,Open Ended Schemes(Other Scheme - Index Funds),Motilal Oswal Mutual Fund,Regular,Other,,
154377,INF247L01HE2,-,Motilal Oswal BSE Midcap 150 Momentum 30 Index Fund,Open Ended Schemes(Other Scheme - Index Funds),Motilal Oswal Mutual Fund,Regular,Other,,
154378,INF247L01HF9,-,Motilal Oswal BSE Midcap 150 Momentum 30 Index Fund,Open Ended Schemes(Other Scheme - Index Funds),Motilal Oswal Mutual Fund,Regular,Other,,
150521,INF247L01BI6,-,Motilal Oswal BSE Quality Index Fund,Open Ended Schemes(Other Scheme - Index Funds),Motilal Oswal Mutual Fund,Regular,Other,,
150522,INF247L01BJ4,-,Motilal Oswal BSE Quality Index Fund,Open Ended Schemes(Other Scheme - Index Funds),Motilal Oswal Mutual Fund,Regular,Other,,
149799,INF247L01AW9,-,Motilal Oswal Nifty 200 Momentum 30 Index Fund,Open Ended Schemes(Other Scheme - Index Funds),Motilal Oswal Mutual Fund,Regular,Other,,
153029,INF247L01DY9,-,Motilal Oswal Nifty MidSmall IT and Telecom Index Fund,Open Ended Schemes(Other Scheme - Index Funds),Motilal Oswal Mutual Fund,Regular,Other,,
149892,INF959L01FX6,-,Navi Nifty Midcap 150 Index Fund,Open Ended Schemes(Other Scheme - Index Funds),Navi Mutual Fund,Regular,Other,,
149893,INF959L01FY4,-,Navi Nifty Midcap 150 Index Fund,Open Ended Schemes(Other Scheme - Index Funds),Navi Mutual Fund,Regular,Other,,
151364,INF789F1AXL6,-,UTI NIFTY SDL Plus AAA PSU Bond Apr 2026 75:25 Index Fund,Open Ended Schemes(Other Scheme - Index Funds),UTI Mutual Fund,Regular,Other,,
151363,INF789F1AXK8,-,UTI NIFTY SDL Plus AAA PSU Bond Apr 2026 75:25 Index Fund,Open Ended Schemes(Other Scheme - Index Funds),UTI Mutual Fund,Regular,Other,,
152802,INF209KC1142,-,Aditya Birla Sun Life Crisil 10 year Gilt ETF,Open Ended Schemes(Other Scheme - Other  ETFs),Aditya Birla Sun Life Mutual Fund,Regular,Other,,
152732,INF209KC1134,-,ADITYA BIRLA SUN LIFE CRISIL BROAD BASED GILT ETF,Open Ended Schemes(Other Scheme - Other  ETFs),Aditya Birla Sun Life Mutual Fund,Regular,Other,,
150498,INF209KB14K7,-,Aditya Birla Sun Life Nifty 200 Momentum 30 ETF,Open Ended Schemes(Other Scheme - Other  ETFs),Aditya Birla Sun Life Mutual Fund,Regular,Other,,
152638,INF0QA701854,-,Bajaj Finserv Nifty 1D Rate Liquid ETF - Growth,Open Ended Schemes(Other Scheme - Other  ETFs),Bajaj Finserv Mutual Fund,Regular,Growth,,
152356,INF0QA701722,-,Bajaj Finserv Nifty 50 ETF,Open Ended Schemes(Other Scheme - Other  ETFs),Bajaj Finserv Mutual Fund,Regular,Other,,
152357,INF0QA701714,-,Bajaj Finserv Nifty Bank ETF,Open Ended Schemes(Other Scheme - Other  ETFs),Bajaj Finserv Mutual Fund,Regular,Other,,
152555,INF740KA1UM0,-,DSP BSE Liquid Rate ETF,Open Ended Schemes(Other Scheme - Other  ETFs),DSP Mutual Fund,Regular,Other,,
151886,INF740KA1SZ6,-,DSP BSE Sensex ETF,Open Ended Schemes(Other Scheme - Other  ETFs),DSP Mutual Fund,Regular,Other,,
153228,INF740KA1VE5,-,DSP BSE SENSEX Next 30 ETF,Open Ended Schemes(Other Scheme - Other  ETFs),DSP Mutual Fund,Regular,Other,,
154256,INF740KA1YH2,-,DSP BSE Top 10 Banks ETF,Open Ended Schemes(Other Scheme - Other  ETFs),DSP Mutual Fund,Regular,Other,,
153975,INF740KA1WV7,-,DSP MSCI INDIA ETF,Open Ended Schemes(Other Scheme - Other  ETFs),DSP Mutual Fund,Regular,Other,,
142589,-,INF740KA1EU7,DSP NIFTY 1D Rate Liquid ETF,Open Ended Schemes(Other Scheme - Other  ETFs),DSP Mutual Fund,Regular,Other,,
149286,INF740KA1QK2,-,DSP Nifty 50 Equal Weight ETF,Open Ended Schemes(Other Scheme - Other  ETFs),DSP Mutual Fund,Regular,Other,,
149392,INF740KA1CL0,-,DSP Nifty 50 ETF,Open Ended Schemes(Other Scheme - Other  ETFs),DSP Mutual Fund,Regular,Other,,
151262,INF740KA1RX3,-,DSP Nifty Bank ETF,Open Ended Schemes(Other Scheme - Other  ETFs),DSP Mutual Fund,Regular,Other,,
154357,INF740KA1ZA4,-,DSP Nifty FMCG ETF,Open Ended Schemes(Other Scheme - Other  ETFs),DSP Mutual Fund,Regular,Other,,
152306,INF740KA1ZG1,-,DSP Nifty Healthcare ETF,Open Ended Schemes(Other Scheme - Other  ETFs),DSP Mutual Fund,Regular,Other,,
151820,INF740KA1SX1,-,DSP Nifty IT ETF,Open Ended Schemes(Other Scheme - Other  ETFs),DSP Mutual Fund,Regular,Other,,
154025,INF740KA1WW5,-,DSP Nifty Midcap 150 ETF,Open Ended Schemes(Other Scheme - Other  ETFs),DSP Mutual Fund,Regular,Other,,
149403,INF740KA1ZF3,-,DSP Nifty Midcap 150 Quality 50 ETF,Open Ended Schemes(Other Scheme - Other  ETFs),DSP Mutual Fund,Regular,Other,,
154087,INF740KA1XU7,-,DSP Nifty Next 50 ETF,Open Ended Schemes(Other Scheme - Other  ETFs),DSP Mutual Fund,Regular,Other,,
151887,INF740KA1TA7,-,DSP Nifty Private Bank ETF,Open Ended Schemes(Other Scheme - Other  ETFs),DSP Mutual Fund,Regular,Other,,
151888,INF740KA1SY9,-,DSP Nifty PSU Bank ETF,Open Ended Schemes(Other Scheme - Other  ETFs),DSP Mutual Fund,Regular,Other,,
154024,INF740KA1WX3,-,DSP Nifty Smallcap 250 ETF,Open Ended Schemes(Other Scheme - Other  ETFs),DSP Mutual Fund,Regular,Other,,
152812,INF740KA1UR9,-,DSP Nifty Top 10 Equal Weight ETF,Open Ended Schemes(Other Scheme - Other  ETFs),DSP Mutual Fund,Regular,Other,,
153874,INF740KA1WU9,-,DSP Nifty500 Flexicap Quality 30 ETF,Open Ended Schemes(Other Scheme - Other  ETFs),DSP Mutual Fund,Regular,Other,,
147849,INF754K01KO2,-,Bharat Bond ETF - April 2030,Open Ended Schemes(Other Scheme - Other  ETFs),Edelweiss Mutual Fund,Regular,Other,,
149398,INF754K01OB1,-,BHARAT Bond ETF - April 2032,Open Ended Schemes(Other Scheme - Other  ETFs),Edelweiss Mutual Fund,Regular,Other,,
150987,INF754K01QX0,-,BHARAT Bond ETF - April 2033,Open Ended Schemes(Other Scheme - Other  ETFs),Edelweiss Mutual Fund,Regular,Other,,
148444,INF754K01LD3,-,BHARAT Bond ETF- April 2025,Open Ended Schemes(Other Scheme - Other  ETFs),Edelweiss Mutual Fund,Regular,Other,,
148445,INF754K01LE1,-,BHARAT Bond ETF- April 2031,Open Ended Schemes(Other Scheme - Other  ETFs),Edelweiss Mutual Fund,Regular,Other,,
153180,INF754K01TX4,-,Edelweiss BSE Capital Markets & Insurance ETF,Open Ended Schemes(Other Scheme - Other  ETFs),Edelweiss Mutual Fund,Regular,Other,,
153947,INF754K01VY8,-,Edelweiss BSE Sensex ETF,Open Ended Schemes(Other Scheme - Other  ETFs),Edelweiss Mutual Fund,Regular,Other,,
153920,INF754K01VW2,-,Edelweiss Nifty 1D Rate Liquid ETF - Growth,Open Ended Schemes(Other Scheme - Other  ETFs),Edelweiss Mutual Fund,Regular,Growth,,
153966,INF754K01VX0,-,Edelweiss Nifty 50 ETF,Open Ended Schemes(Other Scheme - Other  ETFs),Edelweiss Mutual Fund,Regular,Other,,
152857,INF754K01TE4,-,Edelweiss Nifty Bank ETF,Open Ended Schemes(Other Scheme - Other  ETFs),Edelweiss Mutual Fund,Regular,Other,,
153841,INF754K01VV4,-,Edelweiss Nifty LargeMidcap 250 ETF,Open Ended Schemes(Other Scheme - Other  ETFs),Edelweiss Mutual Fund,Regular,Other,,
154347,INF754K01XF3,-,Edelweiss Nifty Next 50 ETF,Open Ended Schemes(Other Scheme - Other  ETFs),Edelweiss Mutual Fund,Regular,Other,,
152981,INF754K01TF1,-,Edelweiss Nifty500 Multicap Momentum Quality 50 ETF,Open Ended Schemes(Other Scheme - Other  ETFs),Edelweiss Mutual Fund,Regular,Other,,
152212,INF754K01SF3,-,Edelweiss Silver ETF,Open Ended Schemes(Other Scheme - Other  ETFs),Edelweiss Mutual Fund,Regular,Other,,
151376,INF179KC1EZ4,-,HDFC BSE 500 ETF,Open Ended Schemes(Other Scheme - Other  ETFs),HDFC Mutual Fund,Regular,Other,,Growth Option
135854,INF179KC1HX2,-,HDFC BSE Sensex ETF,Open Ended Schemes(Other Scheme - Other  ETFs),HDFC Mutual Fund,Regular,Other,,Growth Option
150476,INF179KC1HR4,-,HDFC NIFTY 100 ETF,Open Ended Schemes(Other Scheme - Other  ETFs),HDFC Mutual Fund,Regular,Other,,Growth Option
153403,INF179KC1JG3,-,HDFC NIFTY 1D Rate Liquid ETF,Open Ended Schemes(Other Scheme - Other  ETFs),HDFC Mutual Fund,Regular,Other,,Growth Option
135853,INF179KC1965,-,HDFC NIFTY 50 ETF,Open Ended Schemes(Other Scheme - Other  ETFs),HDFC Mutual Fund,Regular,Other,,Growth Option
148461,INF179KC1HY0,-,HDFC NIFTY BANK ETF,Open Ended Schemes(Other Scheme - Other  ETFs),HDFC Mutual Fund,Regular,Other,,Growth Option
150621,INF179KC1DJ0,-,HDFC NIFTY GROWTH SECTORS 15 ETF,Open Ended Schemes(Other Scheme - Other  ETFs),HDFC Mutual Fund,Regular,Growth,,Growth Option
150801,INF179KC1IA8,-,HDFC NIFTY IT ETF,Open Ended Schemes(Other Scheme - Other  ETFs),HDFC Mutual Fund,Regular,Other,,Growth Option
151374,INF179KC1HT0,-,HDFC NIFTY Midcap 150 ETF,Open Ended Schemes(Other Scheme - Other  ETFs),HDFC Mutual Fund,Regular,Other,,Growth Option
150477,INF179KC1HS2,-,HDFC NIFTY NEXT 50 ETF,Open Ended Schemes(Other Scheme - Other  ETFs),HDFC Mutual Fund,Regular,Other,,Growth Option
150802,INF179KC1HZ7,-,HDFC NIFTY Private Bank ETF,Open Ended Schemes(Other Scheme - Other  ETFs),HDFC Mutual Fund,Regular,Other,,Growth Option
152350,INF179KC1HW4,-,HDFC NIFTY PSU BANK ETF,Open Ended Schemes(Other Scheme - Other  ETFs),HDFC Mutual Fund,Regular,Other,,Growth Option
151375,INF179KC1FB2,-,HDFC NIFTY Smallcap 250 ETF,Open Ended Schemes(Other Scheme - Other  ETFs),HDFC Mutual Fund,Regular,Other,,Growth Option
150658,INF179KC1HU8,-,HDFC NIFTY100 Low Volatility 30 ETF,Open Ended Schemes(Other Scheme - Other  ETFs),HDFC Mutual Fund,Regular,Other,,Growth Option
150620,INF179KC1DL6,-,HDFC NIFTY100 QUALITY 30 ETF,Open Ended Schemes(Other Scheme - Other  ETFs),HDFC Mutual Fund,Regular,Other,,Growth Option
150657,INF179KC1HV6,-,HDFC NIFTY200 MOMENTUM 30 ETF,Open Ended Schemes(Other Scheme - Other  ETFs),HDFC Mutual Fund,Regular,Other,,Growth Option
150619,INF179KC1DK8,-,HDFC NIFTY50 VALUE 20 ETF,Open Ended Schemes(Other Scheme - Other  ETFs),HDFC Mutual Fund,Regular,Other,,Growth Option
150556,INF179KC1DI2,-,HDFC Silver ETF,Open Ended Schemes(Other Scheme - Other  ETFs),HDFC Mutual Fund,Regular,Other,,Growth Option
143247,INF109KC1V59,-,ICICI Prudential BSE 500 ETF,Open Ended Schemes(Other Scheme - Other  ETFs),ICICI Prudential Mutual Fund,Regular,Other,,
139519,INF109KC10W0,-,ICICI Prudential BSE Midcap Select ETF,Open Ended Schemes(Other Scheme - Other  ETFs),ICICI Prudential Mutual Fund,Regular,Other,,
101705,INF346A01034,-,ICICI Prudential BSE Sensex ETF,Open Ended Schemes(Other Scheme - Other  ETFs),ICICI Prudential Mutual Fund,Regular,Other,,
151196,INF109KC18O0,-,ICICI Prudential Nifty 10 yr Benchmark G-sec ETF,Open Ended Schemes(Other Scheme - Other  ETFs),ICICI Prudential Mutual Fund,Regular,Other,,
123004,INF109KC16V9,-,ICICI Prudential Nifty 100 ETF,Open Ended Schemes(Other Scheme - Other  ETFs),ICICI Prudential Mutual Fund,Regular,Other,,
141596,INF109KC19U5,-,ICICI Prudential Nifty 100 Low Volatility 30 ETF,Open Ended Schemes(Other Scheme - Other  ETFs),ICICI Prudential Mutual Fund,Regular,Other,,
150455,INF109KC17C7,-,ICICI Prudential Nifty 200 Momentum 30 ETF,Open Ended Schemes(Other Scheme - Other  ETFs),ICICI Prudential Mutual Fund,Regular,Other,,
151907,INF109KC18V5,-,ICICI Prudential Nifty 200 Quality 30 ETF,Open Ended Schemes(Other Scheme - Other  ETFs),ICICI Prudential Mutual Fund,Regular,Other,,
149928,INF109KC14A8,-,ICICI Prudential Nifty 5 yr Benchmark G-SEC ETF,Open Ended Schemes(Other Scheme - Other  ETFs),ICICI Prudential Mutual Fund,Regular,Other,,
121366,INF109K012R6,-,ICICI Prudential Nifty 50 ETF,Open Ended Schemes(Other Scheme - Other  ETFs),ICICI Prudential Mutual Fund,Regular,Other,,
148456,INF109KC17V7,-,ICICI Prudential Nifty Alpha Low- Volatility 30 ETF,Open Ended Schemes(Other Scheme - Other  ETFs),ICICI Prudential Mutual Fund,Regular,Other,,
149463,INF109KC10V2,-,ICICI Prudential Nifty Auto ETF,Open Ended Schemes(Other Scheme - Other  ETFs),ICICI Prudential Mutual Fund,Regular,Other,,
147483,INF109KC15I8,-,ICICI Prudential Nifty Bank ETF,Open Ended Schemes(Other Scheme - Other  ETFs),ICICI Prudential Mutual Fund,Regular,Other,,
151207,INF109KC19O8,-,ICICI Prudential Nifty Commodities ETF,Open Ended Schemes(Other Scheme - Other  ETFs),ICICI Prudential Mutual Fund,Regular,Other,,
153397,INF109K1A153,-,ICICI Prudential Nifty EV & New Age Automotive ETF,Open Ended Schemes(Other Scheme - Other  ETFs),ICICI Prudential Mutual Fund,Regular,Other,,
150879,INF109KC17L8,-,ICICI Prudential Nifty Financial Services Ex-Bank ETF,Open Ended Schemes(Other Scheme - Other  ETFs),ICICI Prudential Mutual Fund,Regular,Other,,
149072,INF109KC19V3,-,ICICI Prudential Nifty FMCG ETF,Open Ended Schemes(Other Scheme - Other  ETFs),ICICI Prudential Mutual Fund,Regular,Other,,
148957,INF109KC1Q72,-,ICICI Prudential Nifty Healthcare ETF,Open Ended Schemes(Other Scheme - Other  ETFs),ICICI Prudential Mutual Fund,Regular,Other,,
149285,INF109KC1V42,-,ICICI Prudential Nifty India Consumption ETF,Open Ended Schemes(Other Scheme - Other  ETFs),ICICI Prudential Mutual Fund,Regular,Other,,
150526,INF109KC16E5,-,ICICI Prudential Nifty Infrastructure ETF,Open Ended Schemes(Other Scheme - Other  ETFs),ICICI Prudential Mutual Fund,Regular,Other,,
148466,INF109KC16I6,-,ICICI Prudential Nifty IT ETF,Open Ended Schemes(Other Scheme - Other  ETFs),ICICI Prudential Mutual Fund,Regular,Other,,
152769,INF109KC19W1,-,ICICI Prudential Nifty Metal ETF,Open Ended Schemes(Other Scheme - Other  ETFs),ICICI Prudential Mutual Fund,Regular,Other,,
147921,INF109KC11W8,-,ICICI Prudential Nifty Midcap 150 ETF,Open Ended Schemes(Other Scheme - Other  ETFs),ICICI Prudential Mutual Fund,Regular,Other,,
144587,INF109KC1NS5,-,ICICI Prudential Nifty Next 50 ETF,Open Ended Schemes(Other Scheme - Other  ETFs),ICICI Prudential Mutual Fund,Regular,Other,,
152748,INF109KC18W3,-,ICICI Prudential Nifty Oil & Gas ETF,Open Ended Schemes(Other Scheme - Other  ETFs),ICICI Prudential Mutual Fund,Regular,Other,,
147530,INF109KC18U7,-,ICICI Prudential Nifty Private Bank ETF,Open Ended Schemes(Other Scheme - Other  ETFs),ICICI Prudential Mutual Fund,Regular,Other,,
151572,INF109KC10S8,-,ICICI Prudential Nifty PSU Bank ETF,Open Ended Schemes(Other Scheme - Other  ETFs),ICICI Prudential Mutual Fund,Regular,Other,,
154404,INF109K1A476,-,ICICI Prudential Nifty Smallcap 250 ETF,Open Ended Schemes(Other Scheme - Other  ETFs),ICICI Prudential Mutual Fund,Regular,Other,,
153617,INF109K1A344,-,ICICI Prudential Nifty Top 15 Equal Weight ETF,Open Ended Schemes(Other Scheme - Other  ETFs),ICICI Prudential Mutual Fund,Regular,Other,,
152932,INF109KC16X5,-,ICICI Prudential Nifty200 Value 30 ETF,Open Ended Schemes(Other Scheme - Other  ETFs),ICICI Prudential Mutual Fund,Regular,Other,,
139455,INF109KC11V0,-,ICICI Prudential Nifty50 Value 20 ETF,Open Ended Schemes(Other Scheme - Other  ETFs),ICICI Prudential Mutual Fund,Regular,Other,,
149464,INF109KC1Y56,-,ICICI PRUDENTIAL SILVER ETF,Open Ended Schemes(Other Scheme - Other  ETFs),ICICI Prudential Mutual Fund,Regular,Other,,
109010,INF174KA1JD7,-,Kotak BSE Sensex ETF,Open Ended Schemes(Other Scheme - Other  ETFs),Kotak Mahindra Mutual Fund,Regular,Other,,
153314,INF174KA1VD2,-,Kotak MSCI India ETF,Open Ended Schemes(Other Scheme - Other  ETFs),Kotak Mahindra Mutual Fund,Regular,Other,,
153315,INF174KA1UW4,-,Kotak Nifty 100 Equal Weight ETF,Open Ended Schemes(Other Scheme - Other  ETFs),Kotak Mahindra Mutual Fund,Regular,Other,,
150000,INF174KA1IY5,-,Kotak Nifty 100 Low Volatility 30 ETF,Open Ended Schemes(Other Scheme - Other  ETFs),Kotak Mahindra Mutual Fund,Regular,Other,,
151358,INF174KA1LV5,-,Kotak Nifty 1D Rate Liquid ETF,Open Ended Schemes(Other Scheme - Other  ETFs),Kotak Mahindra Mutual Fund,Regular,Other,,
153904,INF174KA1XS6,-,Kotak Nifty 200 Momentum 30 ETF,Open Ended Schemes(Other Scheme - Other  ETFs),Kotak Mahindra Mutual Fund,Regular,Other,,
112351,INF174K014P6,-,Kotak Nifty 50 ETF,Open Ended Schemes(Other Scheme - Other  ETFs),Kotak Mahindra Mutual Fund,Regular,Other,,
135744,INF174KA1ZE1,-,Kotak Nifty 50 Value 20 ETF,Open Ended Schemes(Other Scheme - Other  ETFs),Kotak Mahindra Mutual Fund,Regular,Other,,
149397,INF174KA1IA5,-,Kotak Nifty Alpha 50 ETF,Open Ended Schemes(Other Scheme - Other  ETFs),Kotak Mahindra Mutual Fund,Regular,Other,,
133122,INF174KA1ZB7,-,Kotak Nifty Bank ETF,Open Ended Schemes(Other Scheme - Other  ETFs),Kotak Mahindra Mutual Fund,Regular,Other,,
153934,INF174KA1XV0,-,Kotak Nifty Chemicals ETF,Open Ended Schemes(Other Scheme - Other  ETFs),Kotak Mahindra Mutual Fund,Regular,Other,,
150492,INF174KA1ZF8,-,Kotak Nifty India Consumption ETF,Open Ended Schemes(Other Scheme - Other  ETFs),Kotak Mahindra Mutual Fund,Regular,Other,,
148763,INF174KA1GC5,-,Kotak Nifty IT ETF,Open Ended Schemes(Other Scheme - Other  ETFs),Kotak Mahindra Mutual Fund,Regular,Other,,
153398,INF174KA1VW2,-,Kotak Nifty Midcap 150 ETF,Open Ended Schemes(Other Scheme - Other  ETFs),Kotak Mahindra Mutual Fund,Regular,Other,,
149757,INF174KA1ZC5,-,Kotak Nifty Midcap 50 ETF,Open Ended Schemes(Other Scheme - Other  ETFs),Kotak Mahindra Mutual Fund,Regular,Other,,
150531,INF174KA1JF2,-,Kotak Nifty MNC ETF,Open Ended Schemes(Other Scheme - Other  ETFs),Kotak Mahindra Mutual Fund,Regular,Other,,
154101,INF174KA1YO3,-,Kotak Nifty Next 50 ETF,Open Ended Schemes(Other Scheme - Other  ETFs),Kotak Mahindra Mutual Fund,Regular,Other,,
153657,INF174KA1WT6,-,Kotak Nifty200 Quality 30 ETF,Open Ended Schemes(Other Scheme - Other  ETFs),Kotak Mahindra Mutual Fund,Regular,Other,,
150948,INF174KA1ZD3,-,Kotak Silver ETF,Open Ended Schemes(Other Scheme - Other  ETFs),Kotak Mahindra Mutual Fund,Regular,Other,,
135672,INF767K01OT5,-,LIC MF BSE Sensex ETF,Open Ended Schemes(Other Scheme - Other  ETFs),LIC Mutual Fund,Regular,Other,,
136473,INF767K01PC8,-,LIC MF Nifty 100 ETF,Open Ended Schemes(Other Scheme - Other  ETFs),LIC Mutual Fund,Regular,Other,,
135607,INF767K01OS7,-,LIC MF Nifty 50 ETF,Open Ended Schemes(Other Scheme - Other  ETFs),LIC Mutual Fund,Regular,Other,,
133307,INF767K01MV5,-,LIC MF Nifty 8-13 yr G-Sec ETF,Open Ended Schemes(Other Scheme - Other  ETFs),LIC Mutual Fund,Regular,Other,,
152404,INF767K01RN1,-,LIC MF Nifty Midcap 100 ETF,Open Ended Schemes(Other Scheme - Other  ETFs),LIC Mutual Fund,Regular,Other,,
150517,INF247L01BE5,-,Motilal Oswal BSE Enhanced Value ETF,Open Ended Schemes(Other Scheme - Other  ETFs),Motilal Oswal Mutual Fund,Regular,Other,,
150445,INF247L01BB1,-,Motilal Oswal BSE Healthcare ETF,Open Ended Schemes(Other Scheme - Other  ETFs),Motilal Oswal Mutual Fund,Regular,Other,,
153564,INF247L01FL1,-,Motilal Oswal BSE India Infrastructure ETF,Open Ended Schemes(Other Scheme - Other  ETFs),Motilal Oswal Mutual Fund,Regular,Other,,
149921,INF247L01BL0,-,Motilal Oswal BSE Low Volatility ETF,Open Ended Schemes(Other Scheme - Other  ETFs),Motilal Oswal Mutual Fund,Regular,Other,,
150520,INF247L01BH8,-,Motilal Oswal BSE Quality ETF,Open Ended Schemes(Other Scheme - Other  ETFs),Motilal Oswal Mutual Fund,Regular,Other,,
154003,INF247L01GI5,-,Motilal Oswal BSE Select IPO ETF,Open Ended Schemes(Other Scheme - Other  ETFs),Motilal Oswal Mutual Fund,Regular,Other,,
154322,INF247L01GV8,-,Motilal Oswal BSE Top 10 Banks ETF,Open Ended Schemes(Other Scheme - Other  ETFs),Motilal Oswal Mutual Fund,Regular,Other,,
114984,INF247L01AP3,-,Motilal Oswal Nasdaq 100 ETF,Open Ended Schemes(Other Scheme - Other  ETFs),Motilal Oswal Mutual Fund,Regular,Other,,
149438,INF247L01AU3,-,Motilal Oswal Nasdaq Q50 ETF,Open Ended Schemes(Other Scheme - Other  ETFs),Motilal Oswal Mutual Fund,Regular,Other,,
153928,INF247L01GG9,-,Motilal Oswal Nifty 100 ETF,Open Ended Schemes(Other Scheme - Other  ETFs),Motilal Oswal Mutual Fund,Regular,Other,,
149801,INF247L01BK2,-,Motilal Oswal Nifty 200 Momentum 30 ETF,Open Ended Schemes(Other Scheme - Other  ETFs),Motilal Oswal Mutual Fund,Regular,Other,,
148620,INF247L01AK4,-,Motilal Oswal Nifty 5 year benchmark G-Sec ETF,Open Ended Schemes(Other Scheme - Other  ETFs),Motilal Oswal Mutual Fund,Regular,Other,,
153532,INF247L01FC0,-,Motilal Oswal Nifty 50 Equal Weight ETF,Open Ended Schemes(Other Scheme - Other  ETFs),Motilal Oswal Mutual Fund,Regular,Other,,
113069,INF247L01536,-,Motilal Oswal Nifty 50 ETF,Open Ended Schemes(Other Scheme - Other  ETFs),Motilal Oswal Mutual Fund,Regular,Other,,
152106,INF247L01BU1,-,Motilal Oswal Nifty 500 ETF,Open Ended Schemes(Other Scheme - Other  ETFs),Motilal Oswal Mutual Fund,Regular,Other,,
152874,INF247L01DK8,-,Motilal Oswal Nifty 500 Momentum 50 ETF,Open Ended Schemes(Other Scheme - Other  ETFs),Motilal Oswal Mutual Fund,Regular,Other,,
153724,INF247L01FR8,-,Motilal Oswal Nifty Alpha 50 ETF,Open Ended Schemes(Other Scheme - Other  ETFs),Motilal Oswal Mutual Fund,Regular,Other,,
153406,INF247L01EV3,-,Motilal Oswal Nifty Capital Market ETF,Open Ended Schemes(Other Scheme - Other  ETFs),Motilal Oswal Mutual Fund,Regular,Other,,
153931,INF247L01GH7,-,Motilal Oswal Nifty Energy ETF,Open Ended Schemes(Other Scheme - Other  ETFs),Motilal Oswal Mutual Fund,Regular,Other,,
152846,INF247L01DJ0,-,Motilal Oswal Nifty India Defence ETF,Open Ended Schemes(Other Scheme - Other  ETFs),Motilal Oswal Mutual Fund,Regular,Other,,
153572,INF247L01FK3,-,Motilal Oswal Nifty India Manufacturing ETF,Open Ended Schemes(Other Scheme - Other  ETFs),Motilal Oswal Mutual Fund,Regular,Other,,
153618,INF247L01FP2,-,Motilal Oswal Nifty India Tourism ETF,Open Ended Schemes(Other Scheme - Other  ETFs),Motilal Oswal Mutual Fund,Regular,Other,,
114456,INF247L01023,-,Motilal Oswal Nifty Midcap 100 ETF,Open Ended Schemes(Other Scheme - Other  ETFs),Motilal Oswal Mutual Fund,Regular,Other,,
153694,INF247L01FQ0,-,Motilal Oswal Nifty Midcap 150 Momentum 50 ETF,Open Ended Schemes(Other Scheme - Other  ETFs),Motilal Oswal Mutual Fund,Regular,Other,,
154062,INF247L01GK1,-,Motilal Oswal Nifty MNC ETF,Open Ended Schemes(Other Scheme - Other  ETFs),Motilal Oswal Mutual Fund,Regular,Other,,
153535,INF247L01FD8,-,Motilal Oswal Nifty Next 50 ETF,Open Ended Schemes(Other Scheme - Other  ETFs),Motilal Oswal Mutual Fund,Regular,Other,,
153608,INF247L01FO5,-,Motilal Oswal Nifty PSE ETF,Open Ended Schemes(Other Scheme - Other  ETFs),Motilal Oswal Mutual Fund,Regular,Other,,
152541,INF247L01CI4,-,Motilal Oswal Nifty Realty ETF,Open Ended Schemes(Other Scheme - Other  ETFs),Motilal Oswal Mutual Fund,Regular,Other,,
154033,INF247L01GJ3,-,Motilal Oswal Nifty Services Sector ETF,Open Ended Schemes(Other Scheme - Other  ETFs),Motilal Oswal Mutual Fund,Regular,Other,,
152546,INF247L01CH6,-,Motilal Oswal Nifty Smallcap 250 ETF,Open Ended Schemes(Other Scheme - Other  ETFs),Motilal Oswal Mutual Fund,Regular,Other,,
153820,INF247L01FZ1,-,Motilal Oswal Silver ETF,Open Ended Schemes(Other Scheme - Other  ETFs),Motilal Oswal Mutual Fund,Regular,Other,,
108479,INF082J01499,-,Quantum Nifty 50 ETF,Open Ended Schemes(Other Scheme - Other  ETFs),Quantum Mutual Fund,Regular,Other,,
145801,INF277K015R5,-,Tata Nifty 50 Exchange Traded Fund,Open Ended Schemes(Other Scheme - Other  ETFs),Tata Mutual Fund,Regular,Other,,
149959,INF277KA1364,-,Tata Nifty India Digital Exchange Traded Fund,Open Ended Schemes(Other Scheme - Other  ETFs),Tata Mutual Fund,Regular,Other,,
147614,INF277K010X4,-,Tata Nifty Private Bank Exchange Traded Fund,Open Ended Schemes(Other Scheme - Other  ETFs),Tata Mutual Fund,Regular,Other,,
152285,INF277KA1984,-,Tata Silver Exchange Traded Fund,Open Ended Schemes(Other Scheme - Other  ETFs),Tata Mutual Fund,Regular,Other,,
119067,-,-,HDFC Children's Fund,Open Ended Schemes(Solution Oriented Scheme - Childrenâs Fund),HDFC Mutual Fund,Regular,Other,,
100899,-,-,HDFC Children's Fund,Open Ended Schemes(Solution Oriented Scheme - Childrenâs Fund),HDFC Mutual Fund,Regular,Other,,
146839,-,INF174KA1DD0,Kotak Monthly Interval Plan Series 4,Interval Fund Schemes(Income),Kotak Mahindra Mutual Fund,Regular,Other,,
146837,INF174KA1DB4,-,Kotak Monthly Interval Plan Series 4,Interval Fund Schemes(Income),Kotak Mahindra Mutual Fund,Regular,Other,,
146840,-,INF174KA1DC2,Kotak Monthly Interval Plan Series 4,Interval Fund Schemes(Income),Kotak Mahindra Mutual Fund,Regular,Other,,
146835,INF174KA1CZ5,-,Kotak Monthly Interval Plan Series 4,Interval Fund Schemes(Income),Kotak Mahindra Mutual Fund,Regular,Other,,
145440,INF174KA1913,-,Kotak Quarterly Interval Plan Sr. 12,Interval Fund Schemes(Income),Kotak Mahindra Mutual Fund,Regular,Other,,
145441,INF174KA1863,-,Kotak Quarterly Interval Plan Sr. 12,Interval Fund Schemes(Income),Kotak Mahindra Mutual Fund,Regular,Other,,
145437,INF174KA1889,-,Kotak Quarterly Interval Plan Sr. 12,Interval Fund Schemes(Income),Kotak Mahindra Mutual Fund,Regular,Other,,
146602,INF174KA1CI1,-,Kotak Quarterly Interval Plan Sr. 13,Interval Fund Schemes(Income),Kotak Mahindra Mutual Fund,Regular,Other,,
146599,INF174KA1CJ9,-,Kotak Quarterly Interval Plan Sr. 13,Interval Fund Schemes(Income),Kotak Mahindra Mutual Fund,Regular,Other,,
146598,INF174KA1CG5,-,Kotak Quarterly Interval Plan Sr. 13,Interval Fund Schemes(Income),Kotak Mahindra Mutual Fund,Regular,Other,,
146601,INF174KA1CH3,-,Kotak Quarterly Interval Plan Sr. 13,Interval Fund Schemes(Income),Kotak Mahindra Mutual Fund,Regular,Other,,
118804,INF204K01B81,-,Nippon India Interval Fund Annual Interval Fund Series-I,Interval Fund Schemes(Income),Nippon India Mutual Fund,Regular,Other,,
105660,INF204K01ED4,INF204K01EE2,Nippon India Interval Fund Annual Interval Fund Series-I,Interval Fund Schemes(Income),Nippon India Mutual Fund,Regular,Other,,
105662,INF204K01EA0,INF204K01EB8,Nippon India Interval Fund Annual Interval Fund Series-I,Interval Fund Schemes(Income),Nippon India Mutual Fund,Regular,Other,,
105663,INF204K01EC6,-,Nippon India Interval Fund Annual Interval Fund Series-I,Interval Fund Schemes(Income),Nippon India Mutual Fund,Regular,Other,,
105661,INF204K01DZ9,-,Nippon India Interval Fund Annual Interval Fund Series-I,Interval Fund Schemes(Income),Nippon India Mutual Fund,Regular,Other,,
145667,INF204KB1P74,-,Nippon India Interval Fund V - Series 2,Interval Fund Schemes(Income),Nippon India Mutual Fund,Regular,Other,,
145670,INF204KB1P66,-,Nippon India Interval Fund V - Series 2,Interval Fund Schemes(Income),Nippon India Mutual Fund,Regular,Other,,
145668,INF204KB1P58,-,Nippon India Interval Fund V - Series 2,Interval Fund Schemes(Income),Nippon India Mutual Fund,Regular,Other,,
145669,INF204KB1P41,-,Nippon India Interval Fund V - Series 2,Interval Fund Schemes(Income),Nippon India Mutual Fund,Regular,Other,,
145348,INF204KB1M51,-,Nippon India Interval Fund V- Series 1,Interval Fund Schemes(Income),Nippon India Mutual Fund,Regular,Other,,
145350,INF204KB1M44,-,Nippon India Interval Fund V- Series 1,Interval Fund Schemes(Income),Nippon India Mutual Fund,Regular,Other,,
145349,INF204KB1M36,-,Nippon India Interval Fund V- Series 1,Interval Fund Schemes(Income),Nippon India Mutual Fund,Regular,Other,,
145347,INF204KB1M28,-,Nippon India Interval Fund V- Series 1,Interval Fund Schemes(Income),Nippon India Mutual Fund,Regular,Other,,
120800,INF204K01M47,INF204K01M54,Nippon India Yearly Interval Fund - Series 1,Interval Fund Schemes(Income),Nippon India Mutual Fund,Regular,Other,,
120799,INF204K01M39,-,Nippon India Yearly Interval Fund - Series 1,Interval Fund Schemes(Income),Nippon India Mutual Fund,Regular,Other,,
120802,INF204K01M13,INF204K01M21,Nippon India Yearly Interval Fund - Series 1,Interval Fund Schemes(Income),Nippon India Mutual Fund,Regular,Other,,
120798,INF204K01M05,-,Nippon India Yearly Interval Fund - Series 1,Interval Fund Schemes(Income),Nippon India Mutual Fund,Regular,Other,,
134888,INF204KA12F4,-,Reliance Interval Fund -IV - Series 2 (1110 days),Interval Fund Schemes(Income),Nippon India Mutual Fund,Regular,Other,,
134890,INF204KA13F2,-,Reliance Interval Fund -IV - Series 2 (1110 days),Interval Fund Schemes(Income),Nippon India Mutual Fund,Regular,Other,,
134889,INF204KA10F8,-,Reliance Interval Fund -IV - Series 2 (1110 days),Interval Fund Schemes(Income),Nippon India Mutual Fund,Regular,Other,,
134891,INF204KA11F6,-,Reliance Interval Fund -IV - Series 2 (1110 days),Interval Fund Schemes(Income),Nippon India Mutual Fund,Regular,Other,,
135001,INF204KA14I4,-,Reliance Interval Fund IV- Series 3,Interval Fund Schemes(Income),Nippon India Mutual Fund,Regular,Other,,
134999,INF204KA15I1,-,Reliance Interval Fund IV- Series 3,Interval Fund Schemes(Income),Nippon India Mutual Fund,Regular,Other,,
135000,INF204KA12I8,-,Reliance Interval Fund IV- Series 3,Interval Fund Schemes(Income),Nippon India Mutual Fund,Regular,Other,,
135002,INF204KA13I6,-,Reliance Interval Fund IV- Series 3,Interval Fund Schemes(Income),Nippon India Mutual Fund,Regular,Other,,
142136,INF109KC1077,-,ICICI Prudential Long Term Wealth Enhancement Fund,Close Ended Schemes(ELSS),ICICI Prudential Mutual Fund,Regular,Other,,
142134,INF109KC1093,-,ICICI Prudential Long Term Wealth Enhancement Fund,Close Ended Schemes(ELSS),ICICI Prudential Mutual Fund,Regular,Other,,
142133,INF109KC1101,-,ICICI Prudential Long Term Wealth Enhancement Fund,Close Ended Schemes(ELSS),ICICI Prudential Mutual Fund,Regular,Other,,
142135,INF109KC1085,-,ICICI Prudential Long Term Wealth Enhancement Fund,Close Ended Schemes(ELSS),ICICI Prudential Mutual Fund,Regular,Other,,
112101,INF109KA1XQ0,-,ICICI Prudential R.I.G.H.T (Rewards of Investing & Generation of Healthy Tax-Savings) Fund,Close Ended Schemes(ELSS),ICICI Prudential Mutual Fund,Regular,Other,,
112100,INF109KA1XP2,-,ICICI Prudential R.I.G.H.T (Rewards of Investing & Generation of Healthy Tax-Savings) Fund,Close Ended Schemes(ELSS),ICICI Prudential Mutual Fund,Regular,Other,,
107900,INF204K01ON2,-,Reliance Equity Linked Saving Fund - Series I,Close Ended Schemes(ELSS),Nippon India Mutual Fund,Regular,Other,,
107901,INF204K01OM4,-,Reliance Equity Linked Saving Fund - Series I,Close Ended Schemes(ELSS),Nippon India Mutual Fund,Regular,Other,,
139711,INF903JA1443,-,SUNDARAM LONG TERM MICRO CAP TAX ADVANTAGE FUND SERIES III,Close Ended Schemes(ELSS),Sundaram Mutual Fund,Regular,Other,,
139710,INF903JA1450,-,SUNDARAM LONG TERM MICRO CAP TAX ADVANTAGE FUND SERIES III,Close Ended Schemes(ELSS),Sundaram Mutual Fund,Regular,Other,,
139709,INF903JA1427,-,SUNDARAM LONG TERM MICRO CAP TAX ADVANTAGE FUND SERIES III,Close Ended Schemes(ELSS),Sundaram Mutual Fund,Regular,Other,,
139712,INF903JA1435,-,SUNDARAM LONG TERM MICRO CAP TAX ADVANTAGE FUND SERIES III,Close Ended Schemes(ELSS),Sundaram Mutual Fund,Regular,Other,,
139990,INF903JA1526,-,SUNDARAM LONG TERM MICRO CAP TAX ADVANTAGE FUND SERIES IV,Close Ended Schemes(ELSS),Sundaram Mutual Fund,Regular,Other,,
139989,INF903JA1534,-,SUNDARAM LONG TERM MICRO CAP TAX ADVANTAGE FUND SERIES IV,Close Ended Schemes(ELSS),Sundaram Mutual Fund,Regular,Other,,
139992,INF903JA1500,-,SUNDARAM LONG TERM MICRO CAP TAX ADVANTAGE FUND SERIES IV,Close Ended Schemes(ELSS),Sundaram Mutual Fund,Regular,Other,,
139991,INF903JA1518,-,SUNDARAM LONG TERM MICRO CAP TAX ADVANTAGE FUND SERIES IV,Close Ended Schemes(ELSS),Sundaram Mutual Fund,Regular,Other,,
141564,INF903JA1AZ0,-,SUNDARAM LONG TERM MICRO CAP TAX ADVANTAGE FUND SERIES VI,Close Ended Schemes(ELSS),Sundaram Mutual Fund,Regular,Other,,
141567,INF903JA1BA1,-,SUNDARAM LONG TERM MICRO CAP TAX ADVANTAGE FUND SERIES VI,Close Ended Schemes(ELSS),Sundaram Mutual Fund,Regular,Other,,
141565,INF903JA1AX5,-,SUNDARAM LONG TERM MICRO CAP TAX ADVANTAGE FUND SERIES VI,Close Ended Schemes(ELSS),Sundaram Mutual Fund,Regular,Other,,
141566,INF903JA1AY3,-,SUNDARAM LONG TERM MICRO CAP TAX ADVANTAGE FUND SERIES VI,Close Ended Schemes(ELSS),Sundaram Mutual Fund,Regular,Other,,
141141,INF903JA1955,-,SUNDARAM LONG TERM MICRO CAP TAX ADVANTAGE SERIES V,Close Ended Schemes(ELSS),Sundaram Mutual Fund,Regular,Other,,
141142,INF903JA1963,-,SUNDARAM LONG TERM MICRO CAP TAX ADVANTAGE SERIES V,Close Ended Schemes(ELSS),Sundaram Mutual Fund,Regular,Other,,
141139,INF903JA1930,-,SUNDARAM LONG TERM MICRO CAP TAX ADVANTAGE SERIES V,Close Ended Schemes(ELSS),Sundaram Mutual Fund,Regular,Other,,
141140,INF903JA1948,-,SUNDARAM LONG TERM MICRO CAP TAX ADVANTAGE SERIES V,Close Ended Schemes(ELSS),Sundaram Mutual Fund,Regular,Other,,
133324,INF903J014A9,-,Sundaram Long Term Tax Advantage Fund Series I (10 years),Close Ended Schemes(ELSS),Sundaram Mutual Fund,Regular,Other,,
133325,INF903J015A6,-,Sundaram Long Term Tax Advantage Fund Series I (10 years),Close Ended Schemes(ELSS),Sundaram Mutual Fund,Regular,Other,,
133322,INF903J012A3,-,Sundaram Long Term Tax Advantage Fund Series I (10 years),Close Ended Schemes(ELSS),Sundaram Mutual Fund,Regular,Other,,
133323,INF903J013A1,-,Sundaram Long Term Tax Advantage Fund Series I (10 years),Close Ended Schemes(ELSS),Sundaram Mutual Fund,Regular,Other,,
142153,INF903JA1BT1,-,Sundaram Long Term Tax Advantage Fund Series III,Close Ended Schemes(ELSS),Sundaram Mutual Fund,Regular,Other,,
142154,INF903JA1BU9,-,Sundaram Long Term Tax Advantage Fund Series III,Close Ended Schemes(ELSS),Sundaram Mutual Fund,Regular,Other,,
142151,INF903JA1BR5,-,Sundaram Long Term Tax Advantage Fund Series III,Close Ended Schemes(ELSS),Sundaram Mutual Fund,Regular,Other,,
142152,INF903JA1BS3,-,Sundaram Long Term Tax Advantage Fund Series III,Close Ended Schemes(ELSS),Sundaram Mutual Fund,Regular,Other,,
143079,INF903JA1CZ6,-,Sundaram Long Term Tax Advantage Fund Series IV,Close Ended Schemes(ELSS),Sundaram Mutual Fund,Regular,Other,,
143080,INF903JA1DA7,-,Sundaram Long Term Tax Advantage Fund Series IV,Close Ended Schemes(ELSS),Sundaram Mutual Fund,Regular,Other,,
143077,INF903JA1CX1,-,Sundaram Long Term Tax Advantage Fund Series IV,Close Ended Schemes(ELSS),Sundaram Mutual Fund,Regular,Other,,
143078,INF903JA1CY9,-,Sundaram Long Term Tax Advantage Fund Series IV,Close Ended Schemes(ELSS),Sundaram Mutual Fund,Regular,Other,,
135682,INF903J011W9,-,SUNDARAM LONG TERM TAX ADVANTAGE SERIES II,Close Ended Schemes(ELSS),Sundaram Mutual Fund,Regular,Other,,
135681,INF903J012W7,-,SUNDARAM LONG TERM TAX ADVANTAGE SERIES II,Close Ended Schemes(ELSS),Sundaram Mutual Fund,Regular,Other,,
135684,INF903J019V4,-,SUNDARAM LONG TERM TAX ADVANTAGE SERIES II,Close Ended Schemes(ELSS),Sundaram Mutual Fund,Regular,Other,,
135683,INF903J010W1,-,SUNDARAM LONG TERM TAX ADVANTAGE SERIES II,Close Ended Schemes(ELSS),Sundaram Mutual Fund,Regular,Other,,
135962,INF789FB19N1,-,UTI - Long Term Advantage Fund Series III,Close Ended Schemes(ELSS),UTI Mutual Fund,Regular,Other,,
135965,INF789FB18N3,-,UTI - Long Term Advantage Fund Series III,Close Ended Schemes(ELSS),UTI Mutual Fund,Regular,Other,,
135964,INF789FB17N5,-,UTI - Long Term Advantage Fund Series III,Close Ended Schemes(ELSS),UTI Mutual Fund,Regular,Other,,
135963,INF789FB16N7,-,UTI - Long Term Advantage Fund Series III,Close Ended Schemes(ELSS),UTI Mutual Fund,Regular,Other,,
140046,INF789FC1FE5,-,UTI - Long Term Advantage Fund Series IV,Close Ended Schemes(ELSS),UTI Mutual Fund,Regular,Other,,
140044,INF789FC1FD7,-,UTI - Long Term Advantage Fund Series IV,Close Ended Schemes(ELSS),UTI Mutual Fund,Regular,Other,,
140045,INF789FC1FC9,-,UTI - Long Term Advantage Fund Series IV,Close Ended Schemes(ELSS),UTI Mutual Fund,Regular,Other,,
140043,INF789FC1FB1,-,UTI - Long Term Advantage Fund Series IV,Close Ended Schemes(ELSS),UTI Mutual Fund,Regular,Other,,
140454,INF789FC1HT9,-,UTI - Long Term Advantage Fund Series V,Close Ended Schemes(ELSS),UTI Mutual Fund,Regular,Other,,
140457,INF789FC1HS1,-,UTI - Long Term Advantage Fund Series V,Close Ended Schemes(ELSS),UTI Mutual Fund,Regular,Other,,
140455,INF789FC1HR3,-,UTI - Long Term Advantage Fund Series V,Close Ended Schemes(ELSS),UTI Mutual Fund,Regular,Other,,
140456,INF789FC1HQ5,-,UTI - Long Term Advantage Fund Series V,Close Ended Schemes(ELSS),UTI Mutual Fund,Regular,Other,,
141892,INF789FC1V82,-,UTI - Long Term Advantage Fund Series VI,Close Ended Schemes(ELSS),UTI Mutual Fund,Regular,Other,,
141894,INF789FC1V74,-,UTI - Long Term Advantage Fund Series VI,Close Ended Schemes(ELSS),UTI Mutual Fund,Regular,Other,,
141893,INF789FC1V66,-,UTI - Long Term Advantage Fund Series VI,Close Ended Schemes(ELSS),UTI Mutual Fund,Regular,Other,,
141891,INF789FC1V58,-,UTI - Long Term Advantage Fund Series VI,Close Ended Schemes(ELSS),UTI Mutual Fund,Regular,Other,,
141581,INF179KC1AL2,-,HDFC Equity Opp Fund - II - 1100D June 2017 (1),Close Ended Schemes(Growth),HDFC Mutual Fund,Regular,Other,,
141580,INF179KC1AJ6,-,HDFC Equity Opp Fund - II - 1100D June 2017 (1),Close Ended Schemes(Growth),HDFC Mutual Fund,Regular,Other,,
141579,INF179KC1AM0,-,HDFC Equity Opp Fund - II - 1100D June 2017 (1),Close Ended Schemes(Growth),HDFC Mutual Fund,Regular,Other,,
141578,INF179KC1AK4,-,HDFC Equity Opp Fund - II - 1100D June 2017 (1),Close Ended Schemes(Growth),HDFC Mutual Fund,Regular,Other,,
141429,INF179KC1AH0,-,HDFC Equity Opp Fund - II - 1126D May 2017 (1),Close Ended Schemes(Growth),HDFC Mutual Fund,Regular,Other,,
141430,INF179KC1AF4,-,HDFC Equity Opp Fund - II - 1126D May 2017 (1),Close Ended Schemes(Growth),HDFC Mutual Fund,Regular,Other,,
141431,INF179KC1AI8,-,HDFC Equity Opp Fund - II - 1126D May 2017 (1),Close Ended Schemes(Growth),HDFC Mutual Fund,Regular,Other,,
141428,INF179KC1AG2,-,HDFC Equity Opp Fund - II - 1126D May 2017 (1),Close Ended Schemes(Growth),HDFC Mutual Fund,Regular,Other,,
142952,INF109KC1BL5,-,ICICI Prudential Bharat Consumption Fund - Series 1,Close Ended Schemes(Growth),ICICI Prudential Mutual Fund,Regular,Other,,
142951,INF109KC1BN1,-,ICICI Prudential Bharat Consumption Fund - Series 1,Close Ended Schemes(Growth),ICICI Prudential Mutual Fund,Regular,Other,,
142950,INF109KC1BO9,-,ICICI Prudential Bharat Consumption Fund - Series 1,Close Ended Schemes(Growth),ICICI Prudential Mutual Fund,Regular,Other,,
142949,INF109KC1BM3,-,ICICI Prudential Bharat Consumption Fund - Series 1,Close Ended Schemes(Growth),ICICI Prudential Mutual Fund,Regular,Other,,
143152,INF109KC1CV2,-,ICICI Prudential Bharat Consumption Fund - Series 2,Close Ended Schemes(Growth),ICICI Prudential Mutual Fund,Regular,Other,,
143153,INF109KC1CX8,-,ICICI Prudential Bharat Consumption Fund - Series 2,Close Ended Schemes(Growth),ICICI Prudential Mutual Fund,Regular,Other,,
143154,INF109KC1CY6,-,ICICI Prudential Bharat Consumption Fund - Series 2,Close Ended Schemes(Growth),ICICI Prudential Mutual Fund,Regular,Other,,
143155,INF109KC1CW0,-,ICICI Prudential Bharat Consumption Fund - Series 2,Close Ended Schemes(Growth),ICICI Prudential Mutual Fund,Regular,Other,,
143964,INF109KC1GQ3,-,ICICI Prudential Bharat Consumption Fund - Series 3,Close Ended Schemes(Growth),ICICI Prudential Mutual Fund,Regular,Other,,
143961,INF109KC1GS9,-,ICICI Prudential Bharat Consumption Fund - Series 3,Close Ended Schemes(Growth),ICICI Prudential Mutual Fund,Regular,Other,,
143962,INF109KC1GT7,-,ICICI Prudential Bharat Consumption Fund - Series 3,Close Ended Schemes(Growth),ICICI Prudential Mutual Fund,Regular,Other,,
143963,INF109KC1GR1,-,ICICI Prudential Bharat Consumption Fund - Series 3,Close Ended Schemes(Growth),ICICI Prudential Mutual Fund,Regular,Other,,
144445,INF109KC1IU1,-,ICICI Prudential Bharat Consumption Fund - Series 4,Close Ended Schemes(Growth),ICICI Prudential Mutual Fund,Regular,Other,,
144448,INF109KC1IW7,-,ICICI Prudential Bharat Consumption Fund - Series 4,Close Ended Schemes(Growth),ICICI Prudential Mutual Fund,Regular,Other,,
144447,INF109KC1IX5,-,ICICI Prudential Bharat Consumption Fund - Series 4,Close Ended Schemes(Growth),ICICI Prudential Mutual Fund,Regular,Other,,
144446,INF109KC1IV9,-,ICICI Prudential Bharat Consumption Fund - Series 4,Close Ended Schemes(Growth),ICICI Prudential Mutual Fund,Regular,Other,,
145446,INF109KC1NO4,-,ICICI Prudential Bharat Consumption Fund - Series 5,Close Ended Schemes(Growth),ICICI Prudential Mutual Fund,Regular,Other,,
145443,INF109KC1NQ9,-,ICICI Prudential Bharat Consumption Fund - Series 5,Close Ended Schemes(Growth),ICICI Prudential Mutual Fund,Regular,Other,,
145444,INF109KC1NR7,-,ICICI Prudential Bharat Consumption Fund - Series 5,Close Ended Schemes(Growth),ICICI Prudential Mutual Fund,Regular,Other,,
145445,INF109KC1NP1,-,ICICI Prudential Bharat Consumption Fund - Series 5,Close Ended Schemes(Growth),ICICI Prudential Mutual Fund,Regular,Other,,
135406,INF109KB1MX8,-,ICICI Prudential Business Cycle Fund - Series 1,Close Ended Schemes(Growth),ICICI Prudential Mutual Fund,Regular,Other,,
135404,INF109KB1MV2,-,ICICI Prudential Business Cycle Fund - Series 1,Close Ended Schemes(Growth),ICICI Prudential Mutual Fund,Regular,Other,,
135405,INF109KB1MW0,-,ICICI Prudential Business Cycle Fund - Series 1,Close Ended Schemes(Growth),ICICI Prudential Mutual Fund,Regular,Other,,
135407,INF109KB1MY6,-,ICICI Prudential Business Cycle Fund - Series 1,Close Ended Schemes(Growth),ICICI Prudential Mutual Fund,Regular,Other,,
135550,INF109KB1OH7,-,ICICI Prudential Business Cycle Fund - Series 2,Close Ended Schemes(Growth),ICICI Prudential Mutual Fund,Regular,Other,,
135549,INF109KB1OI5,-,ICICI Prudential Business Cycle Fund - Series 2,Close Ended Schemes(Growth),ICICI Prudential Mutual Fund,Regular,Other,,
135547,INF109KB1OF1,-,ICICI Prudential Business Cycle Fund - Series 2,Close Ended Schemes(Growth),ICICI Prudential Mutual Fund,Regular,Other,,
135548,INF109KB1OG9,-,ICICI Prudential Business Cycle Fund - Series 2,Close Ended Schemes(Growth),ICICI Prudential Mutual Fund,Regular,Other,,
135996,INF109KB1PX1,-,ICICI Prudential Business Cycle Fund - Series 3,Close Ended Schemes(Growth),ICICI Prudential Mutual Fund,Regular,Other,,
135998,INF109KB1PZ6,-,ICICI Prudential Business Cycle Fund - Series 3,Close Ended Schemes(Growth),ICICI Prudential Mutual Fund,Regular,Other,,
135999,INF109KB1QA7,-,ICICI Prudential Business Cycle Fund - Series 3,Close Ended Schemes(Growth),ICICI Prudential Mutual Fund,Regular,Other,,
135997,INF109KB1PY9,-,ICICI Prudential Business Cycle Fund - Series 3,Close Ended Schemes(Growth),ICICI Prudential Mutual Fund,Regular,Other,,
126677,INF109KA1LK8,-,ICICI Prudential Equity Savings Fund â Series 1,Close Ended Schemes(Growth),ICICI Prudential Mutual Fund,Regular,Other,,
126675,INF109KA1LJ0,-,ICICI Prudential Equity Savings Fund â Series 1,Close Ended Schemes(Growth),ICICI Prudential Mutual Fund,Regular,Other,,
126676,INF109KA1LL6,-,ICICI Prudential Equity Savings Fund â Series 1,Close Ended Schemes(Growth),ICICI Prudential Mutual Fund,Regular,Other,,
126678,INF109KA1LM4,-,ICICI Prudential Equity Savings Fund â Series 1,Close Ended Schemes(Growth),ICICI Prudential Mutual Fund,Regular,Other,,
130003,INF109KB12R8,-,ICICI Prudential Growth Fund - Series 1,Close Ended Schemes(Growth),ICICI Prudential Mutual Fund,Regular,Growth,,
130004,INF109KB13R6,-,ICICI Prudential Growth Fund - Series 1,Close Ended Schemes(Growth),ICICI Prudential Mutual Fund,Regular,Growth,,
130593,INF109KC1796,-,ICICI Prudential Growth Fund - Series 2,Close Ended Schemes(Growth),ICICI Prudential Mutual Fund,Regular,Growth,,
130594,INF109KC1804,-,ICICI Prudential Growth Fund - Series 2,Close Ended Schemes(Growth),ICICI Prudential Mutual Fund,Regular,Growth,,
131317,INF109KA1S17,-,ICICI Prudential Growth Fund - Series 3,Close Ended Schemes(Growth),ICICI Prudential Mutual Fund,Regular,Growth,,
131318,INF109KA1S09,-,ICICI Prudential Growth Fund - Series 3,Close Ended Schemes(Growth),ICICI Prudential Mutual Fund,Regular,Growth,,
131545,INF109KA1Y76,-,ICICI Prudential Growth Fund - Series 4,Close Ended Schemes(Growth),ICICI Prudential Mutual Fund,Regular,Growth,,
131546,INF109KA1Y68,-,ICICI Prudential Growth Fund - Series 4,Close Ended Schemes(Growth),ICICI Prudential Mutual Fund,Regular,Growth,,
133128,INF109KA13K3,-,ICICI Prudential Growth Fund - Series 5,Close Ended Schemes(Growth),ICICI Prudential Mutual Fund,Regular,Growth,,
133129,INF109KA12K5,-,ICICI Prudential Growth Fund - Series 5,Close Ended Schemes(Growth),ICICI Prudential Mutual Fund,Regular,Growth,,
133274,INF109KA14O3,-,ICICI Prudential Growth Fund - Series 6,Close Ended Schemes(Growth),ICICI Prudential Mutual Fund,Regular,Growth,,
133275,INF109KA15O0,-,ICICI Prudential Growth Fund - Series 6,Close Ended Schemes(Growth),ICICI Prudential Mutual Fund,Regular,Growth,,
133425,INF109KA18P1,-,ICICI Prudential Growth Fund - Series 7,Close Ended Schemes(Growth),ICICI Prudential Mutual Fund,Regular,Growth,,
133426,INF109KA19P9,-,ICICI Prudential Growth Fund - Series 7,Close Ended Schemes(Growth),ICICI Prudential Mutual Fund,Regular,Growth,,
133468,INF109KA19R5,-,ICICI Prudential Growth Fund - Series 8,Close Ended Schemes(Growth),ICICI Prudential Mutual Fund,Regular,Growth,,
133467,INF109KA10S2,-,ICICI Prudential Growth Fund - Series 8,Close Ended Schemes(Growth),ICICI Prudential Mutual Fund,Regular,Growth,,
133965,INF109KB1128,-,ICICI Prudential India Recovery Fund - Series 1,Close Ended Schemes(Growth),ICICI Prudential Mutual Fund,Regular,Other,,
133966,INF109KB1110,-,ICICI Prudential India Recovery Fund - Series 1,Close Ended Schemes(Growth),ICICI Prudential Mutual Fund,Regular,Other,,
134043,INF109KB1300,-,ICICI Prudential India Recovery Fund - Series 2,Close Ended Schemes(Growth),ICICI Prudential Mutual Fund,Regular,Other,,
134042,INF109KB1292,-,ICICI Prudential India Recovery Fund - Series 2,Close Ended Schemes(Growth),ICICI Prudential Mutual Fund,Regular,Other,,
135323,INF109KB1MD0,-,ICICI Prudential India Recovery Fund - Series 3,Close Ended Schemes(Growth),ICICI Prudential Mutual Fund,Regular,Other,,
135322,INF109KB1ME8,-,ICICI Prudential India Recovery Fund - Series 3,Close Ended Schemes(Growth),ICICI Prudential Mutual Fund,Regular,Other,,
135216,INF109KB1LQ4,-,ICICI Prudential India Recovery Fund - Series 3,Close Ended Schemes(Growth),ICICI Prudential Mutual Fund,Regular,Other,,
135217,INF109KB1LP6,-,ICICI Prudential India Recovery Fund - Series 3,Close Ended Schemes(Growth),ICICI Prudential Mutual Fund,Regular,Other,,
136180,INF109KB1QX9,-,ICICI Prudential India Recovery Fund - Series 4,Close Ended Schemes(Growth),ICICI Prudential Mutual Fund,Regular,Other,,
136181,INF109KB1QY7,-,ICICI Prudential India Recovery Fund - Series 4,Close Ended Schemes(Growth),ICICI Prudential Mutual Fund,Regular,Other,,
136182,INF109KB1QW1,-,ICICI Prudential India Recovery Fund - Series 4,Close Ended Schemes(Growth),ICICI Prudential Mutual Fund,Regular,Other,,
136183,INF109KB1QV3,-,ICICI Prudential India Recovery Fund - Series 4,Close Ended Schemes(Growth),ICICI Prudential Mutual Fund,Regular,Other,,
139263,INF109KB1UT9,-,ICICI Prudential India Recovery Fund - Series 5,Close Ended Schemes(Growth),ICICI Prudential Mutual Fund,Regular,Other,,
139264,INF109KB1UU7,-,ICICI Prudential India Recovery Fund - Series 5,Close Ended Schemes(Growth),ICICI Prudential Mutual Fund,Regular,Other,,
139261,INF109KB1US1,-,ICICI Prudential India Recovery Fund - Series 5,Close Ended Schemes(Growth),ICICI Prudential Mutual Fund,Regular,Other,,
139262,INF109KB1UR3,-,ICICI Prudential India Recovery Fund - Series 5,Close Ended Schemes(Growth),ICICI Prudential Mutual Fund,Regular,Other,,
139408,INF109KB1WJ6,-,ICICI Prudential India Recovery Fund - Series 7,Close Ended Schemes(Growth),ICICI Prudential Mutual Fund,Regular,Other,,
139409,INF109KB1WI8,-,ICICI Prudential India Recovery Fund - Series 7,Close Ended Schemes(Growth),ICICI Prudential Mutual Fund,Regular,Other,,
124842,INF109KB1J57,-,ICICI Prudential Value Fund - Series 1,Close Ended Schemes(Growth),ICICI Prudential Mutual Fund,Regular,Other,,
124843,INF109KB1J40,-,ICICI Prudential Value Fund - Series 1,Close Ended Schemes(Growth),ICICI Prudential Mutual Fund,Regular,Other,,
140435,INF109KB1L87,-,ICICI Prudential Value Fund - Series 10,Close Ended Schemes(Growth),ICICI Prudential Mutual Fund,Regular,Other,,
140433,INF109KB1M03,-,ICICI Prudential Value Fund - Series 10,Close Ended Schemes(Growth),ICICI Prudential Mutual Fund,Regular,Other,,
140436,INF109KB1M11,-,ICICI Prudential Value Fund - Series 10,Close Ended Schemes(Growth),ICICI Prudential Mutual Fund,Regular,Other,,
140434,INF109KB1L95,-,ICICI Prudential Value Fund - Series 10,Close Ended Schemes(Growth),ICICI Prudential Mutual Fund,Regular,Other,,
140500,INF109KB1M60,-,ICICI Prudential Value Fund - Series 11,Close Ended Schemes(Growth),ICICI Prudential Mutual Fund,Regular,Other,,
140502,INF109KB1M86,-,ICICI Prudential Value Fund - Series 11,Close Ended Schemes(Growth),ICICI Prudential Mutual Fund,Regular,Other,,
140503,INF109KB1M94,-,ICICI Prudential Value Fund - Series 11,Close Ended Schemes(Growth),ICICI Prudential Mutual Fund,Regular,Other,,
140501,INF109KB1M78,-,ICICI Prudential Value Fund - Series 11,Close Ended Schemes(Growth),ICICI Prudential Mutual Fund,Regular,Other,,
141108,INF109KB1X91,-,ICICI Prudential Value Fund - Series 12,Close Ended Schemes(Growth),ICICI Prudential Mutual Fund,Regular,Other,,
141110,INF109KB1X75,-,ICICI Prudential Value Fund - Series 12,Close Ended Schemes(Growth),ICICI Prudential Mutual Fund,Regular,Other,,
141286,INF109KB13C8,-,ICICI Prudential Value Fund - Series 13,Close Ended Schemes(Growth),ICICI Prudential Mutual Fund,Regular,Other,,
141285,INF109KB11C2,-,ICICI Prudential Value Fund - Series 13,Close Ended Schemes(Growth),ICICI Prudential Mutual Fund,Regular,Other,,
141558,INF109KB16J6,-,ICICI Prudential Value Fund - Series 14,Close Ended Schemes(Growth),ICICI Prudential Mutual Fund,Regular,Other,,
141559,INF109KB18J2,-,ICICI Prudential Value Fund - Series 14,Close Ended Schemes(Growth),ICICI Prudential Mutual Fund,Regular,Other,,
141427,INF109KB19J0,-,ICICI Prudential Value Fund - Series 14,Close Ended Schemes(Growth),ICICI Prudential Mutual Fund,Regular,Other,,
141426,INF109KB17J4,-,ICICI Prudential Value Fund - Series 14,Close Ended Schemes(Growth),ICICI Prudential Mutual Fund,Regular,Other,,
141601,INF109KB16S7,-,ICICI Prudential Value Fund - Series 15,Close Ended Schemes(Growth),ICICI Prudential Mutual Fund,Regular,Other,,
141604,INF109KB18S3,-,ICICI Prudential Value Fund - Series 15,Close Ended Schemes(Growth),ICICI Prudential Mutual Fund,Regular,Other,,
141602,INF109KB19S1,-,ICICI Prudential Value Fund - Series 15,Close Ended Schemes(Growth),ICICI Prudential Mutual Fund,Regular,Other,,
141603,INF109KB17S5,-,ICICI Prudential Value Fund - Series 15,Close Ended Schemes(Growth),ICICI Prudential Mutual Fund,Regular,Other,,
141677,INF109KB15T7,-,ICICI Prudential Value Fund - Series 16,Close Ended Schemes(Growth),ICICI Prudential Mutual Fund,Regular,Other,,
141678,INF109KB17T3,-,ICICI Prudential Value Fund - Series 16,Close Ended Schemes(Growth),ICICI Prudential Mutual Fund,Regular,Other,,
141679,INF109KB18T1,-,ICICI Prudential Value Fund - Series 16,Close Ended Schemes(Growth),ICICI Prudential Mutual Fund,Regular,Other,,
141676,INF109KB16T5,-,ICICI Prudential Value Fund - Series 16,Close Ended Schemes(Growth),ICICI Prudential Mutual Fund,Regular,Other,,
141790,INF109KB11W0,-,ICICI Prudential Value Fund - Series 17,Close Ended Schemes(Growth),ICICI Prudential Mutual Fund,Regular,Other,,
141788,INF109KB19V5,-,ICICI Prudential Value Fund - Series 17,Close Ended Schemes(Growth),ICICI Prudential Mutual Fund,Regular,Other,,
141787,INF109KB10W2,-,ICICI Prudential Value Fund - Series 17,Close Ended Schemes(Growth),ICICI Prudential Mutual Fund,Regular,Other,,
141789,INF109KB12W8,-,ICICI Prudential Value Fund - Series 17,Close Ended Schemes(Growth),ICICI Prudential Mutual Fund,Regular,Other,,
141879,INF109KB11Y6,-,ICICI Prudential Value Fund - Series 18,Close Ended Schemes(Growth),ICICI Prudential Mutual Fund,Regular,Other,,
141882,INF109KB13Y2,-,ICICI Prudential Value Fund - Series 18,Close Ended Schemes(Growth),ICICI Prudential Mutual Fund,Regular,Other,,
141880,INF109KB14Y0,-,ICICI Prudential Value Fund - Series 18,Close Ended Schemes(Growth),ICICI Prudential Mutual Fund,Regular,Other,,
141881,INF109KB12Y4,-,ICICI Prudential Value Fund - Series 18,Close Ended Schemes(Growth),ICICI Prudential Mutual Fund,Regular,Other,,
142071,INF109KB16Z2,-,ICICI Prudential Value Fund - Series 19,Close Ended Schemes(Growth),ICICI Prudential Mutual Fund,Regular,Other,,
142072,INF109KB18Z8,-,ICICI Prudential Value Fund - Series 19,Close Ended Schemes(Growth),ICICI Prudential Mutual Fund,Regular,Other,,
142073,INF109KB19Z6,-,ICICI Prudential Value Fund - Series 19,Close Ended Schemes(Growth),ICICI Prudential Mutual Fund,Regular,Other,,
142074,INF109KB17Z0,-,ICICI Prudential Value Fund - Series 19,Close Ended Schemes(Growth),ICICI Prudential Mutual Fund,Regular,Other,,
125410,INF109KB1L38,-,ICICI Prudential Value Fund - Series 2,Close Ended Schemes(Growth),ICICI Prudential Mutual Fund,Regular,Other,,
125411,INF109KB1L20,-,ICICI Prudential Value Fund - Series 2,Close Ended Schemes(Growth),ICICI Prudential Mutual Fund,Regular,Other,,
142288,INF109KC1333,-,ICICI Prudential Value Fund - Series 20,Close Ended Schemes(Growth),ICICI Prudential Mutual Fund,Regular,Other,,
142289,INF109KC1358,-,ICICI Prudential Value Fund - Series 20,Close Ended Schemes(Growth),ICICI Prudential Mutual Fund,Regular,Other,,
142291,INF109KC1366,-,ICICI Prudential Value Fund - Series 20,Close Ended Schemes(Growth),ICICI Prudential Mutual Fund,Regular,Other,,
142290,INF109KC1341,-,ICICI Prudential Value Fund - Series 20,Close Ended Schemes(Growth),ICICI Prudential Mutual Fund,Regular,Other,,
127628,INF109KA1OE5,-,ICICI Prudential Value Fund - Series 3,Close Ended Schemes(Growth),ICICI Prudential Mutual Fund,Regular,Other,,
127629,INF109KA1OD7,-,ICICI Prudential Value Fund - Series 3,Close Ended Schemes(Growth),ICICI Prudential Mutual Fund,Regular,Other,,
129229,INF109KA1TQ8,-,ICICI Prudential Value Fund - Series 4,Close Ended Schemes(Growth),ICICI Prudential Mutual Fund,Regular,Other,,
129235,INF109KA1TP0,-,ICICI Prudential Value Fund - Series 4,Close Ended Schemes(Growth),ICICI Prudential Mutual Fund,Regular,Other,,
129234,INF109KA1TR6,-,ICICI Prudential Value Fund - Series 4,Close Ended Schemes(Growth),ICICI Prudential Mutual Fund,Regular,Other,,
129228,INF109KA1TS4,-,ICICI Prudential Value Fund - Series 4,Close Ended Schemes(Growth),ICICI Prudential Mutual Fund,Regular,Other,,
130987,INF109KA1J00,-,ICICI Prudential Value Fund - Series 5,Close Ended Schemes(Growth),ICICI Prudential Mutual Fund,Regular,Other,,
130988,INF109KA1J26,-,ICICI Prudential Value Fund - Series 5,Close Ended Schemes(Growth),ICICI Prudential Mutual Fund,Regular,Other,,
130986,INF109KA1J34,-,ICICI Prudential Value Fund - Series 5,Close Ended Schemes(Growth),ICICI Prudential Mutual Fund,Regular,Other,,
130985,INF109KA1J18,-,ICICI Prudential Value Fund - Series 5,Close Ended Schemes(Growth),ICICI Prudential Mutual Fund,Regular,Other,,
134192,INF109KB1557,-,ICICI Prudential Value Fund - Series 6,Close Ended Schemes(Growth),ICICI Prudential Mutual Fund,Regular,Other,,
134191,INF109KB1565,-,ICICI Prudential Value Fund - Series 6,Close Ended Schemes(Growth),ICICI Prudential Mutual Fund,Regular,Other,,
134189,INF109KB1573,-,ICICI Prudential Value Fund - Series 6,Close Ended Schemes(Growth),ICICI Prudential Mutual Fund,Regular,Other,,
134190,INF109KB1581,-,ICICI Prudential Value Fund - Series 6,Close Ended Schemes(Growth),ICICI Prudential Mutual Fund,Regular,Other,,
134657,INF109KB1EW7,-,ICICI Prudential Value Fund - Series 7,Close Ended Schemes(Growth),ICICI Prudential Mutual Fund,Regular,Other,,
134656,INF109KB1EU1,-,ICICI Prudential Value Fund - Series 7,Close Ended Schemes(Growth),ICICI Prudential Mutual Fund,Regular,Other,,
135035,INF109KC1JK0,-,ICICI Prudential Value Fund - Series 8,Close Ended Schemes(Growth),ICICI Prudential Mutual Fund,Regular,Other,,
135036,INF109KC1JJ2,-,ICICI Prudential Value Fund - Series 8,Close Ended Schemes(Growth),ICICI Prudential Mutual Fund,Regular,Other,,
140029,INF109KB1I25,-,ICICI Prudential Value Fund - Series 9,Close Ended Schemes(Growth),ICICI Prudential Mutual Fund,Regular,Other,,
140031,INF109KB1I41,-,ICICI Prudential Value Fund - Series 9,Close Ended Schemes(Growth),ICICI Prudential Mutual Fund,Regular,Other,,
140032,INF109KB1I58,-,ICICI Prudential Value Fund - Series 9,Close Ended Schemes(Growth),ICICI Prudential Mutual Fund,Regular,Other,,
140030,INF109KB1I33,-,ICICI Prudential Value Fund - Series 9,Close Ended Schemes(Growth),ICICI Prudential Mutual Fund,Regular,Other,,
134568,INF174K01P57,-,Kotak India Growth Fund - Series I,Close Ended Schemes(Growth),Kotak Mahindra Mutual Fund,Regular,Growth,,
134567,INF174K01P40,-,Kotak India Growth Fund - Series I,Close Ended Schemes(Growth),Kotak Mahindra Mutual Fund,Regular,Growth,,
134566,INF174K01P32,-,Kotak India Growth Fund - Series I,Close Ended Schemes(Growth),Kotak Mahindra Mutual Fund,Regular,Growth,,
134565,INF174K01P24,-,Kotak India Growth Fund - Series I,Close Ended Schemes(Growth),Kotak Mahindra Mutual Fund,Regular,Growth,,
142417,INF174KA1GD3,-,Kotak India Growth Fund Series 4,Close Ended Schemes(Growth),Kotak Mahindra Mutual Fund,Regular,Growth,,
142418,INF174KA1GF8,-,Kotak India Growth Fund Series 4,Close Ended Schemes(Growth),Kotak Mahindra Mutual Fund,Regular,Growth,,
142415,INF174KA1GG6,-,Kotak India Growth Fund Series 4,Close Ended Schemes(Growth),Kotak Mahindra Mutual Fund,Regular,Growth,,
142416,INF174KA1GE1,-,Kotak India Growth Fund Series 4,Close Ended Schemes(Growth),Kotak Mahindra Mutual Fund,Regular,Growth,,
143245,INF174K014X0,-,Kotak India Growth Fund Series 5,Close Ended Schemes(Growth),Kotak Mahindra Mutual Fund,Regular,Growth,,
143244,INF174K013X2,-,Kotak India Growth Fund Series 5,Close Ended Schemes(Growth),Kotak Mahindra Mutual Fund,Regular,Growth,,
143246,INF174K012X4,-,Kotak India Growth Fund Series 5,Close Ended Schemes(Growth),Kotak Mahindra Mutual Fund,Regular,Growth,,
143243,INF174K011X6,-,Kotak India Growth Fund Series 5,Close Ended Schemes(Growth),Kotak Mahindra Mutual Fund,Regular,Growth,,
144673,INF174KA1525,-,Kotak India Growth Fund Series 7,Close Ended Schemes(Growth),Kotak Mahindra Mutual Fund,Regular,Growth,,
144674,INF174KA1517,-,Kotak India Growth Fund Series 7,Close Ended Schemes(Growth),Kotak Mahindra Mutual Fund,Regular,Growth,,
144676,INF174KA1509,-,Kotak India Growth Fund Series 7,Close Ended Schemes(Growth),Kotak Mahindra Mutual Fund,Regular,Growth,,
144675,INF174KA1533,-,Kotak India Growth Fund Series 7,Close Ended Schemes(Growth),Kotak Mahindra Mutual Fund,Regular,Growth,,
141869,INF204KB1RR3,-,Nippon India Capital Builder Fund IV- Series A,Close Ended Schemes(Growth),Nippon India Mutual Fund,Regular,Other,,
141868,INF204KB1RQ5,-,Nippon India Capital Builder Fund IV- Series A,Close Ended Schemes(Growth),Nippon India Mutual Fund,Regular,Other,,
141870,INF204KB1RP7,-,Nippon India Capital Builder Fund IV- Series A,Close Ended Schemes(Growth),Nippon India Mutual Fund,Regular,Other,,
141867,INF204KB1RO0,-,Nippon India Capital Builder Fund IV- Series A,Close Ended Schemes(Growth),Nippon India Mutual Fund,Regular,Other,,
142006,INF204KB1ST7,-,Nippon India Capital Builder Fund IV- Series C,Close Ended Schemes(Growth),Nippon India Mutual Fund,Regular,Other,,
142005,INF204KB1SS9,-,Nippon India Capital Builder Fund IV- Series C,Close Ended Schemes(Growth),Nippon India Mutual Fund,Regular,Other,,
142008,INF204KB1SR1,-,Nippon India Capital Builder Fund IV- Series C,Close Ended Schemes(Growth),Nippon India Mutual Fund,Regular,Other,,
142007,INF204KB1SQ3,-,Nippon India Capital Builder Fund IV- Series C,Close Ended Schemes(Growth),Nippon India Mutual Fund,Regular,Other,,
142149,INF204KB1TI8,-,Nippon India Capital Builder Fund IV- Series D,Close Ended Schemes(Growth),Nippon India Mutual Fund,Regular,Other,,
142150,INF204KB1TJ6,-,Nippon India Capital Builder Fund IV- Series D,Close Ended Schemes(Growth),Nippon India Mutual Fund,Regular,Other,,
142148,INF204KB1TH0,-,Nippon India Capital Builder Fund IV- Series D,Close Ended Schemes(Growth),Nippon India Mutual Fund,Regular,Other,,
142147,INF204KB1TG2,-,Nippon India Capital Builder Fund IV- Series D,Close Ended Schemes(Growth),Nippon India Mutual Fund,Regular,Other,,
142452,INF204KB1UH8,-,Nippon India Fixed Horizon Fund XXXVI- Series 1,Close Ended Schemes(Growth),Nippon India Mutual Fund,Regular,Other,,
142453,INF204KB1UF2,-,Nippon India Fixed Horizon Fund XXXVI- Series 1,Close Ended Schemes(Growth),Nippon India Mutual Fund,Regular,Other,,
142451,INF204KB1UG0,-,Nippon India Fixed Horizon Fund XXXVI- Series 1,Close Ended Schemes(Growth),Nippon India Mutual Fund,Regular,Other,,
142454,INF204KB1UE5,-,Nippon India Fixed Horizon Fund XXXVI- Series 1,Close Ended Schemes(Growth),Nippon India Mutual Fund,Regular,Other,,
144891,INF204KB1I57,-,Nippon India India Opportunities Fund - Series A,Close Ended Schemes(Growth),Nippon India Mutual Fund,Regular,Other,,
144890,INF204KB1I32,-,Nippon India India Opportunities Fund - Series A,Close Ended Schemes(Growth),Nippon India Mutual Fund,Regular,Other,,
144889,INF204KB1I40,-,Nippon India India Opportunities Fund - Series A,Close Ended Schemes(Growth),Nippon India Mutual Fund,Regular,Other,,
144888,INF204KB1I24,-,Nippon India India Opportunities Fund - Series A,Close Ended Schemes(Growth),Nippon India Mutual Fund,Regular,Other,,
133311,INF204KA1ZJ4,-,Reliance Capital Builder Fund II - Series B,Close Ended Schemes(Growth),Nippon India Mutual Fund,Regular,Other,,
133310,INF204KA1ZI6,-,Reliance Capital Builder Fund II - Series B,Close Ended Schemes(Growth),Nippon India Mutual Fund,Regular,Other,,
133309,INF204KA1ZH8,-,Reliance Capital Builder Fund II - Series B,Close Ended Schemes(Growth),Nippon India Mutual Fund,Regular,Other,,
133308,INF204KA1ZG0,-,Reliance Capital Builder Fund II - Series B,Close Ended Schemes(Growth),Nippon India Mutual Fund,Regular,Other,,
133883,INF204KA1F86,-,Reliance Capital Builder Fund II - Series C,Close Ended Schemes(Growth),Nippon India Mutual Fund,Regular,Other,,
133882,INF204KA1F78,-,Reliance Capital Builder Fund II - Series C,Close Ended Schemes(Growth),Nippon India Mutual Fund,Regular,Other,,
133885,INF204KA1F60,-,Reliance Capital Builder Fund II - Series C,Close Ended Schemes(Growth),Nippon India Mutual Fund,Regular,Other,,
133884,INF204KA1F52,-,Reliance Capital Builder Fund II - Series C,Close Ended Schemes(Growth),Nippon India Mutual Fund,Regular,Other,,
133131,INF204KA1YL3,-,Reliance Capital Builder Fund II- Series A,Close Ended Schemes(Growth),Nippon India Mutual Fund,Regular,Other,,
133132,INF204KA1YK5,-,Reliance Capital Builder Fund II- Series A,Close Ended Schemes(Growth),Nippon India Mutual Fund,Regular,Other,,
133133,INF204KA1YJ7,-,Reliance Capital Builder Fund II- Series A,Close Ended Schemes(Growth),Nippon India Mutual Fund,Regular,Other,,
133134,INF204KA1YI9,-,Reliance Capital Builder Fund II- Series A,Close Ended Schemes(Growth),Nippon India Mutual Fund,Regular,Other,,
134772,INF204KA16D0,-,Reliance Capital Builder Fund III - Series A (3 years),Close Ended Schemes(Growth),Nippon India Mutual Fund,Regular,Other,,
134773,INF204KA15D2,-,Reliance Capital Builder Fund III - Series A (3 years),Close Ended Schemes(Growth),Nippon India Mutual Fund,Regular,Other,,
134775,INF204KA14D5,-,Reliance Capital Builder Fund III - Series A (3 years),Close Ended Schemes(Growth),Nippon India Mutual Fund,Regular,Other,,
134774,INF204KA13D7,-,Reliance Capital Builder Fund III - Series A (3 years),Close Ended Schemes(Growth),Nippon India Mutual Fund,Regular,Other,,
130652,INF204KA1RY0,-,Reliance Capital Builder Fund- Series A,Close Ended Schemes(Growth),Nippon India Mutual Fund,Regular,Other,,
130651,INF204KA1RX2,-,Reliance Capital Builder Fund- Series A,Close Ended Schemes(Growth),Nippon India Mutual Fund,Regular,Other,,
130650,INF204KA1RW4,-,Reliance Capital Builder Fund- Series A,Close Ended Schemes(Growth),Nippon India Mutual Fund,Regular,Other,,
130653,INF204KA1RV6,-,Reliance Capital Builder Fund- Series A,Close Ended Schemes(Growth),Nippon India Mutual Fund,Regular,Other,,
130880,INF204KA1SW2,-,Reliance Capital Builder Fund- Series B,Close Ended Schemes(Growth),Nippon India Mutual Fund,Regular,Other,,
130879,INF204KA1SV4,-,Reliance Capital Builder Fund- Series B,Close Ended Schemes(Growth),Nippon India Mutual Fund,Regular,Other,,
130881,INF204KA1SU6,-,Reliance Capital Builder Fund- Series B,Close Ended Schemes(Growth),Nippon India Mutual Fund,Regular,Other,,
130878,INF204KA1ST8,-,Reliance Capital Builder Fund- Series B,Close Ended Schemes(Growth),Nippon India Mutual Fund,Regular,Other,,
131272,INF204KA1UE6,-,Reliance Capital Builder Fund- Series C,Close Ended Schemes(Growth),Nippon India Mutual Fund,Regular,Other,,
131271,INF204KA1UD8,-,Reliance Capital Builder Fund- Series C,Close Ended Schemes(Growth),Nippon India Mutual Fund,Regular,Other,,
131269,INF204KA1UC0,-,Reliance Capital Builder Fund- Series C,Close Ended Schemes(Growth),Nippon India Mutual Fund,Regular,Other,,
131270,INF204KA1UB2,-,Reliance Capital Builder Fund- Series C,Close Ended Schemes(Growth),Nippon India Mutual Fund,Regular,Other,,
125273,INF204K018R7,-,Reliance Close Ended Equity Fund - Series A,Close Ended Schemes(Growth),Nippon India Mutual Fund,Regular,Other,,
125271,INF204K017R9,-,Reliance Close Ended Equity Fund - Series A,Close Ended Schemes(Growth),Nippon India Mutual Fund,Regular,Other,,
125272,INF204K016R1,-,Reliance Close Ended Equity Fund - Series A,Close Ended Schemes(Growth),Nippon India Mutual Fund,Regular,Other,,
125270,INF204K015R3,-,Reliance Close Ended Equity Fund - Series A,Close Ended Schemes(Growth),Nippon India Mutual Fund,Regular,Other,,
125889,INF204K012S8,-,Reliance Close Ended Equity Fund - Series B,Close Ended Schemes(Growth),Nippon India Mutual Fund,Regular,Other,,
125888,INF204K011S0,-,Reliance Close Ended Equity Fund - Series B,Close Ended Schemes(Growth),Nippon India Mutual Fund,Regular,Other,,
125890,INF204K010S2,-,Reliance Close Ended Equity Fund - Series B,Close Ended Schemes(Growth),Nippon India Mutual Fund,Regular,Other,,
125887,INF204K019R5,-,Reliance Close Ended Equity Fund - Series B,Close Ended Schemes(Growth),Nippon India Mutual Fund,Regular,Other,,
129572,INF204KA1OW1,-,Reliance Close Ended Equity Fund II- Series A,Close Ended Schemes(Growth),Nippon India Mutual Fund,Regular,Other,,
129571,INF204KA1OV3,-,Reliance Close Ended Equity Fund II- Series A,Close Ended Schemes(Growth),Nippon India Mutual Fund,Regular,Other,,
129573,INF204KA1OU5,-,Reliance Close Ended Equity Fund II- Series A,Close Ended Schemes(Growth),Nippon India Mutual Fund,Regular,Other,,
129574,INF204KA1OT7,-,Reliance Close Ended Equity Fund II- Series A,Close Ended Schemes(Growth),Nippon India Mutual Fund,Regular,Other,,
131021,INF789FC1Q55,-,UTI - Focussed Equity Fund - Series I ( 2195 Days),Close Ended Schemes(Growth),UTI Mutual Fund,Regular,Other,,
131019,INF789FC1Q63,-,UTI - Focussed Equity Fund - Series I ( 2195 Days),Close Ended Schemes(Growth),UTI Mutual Fund,Regular,Other,,
131020,INF789FC1Q30,-,UTI - Focussed Equity Fund - Series I ( 2195 Days),Close Ended Schemes(Growth),UTI Mutual Fund,Regular,Other,,
131018,INF789FC1Q48,-,UTI - Focussed Equity Fund - Series I ( 2195 Days),Close Ended Schemes(Growth),UTI Mutual Fund,Regular,Other,,
141826,INF789FC1T37,-,UTI - Focussed Equity Fund - Series IV (1104 Days),Close Ended Schemes(Growth),UTI Mutual Fund,Regular,Other,,
141827,INF789FC1T45,-,UTI - Focussed Equity Fund - Series IV (1104 Days),Close Ended Schemes(Growth),UTI Mutual Fund,Regular,Other,,
141828,INF789FC1T11,-,UTI - Focussed Equity Fund - Series IV (1104 Days),Close Ended Schemes(Growth),UTI Mutual Fund,Regular,Other,,
141825,INF789FC1T29,-,UTI - Focussed Equity Fund - Series IV (1104 Days),Close Ended Schemes(Growth),UTI Mutual Fund,Regular,Other,,
141988,INF789FC1X15,-,UTI - Focussed Equity Fund - Series V (1102 Days),Close Ended Schemes(Growth),UTI Mutual Fund,Regular,Other,,
141987,INF789FC1X23,-,UTI - Focussed Equity Fund - Series V (1102 Days),Close Ended Schemes(Growth),UTI Mutual Fund,Regular,Other,,
141989,INF789FC1W99,-,UTI - Focussed Equity Fund - Series V (1102 Days),Close Ended Schemes(Growth),UTI Mutual Fund,Regular,Other,,
141990,INF789FC1X07,-,UTI - Focussed Equity Fund - Series V (1102 Days),Close Ended Schemes(Growth),UTI Mutual Fund,Regular,Other,,
142284,INF789FC12G8,-,UTI - Focussed Equity Fund - Series VI (1150 Days),Close Ended Schemes(Growth),UTI Mutual Fund,Regular,Other,,
142287,INF789FC11G0,-,UTI - Focussed Equity Fund - Series VI (1150 Days),Close Ended Schemes(Growth),UTI Mutual Fund,Regular,Other,,
142285,INF789FC10G2,-,UTI - Focussed Equity Fund - Series VI (1150 Days),Close Ended Schemes(Growth),UTI Mutual Fund,Regular,Other,,
142286,INF789FC19F5,-,UTI - Focussed Equity Fund - Series VI (1150 Days),Close Ended Schemes(Growth),UTI Mutual Fund,Regular,Other,,
142172,INF789FC18D2,-,UTI - Long Term Advantage Fund Series VII,Close Ended Schemes(Growth),UTI Mutual Fund,Regular,Other,,
142170,INF789FC17D4,-,UTI - Long Term Advantage Fund Series VII,Close Ended Schemes(Growth),UTI Mutual Fund,Regular,Other,,
142169,INF789FC16D6,-,UTI - Long Term Advantage Fund Series VII,Close Ended Schemes(Growth),UTI Mutual Fund,Regular,Other,,
142171,INF789FC15D8,-,UTI - Long Term Advantage Fund Series VII,Close Ended Schemes(Growth),UTI Mutual Fund,Regular,Other,,
152250,INF209KB11Y4,-,Aditya Birla Sun Life Fixed Maturity Plan - Series UQ (92 days),Close Ended Schemes(Income),Aditya Birla Sun Life Mutual Fund,Regular,Other,,
152251,INF209KB12Y2,-,Aditya Birla Sun Life Fixed Maturity Plan - Series UQ (92 days),Close Ended Schemes(Income),Aditya Birla Sun Life Mutual Fund,Regular,Other,,
152253,INF209KB19X9,-,Aditya Birla Sun Life Fixed Maturity Plan - Series UQ (92 days),Close Ended Schemes(Income),Aditya Birla Sun Life Mutual Fund,Regular,Other,,
152252,INF209KB10Y6,-,Aditya Birla Sun Life Fixed Maturity Plan - Series UQ (92 days),Close Ended Schemes(Income),Aditya Birla Sun Life Mutual Fund,Regular,Other,,
152259,INF209KB15Y5,-,Aditya Birla Sun Life Fixed Maturity Plan - Series UR (85 days),Close Ended Schemes(Income),Aditya Birla Sun Life Mutual Fund,Regular,Other,,
152262,INF209KB16Y3,-,Aditya Birla Sun Life Fixed Maturity Plan - Series UR (85 days),Close Ended Schemes(Income),Aditya Birla Sun Life Mutual Fund,Regular,Other,,
152260,INF209KB13Y0,-,Aditya Birla Sun Life Fixed Maturity Plan - Series UR (85 days),Close Ended Schemes(Income),Aditya Birla Sun Life Mutual Fund,Regular,Other,,
152261,INF209KB14Y8,-,Aditya Birla Sun Life Fixed Maturity Plan - Series UR (85 days),Close Ended Schemes(Income),Aditya Birla Sun Life Mutual Fund,Regular,Other,,
152332,INF209KB13Z7,-,Aditya Birla Sun Life Fixed Maturity Plan - Series US (100 days),Close Ended Schemes(Income),Aditya Birla Sun Life Mutual Fund,Regular,Other,,
152333,INF209KB14Z5,-,Aditya Birla Sun Life Fixed Maturity Plan - Series US (100 days),Close Ended Schemes(Income),Aditya Birla Sun Life Mutual Fund,Regular,Other,,
152334,INF209KB11Z1,-,Aditya Birla Sun Life Fixed Maturity Plan - Series US (100 days),Close Ended Schemes(Income),Aditya Birla Sun Life Mutual Fund,Regular,Other,,
152335,INF209KB12Z9,-,Aditya Birla Sun Life Fixed Maturity Plan - Series US (100 days),Close Ended Schemes(Income),Aditya Birla Sun Life Mutual Fund,Regular,Other,,
149017,INF209KB12A2,-,Aditya Birla Sun Life Fixed Term Plan - Series TI (1837 days),Close Ended Schemes(Income),Aditya Birla Sun Life Mutual Fund,Regular,Other,,
149018,INF209KB13A0,-,Aditya Birla Sun Life Fixed Term Plan - Series TI (1837 days),Close Ended Schemes(Income),Aditya Birla Sun Life Mutual Fund,Regular,Other,,
149015,INF209KB10A6,-,Aditya Birla Sun Life Fixed Term Plan - Series TI (1837 days),Close Ended Schemes(Income),Aditya Birla Sun Life Mutual Fund,Regular,Other,,
149016,INF209KB11A4,-,Aditya Birla Sun Life Fixed Term Plan - Series TI (1837 days),Close Ended Schemes(Income),Aditya Birla Sun Life Mutual Fund,Regular,Other,,
149062,INF209KB16A3,-,Aditya Birla Sun Life Fixed Term Plan - Series TJ (1838 days),Close Ended Schemes(Income),Aditya Birla Sun Life Mutual Fund,Regular,Other,,
149063,INF209KB17A1,-,Aditya Birla Sun Life Fixed Term Plan - Series TJ (1838 days),Close Ended Schemes(Income),Aditya Birla Sun Life Mutual Fund,Regular,Other,,
149064,INF209KB14A8,-,Aditya Birla Sun Life Fixed Term Plan - Series TJ (1838 days),Close Ended Schemes(Income),Aditya Birla Sun Life Mutual Fund,Regular,Other,,
149065,INF209KB15A5,-,Aditya Birla Sun Life Fixed Term Plan - Series TJ (1838 days),Close Ended Schemes(Income),Aditya Birla Sun Life Mutual Fund,Regular,Other,,
150316,INF209KB14H3,-,Aditya Birla Sun Life Fixed Term Plan - Series TQ (1879 days),Close Ended Schemes(Income),Aditya Birla Sun Life Mutual Fund,Regular,Other,,
150314,INF209KB12H7,-,Aditya Birla Sun Life Fixed Term Plan - Series TQ (1879 days),Close Ended Schemes(Income),Aditya Birla Sun Life Mutual Fund,Regular,Other,,
150315,INF209KB13H5,-,Aditya Birla Sun Life Fixed Term Plan - Series TQ (1879 days),Close Ended Schemes(Income),Aditya Birla Sun Life Mutual Fund,Regular,Other,,
151186,INF209KB18P7,-,Aditya Birla Sun Life Fixed Term Plan - Series UB (1224 days),Close Ended Schemes(Income),Aditya Birla Sun Life Mutual Fund,Regular,Other,,
151189,INF209KB17P9,-,Aditya Birla Sun Life Fixed Term Plan - Series UB (1224 days),Close Ended Schemes(Income),Aditya Birla Sun Life Mutual Fund,Regular,Other,,
151188,INF209KB16P1,-,Aditya Birla Sun Life Fixed Term Plan - Series UB (1224 days),Close Ended Schemes(Income),Aditya Birla Sun Life Mutual Fund,Regular,Other,,
151519,INF209KB18S1,-,Aditya Birla Sun Life Fixed Term Plan - Series UF (180 days),Close Ended Schemes(Income),Aditya Birla Sun Life Mutual Fund,Regular,Other,,
151522,INF209KB19S9,-,Aditya Birla Sun Life Fixed Term Plan - Series UF (180 days),Close Ended Schemes(Income),Aditya Birla Sun Life Mutual Fund,Regular,Other,,
151521,INF209KB16S5,-,Aditya Birla Sun Life Fixed Term Plan - Series UF (180 days),Close Ended Schemes(Income),Aditya Birla Sun Life Mutual Fund,Regular,Other,,
151520,INF209KB17S3,-,Aditya Birla Sun Life Fixed Term Plan - Series UF (180 days),Close Ended Schemes(Income),Aditya Birla Sun Life Mutual Fund,Regular,Other,,
151700,INF209KB13V6,-,Aditya Birla Sun Life Fixed Term Plan - Series UJ (1110 days),Close Ended Schemes(Income),Aditya Birla Sun Life Mutual Fund,Regular,Other,,
151702,INF209KB14V4,-,Aditya Birla Sun Life Fixed Term Plan - Series UJ (1110 days),Close Ended Schemes(Income),Aditya Birla Sun Life Mutual Fund,Regular,Other,,
151703,INF209KB11V0,-,Aditya Birla Sun Life Fixed Term Plan - Series UJ (1110 days),Close Ended Schemes(Income),Aditya Birla Sun Life Mutual Fund,Regular,Other,,
151701,INF209KB12V8,-,Aditya Birla Sun Life Fixed Term Plan - Series UJ (1110 days),Close Ended Schemes(Income),Aditya Birla Sun Life Mutual Fund,Regular,Other,,
153316,INF194KB1JD2,-,Bandhan Fixed Maturity Plan (FMP) - Series 209 (93 Days),Close Ended Schemes(Income),Bandhan Mutual Fund,Regular,Other,,
153319,INF194KB1JE0,-,Bandhan Fixed Maturity Plan (FMP) - Series 209 (93 Days),Close Ended Schemes(Income),Bandhan Mutual Fund,Regular,Other,,
153317,INF194KB1JG5,-,Bandhan Fixed Maturity Plan (FMP) - Series 209 (93 Days),Close Ended Schemes(Income),Bandhan Mutual Fund,Regular,Other,,
153318,INF194KB1JH3,-,Bandhan Fixed Maturity Plan (FMP) - Series 209 (93 Days),Close Ended Schemes(Income),Bandhan Mutual Fund,Regular,Other,,
146082,INF194KB1298,-,IDFC FIXED TERM PLAN SERIES - 167 (1202 DAYS),Close Ended Schemes(Income),Bandhan Mutual Fund,Regular,Other,,
146081,INF194KB1280,-,IDFC FIXED TERM PLAN SERIES - 167 (1202 DAYS),Close Ended Schemes(Income),Bandhan Mutual Fund,Regular,Other,,
146087,INF194KB1272,-,IDFC FIXED TERM PLAN SERIES - 167 (1202 DAYS),Close Ended Schemes(Income),Bandhan Mutual Fund,Regular,Other,,
149190,INF740KA1QH8,-,DSP FMP Series - 264 - 60M - 17D,Close Ended Schemes(Income),DSP Mutual Fund,Regular,Other,,
149191,INF740KA1QI6,INF740KA1QJ4,DSP FMP Series - 264 - 60M - 17D,Close Ended Schemes(Income),DSP Mutual Fund,Regular,Other,,
149189,INF740KA1QF2,INF740KA1QG0,DSP FMP Series - 264 - 60M - 17D,Close Ended Schemes(Income),DSP Mutual Fund,Regular,Other,,
149188,INF740KA1QE5,-,DSP FMP Series - 264 - 60M - 17D,Close Ended Schemes(Income),DSP Mutual Fund,Regular,Other,,
150842,INF740KA1YL4,-,DSP FMP Series - 267 - 1172 Days,Close Ended Schemes(Income),DSP Mutual Fund,Regular,Other,,
150840,INF740KA1YM2,INF740KA1YN0,DSP FMP Series - 267 - 1172 Days,Close Ended Schemes(Income),DSP Mutual Fund,Regular,Other,,
150843,INF740KA1YI0,-,DSP FMP Series - 267 - 1172 Days,Close Ended Schemes(Income),DSP Mutual Fund,Regular,Other,,
150841,INF740KA1YJ8,INF740KA1YK6,DSP FMP Series - 267 - 1172 Days,Close Ended Schemes(Income),DSP Mutual Fund,Regular,Other,,
150885,INF740KA1RO2,-,DSP FMP Series - 268 - 1281 Days,Close Ended Schemes(Income),DSP Mutual Fund,Regular,Other,,
150886,INF740KA1RQ7,INF740KA1RP9,DSP FMP Series - 268 - 1281 Days,Close Ended Schemes(Income),DSP Mutual Fund,Regular,Other,,
150884,INF740KA1RL8,-,DSP FMP Series - 268 - 1281 Days,Close Ended Schemes(Income),DSP Mutual Fund,Regular,Other,,
150887,INF740KA1RN4,INF740KA1RM6,DSP FMP Series - 268 - 1281 Days,Close Ended Schemes(Income),DSP Mutual Fund,Regular,Other,,
151449,INF740KA1YR1,-,DSP FMP Series - 270 - 1172 Days,Close Ended Schemes(Income),DSP Mutual Fund,Regular,Other,,
151450,INF740KA1YS9,INF740KA1YT7,DSP FMP Series - 270 - 1172 Days,Close Ended Schemes(Income),DSP Mutual Fund,Regular,Other,,
151447,INF740KA1YO8,-,DSP FMP Series - 270 - 1172 Days,Close Ended Schemes(Income),DSP Mutual Fund,Regular,Other,,
151448,INF740KA1YP5,INF740KA1YQ3,DSP FMP Series - 270 - 1172 Days,Close Ended Schemes(Income),DSP Mutual Fund,Regular,Other,,
147236,INF179KC1932,-,HDFC FMP 1100D April 2019 (1),Close Ended Schemes(Income),HDFC Mutual Fund,Regular,Other,,
147237,INF179KC1908,-,HDFC FMP 1100D April 2019 (1),Close Ended Schemes(Income),HDFC Mutual Fund,Regular,Other,,
147235,INF179KC1940,-,HDFC FMP 1100D April 2019 (1),Close Ended Schemes(Income),HDFC Mutual Fund,Regular,Other,,
147233,INF179KC1916,-,HDFC FMP 1100D April 2019 (1),Close Ended Schemes(Income),HDFC Mutual Fund,Regular,Other,,
147234,INF179KC1957,-,HDFC FMP 1100D April 2019 (1),Close Ended Schemes(Income),HDFC Mutual Fund,Regular,Other,,
147238,INF179KC1924,-,HDFC FMP 1100D April 2019 (1),Close Ended Schemes(Income),HDFC Mutual Fund,Regular,Other,,
146896,INF179KC1692,-,HDFC FMP 1118D March 2019 (1),Close Ended Schemes(Income),HDFC Mutual Fund,Regular,Other,,
146898,INF179KC1668,-,HDFC FMP 1118D March 2019 (1),Close Ended Schemes(Income),HDFC Mutual Fund,Regular,Other,,
146900,INF179KC1700,-,HDFC FMP 1118D March 2019 (1),Close Ended Schemes(Income),HDFC Mutual Fund,Regular,Other,,
146895,INF179KC1676,-,HDFC FMP 1118D March 2019 (1),Close Ended Schemes(Income),HDFC Mutual Fund,Regular,Other,,
146897,INF179KC1718,-,HDFC FMP 1118D March 2019 (1),Close Ended Schemes(Income),HDFC Mutual Fund,Regular,Other,,
146892,INF179KC1635,-,HDFC FMP 1120D March 2019 (1),Close Ended Schemes(Income),HDFC Mutual Fund,Regular,Other,,
146893,INF179KC1601,-,HDFC FMP 1120D March 2019 (1),Close Ended Schemes(Income),HDFC Mutual Fund,Regular,Other,,
146891,INF179KC1643,-,HDFC FMP 1120D March 2019 (1),Close Ended Schemes(Income),HDFC Mutual Fund,Regular,Other,,
146889,INF179KC1619,-,HDFC FMP 1120D March 2019 (1),Close Ended Schemes(Income),HDFC Mutual Fund,Regular,Other,,
146894,INF179KC1650,-,HDFC FMP 1120D March 2019 (1),Close Ended Schemes(Income),HDFC Mutual Fund,Regular,Other,,
146890,INF179KC1627,-,HDFC FMP 1120D March 2019 (1),Close Ended Schemes(Income),HDFC Mutual Fund,Regular,Other,,
146649,INF179KC1510,-,HDFC FMP 1126D March 2019 (1),Close Ended Schemes(Income),HDFC Mutual Fund,Regular,Other,,
146650,INF179KC1486,-,HDFC FMP 1126D March 2019 (1),Close Ended Schemes(Income),HDFC Mutual Fund,Regular,Other,,
146647,-,INF179KC1528,HDFC FMP 1126D March 2019 (1),Close Ended Schemes(Income),HDFC Mutual Fund,Regular,Other,,
146645,INF179KC1494,-,HDFC FMP 1126D March 2019 (1),Close Ended Schemes(Income),HDFC Mutual Fund,Regular,Other,,
146648,INF179KC1536,-,HDFC FMP 1126D March 2019 (1),Close Ended Schemes(Income),HDFC Mutual Fund,Regular,Other,,
146646,INF179KC1502,-,HDFC FMP 1126D March 2019 (1),Close Ended Schemes(Income),HDFC Mutual Fund,Regular,Other,,
146778,INF179KC1577,-,HDFC FMP 1127D March 2019 (1),Close Ended Schemes(Income),HDFC Mutual Fund,Regular,Other,,
146777,INF179KC1544,-,HDFC FMP 1127D March 2019 (1),Close Ended Schemes(Income),HDFC Mutual Fund,Regular,Other,,
146775,INF179KC1585,-,HDFC FMP 1127D March 2019 (1),Close Ended Schemes(Income),HDFC Mutual Fund,Regular,Other,,
146773,INF179KC1551,-,HDFC FMP 1127D March 2019 (1),Close Ended Schemes(Income),HDFC Mutual Fund,Regular,Other,,
146776,INF179KC1593,-,HDFC FMP 1127D March 2019 (1),Close Ended Schemes(Income),HDFC Mutual Fund,Regular,Other,,
146774,INF179KC1569,-,HDFC FMP 1127D March 2019 (1),Close Ended Schemes(Income),HDFC Mutual Fund,Regular,Other,,
146634,INF179KC1452,-,HDFC FMP 1133D February 2019 (1),Close Ended Schemes(Income),HDFC Mutual Fund,Regular,Other,,
146631,INF179KC1429,-,HDFC FMP 1133D February 2019 (1),Close Ended Schemes(Income),HDFC Mutual Fund,Regular,Other,,
146633,INF179KC1460,-,HDFC FMP 1133D February 2019 (1),Close Ended Schemes(Income),HDFC Mutual Fund,Regular,Other,,
146636,INF179KC1437,-,HDFC FMP 1133D February 2019 (1),Close Ended Schemes(Income),HDFC Mutual Fund,Regular,Other,,
146635,INF179KC1478,-,HDFC FMP 1133D February 2019 (1),Close Ended Schemes(Income),HDFC Mutual Fund,Regular,Other,,
146632,INF179KC1445,-,HDFC FMP 1133D February 2019 (1),Close Ended Schemes(Income),HDFC Mutual Fund,Regular,Other,,
146502,INF179KC1395,-,HDFC FMP 1146D February 2019 (1),Close Ended Schemes(Income),HDFC Mutual Fund,Regular,Other,,
146498,INF179KC1361,-,HDFC FMP 1146D February 2019 (1),Close Ended Schemes(Income),HDFC Mutual Fund,Regular,Other,,
146501,INF179KC1403,-,HDFC FMP 1146D February 2019 (1),Close Ended Schemes(Income),HDFC Mutual Fund,Regular,Other,,
146497,INF179KC1379,-,HDFC FMP 1146D February 2019 (1),Close Ended Schemes(Income),HDFC Mutual Fund,Regular,Other,,
146500,INF179KC1411,-,HDFC FMP 1146D February 2019 (1),Close Ended Schemes(Income),HDFC Mutual Fund,Regular,Other,,
146499,INF179KC1387,-,HDFC FMP 1146D February 2019 (1),Close Ended Schemes(Income),HDFC Mutual Fund,Regular,Other,,
146469,INF179KC1338,-,HDFC FMP 1154D February 2019 (1),Close Ended Schemes(Income),HDFC Mutual Fund,Regular,Other,,
146468,INF179KC1304,-,HDFC FMP 1154D February 2019 (1),Close Ended Schemes(Income),HDFC Mutual Fund,Regular,Other,,
146467,INF179KC1346,-,HDFC FMP 1154D February 2019 (1),Close Ended Schemes(Income),HDFC Mutual Fund,Regular,Other,,
146465,INF179KC1312,-,HDFC FMP 1154D February 2019 (1),Close Ended Schemes(Income),HDFC Mutual Fund,Regular,Other,,
146466,INF179KC1353,-,HDFC FMP 1154D February 2019 (1),Close Ended Schemes(Income),HDFC Mutual Fund,Regular,Other,,
146470,INF179KC1320,-,HDFC FMP 1154D February 2019 (1),Close Ended Schemes(Income),HDFC Mutual Fund,Regular,Other,,
150396,INF179KC1CX3,-,HDFC FMP 1158D July 2022,Close Ended Schemes(Income),HDFC Mutual Fund,Regular,Other,,
150395,INF179KC1CU9,-,HDFC FMP 1158D July 2022,Close Ended Schemes(Income),HDFC Mutual Fund,Regular,Other,,
150398,INF179KC1CY1,-,HDFC FMP 1158D July 2022,Close Ended Schemes(Income),HDFC Mutual Fund,Regular,Other,,
150400,INF179KC1CV7,-,HDFC FMP 1158D July 2022,Close Ended Schemes(Income),HDFC Mutual Fund,Regular,Other,,
150399,INF179KC1CZ8,-,HDFC FMP 1158D July 2022,Close Ended Schemes(Income),HDFC Mutual Fund,Regular,Other,,
150397,INF179KC1CW5,-,HDFC FMP 1158D July 2022,Close Ended Schemes(Income),HDFC Mutual Fund,Regular,Other,,
149929,INF179KC1CL8,-,HDFC FMP 1162D March 2022,Close Ended Schemes(Income),HDFC Mutual Fund,Regular,Other,,
149934,INF179KC1CI4,-,HDFC FMP 1162D March 2022,Close Ended Schemes(Income),HDFC Mutual Fund,Regular,Other,,
149930,INF179KC1CM6,-,HDFC FMP 1162D March 2022,Close Ended Schemes(Income),HDFC Mutual Fund,Regular,Other,,
149931,INF179KC1CJ2,-,HDFC FMP 1162D March 2022,Close Ended Schemes(Income),HDFC Mutual Fund,Regular,Other,,
149932,INF179KC1CN4,-,HDFC FMP 1162D March 2022,Close Ended Schemes(Income),HDFC Mutual Fund,Regular,Other,,
149933,INF179KC1CK0,-,HDFC FMP 1162D March 2022,Close Ended Schemes(Income),HDFC Mutual Fund,Regular,Other,,
146280,INF179KC1270,-,HDFC FMP 1168D January 2019 (1),Close Ended Schemes(Income),HDFC Mutual Fund,Regular,Other,,
146277,INF179KC1247,-,HDFC FMP 1168D January 2019 (1),Close Ended Schemes(Income),HDFC Mutual Fund,Regular,Other,,
146279,INF179KC1288,-,HDFC FMP 1168D January 2019 (1),Close Ended Schemes(Income),HDFC Mutual Fund,Regular,Other,,
146276,INF179KC1254,-,HDFC FMP 1168D January 2019 (1),Close Ended Schemes(Income),HDFC Mutual Fund,Regular,Other,,
146281,INF179KC1296,-,HDFC FMP 1168D January 2019 (1),Close Ended Schemes(Income),HDFC Mutual Fund,Regular,Other,,
146278,INF179KC1262,-,HDFC FMP 1168D January 2019 (1),Close Ended Schemes(Income),HDFC Mutual Fund,Regular,Other,,
140693,INF179KB1C32,-,HDFC FMP 1170D February 2017 (1),Close Ended Schemes(Income),HDFC Mutual Fund,Regular,Other,,
140694,INF179KB1C24,-,HDFC FMP 1170D February 2017 (1),Close Ended Schemes(Income),HDFC Mutual Fund,Regular,Other,,
140697,INF179KB1C40,-,HDFC FMP 1170D February 2017 (1),Close Ended Schemes(Income),HDFC Mutual Fund,Regular,Other,,
140698,INF179KB1C65,-,HDFC FMP 1170D February 2017 (1),Close Ended Schemes(Income),HDFC Mutual Fund,Regular,Other,,
140695,INF179KB1C57,-,HDFC FMP 1170D February 2017 (1),Close Ended Schemes(Income),HDFC Mutual Fund,Regular,Other,,
140696,INF179KB1C73,-,HDFC FMP 1170D February 2017 (1),Close Ended Schemes(Income),HDFC Mutual Fund,Regular,Other,,
146153,INF179KC1213,-,HDFC FMP 1175D January 2019 (1),Close Ended Schemes(Income),HDFC Mutual Fund,Regular,Other,,
146155,INF179KC1189,-,HDFC FMP 1175D January 2019 (1),Close Ended Schemes(Income),HDFC Mutual Fund,Regular,Other,,
146152,INF179KC1221,-,HDFC FMP 1175D January 2019 (1),Close Ended Schemes(Income),HDFC Mutual Fund,Regular,Other,,
146149,INF179KC1197,-,HDFC FMP 1175D January 2019 (1),Close Ended Schemes(Income),HDFC Mutual Fund,Regular,Other,,
146156,INF179KC1239,-,HDFC FMP 1175D January 2019 (1),Close Ended Schemes(Income),HDFC Mutual Fund,Regular,Other,,
146154,INF179KC1205,-,HDFC FMP 1175D January 2019 (1),Close Ended Schemes(Income),HDFC Mutual Fund,Regular,Other,,
146147,INF179KC1155,-,HDFC FMP 1182D January 2019 (1),Close Ended Schemes(Income),HDFC Mutual Fund,Regular,Other,,
146145,INF179KC1122,-,HDFC FMP 1182D January 2019 (1),Close Ended Schemes(Income),HDFC Mutual Fund,Regular,Other,,
146146,INF179KC1163,-,HDFC FMP 1182D January 2019 (1),Close Ended Schemes(Income),HDFC Mutual Fund,Regular,Other,,
146144,INF179KC1171,-,HDFC FMP 1182D January 2019 (1),Close Ended Schemes(Income),HDFC Mutual Fund,Regular,Other,,
146148,INF179KC1148,-,HDFC FMP 1182D January 2019 (1),Close Ended Schemes(Income),HDFC Mutual Fund,Regular,Other,,
146058,INF179KC1098,-,HDFC FMP 1190D January 2019 (1),Close Ended Schemes(Income),HDFC Mutual Fund,Regular,Other,,
146056,INF179KC1064,-,HDFC FMP 1190D January 2019 (1),Close Ended Schemes(Income),HDFC Mutual Fund,Regular,Other,,
146055,INF179KC1072,-,HDFC FMP 1190D January 2019 (1),Close Ended Schemes(Income),HDFC Mutual Fund,Regular,Other,,
146059,INF179KC1114,-,HDFC FMP 1190D January 2019 (1),Close Ended Schemes(Income),HDFC Mutual Fund,Regular,Other,,
146057,INF179KC1080,-,HDFC FMP 1190D January 2019 (1),Close Ended Schemes(Income),HDFC Mutual Fund,Regular,Other,,
145985,INF179KC1031,-,HDFC FMP 1196D December 2018 (1),Close Ended Schemes(Income),HDFC Mutual Fund,Regular,Other,,
145982,INF179KB19Z9,-,HDFC FMP 1196D December 2018 (1),Close Ended Schemes(Income),HDFC Mutual Fund,Regular,Other,,
145984,INF179KC1049,-,HDFC FMP 1196D December 2018 (1),Close Ended Schemes(Income),HDFC Mutual Fund,Regular,Other,,
145981,INF179KC1015,-,HDFC FMP 1196D December 2018 (1),Close Ended Schemes(Income),HDFC Mutual Fund,Regular,Other,,
145986,INF179KC1056,-,HDFC FMP 1196D December 2018 (1),Close Ended Schemes(Income),HDFC Mutual Fund,Regular,Other,,
145983,INF179KC1023,-,HDFC FMP 1196D December 2018 (1),Close Ended Schemes(Income),HDFC Mutual Fund,Regular,Other,,
145869,INF179KB16Z5,-,HDFC FMP 1203D December 2018 (1),Close Ended Schemes(Income),HDFC Mutual Fund,Regular,Other,,
145866,INF179KB13Z2,-,HDFC FMP 1203D December 2018 (1),Close Ended Schemes(Income),HDFC Mutual Fund,Regular,Other,,
145868,INF179KB17Z3,-,HDFC FMP 1203D December 2018 (1),Close Ended Schemes(Income),HDFC Mutual Fund,Regular,Other,,
145870,INF179KB18Z1,-,HDFC FMP 1203D December 2018 (1),Close Ended Schemes(Income),HDFC Mutual Fund,Regular,Other,,
151224,INF179KC1EQ3,-,HDFC FMP 1204D December 2022,Close Ended Schemes(Income),HDFC Mutual Fund,Regular,Other,,
151225,INF179KC1EN0,-,HDFC FMP 1204D December 2022,Close Ended Schemes(Income),HDFC Mutual Fund,Regular,Other,,
151220,INF179KC1ER1,-,HDFC FMP 1204D December 2022,Close Ended Schemes(Income),HDFC Mutual Fund,Regular,Other,,
151221,INF179KC1EO8,-,HDFC FMP 1204D December 2022,Close Ended Schemes(Income),HDFC Mutual Fund,Regular,Other,,
151222,INF179KC1ES9,-,HDFC FMP 1204D December 2022,Close Ended Schemes(Income),HDFC Mutual Fund,Regular,Other,,
151223,INF179KC1EP5,-,HDFC FMP 1204D December 2022,Close Ended Schemes(Income),HDFC Mutual Fund,Regular,Other,,
145862,INF179KB10Z8,-,HDFC FMP 1211D December 2018 (1),Close Ended Schemes(Income),HDFC Mutual Fund,Regular,Other,,
145860,INF179KB17Y6,-,HDFC FMP 1211D December 2018 (1),Close Ended Schemes(Income),HDFC Mutual Fund,Regular,Other,,
145799,INF179KB14Y3,-,HDFC FMP 1218D December 2018 (1),Close Ended Schemes(Income),HDFC Mutual Fund,Regular,Other,,
145796,INF179KB11Y9,-,HDFC FMP 1218D December 2018 (1),Close Ended Schemes(Income),HDFC Mutual Fund,Regular,Other,,
145798,INF179KB15Y0,-,HDFC FMP 1218D December 2018 (1),Close Ended Schemes(Income),HDFC Mutual Fund,Regular,Other,,
145795,INF179KB12Y7,-,HDFC FMP 1218D December 2018 (1),Close Ended Schemes(Income),HDFC Mutual Fund,Regular,Other,,
145800,INF179KB16Y8,-,HDFC FMP 1218D December 2018 (1),Close Ended Schemes(Income),HDFC Mutual Fund,Regular,Other,,
145797,-,-,HDFC FMP 1218D December 2018 (1),Close Ended Schemes(Income),HDFC Mutual Fund,Regular,Other,,
145719,INF179KB18X6,-,HDFC FMP 1224D December 2018 (1),Close Ended Schemes(Income),HDFC Mutual Fund,Regular,Other,,
145720,INF179KB15X2,-,HDFC FMP 1224D December 2018 (1),Close Ended Schemes(Income),HDFC Mutual Fund,Regular,Other,,
145721,INF179KB19X4,-,HDFC FMP 1224D December 2018 (1),Close Ended Schemes(Income),HDFC Mutual Fund,Regular,Other,,
145717,INF179KB16X0,-,HDFC FMP 1224D December 2018 (1),Close Ended Schemes(Income),HDFC Mutual Fund,Regular,Other,,
145722,INF179KB10Y1,-,HDFC FMP 1224D December 2018 (1),Close Ended Schemes(Income),HDFC Mutual Fund,Regular,Other,,
145639,INF179KB18W8,-,HDFC FMP 1232D NOVEMBER 2018 (1),Close Ended Schemes(Income),HDFC Mutual Fund,Regular,Other,,
145643,INF179KB15W4,-,HDFC FMP 1232D NOVEMBER 2018 (1),Close Ended Schemes(Income),HDFC Mutual Fund,Regular,Other,,
145642,INF179KB10X3,-,HDFC FMP 1232D NOVEMBER 2018 (1),Close Ended Schemes(Income),HDFC Mutual Fund,Regular,Other,,
145640,INF179KB17W0,-,HDFC FMP 1232D NOVEMBER 2018 (1),Close Ended Schemes(Income),HDFC Mutual Fund,Regular,Other,,
145495,INF179KB12W1,-,HDFC FMP 1246D NOVEMBER 2018 (1),Close Ended Schemes(Income),HDFC Mutual Fund,Regular,Other,,
145492,INF179KB19V8,-,HDFC FMP 1246D NOVEMBER 2018 (1),Close Ended Schemes(Income),HDFC Mutual Fund,Regular,Other,,
145494,INF179KB13W9,-,HDFC FMP 1246D NOVEMBER 2018 (1),Close Ended Schemes(Income),HDFC Mutual Fund,Regular,Other,,
145491,INF179KB10W5,-,HDFC FMP 1246D NOVEMBER 2018 (1),Close Ended Schemes(Income),HDFC Mutual Fund,Regular,Other,,
145496,INF179KB14W7,-,HDFC FMP 1246D NOVEMBER 2018 (1),Close Ended Schemes(Income),HDFC Mutual Fund,Regular,Other,,
145493,INF179KB11W3,-,HDFC FMP 1246D NOVEMBER 2018 (1),Close Ended Schemes(Income),HDFC Mutual Fund,Regular,Other,,
145462,INF179KB16V4,-,HDFC FMP 1260D October 2018 (1),Close Ended Schemes(Income),HDFC Mutual Fund,Regular,Other,,
145461,INF179KB13V1,-,HDFC FMP 1260D October 2018 (1),Close Ended Schemes(Income),HDFC Mutual Fund,Regular,Other,,
145458,INF179KB15V6,-,HDFC FMP 1260D October 2018 (1),Close Ended Schemes(Income),HDFC Mutual Fund,Regular,Other,,
145395,INF179KB10V7,-,HDFC FMP 1261D October 2018 (1),Close Ended Schemes(Income),HDFC Mutual Fund,Regular,Other,,
145394,INF179KB17U4,-,HDFC FMP 1261D October 2018 (1),Close Ended Schemes(Income),HDFC Mutual Fund,Regular,Other,,
145388,INF179KB18U2,-,HDFC FMP 1261D October 2018 (1),Close Ended Schemes(Income),HDFC Mutual Fund,Regular,Other,,
145391,INF179KB19U0,-,HDFC FMP 1261D October 2018 (1),Close Ended Schemes(Income),HDFC Mutual Fund,Regular,Other,,
145429,INF179KB14U1,-,HDFC FMP 1265D October 2018 (1),Close Ended Schemes(Income),HDFC Mutual Fund,Regular,Other,,
145426,INF179KB11U7,-,HDFC FMP 1265D October 2018 (1),Close Ended Schemes(Income),HDFC Mutual Fund,Regular,Other,,
145428,INF179KB15U8,-,HDFC FMP 1265D October 2018 (1),Close Ended Schemes(Income),HDFC Mutual Fund,Regular,Other,,
145425,INF179KB12U5,-,HDFC FMP 1265D October 2018 (1),Close Ended Schemes(Income),HDFC Mutual Fund,Regular,Other,,
145430,INF179KB16U6,-,HDFC FMP 1265D October 2018 (1),Close Ended Schemes(Income),HDFC Mutual Fund,Regular,Other,,
145427,INF179KB13U3,-,HDFC FMP 1265D October 2018 (1),Close Ended Schemes(Income),HDFC Mutual Fund,Regular,Other,,
145301,INF179KB18T4,-,HDFC FMP 1274D OCTOBER 2018 (1),Close Ended Schemes(Income),HDFC Mutual Fund,Regular,Other,,
145298,INF179KB15T0,-,HDFC FMP 1274D OCTOBER 2018 (1),Close Ended Schemes(Income),HDFC Mutual Fund,Regular,Other,,
145300,INF179KB19T2,-,HDFC FMP 1274D OCTOBER 2018 (1),Close Ended Schemes(Income),HDFC Mutual Fund,Regular,Other,,
145297,INF179KB16T8,-,HDFC FMP 1274D OCTOBER 2018 (1),Close Ended Schemes(Income),HDFC Mutual Fund,Regular,Other,,
145302,INF179KB10U9,-,HDFC FMP 1274D OCTOBER 2018 (1),Close Ended Schemes(Income),HDFC Mutual Fund,Regular,Other,,
145299,INF179KB17T6,-,HDFC FMP 1274D OCTOBER 2018 (1),Close Ended Schemes(Income),HDFC Mutual Fund,Regular,Other,,
145274,INF179KB16S0,-,HDFC FMP 1280D October 2018 (1),Close Ended Schemes(Income),HDFC Mutual Fund,Regular,Other,,
145272,INF179KB13S7,-,HDFC FMP 1280D October 2018 (1),Close Ended Schemes(Income),HDFC Mutual Fund,Regular,Other,,
145275,INF179KB18S6,-,HDFC FMP 1280D October 2018 (1),Close Ended Schemes(Income),HDFC Mutual Fund,Regular,Other,,
145286,INF179KB12T7,-,HDFC FMP 1344D October 2018 (1),Close Ended Schemes(Income),HDFC Mutual Fund,Regular,Other,,
145285,INF179KB19S4,-,HDFC FMP 1344D October 2018 (1),Close Ended Schemes(Income),HDFC Mutual Fund,Regular,Other,,
145283,INF179KB13T5,-,HDFC FMP 1344D October 2018 (1),Close Ended Schemes(Income),HDFC Mutual Fund,Regular,Other,,
145281,INF179KB10T1,-,HDFC FMP 1344D October 2018 (1),Close Ended Schemes(Income),HDFC Mutual Fund,Regular,Other,,
145284,INF179KB14T3,-,HDFC FMP 1344D October 2018 (1),Close Ended Schemes(Income),HDFC Mutual Fund,Regular,Other,,
145282,INF179KB11T9,-,HDFC FMP 1344D October 2018 (1),Close Ended Schemes(Income),HDFC Mutual Fund,Regular,Other,,
150651,-,-,HDFC FMP 1359D September 2022,Close Ended Schemes(Income),HDFC Mutual Fund,Regular,Other,,
150655,-,-,HDFC FMP 1359D September 2022,Close Ended Schemes(Income),HDFC Mutual Fund,Regular,Other,,
150652,-,-,HDFC FMP 1359D September 2022,Close Ended Schemes(Income),HDFC Mutual Fund,Regular,Other,,
150653,-,-,HDFC FMP 1359D September 2022,Close Ended Schemes(Income),HDFC Mutual Fund,Regular,Other,,
150656,-,-,HDFC FMP 1359D September 2022,Close Ended Schemes(Income),HDFC Mutual Fund,Regular,Other,,
150654,-,-,HDFC FMP 1359D September 2022,Close Ended Schemes(Income),HDFC Mutual Fund,Regular,Other,,
145107,INF179KB10S3,-,HDFC FMP 1372D September 2018 (1),Close Ended Schemes(Income),HDFC Mutual Fund,Regular,Other,,
145104,INF179KB17R0,-,HDFC FMP 1372D September 2018 (1),Close Ended Schemes(Income),HDFC Mutual Fund,Regular,Other,,
145106,INF179KB11S1,-,HDFC FMP 1372D September 2018 (1),Close Ended Schemes(Income),HDFC Mutual Fund,Regular,Other,,
145103,INF179KB18R8,-,HDFC FMP 1372D September 2018 (1),Close Ended Schemes(Income),HDFC Mutual Fund,Regular,Other,,
145105,INF179KB19R6,-,HDFC FMP 1372D September 2018 (1),Close Ended Schemes(Income),HDFC Mutual Fund,Regular,Other,,
144979,INF179KB12Q3,-,HDFC FMP 1381D September 2018 (1),Close Ended Schemes(Income),HDFC Mutual Fund,Regular,Other,,
144981,INF179KB19P0,-,HDFC FMP 1381D September 2018 (1),Close Ended Schemes(Income),HDFC Mutual Fund,Regular,Other,,
144978,INF179KB13Q1,-,HDFC FMP 1381D September 2018 (1),Close Ended Schemes(Income),HDFC Mutual Fund,Regular,Other,,
144976,INF179KB10Q7,-,HDFC FMP 1381D September 2018 (1),Close Ended Schemes(Income),HDFC Mutual Fund,Regular,Other,,
144980,INF179KB14Q9,-,HDFC FMP 1381D September 2018 (1),Close Ended Schemes(Income),HDFC Mutual Fund,Regular,Other,,
144977,INF179KB11Q5,-,HDFC FMP 1381D September 2018 (1),Close Ended Schemes(Income),HDFC Mutual Fund,Regular,Other,,
150546,INF179KC1DF8,-,HDFC FMP 1406D August 2022,Close Ended Schemes(Income),HDFC Mutual Fund,Regular,Other,,
150547,INF179KC1DC5,-,HDFC FMP 1406D August 2022,Close Ended Schemes(Income),HDFC Mutual Fund,Regular,Other,,
150550,INF179KC1DG6,-,HDFC FMP 1406D August 2022,Close Ended Schemes(Income),HDFC Mutual Fund,Regular,Other,,
150548,INF179KC1DD3,-,HDFC FMP 1406D August 2022,Close Ended Schemes(Income),HDFC Mutual Fund,Regular,Other,,
150551,INF179KC1DH4,-,HDFC FMP 1406D August 2022,Close Ended Schemes(Income),HDFC Mutual Fund,Regular,Other,,
150549,INF179KC1DE1,-,HDFC FMP 1406D August 2022,Close Ended Schemes(Income),HDFC Mutual Fund,Regular,Other,,
143252,INF179KB11E1,-,HDFC FMP 1434D May 2018 (1),Close Ended Schemes(Income),HDFC Mutual Fund,Regular,Other,,
143253,INF179KB18D8,-,HDFC FMP 1434D May 2018 (1),Close Ended Schemes(Income),HDFC Mutual Fund,Regular,Other,,
143251,INF179KB12E9,-,HDFC FMP 1434D May 2018 (1),Close Ended Schemes(Income),HDFC Mutual Fund,Regular,Other,,
143248,INF179KB19D6,-,HDFC FMP 1434D May 2018 (1),Close Ended Schemes(Income),HDFC Mutual Fund,Regular,Other,,
143250,INF179KB13E7,-,HDFC FMP 1434D May 2018 (1),Close Ended Schemes(Income),HDFC Mutual Fund,Regular,Other,,
143249,INF179KB10E3,-,HDFC FMP 1434D May 2018 (1),Close Ended Schemes(Income),HDFC Mutual Fund,Regular,Other,,
144798,INF179KB12O8,-,HDFC FMP 1487D August 2018 (1),Close Ended Schemes(Income),HDFC Mutual Fund,Regular,Other,,
144800,INF179KB19N5,-,HDFC FMP 1487D August 2018 (1),Close Ended Schemes(Income),HDFC Mutual Fund,Regular,Other,,
144797,INF179KB13O6,-,HDFC FMP 1487D August 2018 (1),Close Ended Schemes(Income),HDFC Mutual Fund,Regular,Other,,
144796,INF179KB10O2,-,HDFC FMP 1487D August 2018 (1),Close Ended Schemes(Income),HDFC Mutual Fund,Regular,Other,,
144801,INF179KB11O0,-,HDFC FMP 1487D August 2018 (1),Close Ended Schemes(Income),HDFC Mutual Fund,Regular,Other,,
123401,INF179KB15P8,-,HDFC FMP 1846D August 2013 (1),Close Ended Schemes(Income),HDFC Mutual Fund,Regular,Other,,
123402,INF179KB11P7,-,HDFC FMP 1846D August 2013 (1),Close Ended Schemes(Income),HDFC Mutual Fund,Regular,Other,,
123406,INF179KB16P6,-,HDFC FMP 1846D August 2013 (1),Close Ended Schemes(Income),HDFC Mutual Fund,Regular,Other,,
123403,INF179KB12P5,-,HDFC FMP 1846D August 2013 (1),Close Ended Schemes(Income),HDFC Mutual Fund,Regular,Other,,
128541,INF179KA1II3,-,HDFC FMP 3360D March 2014 (1),Close Ended Schemes(Income),HDFC Mutual Fund,Regular,Other,,
128539,INF179KA1IE2,-,HDFC FMP 3360D March 2014 (1),Close Ended Schemes(Income),HDFC Mutual Fund,Regular,Other,,
128542,INF179KA1IF9,-,HDFC FMP 3360D March 2014 (1),Close Ended Schemes(Income),HDFC Mutual Fund,Regular,Other,,
128544,INF179KA1IB8,-,HDFC FMP 3360D March 2014 (1),Close Ended Schemes(Income),HDFC Mutual Fund,Regular,Other,,
128540,INF179KA1IG7,-,HDFC FMP 3360D March 2014 (1),Close Ended Schemes(Income),HDFC Mutual Fund,Regular,Other,,
128538,INF179KA1IC6,-,HDFC FMP 3360D March 2014 (1),Close Ended Schemes(Income),HDFC Mutual Fund,Regular,Other,,
128543,INF179KA1IH5,-,HDFC FMP 3360D March 2014 (1),Close Ended Schemes(Income),HDFC Mutual Fund,Regular,Other,,
128545,INF179KA1ID4,-,HDFC FMP 3360D March 2014 (1),Close Ended Schemes(Income),HDFC Mutual Fund,Regular,Other,,
139091,INF336L01KX7,-,HSBC Fixed Term Series 125 (1114 days plan),Close Ended Schemes(Income),HSBC Mutual Fund,Regular,Other,,
139092,INF336L01LA3,-,HSBC Fixed Term Series 125 (1114 days plan),Close Ended Schemes(Income),HSBC Mutual Fund,Regular,Other,,
139093,INF336L01KZ2,-,HSBC Fixed Term Series 125 (1114 days plan),Close Ended Schemes(Income),HSBC Mutual Fund,Regular,Other,,
139365,INF336L01LB1,-,HSBC Fixed Term Series 126 (1138 days plan),Close Ended Schemes(Income),HSBC Mutual Fund,Regular,Other,,
139366,INF336L01LE5,-,HSBC Fixed Term Series 126 (1138 days plan),Close Ended Schemes(Income),HSBC Mutual Fund,Regular,Other,,
139363,INF336L01LD7,-,HSBC Fixed Term Series 126 (1138 days plan),Close Ended Schemes(Income),HSBC Mutual Fund,Regular,Other,,
141204,INF336L01LX5,-,HSBC Fixed Term Series 128 (1106 days plan),Close Ended Schemes(Income),HSBC Mutual Fund,Regular,Other,,
141206,INF336L01LZ0,-,HSBC Fixed Term Series 128 (1106 days plan),Close Ended Schemes(Income),HSBC Mutual Fund,Regular,Other,,
141205,INF336L01MA1,-,HSBC Fixed Term Series 128 (1106 days plan),Close Ended Schemes(Income),HSBC Mutual Fund,Regular,Other,,
141469,INF336L01MB9,-,HSBC Fixed Term Series 129 (1120 days plan),Close Ended Schemes(Income),HSBC Mutual Fund,Regular,Other,,
141467,INF336L01MD5,-,HSBC Fixed Term Series 129 (1120 days plan),Close Ended Schemes(Income),HSBC Mutual Fund,Regular,Other,,
141468,INF336L01ME3,-,HSBC Fixed Term Series 129 (1120 days plan),Close Ended Schemes(Income),HSBC Mutual Fund,Regular,Other,,
142086,INF336L01MH6,-,HSBC Fixed Term Series 130 (1204 days plan),Close Ended Schemes(Income),HSBC Mutual Fund,Regular,Other,,
142085,INF336L01MI4,-,HSBC Fixed Term Series 130 (1204 days plan),Close Ended Schemes(Income),HSBC Mutual Fund,Regular,Other,,
142087,INF336L01MF0,-,HSBC Fixed Term Series 130 (1204 days plan),Close Ended Schemes(Income),HSBC Mutual Fund,Regular,Other,,
142989,INF336L01MN4,-,HSBC Fixed Term Series 131 (1140 days plan),Close Ended Schemes(Income),HSBC Mutual Fund,Regular,Other,,
142990,INF336L01MP9,-,HSBC Fixed Term Series 131 (1140 days plan),Close Ended Schemes(Income),HSBC Mutual Fund,Regular,Other,,
142991,INF336L01MQ7,-,HSBC Fixed Term Series 131 (1140 days plan),Close Ended Schemes(Income),HSBC Mutual Fund,Regular,Other,,
142740,INF336L01MJ2,-,HSBC Fixed Term Series 132 (1149 days plan),Close Ended Schemes(Income),HSBC Mutual Fund,Regular,Other,,
142739,INF336L01ML8,-,HSBC Fixed Term Series 132 (1149 days plan),Close Ended Schemes(Income),HSBC Mutual Fund,Regular,Other,,
142741,INF336L01MM6,-,HSBC Fixed Term Series 132 (1149 days plan),Close Ended Schemes(Income),HSBC Mutual Fund,Regular,Other,,
142742,INF336L01MK0,-,HSBC Fixed Term Series 132 (1149 days plan),Close Ended Schemes(Income),HSBC Mutual Fund,Regular,Other,,
143050,INF336L01MR5,-,HSBC Fixed Term Series 133 (1134 days plan),Close Ended Schemes(Income),HSBC Mutual Fund,Regular,Other,,
143052,INF336L01MT1,-,HSBC Fixed Term Series 133 (1134 days plan),Close Ended Schemes(Income),HSBC Mutual Fund,Regular,Other,,
143051,INF336L01MU9,-,HSBC Fixed Term Series 133 (1134 days plan),Close Ended Schemes(Income),HSBC Mutual Fund,Regular,Other,,
143049,INF336L01MS3,-,HSBC Fixed Term Series 133 (1134 days plan),Close Ended Schemes(Income),HSBC Mutual Fund,Regular,Other,,
143668,INF336L01MV7,-,HSBC Fixed Term Series 134 (1118 days plan),Close Ended Schemes(Income),HSBC Mutual Fund,Regular,Other,,
143670,INF336L01MY1,-,HSBC Fixed Term Series 134 (1118 days plan),Close Ended Schemes(Income),HSBC Mutual Fund,Regular,Other,,
143669,INF336L01MX3,-,HSBC Fixed Term Series 134 (1118 days plan),Close Ended Schemes(Income),HSBC Mutual Fund,Regular,Other,,
143667,INF336L01MW5,-,HSBC Fixed Term Series 134 (1118 days plan),Close Ended Schemes(Income),HSBC Mutual Fund,Regular,Other,,
144117,INF336L01MZ8,-,HSBC Fixed Term Series 135 (1117 days plan),Close Ended Schemes(Income),HSBC Mutual Fund,Regular,Other,,
144115,INF336L01NB7,-,HSBC Fixed Term Series 135 (1117 days plan),Close Ended Schemes(Income),HSBC Mutual Fund,Regular,Other,,
144116,INF336L01NC5,-,HSBC Fixed Term Series 135 (1117 days plan),Close Ended Schemes(Income),HSBC Mutual Fund,Regular,Other,,
144118,INF336L01NA9,-,HSBC Fixed Term Series 135 (1117 days plan),Close Ended Schemes(Income),HSBC Mutual Fund,Regular,Other,,
144556,INF336L01ND3,-,HSBC Fixed Term Series 136 (1145 days plan),Close Ended Schemes(Income),HSBC Mutual Fund,Regular,Other,,
144555,INF336L01NF8,-,HSBC Fixed Term Series 136 (1145 days plan),Close Ended Schemes(Income),HSBC Mutual Fund,Regular,Other,,
144557,INF336L01NG6,-,HSBC Fixed Term Series 136 (1145 days plan),Close Ended Schemes(Income),HSBC Mutual Fund,Regular,Other,,
144558,INF336L01NE1,-,HSBC Fixed Term Series 136 (1145 days plan),Close Ended Schemes(Income),HSBC Mutual Fund,Regular,Other,,
146104,INF336L01NP7,-,HSBC Fixed Term Series 137 (1187 days plan),Close Ended Schemes(Income),HSBC Mutual Fund,Regular,Other,,
146102,INF336L01NN2,-,HSBC Fixed Term Series 137 (1187 days plan),Close Ended Schemes(Income),HSBC Mutual Fund,Regular,Other,,
146103,INF336L01NQ5,-,HSBC Fixed Term Series 137 (1187 days plan),Close Ended Schemes(Income),HSBC Mutual Fund,Regular,Other,,
146101,INF336L01NO0,-,HSBC Fixed Term Series 137 (1187 days plan),Close Ended Schemes(Income),HSBC Mutual Fund,Regular,Other,,
146487,INF336L01NR3,-,HSBC Fixed Term Series 139 (1163 days plan),Close Ended Schemes(Income),HSBC Mutual Fund,Regular,Other,,
146488,INF336L01NT9,-,HSBC Fixed Term Series 139 (1163 days plan),Close Ended Schemes(Income),HSBC Mutual Fund,Regular,Other,,
146485,INF336L01NU7,-,HSBC Fixed Term Series 139 (1163 days plan),Close Ended Schemes(Income),HSBC Mutual Fund,Regular,Other,,
146486,INF336L01NS1,-,HSBC Fixed Term Series 139 (1163 days plan),Close Ended Schemes(Income),HSBC Mutual Fund,Regular,Other,,
147149,INF336L01OD1,-,HSBC Fixed Term Series 140 (1147 days plan),Close Ended Schemes(Income),HSBC Mutual Fund,Regular,Other,,
147152,INF336L01OB5,-,HSBC Fixed Term Series 140 (1147 days plan),Close Ended Schemes(Income),HSBC Mutual Fund,Regular,Other,,
147151,INF336L01OE9,-,HSBC Fixed Term Series 140 (1147 days plan),Close Ended Schemes(Income),HSBC Mutual Fund,Regular,Other,,
147150,INF336L01OC3,-,HSBC Fixed Term Series 140 (1147 days plan),Close Ended Schemes(Income),HSBC Mutual Fund,Regular,Other,,
115768,INF109K01SX3,-,ICICI Prudential Capital Protection Oriented Fund - Series V - 60 Months,Close Ended Schemes(Income),ICICI Prudential Mutual Fund,Regular,Other,,
115767,INF109K01SY1,-,ICICI Prudential Capital Protection Oriented Fund - Series V - 60 Months,Close Ended Schemes(Income),ICICI Prudential Mutual Fund,Regular,Other,,
130181,INF109KA1XD8,-,ICICI Prudential Capital Protection Oriented Fund - Series VI - 1100 Days Plan B,Close Ended Schemes(Income),ICICI Prudential Mutual Fund,Regular,Other,,
130183,INF109KA1XF3,-,ICICI Prudential Capital Protection Oriented Fund - Series VI - 1100 Days Plan B,Close Ended Schemes(Income),ICICI Prudential Mutual Fund,Regular,Other,,
130182,INF109KA1XG1,-,ICICI Prudential Capital Protection Oriented Fund - Series VI - 1100 Days Plan B,Close Ended Schemes(Income),ICICI Prudential Mutual Fund,Regular,Other,,
130184,INF109KA1XE6,-,ICICI Prudential Capital Protection Oriented Fund - Series VI - 1100 Days Plan B,Close Ended Schemes(Income),ICICI Prudential Mutual Fund,Regular,Other,,
130333,INF109KA1XX6,-,ICICI Prudential Capital Protection Oriented Fund - Series VI - 1100 Days Plan D,Close Ended Schemes(Income),ICICI Prudential Mutual Fund,Regular,Other,,
130335,INF109KA1XY4,-,ICICI Prudential Capital Protection Oriented Fund - Series VI - 1100 Days Plan D,Close Ended Schemes(Income),ICICI Prudential Mutual Fund,Regular,Other,,
130334,INF109KA1XW8,-,ICICI Prudential Capital Protection Oriented Fund - Series VI - 1100 Days Plan D,Close Ended Schemes(Income),ICICI Prudential Mutual Fund,Regular,Other,,
130336,INF109KA1XV0,-,ICICI Prudential Capital Protection Oriented Fund - Series VI - 1100 Days Plan D,Close Ended Schemes(Income),ICICI Prudential Mutual Fund,Regular,Other,,
130642,INF109KA1YZ9,-,ICICI Prudential Capital Protection Oriented Fund - Series VI - 1100 Days Plan E,Close Ended Schemes(Income),ICICI Prudential Mutual Fund,Regular,Other,,
130641,INF109KA1ZB7,-,ICICI Prudential Capital Protection Oriented Fund - Series VI - 1100 Days Plan E,Close Ended Schemes(Income),ICICI Prudential Mutual Fund,Regular,Other,,
130643,INF109KA1ZA9,-,ICICI Prudential Capital Protection Oriented Fund - Series VI - 1100 Days Plan E,Close Ended Schemes(Income),ICICI Prudential Mutual Fund,Regular,Other,,
130837,INF109KA1A66,-,ICICI Prudential Capital Protection Oriented Fund - Series VI - 1100 Days Plan F,Close Ended Schemes(Income),ICICI Prudential Mutual Fund,Regular,Other,,
130834,INF109KA1A82,-,ICICI Prudential Capital Protection Oriented Fund - Series VI - 1100 Days Plan F,Close Ended Schemes(Income),ICICI Prudential Mutual Fund,Regular,Other,,
130835,INF109KA1A90,-,ICICI Prudential Capital Protection Oriented Fund - Series VI - 1100 Days Plan F,Close Ended Schemes(Income),ICICI Prudential Mutual Fund,Regular,Other,,
130836,INF109KA1A74,-,ICICI Prudential Capital Protection Oriented Fund - Series VI - 1100 Days Plan F,Close Ended Schemes(Income),ICICI Prudential Mutual Fund,Regular,Other,,
130872,INF109KA1B08,-,ICICI Prudential Capital Protection Oriented Fund - Series VI - 1100 Days Plan G,Close Ended Schemes(Income),ICICI Prudential Mutual Fund,Regular,Other,,
130870,INF109KA1B24,-,ICICI Prudential Capital Protection Oriented Fund - Series VI - 1100 Days Plan G,Close Ended Schemes(Income),ICICI Prudential Mutual Fund,Regular,Other,,
130871,INF109KA1B32,-,ICICI Prudential Capital Protection Oriented Fund - Series VI - 1100 Days Plan G,Close Ended Schemes(Income),ICICI Prudential Mutual Fund,Regular,Other,,
130873,INF109KA1B16,-,ICICI Prudential Capital Protection Oriented Fund - Series VI - 1100 Days Plan G,Close Ended Schemes(Income),ICICI Prudential Mutual Fund,Regular,Other,,
131176,INF109KA1Q01,-,ICICI Prudential Capital Protection Oriented Fund - Series VI - 1100 Days Plan H,Close Ended Schemes(Income),ICICI Prudential Mutual Fund,Regular,Other,,
131175,INF109KA1Q27,-,ICICI Prudential Capital Protection Oriented Fund - Series VI - 1100 Days Plan H,Close Ended Schemes(Income),ICICI Prudential Mutual Fund,Regular,Other,,
131177,INF109KA1Q35,-,ICICI Prudential Capital Protection Oriented Fund - Series VI - 1100 Days Plan H,Close Ended Schemes(Income),ICICI Prudential Mutual Fund,Regular,Other,,
131178,INF109KA1Q19,-,ICICI Prudential Capital Protection Oriented Fund - Series VI - 1100 Days Plan H,Close Ended Schemes(Income),ICICI Prudential Mutual Fund,Regular,Other,,
133218,INF109KA18M8,-,ICICI Prudential Capital Protection Oriented Fund - Series VII - 1284 Days Plan C,Close Ended Schemes(Income),ICICI Prudential Mutual Fund,Regular,Other,,
133216,INF109KA10N3,-,ICICI Prudential Capital Protection Oriented Fund - Series VII - 1284 Days Plan C,Close Ended Schemes(Income),ICICI Prudential Mutual Fund,Regular,Other,,
133217,INF109KA11N1,-,ICICI Prudential Capital Protection Oriented Fund - Series VII - 1284 Days Plan C,Close Ended Schemes(Income),ICICI Prudential Mutual Fund,Regular,Other,,
133219,INF109KA19M6,-,ICICI Prudential Capital Protection Oriented Fund - Series VII - 1284 Days Plan C,Close Ended Schemes(Income),ICICI Prudential Mutual Fund,Regular,Other,,
133382,INF109KA14P0,-,ICICI Prudential Capital Protection Oriented Fund - Series VII - 1284 Days Plan E,Close Ended Schemes(Income),ICICI Prudential Mutual Fund,Regular,Other,,
133379,INF109KA16P5,-,ICICI Prudential Capital Protection Oriented Fund - Series VII - 1284 Days Plan E,Close Ended Schemes(Income),ICICI Prudential Mutual Fund,Regular,Other,,
133380,INF109KA17P3,-,ICICI Prudential Capital Protection Oriented Fund - Series VII - 1284 Days Plan E,Close Ended Schemes(Income),ICICI Prudential Mutual Fund,Regular,Other,,
133381,INF109KA15P7,-,ICICI Prudential Capital Protection Oriented Fund - Series VII - 1284 Days Plan E,Close Ended Schemes(Income),ICICI Prudential Mutual Fund,Regular,Other,,
131455,INF109KA1W29,-,ICICI Prudential Capital Protection Oriented Fund - Series VII - 1285 Days Plan A,Close Ended Schemes(Income),ICICI Prudential Mutual Fund,Regular,Other,,
131454,INF109KA1W45,-,ICICI Prudential Capital Protection Oriented Fund - Series VII - 1285 Days Plan A,Close Ended Schemes(Income),ICICI Prudential Mutual Fund,Regular,Other,,
131457,INF109KA1W52,-,ICICI Prudential Capital Protection Oriented Fund - Series VII - 1285 Days Plan A,Close Ended Schemes(Income),ICICI Prudential Mutual Fund,Regular,Other,,
131456,INF109KA1W37,-,ICICI Prudential Capital Protection Oriented Fund - Series VII - 1285 Days Plan A,Close Ended Schemes(Income),ICICI Prudential Mutual Fund,Regular,Other,,
132877,INF109KA14E4,-,ICICI Prudential Capital Protection Oriented Fund - Series VII - 1285 Days Plan B,Close Ended Schemes(Income),ICICI Prudential Mutual Fund,Regular,Other,,
132875,INF109KA16E9,-,ICICI Prudential Capital Protection Oriented Fund - Series VII - 1285 Days Plan B,Close Ended Schemes(Income),ICICI Prudential Mutual Fund,Regular,Other,,
132876,INF109KA17E7,-,ICICI Prudential Capital Protection Oriented Fund - Series VII - 1285 Days Plan B,Close Ended Schemes(Income),ICICI Prudential Mutual Fund,Regular,Other,,
132878,INF109KA15E1,-,ICICI Prudential Capital Protection Oriented Fund - Series VII - 1285 Days Plan B,Close Ended Schemes(Income),ICICI Prudential Mutual Fund,Regular,Other,,
134717,INF109KB1GZ5,-,ICICI Prudential Capital Protection Oriented Fund - Series VIII - 1101 Days Plan D,Close Ended Schemes(Income),ICICI Prudential Mutual Fund,Regular,Other,,
134716,INF109KB1GX0,-,ICICI Prudential Capital Protection Oriented Fund - Series VIII - 1101 Days Plan D,Close Ended Schemes(Income),ICICI Prudential Mutual Fund,Regular,Other,,
134718,INF109KB1GY8,-,ICICI Prudential Capital Protection Oriented Fund - Series VIII - 1101 Days Plan D,Close Ended Schemes(Income),ICICI Prudential Mutual Fund,Regular,Other,,
134719,INF109KB1HA6,-,ICICI Prudential Capital Protection Oriented Fund - Series VIII - 1101 Days Plan D,Close Ended Schemes(Income),ICICI Prudential Mutual Fund,Regular,Other,,
135108,INF109KB1KN3,-,ICICI Prudential Capital Protection Oriented Fund - Series VIII - 1101 Days Plan G,Close Ended Schemes(Income),ICICI Prudential Mutual Fund,Regular,Other,,
135109,INF109KB1KP8,-,ICICI Prudential Capital Protection Oriented Fund - Series VIII - 1101 Days Plan G,Close Ended Schemes(Income),ICICI Prudential Mutual Fund,Regular,Other,,
135110,INF109KB1KO1,-,ICICI Prudential Capital Protection Oriented Fund - Series VIII - 1101 Days Plan G,Close Ended Schemes(Income),ICICI Prudential Mutual Fund,Regular,Other,,
134347,INF109KB1AT1,-,ICICI Prudential Capital Protection Oriented Fund - Series VIII - 1103 Days Plan B,Close Ended Schemes(Income),ICICI Prudential Mutual Fund,Regular,Other,,
134348,INF109KB1AV7,-,ICICI Prudential Capital Protection Oriented Fund - Series VIII - 1103 Days Plan B,Close Ended Schemes(Income),ICICI Prudential Mutual Fund,Regular,Other,,
134350,INF109KB1AW5,-,ICICI Prudential Capital Protection Oriented Fund - Series VIII - 1103 Days Plan B,Close Ended Schemes(Income),ICICI Prudential Mutual Fund,Regular,Other,,
134349,INF109KB1AU9,-,ICICI Prudential Capital Protection Oriented Fund - Series VIII - 1103 Days Plan B,Close Ended Schemes(Income),ICICI Prudential Mutual Fund,Regular,Other,,
134544,INF109KB1DB3,-,ICICI Prudential Capital Protection Oriented Fund - Series VIII - 1103 Days Plan C,Close Ended Schemes(Income),ICICI Prudential Mutual Fund,Regular,Other,,
134541,INF109KB1DD9,-,ICICI Prudential Capital Protection Oriented Fund - Series VIII - 1103 Days Plan C,Close Ended Schemes(Income),ICICI Prudential Mutual Fund,Regular,Other,,
134543,INF109KB1DE7,-,ICICI Prudential Capital Protection Oriented Fund - Series VIII - 1103 Days Plan C,Close Ended Schemes(Income),ICICI Prudential Mutual Fund,Regular,Other,,
134542,INF109KB1DC1,-,ICICI Prudential Capital Protection Oriented Fund - Series VIII - 1103 Days Plan C,Close Ended Schemes(Income),ICICI Prudential Mutual Fund,Regular,Other,,
134845,INF109KB1HZ3,-,ICICI Prudential Capital Protection Oriented Fund - Series VIII - 1107 Days Plan E,Close Ended Schemes(Income),ICICI Prudential Mutual Fund,Regular,Other,,
134844,INF109KB1IB2,-,ICICI Prudential Capital Protection Oriented Fund - Series VIII - 1107 Days Plan E,Close Ended Schemes(Income),ICICI Prudential Mutual Fund,Regular,Other,,
134842,INF109KB1IC0,-,ICICI Prudential Capital Protection Oriented Fund - Series VIII - 1107 Days Plan E,Close Ended Schemes(Income),ICICI Prudential Mutual Fund,Regular,Other,,
134843,INF109KB1IA4,-,ICICI Prudential Capital Protection Oriented Fund - Series VIII - 1107 Days Plan E,Close Ended Schemes(Income),ICICI Prudential Mutual Fund,Regular,Other,,
134942,INF109KB1IX6,-,ICICI Prudential Capital Protection Oriented Fund - Series VIII - 1115 Days Plan F,Close Ended Schemes(Income),ICICI Prudential Mutual Fund,Regular,Other,,
134945,INF109KB1IZ1,-,ICICI Prudential Capital Protection Oriented Fund - Series VIII - 1115 Days Plan F,Close Ended Schemes(Income),ICICI Prudential Mutual Fund,Regular,Other,,
134943,INF109KB1JA2,-,ICICI Prudential Capital Protection Oriented Fund - Series VIII - 1115 Days Plan F,Close Ended Schemes(Income),ICICI Prudential Mutual Fund,Regular,Other,,
134944,INF109KB1IY4,-,ICICI Prudential Capital Protection Oriented Fund - Series VIII - 1115 Days Plan F,Close Ended Schemes(Income),ICICI Prudential Mutual Fund,Regular,Other,,
139368,INF109KB1VP5,-,ICICI Prudential Capital Protection Oriented Fund - Series X - 1235 Days Plan A,Close Ended Schemes(Income),ICICI Prudential Mutual Fund,Regular,Other,,
139371,INF109KB1VR1,-,ICICI Prudential Capital Protection Oriented Fund - Series X - 1235 Days Plan A,Close Ended Schemes(Income),ICICI Prudential Mutual Fund,Regular,Other,,
139370,INF109KB1VS9,-,ICICI Prudential Capital Protection Oriented Fund - Series X - 1235 Days Plan A,Close Ended Schemes(Income),ICICI Prudential Mutual Fund,Regular,Other,,
139369,INF109KB1VQ3,-,ICICI Prudential Capital Protection Oriented Fund - Series X - 1235 Days Plan A,Close Ended Schemes(Income),ICICI Prudential Mutual Fund,Regular,Other,,
139470,INF109KB1WZ2,-,ICICI Prudential Capital Protection Oriented Fund - Series X - 1375 Days Plan B,Close Ended Schemes(Income),ICICI Prudential Mutual Fund,Regular,Other,,
139471,INF109KB1XB1,-,ICICI Prudential Capital Protection Oriented Fund - Series X - 1375 Days Plan B,Close Ended Schemes(Income),ICICI Prudential Mutual Fund,Regular,Other,,
139473,INF109KB1XC9,-,ICICI Prudential Capital Protection Oriented Fund - Series X - 1375 Days Plan B,Close Ended Schemes(Income),ICICI Prudential Mutual Fund,Regular,Other,,
139472,INF109KB1XA3,-,ICICI Prudential Capital Protection Oriented Fund - Series X - 1375 Days Plan B,Close Ended Schemes(Income),ICICI Prudential Mutual Fund,Regular,Other,,
140143,INF109KB1K88,-,ICICI Prudential Capital Protection Oriented Fund - Series XI - Plan A 2056 Days,Close Ended Schemes(Income),ICICI Prudential Mutual Fund,Regular,Other,,
140142,INF109KB1L04,-,ICICI Prudential Capital Protection Oriented Fund - Series XI - Plan A 2056 Days,Close Ended Schemes(Income),ICICI Prudential Mutual Fund,Regular,Other,,
140141,INF109KB1L12,-,ICICI Prudential Capital Protection Oriented Fund - Series XI - Plan A 2056 Days,Close Ended Schemes(Income),ICICI Prudential Mutual Fund,Regular,Other,,
140140,INF109KB1K96,-,ICICI Prudential Capital Protection Oriented Fund - Series XI - Plan A 2056 Days,Close Ended Schemes(Income),ICICI Prudential Mutual Fund,Regular,Other,,
140363,INF109KB1L46,-,ICICI Prudential Capital Protection Oriented Fund - Series XI - Plan B 1222 Days,Close Ended Schemes(Income),ICICI Prudential Mutual Fund,Regular,Other,,
140366,INF109KB1L61,-,ICICI Prudential Capital Protection Oriented Fund - Series XI - Plan B 1222 Days,Close Ended Schemes(Income),ICICI Prudential Mutual Fund,Regular,Other,,
140365,INF109KB1L79,-,ICICI Prudential Capital Protection Oriented Fund - Series XI - Plan B 1222 Days,Close Ended Schemes(Income),ICICI Prudential Mutual Fund,Regular,Other,,
140364,INF109KB1L53,-,ICICI Prudential Capital Protection Oriented Fund - Series XI - Plan B 1222 Days,Close Ended Schemes(Income),ICICI Prudential Mutual Fund,Regular,Other,,
140645,INF109KB1Q25,-,ICICI Prudential Capital Protection Oriented Fund - Series XI - Plan C 1255 Days,Close Ended Schemes(Income),ICICI Prudential Mutual Fund,Regular,Other,,
140646,INF109KB1Q41,-,ICICI Prudential Capital Protection Oriented Fund - Series XI - Plan C 1255 Days,Close Ended Schemes(Income),ICICI Prudential Mutual Fund,Regular,Other,,
140648,INF109KB1Q58,-,ICICI Prudential Capital Protection Oriented Fund - Series XI - Plan C 1255 Days,Close Ended Schemes(Income),ICICI Prudential Mutual Fund,Regular,Other,,
140647,INF109KB1Q33,-,ICICI Prudential Capital Protection Oriented Fund - Series XI - Plan C 1255 Days,Close Ended Schemes(Income),ICICI Prudential Mutual Fund,Regular,Other,,
140649,INF109KB1R08,-,ICICI Prudential Capital Protection Oriented Fund - Series XI - Plan D 1247 Days,Close Ended Schemes(Income),ICICI Prudential Mutual Fund,Regular,Other,,
140650,INF109KB1R24,-,ICICI Prudential Capital Protection Oriented Fund - Series XI - Plan D 1247 Days,Close Ended Schemes(Income),ICICI Prudential Mutual Fund,Regular,Other,,
140652,INF109KB1R32,-,ICICI Prudential Capital Protection Oriented Fund - Series XI - Plan D 1247 Days,Close Ended Schemes(Income),ICICI Prudential Mutual Fund,Regular,Other,,
140651,INF109KB1R16,-,ICICI Prudential Capital Protection Oriented Fund - Series XI - Plan D 1247 Days,Close Ended Schemes(Income),ICICI Prudential Mutual Fund,Regular,Other,,
140978,INF109KB1W27,-,ICICI Prudential Capital Protection Oriented Fund - Series XI - Plan E 1222 Days,Close Ended Schemes(Income),ICICI Prudential Mutual Fund,Regular,Other,,
140981,INF109KB1W43,-,ICICI Prudential Capital Protection Oriented Fund - Series XI - Plan E 1222 Days,Close Ended Schemes(Income),ICICI Prudential Mutual Fund,Regular,Other,,
140979,INF109KB1W50,-,ICICI Prudential Capital Protection Oriented Fund - Series XI - Plan E 1222 Days,Close Ended Schemes(Income),ICICI Prudential Mutual Fund,Regular,Other,,
140980,INF109KB1W35,-,ICICI Prudential Capital Protection Oriented Fund - Series XI - Plan E 1222 Days,Close Ended Schemes(Income),ICICI Prudential Mutual Fund,Regular,Other,,
141379,INF109KB12H9,-,ICICI Prudential Capital Protection Oriented Fund - Series XII - Plan A 1168 Days,Close Ended Schemes(Income),ICICI Prudential Mutual Fund,Regular,Other,,
141378,INF109KB14H5,-,ICICI Prudential Capital Protection Oriented Fund - Series XII - Plan A 1168 Days,Close Ended Schemes(Income),ICICI Prudential Mutual Fund,Regular,Other,,
141377,INF109KB15H2,-,ICICI Prudential Capital Protection Oriented Fund - Series XII - Plan A 1168 Days,Close Ended Schemes(Income),ICICI Prudential Mutual Fund,Regular,Other,,
141376,INF109KB13H7,-,ICICI Prudential Capital Protection Oriented Fund - Series XII - Plan A 1168 Days,Close Ended Schemes(Income),ICICI Prudential Mutual Fund,Regular,Other,,
141858,INF109KB15X9,-,ICICI Prudential Capital Protection Oriented Fund - Series XII - Plan C 1270 Days,Close Ended Schemes(Income),ICICI Prudential Mutual Fund,Regular,Other,,
141859,INF109KB13X4,-,ICICI Prudential Capital Protection Oriented Fund - Series XII - Plan C 1270 Days,Close Ended Schemes(Income),ICICI Prudential Mutual Fund,Regular,Other,,
141860,INF109KB14X2,-,ICICI Prudential Capital Protection Oriented Fund - Series XII - Plan C 1270 Days,Close Ended Schemes(Income),ICICI Prudential Mutual Fund,Regular,Other,,
141857,INF109KB16X7,-,ICICI Prudential Capital Protection Oriented Fund - Series XII - Plan C 1270 Days,Close Ended Schemes(Income),ICICI Prudential Mutual Fund,Regular,Other,,
145521,INF109KC1PC4,-,ICICI Prudential Capital Protection Oriented Fund - Series XIV - Plan A 1275 Days,Close Ended Schemes(Income),ICICI Prudential Mutual Fund,Regular,Other,,
145522,INF109KC1PE0,-,ICICI Prudential Capital Protection Oriented Fund - Series XIV - Plan A 1275 Days,Close Ended Schemes(Income),ICICI Prudential Mutual Fund,Regular,Other,,
145523,INF109KC1PF7,-,ICICI Prudential Capital Protection Oriented Fund - Series XIV - Plan A 1275 Days,Close Ended Schemes(Income),ICICI Prudential Mutual Fund,Regular,Other,,
145524,INF109KC1PD2,-,ICICI Prudential Capital Protection Oriented Fund - Series XIV - Plan A 1275 Days,Close Ended Schemes(Income),ICICI Prudential Mutual Fund,Regular,Other,,
117350,INF109K01C78,-,ICICI Prudential Capital Protection Oriented Fund II - Series IX - 36 Months,Close Ended Schemes(Income),ICICI Prudential Mutual Fund,Regular,Other,,
117351,INF109K01C86,-,ICICI Prudential Capital Protection Oriented Fund II - Series IX - 36 Months,Close Ended Schemes(Income),ICICI Prudential Mutual Fund,Regular,Other,,
117471,INF109K01D77,-,ICICI Prudential Capital Protection Oriented Fund II - Series X - 36 Months,Close Ended Schemes(Income),ICICI Prudential Mutual Fund,Regular,Other,,
117472,INF109K01D85,-,ICICI Prudential Capital Protection Oriented Fund II - Series X - 36 Months,Close Ended Schemes(Income),ICICI Prudential Mutual Fund,Regular,Other,,
118003,INF109K01G66,-,ICICI Prudential Capital Protection Oriented Fund III - PLAN A - 36 Months,Close Ended Schemes(Income),ICICI Prudential Mutual Fund,Regular,Other,,
118004,INF109K01G74,-,ICICI Prudential Capital Protection Oriented Fund III - PLAN A - 36 Months,Close Ended Schemes(Income),ICICI Prudential Mutual Fund,Regular,Other,,
118007,INF109K01G41,-,ICICI Prudential Capital Protection Oriented Fund III - PLAN B - 60 Months,Close Ended Schemes(Income),ICICI Prudential Mutual Fund,Regular,Other,,
118008,INF109K01G58,-,ICICI Prudential Capital Protection Oriented Fund III - PLAN B - 60 Months,Close Ended Schemes(Income),ICICI Prudential Mutual Fund,Regular,Other,,
118226,INF109K01H24,-,ICICI Prudential Capital Protection Oriented Fund III - PLAN C - 36 Months,Close Ended Schemes(Income),ICICI Prudential Mutual Fund,Regular,Other,,
118227,INF109K01H32,-,ICICI Prudential Capital Protection Oriented Fund III - PLAN C - 36 Months,Close Ended Schemes(Income),ICICI Prudential Mutual Fund,Regular,Other,,
118898,INF109K01I80,-,ICICI Prudential Capital Protection Oriented Fund III - PLAN D - 36 Months,Close Ended Schemes(Income),ICICI Prudential Mutual Fund,Regular,Other,,
118900,INF109K01I98,-,ICICI Prudential Capital Protection Oriented Fund III - PLAN D - 36 Months,Close Ended Schemes(Income),ICICI Prudential Mutual Fund,Regular,Other,,
118897,INF109K01J14,-,ICICI Prudential Capital Protection Oriented Fund III - PLAN D - 36 Months,Close Ended Schemes(Income),ICICI Prudential Mutual Fund,Regular,Other,,
118899,INF109K01J06,-,ICICI Prudential Capital Protection Oriented Fund III - PLAN D - 36 Months,Close Ended Schemes(Income),ICICI Prudential Mutual Fund,Regular,Other,,
120813,INF109K01K03,-,ICICI Prudential Capital Protection Oriented Fund III - PLAN E - 60 Months,Close Ended Schemes(Income),ICICI Prudential Mutual Fund,Regular,Other,,
120814,INF109K01K29,-,ICICI Prudential Capital Protection Oriented Fund III - PLAN E - 60 Months,Close Ended Schemes(Income),ICICI Prudential Mutual Fund,Regular,Other,,
120815,INF109K01K37,-,ICICI Prudential Capital Protection Oriented Fund III - PLAN E - 60 Months,Close Ended Schemes(Income),ICICI Prudential Mutual Fund,Regular,Other,,
120812,INF109K01K11,-,ICICI Prudential Capital Protection Oriented Fund III - PLAN E - 60 Months,Close Ended Schemes(Income),ICICI Prudential Mutual Fund,Regular,Other,,
121089,INF109K011F3,-,ICICI Prudential Capital Protection Oriented Fund III - PLAN F - 36 Months,Close Ended Schemes(Income),ICICI Prudential Mutual Fund,Regular,Other,,
121087,INF109K013F9,-,ICICI Prudential Capital Protection Oriented Fund III - PLAN F - 36 Months,Close Ended Schemes(Income),ICICI Prudential Mutual Fund,Regular,Other,,
121088,INF109K014F7,-,ICICI Prudential Capital Protection Oriented Fund III - PLAN F - 36 Months,Close Ended Schemes(Income),ICICI Prudential Mutual Fund,Regular,Other,,
121090,INF109K012F1,-,ICICI Prudential Capital Protection Oriented Fund III - PLAN F - 36 Months,Close Ended Schemes(Income),ICICI Prudential Mutual Fund,Regular,Other,,
121145,INF109K017I4,-,ICICI Prudential Capital Protection Oriented Fund III - PLAN G - 60 Months,Close Ended Schemes(Income),ICICI Prudential Mutual Fund,Regular,Other,,
121144,INF109K019I0,-,ICICI Prudential Capital Protection Oriented Fund III - PLAN G - 60 Months,Close Ended Schemes(Income),ICICI Prudential Mutual Fund,Regular,Other,,
121143,INF109K018I2,-,ICICI Prudential Capital Protection Oriented Fund III - PLAN G - 60 Months,Close Ended Schemes(Income),ICICI Prudential Mutual Fund,Regular,Other,,
121795,INF109K013V6,-,ICICI Prudential Capital Protection Oriented Fund III - PLAN H - 60 Months,Close Ended Schemes(Income),ICICI Prudential Mutual Fund,Regular,Other,,
121794,INF109K015V1,-,ICICI Prudential Capital Protection Oriented Fund III - PLAN H - 60 Months,Close Ended Schemes(Income),ICICI Prudential Mutual Fund,Regular,Other,,
121793,INF109K016V9,-,ICICI Prudential Capital Protection Oriented Fund III - PLAN H - 60 Months,Close Ended Schemes(Income),ICICI Prudential Mutual Fund,Regular,Other,,
121796,INF109K014V4,-,ICICI Prudential Capital Protection Oriented Fund III - PLAN H - 60 Months,Close Ended Schemes(Income),ICICI Prudential Mutual Fund,Regular,Other,,
122956,INF109KA1863,-,ICICI Prudential Capital Protection Oriented Fund IV - PLAN A - 60 Months,Close Ended Schemes(Income),ICICI Prudential Mutual Fund,Regular,Other,,
122954,INF109KA1848,-,ICICI Prudential Capital Protection Oriented Fund IV - PLAN A - 60 Months,Close Ended Schemes(Income),ICICI Prudential Mutual Fund,Regular,Other,,
122957,INF109KA1871,-,ICICI Prudential Capital Protection Oriented Fund IV - PLAN A - 60 Months,Close Ended Schemes(Income),ICICI Prudential Mutual Fund,Regular,Other,,
123561,INF109KA1BR4,-,ICICI Prudential Capital Protection Oriented Fund IV - PLAN C - 60 Months,Close Ended Schemes(Income),ICICI Prudential Mutual Fund,Regular,Other,,
123559,INF109KA1BP8,-,ICICI Prudential Capital Protection Oriented Fund IV - PLAN C - 60 Months,Close Ended Schemes(Income),ICICI Prudential Mutual Fund,Regular,Other,,
123560,INF109KA1BQ6,-,ICICI Prudential Capital Protection Oriented Fund IV - PLAN C - 60 Months,Close Ended Schemes(Income),ICICI Prudential Mutual Fund,Regular,Other,,
123562,INF109KA1BS2,-,ICICI Prudential Capital Protection Oriented Fund IV - PLAN C - 60 Months,Close Ended Schemes(Income),ICICI Prudential Mutual Fund,Regular,Other,,
124468,INF109KA1EF3,-,ICICI Prudential Capital Protection Oriented Fund IV - PLAN D - 60 Months,Close Ended Schemes(Income),ICICI Prudential Mutual Fund,Regular,Other,,
124467,INF109KA1ED8,-,ICICI Prudential Capital Protection Oriented Fund IV - PLAN D - 60 Months,Close Ended Schemes(Income),ICICI Prudential Mutual Fund,Regular,Other,,
124469,INF109KA1EE6,-,ICICI Prudential Capital Protection Oriented Fund IV - PLAN D - 60 Months,Close Ended Schemes(Income),ICICI Prudential Mutual Fund,Regular,Other,,
124470,INF109KA1EG1,-,ICICI Prudential Capital Protection Oriented Fund IV - PLAN D - 60 Months,Close Ended Schemes(Income),ICICI Prudential Mutual Fund,Regular,Other,,
124795,INF109KA1FN4,-,ICICI Prudential Capital Protection Oriented Fund IV - PLAN E - 36 Months,Close Ended Schemes(Income),ICICI Prudential Mutual Fund,Regular,Other,,
124797,INF109KA1FP9,-,ICICI Prudential Capital Protection Oriented Fund IV - PLAN E - 36 Months,Close Ended Schemes(Income),ICICI Prudential Mutual Fund,Regular,Other,,
124794,INF109KA1FQ7,-,ICICI Prudential Capital Protection Oriented Fund IV - PLAN E - 36 Months,Close Ended Schemes(Income),ICICI Prudential Mutual Fund,Regular,Other,,
124796,INF109KA1FO2,-,ICICI Prudential Capital Protection Oriented Fund IV - PLAN E - 36 Months,Close Ended Schemes(Income),ICICI Prudential Mutual Fund,Regular,Other,,
125186,INF109KA1GN2,-,ICICI Prudential Capital Protection Oriented Fund IV - PLAN F - 60 Months,Close Ended Schemes(Income),ICICI Prudential Mutual Fund,Regular,Other,,
125184,INF109KA1GP7,-,ICICI Prudential Capital Protection Oriented Fund IV - PLAN F - 60 Months,Close Ended Schemes(Income),ICICI Prudential Mutual Fund,Regular,Other,,
125185,INF109KA1GQ5,-,ICICI Prudential Capital Protection Oriented Fund IV - PLAN F - 60 Months,Close Ended Schemes(Income),ICICI Prudential Mutual Fund,Regular,Other,,
125187,INF109KA1GO0,-,ICICI Prudential Capital Protection Oriented Fund IV - PLAN F - 60 Months,Close Ended Schemes(Income),ICICI Prudential Mutual Fund,Regular,Other,,
125576,INF109KA1HR1,-,ICICI Prudential Capital Protection Oriented Fund IV - PLAN G - 60 Months,Close Ended Schemes(Income),ICICI Prudential Mutual Fund,Regular,Other,,
125577,INF109KA1HT7,-,ICICI Prudential Capital Protection Oriented Fund IV - PLAN G - 60 Months,Close Ended Schemes(Income),ICICI Prudential Mutual Fund,Regular,Other,,
125578,INF109KA1HU5,-,ICICI Prudential Capital Protection Oriented Fund IV - PLAN G - 60 Months,Close Ended Schemes(Income),ICICI Prudential Mutual Fund,Regular,Other,,
125575,INF109KA1HS9,-,ICICI Prudential Capital Protection Oriented Fund IV - PLAN G - 60 Months,Close Ended Schemes(Income),ICICI Prudential Mutual Fund,Regular,Other,,
125818,INF109KA1IP3,-,ICICI Prudential Capital Protection Oriented Fund IV - PLAN H - 36 Months Plan,Close Ended Schemes(Income),ICICI Prudential Mutual Fund,Regular,Other,,
125820,INF109KA1IR9,-,ICICI Prudential Capital Protection Oriented Fund IV - PLAN H - 36 Months Plan,Close Ended Schemes(Income),ICICI Prudential Mutual Fund,Regular,Other,,
125817,INF109KA1IS7,-,ICICI Prudential Capital Protection Oriented Fund IV - PLAN H - 36 Months Plan,Close Ended Schemes(Income),ICICI Prudential Mutual Fund,Regular,Other,,
125819,INF109KA1IQ1,-,ICICI Prudential Capital Protection Oriented Fund IV - PLAN H - 36 Months Plan,Close Ended Schemes(Income),ICICI Prudential Mutual Fund,Regular,Other,,
135494,INF109KB1NT4,-,ICICI Prudential Capital Protection Oriented Fund IX - PLAN A - 1101 Days,Close Ended Schemes(Income),ICICI Prudential Mutual Fund,Regular,Other,,
135495,INF109KB1NV0,-,ICICI Prudential Capital Protection Oriented Fund IX - PLAN A - 1101 Days,Close Ended Schemes(Income),ICICI Prudential Mutual Fund,Regular,Other,,
135493,INF109KB1NW8,-,ICICI Prudential Capital Protection Oriented Fund IX - PLAN A - 1101 Days,Close Ended Schemes(Income),ICICI Prudential Mutual Fund,Regular,Other,,
135496,INF109KB1NU2,-,ICICI Prudential Capital Protection Oriented Fund IX - PLAN A - 1101 Days,Close Ended Schemes(Income),ICICI Prudential Mutual Fund,Regular,Other,,
135545,INF109KB1OB0,-,ICICI Prudential Capital Protection Oriented Fund IX - PLAN B - 1103 Days,Close Ended Schemes(Income),ICICI Prudential Mutual Fund,Regular,Other,,
135546,INF109KB1OD6,-,ICICI Prudential Capital Protection Oriented Fund IX - PLAN B - 1103 Days,Close Ended Schemes(Income),ICICI Prudential Mutual Fund,Regular,Other,,
135543,INF109KB1OE4,-,ICICI Prudential Capital Protection Oriented Fund IX - PLAN B - 1103 Days,Close Ended Schemes(Income),ICICI Prudential Mutual Fund,Regular,Other,,
135544,INF109KB1OC8,-,ICICI Prudential Capital Protection Oriented Fund IX - PLAN B - 1103 Days,Close Ended Schemes(Income),ICICI Prudential Mutual Fund,Regular,Other,,
135851,INF109KB1OV8,-,ICICI Prudential Capital Protection Oriented Fund IX - PLAN C - 1195 Days,Close Ended Schemes(Income),ICICI Prudential Mutual Fund,Regular,Other,,
135849,INF109KB1OX4,-,ICICI Prudential Capital Protection Oriented Fund IX - PLAN C - 1195 Days,Close Ended Schemes(Income),ICICI Prudential Mutual Fund,Regular,Other,,
135850,INF109KB1OY2,-,ICICI Prudential Capital Protection Oriented Fund IX - PLAN C - 1195 Days,Close Ended Schemes(Income),ICICI Prudential Mutual Fund,Regular,Other,,
135852,INF109KB1OW6,-,ICICI Prudential Capital Protection Oriented Fund IX - PLAN C - 1195 Days,Close Ended Schemes(Income),ICICI Prudential Mutual Fund,Regular,Other,,
135974,INF109KB1PP7,-,ICICI Prudential Capital Protection Oriented Fund IX - PLAN D - 1378 Days,Close Ended Schemes(Income),ICICI Prudential Mutual Fund,Regular,Other,,
135972,INF109KB1PR3,-,ICICI Prudential Capital Protection Oriented Fund IX - PLAN D - 1378 Days,Close Ended Schemes(Income),ICICI Prudential Mutual Fund,Regular,Other,,
135973,INF109KB1PS1,-,ICICI Prudential Capital Protection Oriented Fund IX - PLAN D - 1378 Days,Close Ended Schemes(Income),ICICI Prudential Mutual Fund,Regular,Other,,
135975,INF109KB1PQ5,-,ICICI Prudential Capital Protection Oriented Fund IX - PLAN D - 1378 Days,Close Ended Schemes(Income),ICICI Prudential Mutual Fund,Regular,Other,,
136372,INF109KB1SN6,-,ICICI Prudential Capital Protection Oriented Fund IX - PLAN E - 1325 Days,Close Ended Schemes(Income),ICICI Prudential Mutual Fund,Regular,Other,,
136370,INF109KB1SP1,-,ICICI Prudential Capital Protection Oriented Fund IX - PLAN E - 1325 Days,Close Ended Schemes(Income),ICICI Prudential Mutual Fund,Regular,Other,,
136373,INF109KB1SQ9,-,ICICI Prudential Capital Protection Oriented Fund IX - PLAN E - 1325 Days,Close Ended Schemes(Income),ICICI Prudential Mutual Fund,Regular,Other,,
136371,INF109KB1SO4,-,ICICI Prudential Capital Protection Oriented Fund IX - PLAN E - 1325 Days,Close Ended Schemes(Income),ICICI Prudential Mutual Fund,Regular,Other,,
139119,INF109KB1TH6,-,ICICI Prudential Capital Protection Oriented Fund IX - PLAN F - 1120 Days,Close Ended Schemes(Income),ICICI Prudential Mutual Fund,Regular,Other,,
139117,INF109KB1TJ2,-,ICICI Prudential Capital Protection Oriented Fund IX - PLAN F - 1120 Days,Close Ended Schemes(Income),ICICI Prudential Mutual Fund,Regular,Other,,
139116,INF109KB1TI4,-,ICICI Prudential Capital Protection Oriented Fund IX - PLAN F - 1120 Days,Close Ended Schemes(Income),ICICI Prudential Mutual Fund,Regular,Other,,
126232,INF109KA1KD5,-,ICICI Prudential Capital Protection Oriented Fund V - PLAN A - 5 Years,Close Ended Schemes(Income),ICICI Prudential Mutual Fund,Regular,Other,,
126231,INF109KA1KF0,-,ICICI Prudential Capital Protection Oriented Fund V - PLAN A - 5 Years,Close Ended Schemes(Income),ICICI Prudential Mutual Fund,Regular,Other,,
126234,INF109KA1KG8,-,ICICI Prudential Capital Protection Oriented Fund V - PLAN A - 5 Years,Close Ended Schemes(Income),ICICI Prudential Mutual Fund,Regular,Other,,
126233,INF109KA1KE3,-,ICICI Prudential Capital Protection Oriented Fund V - PLAN A - 5 Years,Close Ended Schemes(Income),ICICI Prudential Mutual Fund,Regular,Other,,
126566,INF109KA1LF8,-,ICICI Prudential Capital Protection Oriented Fund V - PLAN B - 1100 Days,Close Ended Schemes(Income),ICICI Prudential Mutual Fund,Regular,Other,,
126564,INF109KA1LH4,-,ICICI Prudential Capital Protection Oriented Fund V - PLAN B - 1100 Days,Close Ended Schemes(Income),ICICI Prudential Mutual Fund,Regular,Other,,
126565,INF109KA1LI2,-,ICICI Prudential Capital Protection Oriented Fund V - PLAN B - 1100 Days,Close Ended Schemes(Income),ICICI Prudential Mutual Fund,Regular,Other,,
126567,INF109KA1LG6,-,ICICI Prudential Capital Protection Oriented Fund V - PLAN B - 1100 Days,Close Ended Schemes(Income),ICICI Prudential Mutual Fund,Regular,Other,,
126905,INF109KA1MN0,-,ICICI Prudential Capital Protection Oriented Fund V - PLAN C - 1825 Days,Close Ended Schemes(Income),ICICI Prudential Mutual Fund,Regular,Other,,
126904,INF109KA1ML4,-,ICICI Prudential Capital Protection Oriented Fund V - PLAN C - 1825 Days,Close Ended Schemes(Income),ICICI Prudential Mutual Fund,Regular,Other,,
126902,INF109KA1MM2,-,ICICI Prudential Capital Protection Oriented Fund V - PLAN C - 1825 Days,Close Ended Schemes(Income),ICICI Prudential Mutual Fund,Regular,Other,,
126903,INF109KA1MO8,-,ICICI Prudential Capital Protection Oriented Fund V - PLAN C - 1825 Days,Close Ended Schemes(Income),ICICI Prudential Mutual Fund,Regular,Other,,
128210,INF109KA1QF7,-,ICICI Prudential Capital Protection Oriented Fund V - PLAN D - 1100 Days,Close Ended Schemes(Income),ICICI Prudential Mutual Fund,Regular,Other,,
128212,INF109KA1QH3,-,ICICI Prudential Capital Protection Oriented Fund V - PLAN D - 1100 Days,Close Ended Schemes(Income),ICICI Prudential Mutual Fund,Regular,Other,,
128209,INF109KA1QI1,-,ICICI Prudential Capital Protection Oriented Fund V - PLAN D - 1100 Days,Close Ended Schemes(Income),ICICI Prudential Mutual Fund,Regular,Other,,
128211,INF109KA1QG5,-,ICICI Prudential Capital Protection Oriented Fund V - PLAN D - 1100 Days,Close Ended Schemes(Income),ICICI Prudential Mutual Fund,Regular,Other,,
129071,INF109KA1SJ5,-,ICICI Prudential Capital Protection Oriented Fund V - PLAN E - 1100 Days,Close Ended Schemes(Income),ICICI Prudential Mutual Fund,Regular,Other,,
129070,INF109KA1SL1,-,ICICI Prudential Capital Protection Oriented Fund V - PLAN E - 1100 Days,Close Ended Schemes(Income),ICICI Prudential Mutual Fund,Regular,Other,,
129072,INF109KA1SK3,-,ICICI Prudential Capital Protection Oriented Fund V - PLAN E - 1100 Days,Close Ended Schemes(Income),ICICI Prudential Mutual Fund,Regular,Other,,
129738,INF109KA1VL5,-,ICICI Prudential Capital Protection Oriented Fund V - Plan F -1100 Days,Close Ended Schemes(Income),ICICI Prudential Mutual Fund,Regular,Other,,
129737,INF109KA1VK7,-,ICICI Prudential Capital Protection Oriented Fund V - Plan F -1100 Days,Close Ended Schemes(Income),ICICI Prudential Mutual Fund,Regular,Other,,
129740,INF109KA1VM3,-,ICICI Prudential Capital Protection Oriented Fund V - Plan F -1100 Days,Close Ended Schemes(Income),ICICI Prudential Mutual Fund,Regular,Other,,
129739,INF109KA1VJ9,-,ICICI Prudential Capital Protection Oriented Fund V - Plan F -1100 Days,Close Ended Schemes(Income),ICICI Prudential Mutual Fund,Regular,Other,,
129857,INF109KA1VV4,-,ICICI Prudential Capital Protection Oriented Fund VI - PLAN A - 1825 Days,Close Ended Schemes(Income),ICICI Prudential Mutual Fund,Regular,Other,,
129859,INF109KA1VX0,-,ICICI Prudential Capital Protection Oriented Fund VI - PLAN A - 1825 Days,Close Ended Schemes(Income),ICICI Prudential Mutual Fund,Regular,Other,,
129860,INF109KA1VY8,-,ICICI Prudential Capital Protection Oriented Fund VI - PLAN A - 1825 Days,Close Ended Schemes(Income),ICICI Prudential Mutual Fund,Regular,Other,,
129858,INF109KA1VW2,-,ICICI Prudential Capital Protection Oriented Fund VI - PLAN A - 1825 Days,Close Ended Schemes(Income),ICICI Prudential Mutual Fund,Regular,Other,,
130220,INF109KA1XJ5,-,ICICI Prudential Capital Protection Oriented Fund VI - PLAN C - 1825 Days,Close Ended Schemes(Income),ICICI Prudential Mutual Fund,Regular,Other,,
130219,INF109KA1XH9,-,ICICI Prudential Capital Protection Oriented Fund VI - PLAN C - 1825 Days,Close Ended Schemes(Income),ICICI Prudential Mutual Fund,Regular,Other,,
130221,INF109KA1XK3,-,ICICI Prudential Capital Protection Oriented Fund VI - PLAN C - 1825 Days,Close Ended Schemes(Income),ICICI Prudential Mutual Fund,Regular,Other,,
130222,INF109KA1XI7,-,ICICI Prudential Capital Protection Oriented Fund VI - PLAN C - 1825 Days,Close Ended Schemes(Income),ICICI Prudential Mutual Fund,Regular,Other,,
133293,INF109KA10P8,-,ICICI Prudential Capital Protection Oriented Fund VII - PLAN D - 1822 Days,Close Ended Schemes(Income),ICICI Prudential Mutual Fund,Regular,Other,,
133295,INF109KA12P4,-,ICICI Prudential Capital Protection Oriented Fund VII - PLAN D - 1822 Days,Close Ended Schemes(Income),ICICI Prudential Mutual Fund,Regular,Other,,
133294,INF109KA13P2,-,ICICI Prudential Capital Protection Oriented Fund VII - PLAN D - 1822 Days,Close Ended Schemes(Income),ICICI Prudential Mutual Fund,Regular,Other,,
133296,INF109KA11P6,-,ICICI Prudential Capital Protection Oriented Fund VII - PLAN D - 1822 Days,Close Ended Schemes(Income),ICICI Prudential Mutual Fund,Regular,Other,,
133636,INF109KA18T3,-,ICICI Prudential Capital Protection Oriented Fund VII - PLAN G - 1285 Days,Close Ended Schemes(Income),ICICI Prudential Mutual Fund,Regular,Other,,
133639,INF109KA10U8,-,ICICI Prudential Capital Protection Oriented Fund VII - PLAN G - 1285 Days,Close Ended Schemes(Income),ICICI Prudential Mutual Fund,Regular,Other,,
133637,INF109KA19T1,-,ICICI Prudential Capital Protection Oriented Fund VII - PLAN G - 1285 Days,Close Ended Schemes(Income),ICICI Prudential Mutual Fund,Regular,Other,,
133861,INF109KA14X4,-,ICICI Prudential Capital Protection Oriented Fund VII - PLAN H - 1284 Days,Close Ended Schemes(Income),ICICI Prudential Mutual Fund,Regular,Other,,
133864,INF109KA16X9,-,ICICI Prudential Capital Protection Oriented Fund VII - PLAN H - 1284 Days,Close Ended Schemes(Income),ICICI Prudential Mutual Fund,Regular,Other,,
133863,INF109KA17X7,-,ICICI Prudential Capital Protection Oriented Fund VII - PLAN H - 1284 Days,Close Ended Schemes(Income),ICICI Prudential Mutual Fund,Regular,Other,,
133862,INF109KA15X1,-,ICICI Prudential Capital Protection Oriented Fund VII - PLAN H - 1284 Days,Close Ended Schemes(Income),ICICI Prudential Mutual Fund,Regular,Other,,
134021,INF109KB1250,-,ICICI Prudential Capital Protection Oriented Fund VIII - PLAN A - 1300 Days,Close Ended Schemes(Income),ICICI Prudential Mutual Fund,Regular,Other,,
134018,INF109KB1276,-,ICICI Prudential Capital Protection Oriented Fund VIII - PLAN A - 1300 Days,Close Ended Schemes(Income),ICICI Prudential Mutual Fund,Regular,Other,,
134020,INF109KB1268,-,ICICI Prudential Capital Protection Oriented Fund VIII - PLAN A - 1300 Days,Close Ended Schemes(Income),ICICI Prudential Mutual Fund,Regular,Other,,
135179,INF109KB1KZ7,-,ICICI Prudential Capital Protection Oriented Fund VIII - PLAN H - 1105 Days,Close Ended Schemes(Income),ICICI Prudential Mutual Fund,Regular,Other,,
135181,INF109KB1LB6,-,ICICI Prudential Capital Protection Oriented Fund VIII - PLAN H - 1105 Days,Close Ended Schemes(Income),ICICI Prudential Mutual Fund,Regular,Other,,
135182,INF109KB1LC4,-,ICICI Prudential Capital Protection Oriented Fund VIII - PLAN H - 1105 Days,Close Ended Schemes(Income),ICICI Prudential Mutual Fund,Regular,Other,,
135180,INF109KB1LA8,-,ICICI Prudential Capital Protection Oriented Fund VIII - PLAN H - 1105 Days,Close Ended Schemes(Income),ICICI Prudential Mutual Fund,Regular,Other,,
135195,INF109KB1LL5,-,ICICI Prudential Capital Protection Oriented Fund VIII - PLAN I - 1290 Days,Close Ended Schemes(Income),ICICI Prudential Mutual Fund,Regular,Other,,
135192,INF109KB1LN1,-,ICICI Prudential Capital Protection Oriented Fund VIII - PLAN I - 1290 Days,Close Ended Schemes(Income),ICICI Prudential Mutual Fund,Regular,Other,,
135194,INF109KB1LO9,-,ICICI Prudential Capital Protection Oriented Fund VIII - PLAN I - 1290 Days,Close Ended Schemes(Income),ICICI Prudential Mutual Fund,Regular,Other,,
135193,INF109KB1LM3,-,ICICI Prudential Capital Protection Oriented Fund VIII - PLAN I - 1290 Days,Close Ended Schemes(Income),ICICI Prudential Mutual Fund,Regular,Other,,
135219,INF109KB1LR2,-,ICICI Prudential Capital Protection Oriented Fund VIII - PLAN J - 1284 Days,Close Ended Schemes(Income),ICICI Prudential Mutual Fund,Regular,Other,,
135220,INF109KB1LT8,-,ICICI Prudential Capital Protection Oriented Fund VIII - PLAN J - 1284 Days,Close Ended Schemes(Income),ICICI Prudential Mutual Fund,Regular,Other,,
135218,INF109KB1LU6,-,ICICI Prudential Capital Protection Oriented Fund VIII - PLAN J - 1284 Days,Close Ended Schemes(Income),ICICI Prudential Mutual Fund,Regular,Other,,
135221,INF109KB1LS0,-,ICICI Prudential Capital Protection Oriented Fund VIII - PLAN J - 1284 Days,Close Ended Schemes(Income),ICICI Prudential Mutual Fund,Regular,Other,,
128989,INF109KA1SF3,-,ICICI Prudential Fixed Maturity Plan - Corporate Bond Series A - 750 Days,Close Ended Schemes(Income),ICICI Prudential Mutual Fund,Regular,Other,,
128991,INF109KA1SH9,-,ICICI Prudential Fixed Maturity Plan - Corporate Bond Series A - 750 Days,Close Ended Schemes(Income),ICICI Prudential Mutual Fund,Regular,Other,,
130806,INF109KA1ZU7,-,ICICI Prudential Fixed Maturity Plan - Corporate Bond Series B - 1100 Days,Close Ended Schemes(Income),ICICI Prudential Mutual Fund,Regular,Other,,
130803,INF109KA1ZW3,-,ICICI Prudential Fixed Maturity Plan - Corporate Bond Series B - 1100 Days,Close Ended Schemes(Income),ICICI Prudential Mutual Fund,Regular,Other,,
130804,INF109KA1ZX1,-,ICICI Prudential Fixed Maturity Plan - Corporate Bond Series B - 1100 Days,Close Ended Schemes(Income),ICICI Prudential Mutual Fund,Regular,Other,,
130805,INF109KA1ZV5,-,ICICI Prudential Fixed Maturity Plan - Corporate Bond Series B - 1100 Days,Close Ended Schemes(Income),ICICI Prudential Mutual Fund,Regular,Other,,
130404,INF109KB1JF1,-,ICICI Prudential Fixed Maturity Plan - Series - 74 - 367 Days Plan Z,Close Ended Schemes(Income),ICICI Prudential Mutual Fund,Regular,Other,,
130403,INF109KB1JI5,-,ICICI Prudential Fixed Maturity Plan - Series - 74 - 367 Days Plan Z,Close Ended Schemes(Income),ICICI Prudential Mutual Fund,Regular,Other,,
130405,INF109KB1JG9,-,ICICI Prudential Fixed Maturity Plan - Series - 74 - 367 Days Plan Z,Close Ended Schemes(Income),ICICI Prudential Mutual Fund,Regular,Other,,
130402,INF109KB1JH7,-,ICICI Prudential Fixed Maturity Plan - Series - 74 - 367 Days Plan Z,Close Ended Schemes(Income),ICICI Prudential Mutual Fund,Regular,Other,,
123545,INF109KA1BV6,-,ICICI Prudential Fixed Maturity Plan - Series 69 - 1821 Days Plan I,Close Ended Schemes(Income),ICICI Prudential Mutual Fund,Regular,Other,,
123543,INF109KA1BT0,-,ICICI Prudential Fixed Maturity Plan - Series 69 - 1821 Days Plan I,Close Ended Schemes(Income),ICICI Prudential Mutual Fund,Regular,Other,,
123544,INF109KA1BU8,-,ICICI Prudential Fixed Maturity Plan - Series 69 - 1821 Days Plan I,Close Ended Schemes(Income),ICICI Prudential Mutual Fund,Regular,Other,,
123546,INF109KA1BW4,-,ICICI Prudential Fixed Maturity Plan - Series 69 - 1821 Days Plan I,Close Ended Schemes(Income),ICICI Prudential Mutual Fund,Regular,Other,,
125318,INF109KA10H5,-,ICICI Prudential Fixed Maturity Plan - Series 71 - 366 Days Plan C,Close Ended Schemes(Income),ICICI Prudential Mutual Fund,Regular,Other,,
125320,INF109KA18G0,-,ICICI Prudential Fixed Maturity Plan - Series 71 - 366 Days Plan C,Close Ended Schemes(Income),ICICI Prudential Mutual Fund,Regular,Other,,
125319,INF109KA11H3,-,ICICI Prudential Fixed Maturity Plan - Series 71 - 366 Days Plan C,Close Ended Schemes(Income),ICICI Prudential Mutual Fund,Regular,Other,,
125316,INF109KB1FF9,-,ICICI Prudential Fixed Maturity Plan - Series 71 - 547 Days Plan B,Close Ended Schemes(Income),ICICI Prudential Mutual Fund,Regular,Other,,
125314,INF109KB1FH5,-,ICICI Prudential Fixed Maturity Plan - Series 71 - 547 Days Plan B,Close Ended Schemes(Income),ICICI Prudential Mutual Fund,Regular,Other,,
125315,INF109KB1FI3,-,ICICI Prudential Fixed Maturity Plan - Series 71 - 547 Days Plan B,Close Ended Schemes(Income),ICICI Prudential Mutual Fund,Regular,Other,,
125313,INF109KB1FG7,-,ICICI Prudential Fixed Maturity Plan - Series 71 - 547 Days Plan B,Close Ended Schemes(Income),ICICI Prudential Mutual Fund,Regular,Other,,
126817,INF109KA18V9,-,ICICI Prudential Fixed Maturity Plan - Series 72 - 366 Days Plan K,Close Ended Schemes(Income),ICICI Prudential Mutual Fund,Regular,Other,,
126815,INF109KA10W4,-,ICICI Prudential Fixed Maturity Plan - Series 72 - 366 Days Plan K,Close Ended Schemes(Income),ICICI Prudential Mutual Fund,Regular,Other,,
126816,INF109KA11W2,-,ICICI Prudential Fixed Maturity Plan - Series 72 - 366 Days Plan K,Close Ended Schemes(Income),ICICI Prudential Mutual Fund,Regular,Other,,
127726,INF109KA1OV9,-,ICICI Prudential Fixed Maturity Plan - Series 73 - 1140 Days Plan E,Close Ended Schemes(Income),ICICI Prudential Mutual Fund,Regular,Other,,
127724,INF109KA1OX5,-,ICICI Prudential Fixed Maturity Plan - Series 73 - 1140 Days Plan E,Close Ended Schemes(Income),ICICI Prudential Mutual Fund,Regular,Other,,
127725,INF109KA1OY3,-,ICICI Prudential Fixed Maturity Plan - Series 73 - 1140 Days Plan E,Close Ended Schemes(Income),ICICI Prudential Mutual Fund,Regular,Other,,
127727,INF109KA1OW7,-,ICICI Prudential Fixed Maturity Plan - Series 73 - 1140 Days Plan E,Close Ended Schemes(Income),ICICI Prudential Mutual Fund,Regular,Other,,
130330,INF109KB1JB0,-,ICICI Prudential Fixed Maturity Plan - Series 74 - 368 Days Plan Y,Close Ended Schemes(Income),ICICI Prudential Mutual Fund,Regular,Other,,
130331,INF109KB1JD6,-,ICICI Prudential Fixed Maturity Plan - Series 74 - 368 Days Plan Y,Close Ended Schemes(Income),ICICI Prudential Mutual Fund,Regular,Other,,
130329,INF109KB1JC8,-,ICICI Prudential Fixed Maturity Plan - Series 74 - 368 Days Plan Y,Close Ended Schemes(Income),ICICI Prudential Mutual Fund,Regular,Other,,
130316,INF109KB1JJ3,-,ICICI Prudential Fixed Maturity Plan - Series 74 - 370 Days Plan X,Close Ended Schemes(Income),ICICI Prudential Mutual Fund,Regular,Other,,
130315,INF109KB1JL9,-,ICICI Prudential Fixed Maturity Plan - Series 74 - 370 Days Plan X,Close Ended Schemes(Income),ICICI Prudential Mutual Fund,Regular,Other,,
130317,INF109KB1JM7,-,ICICI Prudential Fixed Maturity Plan - Series 74 - 370 Days Plan X,Close Ended Schemes(Income),ICICI Prudential Mutual Fund,Regular,Other,,
130318,INF109KB1JK1,-,ICICI Prudential Fixed Maturity Plan - Series 74 - 370 Days Plan X,Close Ended Schemes(Income),ICICI Prudential Mutual Fund,Regular,Other,,
130062,INF109KA1WP4,-,ICICI Prudential Fixed Maturity Plan - Series 74 - 9 Years Plan U,Close Ended Schemes(Income),ICICI Prudential Mutual Fund,Regular,Other,,
130064,INF109KA1WO7,-,ICICI Prudential Fixed Maturity Plan - Series 74 - 9 Years Plan U,Close Ended Schemes(Income),ICICI Prudential Mutual Fund,Regular,Other,,
130063,INF109KA1WM1,-,ICICI Prudential Fixed Maturity Plan - Series 74 - 9 Years Plan U,Close Ended Schemes(Income),ICICI Prudential Mutual Fund,Regular,Other,,
130061,INF109KA1WN9,-,ICICI Prudential Fixed Maturity Plan - Series 74 - 9 Years Plan U,Close Ended Schemes(Income),ICICI Prudential Mutual Fund,Regular,Other,,
131016,INF109KA1K23,-,ICICI Prudential Fixed Maturity Plan - Series 75 - 1100 Days Plan F,Close Ended Schemes(Income),ICICI Prudential Mutual Fund,Regular,Other,,
131014,INF109KA1K49,-,ICICI Prudential Fixed Maturity Plan - Series 75 - 1100 Days Plan F,Close Ended Schemes(Income),ICICI Prudential Mutual Fund,Regular,Other,,
131017,INF109KA1K31,-,ICICI Prudential Fixed Maturity Plan - Series 75 - 1100 Days Plan F,Close Ended Schemes(Income),ICICI Prudential Mutual Fund,Regular,Other,,
131008,INF109KA1K64,-,ICICI Prudential Fixed Maturity Plan - Series 75 - 1100 Days Plan G,Close Ended Schemes(Income),ICICI Prudential Mutual Fund,Regular,Other,,
131007,INF109KA1K80,-,ICICI Prudential Fixed Maturity Plan - Series 75 - 1100 Days Plan G,Close Ended Schemes(Income),ICICI Prudential Mutual Fund,Regular,Other,,
131006,INF109KA1K98,-,ICICI Prudential Fixed Maturity Plan - Series 75 - 1100 Days Plan G,Close Ended Schemes(Income),ICICI Prudential Mutual Fund,Regular,Other,,
131009,INF109KA1K72,-,ICICI Prudential Fixed Maturity Plan - Series 75 - 1100 Days Plan G,Close Ended Schemes(Income),ICICI Prudential Mutual Fund,Regular,Other,,
131112,INF109KA1P69,-,ICICI Prudential Fixed Maturity Plan - Series 75 - 1100 Days Plan H,Close Ended Schemes(Income),ICICI Prudential Mutual Fund,Regular,Other,,
131111,INF109KA1P85,-,ICICI Prudential Fixed Maturity Plan - Series 75 - 1100 Days Plan H,Close Ended Schemes(Income),ICICI Prudential Mutual Fund,Regular,Other,,
131109,INF109KA1P93,-,ICICI Prudential Fixed Maturity Plan - Series 75 - 1100 Days Plan H,Close Ended Schemes(Income),ICICI Prudential Mutual Fund,Regular,Other,,
131110,INF109KA1P77,-,ICICI Prudential Fixed Maturity Plan - Series 75 - 1100 Days Plan H,Close Ended Schemes(Income),ICICI Prudential Mutual Fund,Regular,Other,,
131195,INF109KA1R26,-,ICICI Prudential Fixed Maturity Plan - Series 75 - 1100 Days Plan I,Close Ended Schemes(Income),ICICI Prudential Mutual Fund,Regular,Other,,
131197,INF109KA1R42,-,ICICI Prudential Fixed Maturity Plan - Series 75 - 1100 Days Plan I,Close Ended Schemes(Income),ICICI Prudential Mutual Fund,Regular,Other,,
131198,INF109KA1R59,-,ICICI Prudential Fixed Maturity Plan - Series 75 - 1100 Days Plan I,Close Ended Schemes(Income),ICICI Prudential Mutual Fund,Regular,Other,,
131196,INF109KA1R34,-,ICICI Prudential Fixed Maturity Plan - Series 75 - 1100 Days Plan I,Close Ended Schemes(Income),ICICI Prudential Mutual Fund,Regular,Other,,
131311,INF109KA1T40,-,ICICI Prudential Fixed Maturity Plan - Series 75 - 1100 Days Plan J,Close Ended Schemes(Income),ICICI Prudential Mutual Fund,Regular,Other,,
131310,INF109KA1T65,-,ICICI Prudential Fixed Maturity Plan - Series 75 - 1100 Days Plan J,Close Ended Schemes(Income),ICICI Prudential Mutual Fund,Regular,Other,,
131309,INF109KA1T73,-,ICICI Prudential Fixed Maturity Plan - Series 75 - 1100 Days Plan J,Close Ended Schemes(Income),ICICI Prudential Mutual Fund,Regular,Other,,
131312,INF109KA1T57,-,ICICI Prudential Fixed Maturity Plan - Series 75 - 1100 Days Plan J,Close Ended Schemes(Income),ICICI Prudential Mutual Fund,Regular,Other,,
131601,INF109KA18A3,-,ICICI Prudential Fixed Maturity Plan - Series 75 - 1100 Days Plan N,Close Ended Schemes(Income),ICICI Prudential Mutual Fund,Regular,Other,,
131599,INF109KA10B8,-,ICICI Prudential Fixed Maturity Plan - Series 75 - 1100 Days Plan N,Close Ended Schemes(Income),ICICI Prudential Mutual Fund,Regular,Other,,
131600,INF109KA19A1,-,ICICI Prudential Fixed Maturity Plan - Series 75 - 1100 Days Plan N,Close Ended Schemes(Income),ICICI Prudential Mutual Fund,Regular,Other,,
131603,INF109KA12B4,-,ICICI Prudential Fixed Maturity Plan - Series 75 - 1100 Days Plan O,Close Ended Schemes(Income),ICICI Prudential Mutual Fund,Regular,Other,,
131602,INF109KA14B0,-,ICICI Prudential Fixed Maturity Plan - Series 75 - 1100 Days Plan O,Close Ended Schemes(Income),ICICI Prudential Mutual Fund,Regular,Other,,
131604,INF109KA13B2,-,ICICI Prudential Fixed Maturity Plan - Series 75 - 1100 Days Plan O,Close Ended Schemes(Income),ICICI Prudential Mutual Fund,Regular,Other,,
132837,INF109KA10E2,-,ICICI Prudential Fixed Maturity Plan - Series 75 - 1100 Days Plan Q,Close Ended Schemes(Income),ICICI Prudential Mutual Fund,Regular,Other,,
132834,INF109KA12E8,-,ICICI Prudential Fixed Maturity Plan - Series 75 - 1100 Days Plan Q,Close Ended Schemes(Income),ICICI Prudential Mutual Fund,Regular,Other,,
132835,INF109KA13E6,-,ICICI Prudential Fixed Maturity Plan - Series 75 - 1100 Days Plan Q,Close Ended Schemes(Income),ICICI Prudential Mutual Fund,Regular,Other,,
132836,INF109KA11E0,-,ICICI Prudential Fixed Maturity Plan - Series 75 - 1100 Days Plan Q,Close Ended Schemes(Income),ICICI Prudential Mutual Fund,Regular,Other,,
132901,INF109KA18E5,-,ICICI Prudential Fixed Maturity Plan - Series 75 - 1100 Days Plan R,Close Ended Schemes(Income),ICICI Prudential Mutual Fund,Regular,Other,,
132900,INF109KA10F9,-,ICICI Prudential Fixed Maturity Plan - Series 75 - 1100 Days Plan R,Close Ended Schemes(Income),ICICI Prudential Mutual Fund,Regular,Other,,
132902,INF109KA19E3,-,ICICI Prudential Fixed Maturity Plan - Series 75 - 1100 Days Plan R,Close Ended Schemes(Income),ICICI Prudential Mutual Fund,Regular,Other,,
133006,INF109KA14F1,-,ICICI Prudential Fixed Maturity Plan - Series 75 - 1100 Days Plan T,Close Ended Schemes(Income),ICICI Prudential Mutual Fund,Regular,Other,,
133005,INF109KA12F5,-,ICICI Prudential Fixed Maturity Plan - Series 75 - 1100 Days Plan T,Close Ended Schemes(Income),ICICI Prudential Mutual Fund,Regular,Other,,
133003,INF109KA15F8,-,ICICI Prudential Fixed Maturity Plan - Series 75 - 1100 Days Plan T,Close Ended Schemes(Income),ICICI Prudential Mutual Fund,Regular,Other,,
131461,INF109KA1V87,-,ICICI Prudential Fixed Maturity Plan - Series 75 - 1103 Days Plan L,Close Ended Schemes(Income),ICICI Prudential Mutual Fund,Regular,Other,,
131460,INF109KA1W03,-,ICICI Prudential Fixed Maturity Plan - Series 75 - 1103 Days Plan L,Close Ended Schemes(Income),ICICI Prudential Mutual Fund,Regular,Other,,
131458,INF109KA1W11,-,ICICI Prudential Fixed Maturity Plan - Series 75 - 1103 Days Plan L,Close Ended Schemes(Income),ICICI Prudential Mutual Fund,Regular,Other,,
131459,INF109KA1V95,-,ICICI Prudential Fixed Maturity Plan - Series 75 - 1103 Days Plan L,Close Ended Schemes(Income),ICICI Prudential Mutual Fund,Regular,Other,,
132831,INF109KA16D1,-,ICICI Prudential Fixed Maturity Plan - Series 75 - 1103 Days Plan P,Close Ended Schemes(Income),ICICI Prudential Mutual Fund,Regular,Other,,
132830,INF109KA18D7,-,ICICI Prudential Fixed Maturity Plan - Series 75 - 1103 Days Plan P,Close Ended Schemes(Income),ICICI Prudential Mutual Fund,Regular,Other,,
132833,INF109KA19D5,-,ICICI Prudential Fixed Maturity Plan - Series 75 - 1103 Days Plan P,Close Ended Schemes(Income),ICICI Prudential Mutual Fund,Regular,Other,,
132832,INF109KA17D9,-,ICICI Prudential Fixed Maturity Plan - Series 75 - 1103 Days Plan P,Close Ended Schemes(Income),ICICI Prudential Mutual Fund,Regular,Other,,
133044,INF109KA12H1,-,ICICI Prudential Fixed Maturity Plan - Series 75 - 1246 Days Plan U,Close Ended Schemes(Income),ICICI Prudential Mutual Fund,Regular,Other,,
133041,INF109KA14H7,-,ICICI Prudential Fixed Maturity Plan - Series 75 - 1246 Days Plan U,Close Ended Schemes(Income),ICICI Prudential Mutual Fund,Regular,Other,,
133042,INF109KA15H4,-,ICICI Prudential Fixed Maturity Plan - Series 75 - 1246 Days Plan U,Close Ended Schemes(Income),ICICI Prudential Mutual Fund,Regular,Other,,
133043,INF109KA13H9,-,ICICI Prudential Fixed Maturity Plan - Series 75 - 1246 Days Plan U,Close Ended Schemes(Income),ICICI Prudential Mutual Fund,Regular,Other,,
130779,INF109KA1ZQ5,-,ICICI Prudential Fixed Maturity Plan - Series 75 - 1352 Days Plan E,Close Ended Schemes(Income),ICICI Prudential Mutual Fund,Regular,Other,,
130777,INF109KA1ZS1,-,ICICI Prudential Fixed Maturity Plan - Series 75 - 1352 Days Plan E,Close Ended Schemes(Income),ICICI Prudential Mutual Fund,Regular,Other,,
130778,INF109KA1ZT9,-,ICICI Prudential Fixed Maturity Plan - Series 75 - 1352 Days Plan E,Close Ended Schemes(Income),ICICI Prudential Mutual Fund,Regular,Other,,
130780,INF109KA1ZR3,-,ICICI Prudential Fixed Maturity Plan - Series 75 - 1352 Days Plan E,Close Ended Schemes(Income),ICICI Prudential Mutual Fund,Regular,Other,,
133246,INF109KA12N9,-,ICICI Prudential Fixed Maturity Plan - Series 76 - 1100 Days Plan D,Close Ended Schemes(Income),ICICI Prudential Mutual Fund,Regular,Other,,
133244,INF109KA14N5,-,ICICI Prudential Fixed Maturity Plan - Series 76 - 1100 Days Plan D,Close Ended Schemes(Income),ICICI Prudential Mutual Fund,Regular,Other,,
133245,INF109KA15N2,-,ICICI Prudential Fixed Maturity Plan - Series 76 - 1100 Days Plan D,Close Ended Schemes(Income),ICICI Prudential Mutual Fund,Regular,Other,,
133247,INF109KA13N7,-,ICICI Prudential Fixed Maturity Plan - Series 76 - 1100 Days Plan D,Close Ended Schemes(Income),ICICI Prudential Mutual Fund,Regular,Other,,
133457,INF109KA16R1,-,ICICI Prudential Fixed Maturity Plan - Series 76 - 1100 Days Plan G,Close Ended Schemes(Income),ICICI Prudential Mutual Fund,Regular,Other,,
133458,INF109KA15S1,-,ICICI Prudential Fixed Maturity Plan - Series 76 - 1100 Days Plan G,Close Ended Schemes(Income),ICICI Prudential Mutual Fund,Regular,Other,,
133456,INF109KA17R9,-,ICICI Prudential Fixed Maturity Plan - Series 76 - 1100 Days Plan G,Close Ended Schemes(Income),ICICI Prudential Mutual Fund,Regular,Other,,
134163,INF109KB1359,-,ICICI Prudential Fixed Maturity Plan - Series 76 - 1100 Days Plan T,Close Ended Schemes(Income),ICICI Prudential Mutual Fund,Regular,Other,,
134160,INF109KB1375,-,ICICI Prudential Fixed Maturity Plan - Series 76 - 1100 Days Plan T,Close Ended Schemes(Income),ICICI Prudential Mutual Fund,Regular,Other,,
134162,INF109KB1367,-,ICICI Prudential Fixed Maturity Plan - Series 76 - 1100 Days Plan T,Close Ended Schemes(Income),ICICI Prudential Mutual Fund,Regular,Other,,
133434,INF109KA14Q8,-,ICICI Prudential Fixed Maturity Plan - Series 76 - 1103 Days Plan F,Close Ended Schemes(Income),ICICI Prudential Mutual Fund,Regular,Other,,
133431,INF109KA16Q3,-,ICICI Prudential Fixed Maturity Plan - Series 76 - 1103 Days Plan F,Close Ended Schemes(Income),ICICI Prudential Mutual Fund,Regular,Other,,
133432,INF109KA17Q1,-,ICICI Prudential Fixed Maturity Plan - Series 76 - 1103 Days Plan F,Close Ended Schemes(Income),ICICI Prudential Mutual Fund,Regular,Other,,
133433,INF109KA15Q5,-,ICICI Prudential Fixed Maturity Plan - Series 76 - 1103 Days Plan F,Close Ended Schemes(Income),ICICI Prudential Mutual Fund,Regular,Other,,
134308,INF109KB1672,-,ICICI Prudential Fixed Maturity Plan - Series 76 - 1108 Days Plan V,Close Ended Schemes(Income),ICICI Prudential Mutual Fund,Regular,Other,,
134305,INF109KB1698,-,ICICI Prudential Fixed Maturity Plan - Series 76 - 1108 Days Plan V,Close Ended Schemes(Income),ICICI Prudential Mutual Fund,Regular,Other,,
134307,INF109KB1680,-,ICICI Prudential Fixed Maturity Plan - Series 76 - 1108 Days Plan V,Close Ended Schemes(Income),ICICI Prudential Mutual Fund,Regular,Other,,
134186,INF109KB1391,-,ICICI Prudential Fixed Maturity Plan - Series 76 - 1120 Days Plan U,Close Ended Schemes(Income),ICICI Prudential Mutual Fund,Regular,Other,,
134188,INF109KB1417,-,ICICI Prudential Fixed Maturity Plan - Series 76 - 1120 Days Plan U,Close Ended Schemes(Income),ICICI Prudential Mutual Fund,Regular,Other,,
134187,INF109KB1409,-,ICICI Prudential Fixed Maturity Plan - Series 76 - 1120 Days Plan U,Close Ended Schemes(Income),ICICI Prudential Mutual Fund,Regular,Other,,
134312,INF109KB1953,-,ICICI Prudential Fixed Maturity Plan - Series 76 - 1127 Days Plan W,Close Ended Schemes(Income),ICICI Prudential Mutual Fund,Regular,Other,,
134309,INF109KB1979,-,ICICI Prudential Fixed Maturity Plan - Series 76 - 1127 Days Plan W,Close Ended Schemes(Income),ICICI Prudential Mutual Fund,Regular,Other,,
134310,INF109KB1987,-,ICICI Prudential Fixed Maturity Plan - Series 76 - 1127 Days Plan W,Close Ended Schemes(Income),ICICI Prudential Mutual Fund,Regular,Other,,
134311,INF109KB1961,-,ICICI Prudential Fixed Maturity Plan - Series 76 - 1127 Days Plan W,Close Ended Schemes(Income),ICICI Prudential Mutual Fund,Regular,Other,,
134005,INF109KB1219,-,ICICI Prudential Fixed Maturity Plan - Series 76 - 1132 Days Plan P,Close Ended Schemes(Income),ICICI Prudential Mutual Fund,Regular,Other,,
134007,INF109KB1235,-,ICICI Prudential Fixed Maturity Plan - Series 76 - 1132 Days Plan P,Close Ended Schemes(Income),ICICI Prudential Mutual Fund,Regular,Other,,
134399,INF109KB1BF8,-,ICICI Prudential Fixed Maturity Plan - Series 76 - 1134 Days Plan Y,Close Ended Schemes(Income),ICICI Prudential Mutual Fund,Regular,Other,,
134397,INF109KB1BH4,-,ICICI Prudential Fixed Maturity Plan - Series 76 - 1134 Days Plan Y,Close Ended Schemes(Income),ICICI Prudential Mutual Fund,Regular,Other,,
134400,INF109KB1BG6,-,ICICI Prudential Fixed Maturity Plan - Series 76 - 1134 Days Plan Y,Close Ended Schemes(Income),ICICI Prudential Mutual Fund,Regular,Other,,
134458,INF109KB1BB7,-,ICICI Prudential Fixed Maturity Plan - Series 76 - 1135 Days Plan Z,Close Ended Schemes(Income),ICICI Prudential Mutual Fund,Regular,Other,,
134461,INF109KB1BD3,-,ICICI Prudential Fixed Maturity Plan - Series 76 - 1135 Days Plan Z,Close Ended Schemes(Income),ICICI Prudential Mutual Fund,Regular,Other,,
134460,INF109KB1BE1,-,ICICI Prudential Fixed Maturity Plan - Series 76 - 1135 Days Plan Z,Close Ended Schemes(Income),ICICI Prudential Mutual Fund,Regular,Other,,
134459,INF109KB1BC5,-,ICICI Prudential Fixed Maturity Plan - Series 76 - 1135 Days Plan Z,Close Ended Schemes(Income),ICICI Prudential Mutual Fund,Regular,Other,,
133874,INF109KA16Y7,-,ICICI Prudential Fixed Maturity Plan - Series 76 - 1142 Days Plan M,Close Ended Schemes(Income),ICICI Prudential Mutual Fund,Regular,Other,,
133875,INF109KA18Y3,-,ICICI Prudential Fixed Maturity Plan - Series 76 - 1142 Days Plan M,Close Ended Schemes(Income),ICICI Prudential Mutual Fund,Regular,Other,,
133876,INF109KA19Y1,-,ICICI Prudential Fixed Maturity Plan - Series 76 - 1142 Days Plan M,Close Ended Schemes(Income),ICICI Prudential Mutual Fund,Regular,Other,,
133877,INF109KA17Y5,-,ICICI Prudential Fixed Maturity Plan - Series 76 - 1142 Days Plan M,Close Ended Schemes(Income),ICICI Prudential Mutual Fund,Regular,Other,,
133673,INF109KA14V8,-,ICICI Prudential Fixed Maturity Plan - Series 76 - 1155 Days Plan K,Close Ended Schemes(Income),ICICI Prudential Mutual Fund,Regular,Other,,
133670,INF109KA16V3,-,ICICI Prudential Fixed Maturity Plan - Series 76 - 1155 Days Plan K,Close Ended Schemes(Income),ICICI Prudential Mutual Fund,Regular,Other,,
133672,INF109KA15V5,-,ICICI Prudential Fixed Maturity Plan - Series 76 - 1155 Days Plan K,Close Ended Schemes(Income),ICICI Prudential Mutual Fund,Regular,Other,,
134928,INF109KB1IT4,-,ICICI Prudential Fixed Maturity Plan - Series 77 - 1100 Days Plan L,Close Ended Schemes(Income),ICICI Prudential Mutual Fund,Regular,Other,,
134929,INF109KB1IV0,-,ICICI Prudential Fixed Maturity Plan - Series 77 - 1100 Days Plan L,Close Ended Schemes(Income),ICICI Prudential Mutual Fund,Regular,Other,,
134926,INF109KB1IW8,-,ICICI Prudential Fixed Maturity Plan - Series 77 - 1100 Days Plan L,Close Ended Schemes(Income),ICICI Prudential Mutual Fund,Regular,Other,,
134927,INF109KB1IU2,-,ICICI Prudential Fixed Maturity Plan - Series 77 - 1100 Days Plan L,Close Ended Schemes(Income),ICICI Prudential Mutual Fund,Regular,Other,,
134931,INF109KB1IP2,-,ICICI Prudential Fixed Maturity Plan - Series 77 - 1100 Days Plan M,Close Ended Schemes(Income),ICICI Prudential Mutual Fund,Regular,Other,,
134930,INF109KB1IR8,-,ICICI Prudential Fixed Maturity Plan - Series 77 - 1100 Days Plan M,Close Ended Schemes(Income),ICICI Prudential Mutual Fund,Regular,Other,,
134933,INF109KB1IS6,-,ICICI Prudential Fixed Maturity Plan - Series 77 - 1100 Days Plan M,Close Ended Schemes(Income),ICICI Prudential Mutual Fund,Regular,Other,,
134932,INF109KB1IQ0,-,ICICI Prudential Fixed Maturity Plan - Series 77 - 1100 Days Plan M,Close Ended Schemes(Income),ICICI Prudential Mutual Fund,Regular,Other,,
135403,INF109KB1MR0,-,ICICI Prudential Fixed Maturity Plan - Series 77 - 1129 Days Plan W,Close Ended Schemes(Income),ICICI Prudential Mutual Fund,Regular,Other,,
135401,INF109KB1MT6,-,ICICI Prudential Fixed Maturity Plan - Series 77 - 1129 Days Plan W,Close Ended Schemes(Income),ICICI Prudential Mutual Fund,Regular,Other,,
135400,INF109KB1MS8,-,ICICI Prudential Fixed Maturity Plan - Series 77 - 1129 Days Plan W,Close Ended Schemes(Income),ICICI Prudential Mutual Fund,Regular,Other,,
134628,INF109KB1EL0,-,ICICI Prudential Fixed Maturity Plan - Series 77 - 1130 Days Plan D,Close Ended Schemes(Income),ICICI Prudential Mutual Fund,Regular,Other,,
134630,INF109KB1EN6,-,ICICI Prudential Fixed Maturity Plan - Series 77 - 1130 Days Plan D,Close Ended Schemes(Income),ICICI Prudential Mutual Fund,Regular,Other,,
134629,INF109KB1EM8,-,ICICI Prudential Fixed Maturity Plan - Series 77 - 1130 Days Plan D,Close Ended Schemes(Income),ICICI Prudential Mutual Fund,Regular,Other,,
134540,INF109KB1DF4,-,ICICI Prudential Fixed Maturity Plan - Series 77 - 1132 Days Plan A,Close Ended Schemes(Income),ICICI Prudential Mutual Fund,Regular,Other,,
134539,INF109KB1DH0,-,ICICI Prudential Fixed Maturity Plan - Series 77 - 1132 Days Plan A,Close Ended Schemes(Income),ICICI Prudential Mutual Fund,Regular,Other,,
134537,INF109KB1DI8,-,ICICI Prudential Fixed Maturity Plan - Series 77 - 1132 Days Plan A,Close Ended Schemes(Income),ICICI Prudential Mutual Fund,Regular,Other,,
134538,INF109KB1DG2,-,ICICI Prudential Fixed Maturity Plan - Series 77 - 1132 Days Plan A,Close Ended Schemes(Income),ICICI Prudential Mutual Fund,Regular,Other,,
134731,INF109KB1HB4,-,ICICI Prudential Fixed Maturity Plan - Series 77 - 1134 Days Plan H,Close Ended Schemes(Income),ICICI Prudential Mutual Fund,Regular,Other,,
134730,INF109KB1HD0,-,ICICI Prudential Fixed Maturity Plan - Series 77 - 1134 Days Plan H,Close Ended Schemes(Income),ICICI Prudential Mutual Fund,Regular,Other,,
134733,INF109KB1HE8,-,ICICI Prudential Fixed Maturity Plan - Series 77 - 1134 Days Plan H,Close Ended Schemes(Income),ICICI Prudential Mutual Fund,Regular,Other,,
135318,INF109KB1MF5,-,ICICI Prudential Fixed Maturity Plan - Series 77 - 1144 Days Plan T,Close Ended Schemes(Income),ICICI Prudential Mutual Fund,Regular,Other,,
135316,INF109KB1MH1,-,ICICI Prudential Fixed Maturity Plan - Series 77 - 1144 Days Plan T,Close Ended Schemes(Income),ICICI Prudential Mutual Fund,Regular,Other,,
135319,INF109KB1MG3,-,ICICI Prudential Fixed Maturity Plan - Series 77 - 1144 Days Plan T,Close Ended Schemes(Income),ICICI Prudential Mutual Fund,Regular,Other,,
135289,INF109KB1LZ5,-,ICICI Prudential Fixed Maturity Plan - Series 77 - 1151 Days Plan S,Close Ended Schemes(Income),ICICI Prudential Mutual Fund,Regular,Other,,
135286,INF109KB1MB4,-,ICICI Prudential Fixed Maturity Plan - Series 77 - 1151 Days Plan S,Close Ended Schemes(Income),ICICI Prudential Mutual Fund,Regular,Other,,
135288,INF109KB1MC2,-,ICICI Prudential Fixed Maturity Plan - Series 77 - 1151 Days Plan S,Close Ended Schemes(Income),ICICI Prudential Mutual Fund,Regular,Other,,
135287,INF109KB1MA6,-,ICICI Prudential Fixed Maturity Plan - Series 77 - 1151 Days Plan S,Close Ended Schemes(Income),ICICI Prudential Mutual Fund,Regular,Other,,
134573,INF109KB1DN8,-,ICICI Prudential Fixed Maturity Plan - Series 77 - 1473 Days Plan C,Close Ended Schemes(Income),ICICI Prudential Mutual Fund,Regular,Other,,
134575,INF109KB1DP3,-,ICICI Prudential Fixed Maturity Plan - Series 77 - 1473 Days Plan C,Close Ended Schemes(Income),ICICI Prudential Mutual Fund,Regular,Other,,
134576,INF109KB1DQ1,-,ICICI Prudential Fixed Maturity Plan - Series 77 - 1473 Days Plan C,Close Ended Schemes(Income),ICICI Prudential Mutual Fund,Regular,Other,,
134574,INF109KB1DO6,-,ICICI Prudential Fixed Maturity Plan - Series 77 - 1473 Days Plan C,Close Ended Schemes(Income),ICICI Prudential Mutual Fund,Regular,Other,,
139253,INF109KB1UN2,-,ICICI Prudential Fixed Maturity Plan - Series 78 - 1102 Days Plan Z,Close Ended Schemes(Income),ICICI Prudential Mutual Fund,Regular,Other,,
139255,INF109KB1UP7,-,ICICI Prudential Fixed Maturity Plan - Series 78 - 1102 Days Plan Z,Close Ended Schemes(Income),ICICI Prudential Mutual Fund,Regular,Other,,
139256,INF109KB1UQ5,-,ICICI Prudential Fixed Maturity Plan - Series 78 - 1102 Days Plan Z,Close Ended Schemes(Income),ICICI Prudential Mutual Fund,Regular,Other,,
139254,INF109KB1UO0,-,ICICI Prudential Fixed Maturity Plan - Series 78 - 1102 Days Plan Z,Close Ended Schemes(Income),ICICI Prudential Mutual Fund,Regular,Other,,
139178,INF109KB1TX3,-,ICICI Prudential Fixed Maturity Plan - Series 78 - 1115 Days Plan X,Close Ended Schemes(Income),ICICI Prudential Mutual Fund,Regular,Other,,
139180,INF109KB1TZ8,-,ICICI Prudential Fixed Maturity Plan - Series 78 - 1115 Days Plan X,Close Ended Schemes(Income),ICICI Prudential Mutual Fund,Regular,Other,,
139179,INF109KB1UA9,-,ICICI Prudential Fixed Maturity Plan - Series 78 - 1115 Days Plan X,Close Ended Schemes(Income),ICICI Prudential Mutual Fund,Regular,Other,,
136462,INF109KB1SZ0,-,ICICI Prudential Fixed Maturity Plan - Series 78 - 1127 Days Plan R,Close Ended Schemes(Income),ICICI Prudential Mutual Fund,Regular,Other,,
136461,INF109KB1TB9,-,ICICI Prudential Fixed Maturity Plan - Series 78 - 1127 Days Plan R,Close Ended Schemes(Income),ICICI Prudential Mutual Fund,Regular,Other,,
136460,INF109KB1TC7,-,ICICI Prudential Fixed Maturity Plan - Series 78 - 1127 Days Plan R,Close Ended Schemes(Income),ICICI Prudential Mutual Fund,Regular,Other,,
136459,INF109KB1TA1,-,ICICI Prudential Fixed Maturity Plan - Series 78 - 1127 Days Plan R,Close Ended Schemes(Income),ICICI Prudential Mutual Fund,Regular,Other,,
139107,INF109KB1TD5,-,ICICI Prudential Fixed Maturity Plan - Series 78 - 1130 Days Plan T,Close Ended Schemes(Income),ICICI Prudential Mutual Fund,Regular,Other,,
139109,INF109KB1TF0,-,ICICI Prudential Fixed Maturity Plan - Series 78 - 1130 Days Plan T,Close Ended Schemes(Income),ICICI Prudential Mutual Fund,Regular,Other,,
139110,INF109KB1TG8,-,ICICI Prudential Fixed Maturity Plan - Series 78 - 1130 Days Plan T,Close Ended Schemes(Income),ICICI Prudential Mutual Fund,Regular,Other,,
139103,INF109KB1TP9,-,ICICI Prudential Fixed Maturity Plan - Series 78 - 1135 Days Plan W,Close Ended Schemes(Income),ICICI Prudential Mutual Fund,Regular,Other,,
139104,INF109KB1TR5,-,ICICI Prudential Fixed Maturity Plan - Series 78 - 1135 Days Plan W,Close Ended Schemes(Income),ICICI Prudential Mutual Fund,Regular,Other,,
136294,INF109KB1SB1,-,ICICI Prudential Fixed Maturity Plan - Series 78 - 1150 Days Plan N,Close Ended Schemes(Income),ICICI Prudential Mutual Fund,Regular,Other,,
136295,INF109KB1SD7,-,ICICI Prudential Fixed Maturity Plan - Series 78 - 1150 Days Plan N,Close Ended Schemes(Income),ICICI Prudential Mutual Fund,Regular,Other,,
136297,INF109KB1SE5,-,ICICI Prudential Fixed Maturity Plan - Series 78 - 1150 Days Plan N,Close Ended Schemes(Income),ICICI Prudential Mutual Fund,Regular,Other,,
136296,INF109KB1SC9,-,ICICI Prudential Fixed Maturity Plan - Series 78 - 1150 Days Plan N,Close Ended Schemes(Income),ICICI Prudential Mutual Fund,Regular,Other,,
139101,INF109KB1TL8,-,ICICI Prudential Fixed Maturity Plan - Series 78 - 1156 Days Plan U,Close Ended Schemes(Income),ICICI Prudential Mutual Fund,Regular,Other,,
139099,INF109KB1TN4,-,ICICI Prudential Fixed Maturity Plan - Series 78 - 1156 Days Plan U,Close Ended Schemes(Income),ICICI Prudential Mutual Fund,Regular,Other,,
139102,INF109KB1TM6,-,ICICI Prudential Fixed Maturity Plan - Series 78 - 1156 Days Plan U,Close Ended Schemes(Income),ICICI Prudential Mutual Fund,Regular,Other,,
136228,INF109KB1RP3,-,ICICI Prudential Fixed Maturity Plan - Series 78 - 1168 Days Plan J,Close Ended Schemes(Income),ICICI Prudential Mutual Fund,Regular,Other,,
136230,INF109KB1RR9,-,ICICI Prudential Fixed Maturity Plan - Series 78 - 1168 Days Plan J,Close Ended Schemes(Income),ICICI Prudential Mutual Fund,Regular,Other,,
136231,INF109KB1RS7,-,ICICI Prudential Fixed Maturity Plan - Series 78 - 1168 Days Plan J,Close Ended Schemes(Income),ICICI Prudential Mutual Fund,Regular,Other,,
136229,INF109KB1RQ1,-,ICICI Prudential Fixed Maturity Plan - Series 78 - 1168 Days Plan J,Close Ended Schemes(Income),ICICI Prudential Mutual Fund,Regular,Other,,
136224,INF109KB1RD9,-,ICICI Prudential Fixed Maturity Plan - Series 78 - 1170 Days Plan I,Close Ended Schemes(Income),ICICI Prudential Mutual Fund,Regular,Other,,
136226,INF109KB1RF4,-,ICICI Prudential Fixed Maturity Plan - Series 78 - 1170 Days Plan I,Close Ended Schemes(Income),ICICI Prudential Mutual Fund,Regular,Other,,
136227,INF109KB1RG2,-,ICICI Prudential Fixed Maturity Plan - Series 78 - 1170 Days Plan I,Close Ended Schemes(Income),ICICI Prudential Mutual Fund,Regular,Other,,
136225,INF109KB1RE7,-,ICICI Prudential Fixed Maturity Plan - Series 78 - 1170 Days Plan I,Close Ended Schemes(Income),ICICI Prudential Mutual Fund,Regular,Other,,
136047,INF109KB1QB5,-,ICICI Prudential Fixed Maturity Plan - Series 78 - 1185 Days Plan F,Close Ended Schemes(Income),ICICI Prudential Mutual Fund,Regular,Other,,
136046,INF109KB1QD1,-,ICICI Prudential Fixed Maturity Plan - Series 78 - 1185 Days Plan F,Close Ended Schemes(Income),ICICI Prudential Mutual Fund,Regular,Other,,
136049,INF109KB1QE9,-,ICICI Prudential Fixed Maturity Plan - Series 78 - 1185 Days Plan F,Close Ended Schemes(Income),ICICI Prudential Mutual Fund,Regular,Other,,
136048,INF109KB1QC3,-,ICICI Prudential Fixed Maturity Plan - Series 78 - 1185 Days Plan F,Close Ended Schemes(Income),ICICI Prudential Mutual Fund,Regular,Other,,
135930,INF109KB1PH4,-,ICICI Prudential Fixed Maturity Plan - Series 78 - 1190 Days Plan C,Close Ended Schemes(Income),ICICI Prudential Mutual Fund,Regular,Other,,
135928,INF109KB1PJ0,-,ICICI Prudential Fixed Maturity Plan - Series 78 - 1190 Days Plan C,Close Ended Schemes(Income),ICICI Prudential Mutual Fund,Regular,Other,,
135929,INF109KB1PK8,-,ICICI Prudential Fixed Maturity Plan - Series 78 - 1190 Days Plan C,Close Ended Schemes(Income),ICICI Prudential Mutual Fund,Regular,Other,,
135931,INF109KB1PI2,-,ICICI Prudential Fixed Maturity Plan - Series 78 - 1190 Days Plan C,Close Ended Schemes(Income),ICICI Prudential Mutual Fund,Regular,Other,,
135995,INF109KB1PT9,-,ICICI Prudential Fixed Maturity Plan - Series 78 - 1190 Days Plan E,Close Ended Schemes(Income),ICICI Prudential Mutual Fund,Regular,Other,,
135992,INF109KB1PV5,-,ICICI Prudential Fixed Maturity Plan - Series 78 - 1190 Days Plan E,Close Ended Schemes(Income),ICICI Prudential Mutual Fund,Regular,Other,,
135993,INF109KB1PW3,-,ICICI Prudential Fixed Maturity Plan - Series 78 - 1190 Days Plan E,Close Ended Schemes(Income),ICICI Prudential Mutual Fund,Regular,Other,,
135994,INF109KB1PU7,-,ICICI Prudential Fixed Maturity Plan - Series 78 - 1190 Days Plan E,Close Ended Schemes(Income),ICICI Prudential Mutual Fund,Regular,Other,,
135846,INF109KB1OR6,-,ICICI Prudential Fixed Maturity Plan - Series 78 - 1212 Days Plan A,Close Ended Schemes(Income),ICICI Prudential Mutual Fund,Regular,Other,,
135847,INF109KB1OT2,-,ICICI Prudential Fixed Maturity Plan - Series 78 - 1212 Days Plan A,Close Ended Schemes(Income),ICICI Prudential Mutual Fund,Regular,Other,,
135845,INF109KB1OU0,-,ICICI Prudential Fixed Maturity Plan - Series 78 - 1212 Days Plan A,Close Ended Schemes(Income),ICICI Prudential Mutual Fund,Regular,Other,,
135848,INF109KB1OS4,-,ICICI Prudential Fixed Maturity Plan - Series 78 - 1212 Days Plan A,Close Ended Schemes(Income),ICICI Prudential Mutual Fund,Regular,Other,,
139114,INF109KB1TT1,-,ICICI Prudential Fixed Maturity Plan - Series 78 - 1281 Days Plan V,Close Ended Schemes(Income),ICICI Prudential Mutual Fund,Regular,Other,,
139113,INF109KB1TV7,-,ICICI Prudential Fixed Maturity Plan - Series 78 - 1281 Days Plan V,Close Ended Schemes(Income),ICICI Prudential Mutual Fund,Regular,Other,,
139111,INF109KB1TW5,-,ICICI Prudential Fixed Maturity Plan - Series 78 - 1281 Days Plan V,Close Ended Schemes(Income),ICICI Prudential Mutual Fund,Regular,Other,,
139112,INF109KB1TU9,-,ICICI Prudential Fixed Maturity Plan - Series 78 - 1281 Days Plan V,Close Ended Schemes(Income),ICICI Prudential Mutual Fund,Regular,Other,,
136239,INF109KB1RT5,-,ICICI Prudential Fixed Maturity Plan - Series 78 - 188 Days Plan L,Close Ended Schemes(Income),ICICI Prudential Mutual Fund,Regular,Other,,
136238,INF109KB1RV1,-,ICICI Prudential Fixed Maturity Plan - Series 78 - 188 Days Plan L,Close Ended Schemes(Income),ICICI Prudential Mutual Fund,Regular,Other,,
136237,INF109KB1RW9,-,ICICI Prudential Fixed Maturity Plan - Series 78 - 188 Days Plan L,Close Ended Schemes(Income),ICICI Prudential Mutual Fund,Regular,Other,,
136236,INF109KB1RU3,-,ICICI Prudential Fixed Maturity Plan - Series 78 - 188 Days Plan L,Close Ended Schemes(Income),ICICI Prudential Mutual Fund,Regular,Other,,
136220,INF109KB1VT7,-,ICICI Prudential Fixed Maturity Plan - Series 78 - 95 Days Plan K,Close Ended Schemes(Income),ICICI Prudential Mutual Fund,Regular,Other,,
136221,INF109KB1VV3,-,ICICI Prudential Fixed Maturity Plan - Series 78 - 95 Days Plan K,Close Ended Schemes(Income),ICICI Prudential Mutual Fund,Regular,Other,,
136223,INF109KB1VW1,-,ICICI Prudential Fixed Maturity Plan - Series 78 - 95 Days Plan K,Close Ended Schemes(Income),ICICI Prudential Mutual Fund,Regular,Other,,
136222,INF109KB1VU5,-,ICICI Prudential Fixed Maturity Plan - Series 78 - 95 Days Plan K,Close Ended Schemes(Income),ICICI Prudential Mutual Fund,Regular,Other,,
136298,INF109KB1SA3,-,ICICI Prudential Fixed Maturity Plan - Series 78 -95 Days Plan M,Close Ended Schemes(Income),ICICI Prudential Mutual Fund,Regular,Other,,
136301,INF109KB1RY5,-,ICICI Prudential Fixed Maturity Plan - Series 78 -95 Days Plan M,Close Ended Schemes(Income),ICICI Prudential Mutual Fund,Regular,Other,,
136299,INF109KB1RX7,-,ICICI Prudential Fixed Maturity Plan - Series 78 -95 Days Plan M,Close Ended Schemes(Income),ICICI Prudential Mutual Fund,Regular,Other,,
136300,INF109KB1RZ2,-,ICICI Prudential Fixed Maturity Plan - Series 78 -95 Days Plan M,Close Ended Schemes(Income),ICICI Prudential Mutual Fund,Regular,Other,,
139762,INF109KB1ZQ4,-,ICICI Prudential Fixed Maturity Plan - Series 79 - 1104 Days Plan O,Close Ended Schemes(Income),ICICI Prudential Mutual Fund,Regular,Other,,
139761,INF109KB1ZS0,-,ICICI Prudential Fixed Maturity Plan - Series 79 - 1104 Days Plan O,Close Ended Schemes(Income),ICICI Prudential Mutual Fund,Regular,Other,,
139760,INF109KB1ZT8,-,ICICI Prudential Fixed Maturity Plan - Series 79 - 1104 Days Plan O,Close Ended Schemes(Income),ICICI Prudential Mutual Fund,Regular,Other,,
139759,INF109KB1ZR2,-,ICICI Prudential Fixed Maturity Plan - Series 79 - 1104 Days Plan O,Close Ended Schemes(Income),ICICI Prudential Mutual Fund,Regular,Other,,
139841,INF109KB1B48,-,ICICI Prudential Fixed Maturity Plan - Series 79 - 1104 Days Plan P,Close Ended Schemes(Income),ICICI Prudential Mutual Fund,Regular,Other,,
139842,INF109KB1B63,-,ICICI Prudential Fixed Maturity Plan - Series 79 - 1104 Days Plan P,Close Ended Schemes(Income),ICICI Prudential Mutual Fund,Regular,Other,,
139843,INF109KB1B71,-,ICICI Prudential Fixed Maturity Plan - Series 79 - 1104 Days Plan P,Close Ended Schemes(Income),ICICI Prudential Mutual Fund,Regular,Other,,
139844,INF109KB1B55,-,ICICI Prudential Fixed Maturity Plan - Series 79 - 1104 Days Plan P,Close Ended Schemes(Income),ICICI Prudential Mutual Fund,Regular,Other,,
139342,INF109KB1VL4,-,ICICI Prudential Fixed Maturity Plan - Series 79 - 1105 Days Plan B,Close Ended Schemes(Income),ICICI Prudential Mutual Fund,Regular,Other,,
139341,INF109KB1VN0,-,ICICI Prudential Fixed Maturity Plan - Series 79 - 1105 Days Plan B,Close Ended Schemes(Income),ICICI Prudential Mutual Fund,Regular,Other,,
139343,INF109KB1VO8,-,ICICI Prudential Fixed Maturity Plan - Series 79 - 1105 Days Plan B,Close Ended Schemes(Income),ICICI Prudential Mutual Fund,Regular,Other,,
139340,INF109KB1VM2,-,ICICI Prudential Fixed Maturity Plan - Series 79 - 1105 Days Plan B,Close Ended Schemes(Income),ICICI Prudential Mutual Fund,Regular,Other,,
139747,INF109KB1ZI1,-,ICICI Prudential Fixed Maturity Plan - Series 79 - 1106 Days Plan M,Close Ended Schemes(Income),ICICI Prudential Mutual Fund,Regular,Other,,
139749,INF109KB1ZJ9,-,ICICI Prudential Fixed Maturity Plan - Series 79 - 1106 Days Plan M,Close Ended Schemes(Income),ICICI Prudential Mutual Fund,Regular,Other,,
139748,INF109KB1ZK7,-,ICICI Prudential Fixed Maturity Plan - Series 79 - 1106 Days Plan M,Close Ended Schemes(Income),ICICI Prudential Mutual Fund,Regular,Other,,
139750,INF109KB1ZL5,-,ICICI Prudential Fixed Maturity Plan - Series 79 - 1106 Days Plan M,Close Ended Schemes(Income),ICICI Prudential Mutual Fund,Regular,Other,,
139704,INF109KB1YS3,-,ICICI Prudential Fixed Maturity Plan - Series 79 - 1118 Days Plan K,Close Ended Schemes(Income),ICICI Prudential Mutual Fund,Regular,Other,,
139702,INF109KB1YU9,-,ICICI Prudential Fixed Maturity Plan - Series 79 - 1118 Days Plan K,Close Ended Schemes(Income),ICICI Prudential Mutual Fund,Regular,Other,,
139703,INF109KB1YV7,-,ICICI Prudential Fixed Maturity Plan - Series 79 - 1118 Days Plan K,Close Ended Schemes(Income),ICICI Prudential Mutual Fund,Regular,Other,,
139701,INF109KB1YT1,-,ICICI Prudential Fixed Maturity Plan - Series 79 - 1118 Days Plan K,Close Ended Schemes(Income),ICICI Prudential Mutual Fund,Regular,Other,,
139642,INF109KB1YO2,-,ICICI Prudential Fixed Maturity Plan - Series 79 - 1120 Days Plan J,Close Ended Schemes(Income),ICICI Prudential Mutual Fund,Regular,Other,,
139643,INF109KB1YQ7,-,ICICI Prudential Fixed Maturity Plan - Series 79 - 1120 Days Plan J,Close Ended Schemes(Income),ICICI Prudential Mutual Fund,Regular,Other,,
139645,INF109KB1YP9,-,ICICI Prudential Fixed Maturity Plan - Series 79 - 1120 Days Plan J,Close Ended Schemes(Income),ICICI Prudential Mutual Fund,Regular,Other,,
139475,INF109KB1XH8,-,ICICI Prudential Fixed Maturity Plan - Series 79 - 1130 Days Plan E,Close Ended Schemes(Income),ICICI Prudential Mutual Fund,Regular,Other,,
139477,INF109KB1XJ4,-,ICICI Prudential Fixed Maturity Plan - Series 79 - 1130 Days Plan E,Close Ended Schemes(Income),ICICI Prudential Mutual Fund,Regular,Other,,
139476,INF109KB1XK2,-,ICICI Prudential Fixed Maturity Plan - Series 79 - 1130 Days Plan E,Close Ended Schemes(Income),ICICI Prudential Mutual Fund,Regular,Other,,
139474,INF109KB1XI6,-,ICICI Prudential Fixed Maturity Plan - Series 79 - 1130 Days Plan E,Close Ended Schemes(Income),ICICI Prudential Mutual Fund,Regular,Other,,
139451,INF109KB1XD7,-,ICICI Prudential Fixed Maturity Plan - Series 79 - 1140 Days Plan D,Close Ended Schemes(Income),ICICI Prudential Mutual Fund,Regular,Other,,
139453,INF109KB1XF2,-,ICICI Prudential Fixed Maturity Plan - Series 79 - 1140 Days Plan D,Close Ended Schemes(Income),ICICI Prudential Mutual Fund,Regular,Other,,
139452,INF109KB1XG0,-,ICICI Prudential Fixed Maturity Plan - Series 79 - 1140 Days Plan D,Close Ended Schemes(Income),ICICI Prudential Mutual Fund,Regular,Other,,
139454,INF109KB1XE5,-,ICICI Prudential Fixed Maturity Plan - Series 79 - 1140 Days Plan D,Close Ended Schemes(Income),ICICI Prudential Mutual Fund,Regular,Other,,
139295,INF109KB1UZ6,-,ICICI Prudential Fixed Maturity Plan - Series 79 - 1218 Days Plan A,Close Ended Schemes(Income),ICICI Prudential Mutual Fund,Regular,Other,,
139297,INF109KB1VB5,-,ICICI Prudential Fixed Maturity Plan - Series 79 - 1218 Days Plan A,Close Ended Schemes(Income),ICICI Prudential Mutual Fund,Regular,Other,,
139298,INF109KB1VC3,-,ICICI Prudential Fixed Maturity Plan - Series 79 - 1218 Days Plan A,Close Ended Schemes(Income),ICICI Prudential Mutual Fund,Regular,Other,,
139296,INF109KB1VA7,-,ICICI Prudential Fixed Maturity Plan - Series 79 - 1218 Days Plan A,Close Ended Schemes(Income),ICICI Prudential Mutual Fund,Regular,Other,,
139943,INF109KB1C62,-,ICICI Prudential Fixed Maturity Plan - Series 79 - 1404 Days Plan T,Close Ended Schemes(Income),ICICI Prudential Mutual Fund,Regular,Other,,
139941,INF109KB1C88,-,ICICI Prudential Fixed Maturity Plan - Series 79 - 1404 Days Plan T,Close Ended Schemes(Income),ICICI Prudential Mutual Fund,Regular,Other,,
139944,INF109KB1C70,-,ICICI Prudential Fixed Maturity Plan - Series 79 - 1404 Days Plan T,Close Ended Schemes(Income),ICICI Prudential Mutual Fund,Regular,Other,,
140019,INF109KB1H42,-,ICICI Prudential Fixed Maturity Plan - Series 80 - 1100 Days Plan A,Close Ended Schemes(Income),ICICI Prudential Mutual Fund,Regular,Other,,
140022,INF109KB1H67,-,ICICI Prudential Fixed Maturity Plan - Series 80 - 1100 Days Plan A,Close Ended Schemes(Income),ICICI Prudential Mutual Fund,Regular,Other,,
140020,INF109KB1H75,-,ICICI Prudential Fixed Maturity Plan - Series 80 - 1100 Days Plan A,Close Ended Schemes(Income),ICICI Prudential Mutual Fund,Regular,Other,,
140021,INF109KB1H59,-,ICICI Prudential Fixed Maturity Plan - Series 80 - 1100 Days Plan A,Close Ended Schemes(Income),ICICI Prudential Mutual Fund,Regular,Other,,
141089,INF109KB1Y09,-,ICICI Prudential Fixed Maturity Plan - Series 80 - 1125 Days Plan S,Close Ended Schemes(Income),ICICI Prudential Mutual Fund,Regular,Other,,
141090,INF109KB1Y25,-,ICICI Prudential Fixed Maturity Plan - Series 80 - 1125 Days Plan S,Close Ended Schemes(Income),ICICI Prudential Mutual Fund,Regular,Other,,
141091,INF109KB1Y33,-,ICICI Prudential Fixed Maturity Plan - Series 80 - 1125 Days Plan S,Close Ended Schemes(Income),ICICI Prudential Mutual Fund,Regular,Other,,
141092,INF109KB1Y17,-,ICICI Prudential Fixed Maturity Plan - Series 80 - 1125 Days Plan S,Close Ended Schemes(Income),ICICI Prudential Mutual Fund,Regular,Other,,
140955,INF109KB1V85,-,ICICI Prudential Fixed Maturity Plan - Series 80 - 1138 Days Plan R,Close Ended Schemes(Income),ICICI Prudential Mutual Fund,Regular,Other,,
140957,INF109KB1W01,-,ICICI Prudential Fixed Maturity Plan - Series 80 - 1138 Days Plan R,Close Ended Schemes(Income),ICICI Prudential Mutual Fund,Regular,Other,,
140956,INF109KB1W19,-,ICICI Prudential Fixed Maturity Plan - Series 80 - 1138 Days Plan R,Close Ended Schemes(Income),ICICI Prudential Mutual Fund,Regular,Other,,
140954,INF109KB1V93,-,ICICI Prudential Fixed Maturity Plan - Series 80 - 1138 Days Plan R,Close Ended Schemes(Income),ICICI Prudential Mutual Fund,Regular,Other,,
140776,INF109KB1T89,-,ICICI Prudential Fixed Maturity Plan - Series 80 - 1150 Days Plan N,Close Ended Schemes(Income),ICICI Prudential Mutual Fund,Regular,Other,,
140774,INF109KB1U11,-,ICICI Prudential Fixed Maturity Plan - Series 80 - 1150 Days Plan N,Close Ended Schemes(Income),ICICI Prudential Mutual Fund,Regular,Other,,
140775,INF109KB1T97,-,ICICI Prudential Fixed Maturity Plan - Series 80 - 1150 Days Plan N,Close Ended Schemes(Income),ICICI Prudential Mutual Fund,Regular,Other,,
140773,INF109KB1U03,-,ICICI Prudential Fixed Maturity Plan - Series 80 - 1150 Days Plan N,Close Ended Schemes(Income),ICICI Prudential Mutual Fund,Regular,Other,,
140621,INF109KB1P83,-,ICICI Prudential Fixed Maturity Plan - Series 80 - 1170 Days Plan I,Close Ended Schemes(Income),ICICI Prudential Mutual Fund,Regular,Other,,
140623,INF109KB1Q09,-,ICICI Prudential Fixed Maturity Plan - Series 80 - 1170 Days Plan I,Close Ended Schemes(Income),ICICI Prudential Mutual Fund,Regular,Other,,
140624,INF109KB1Q17,-,ICICI Prudential Fixed Maturity Plan - Series 80 - 1170 Days Plan I,Close Ended Schemes(Income),ICICI Prudential Mutual Fund,Regular,Other,,
140622,INF109KB1P91,-,ICICI Prudential Fixed Maturity Plan - Series 80 - 1170 Days Plan I,Close Ended Schemes(Income),ICICI Prudential Mutual Fund,Regular,Other,,
141097,INF109KB10A8,-,ICICI Prudential Fixed Maturity Plan - Series 80 - 1216 Days Plan U,Close Ended Schemes(Income),ICICI Prudential Mutual Fund,Regular,Other,,
141098,INF109KB12A4,-,ICICI Prudential Fixed Maturity Plan - Series 80 - 1216 Days Plan U,Close Ended Schemes(Income),ICICI Prudential Mutual Fund,Regular,Other,,
141100,INF109KB13A2,-,ICICI Prudential Fixed Maturity Plan - Series 80 - 1216 Days Plan U,Close Ended Schemes(Income),ICICI Prudential Mutual Fund,Regular,Other,,
141099,INF109KB11A6,-,ICICI Prudential Fixed Maturity Plan - Series 80 - 1216 Days Plan U,Close Ended Schemes(Income),ICICI Prudential Mutual Fund,Regular,Other,,
141163,INF109KB1Z65,-,ICICI Prudential Fixed Maturity Plan - Series 80 - 1225 Days Plan T,Close Ended Schemes(Income),ICICI Prudential Mutual Fund,Regular,Other,,
141166,INF109KB1Z81,-,ICICI Prudential Fixed Maturity Plan - Series 80 - 1225 Days Plan T,Close Ended Schemes(Income),ICICI Prudential Mutual Fund,Regular,Other,,
141164,INF109KB1Z99,-,ICICI Prudential Fixed Maturity Plan - Series 80 - 1225 Days Plan T,Close Ended Schemes(Income),ICICI Prudential Mutual Fund,Regular,Other,,
141165,INF109KB1Z73,-,ICICI Prudential Fixed Maturity Plan - Series 80 - 1225 Days Plan T,Close Ended Schemes(Income),ICICI Prudential Mutual Fund,Regular,Other,,
140942,INF109KB1W68,-,ICICI Prudential Fixed Maturity Plan - Series 80 - 1227 Days Plan Q,Close Ended Schemes(Income),ICICI Prudential Mutual Fund,Regular,Other,,
140944,INF109KB1W84,-,ICICI Prudential Fixed Maturity Plan - Series 80 - 1227 Days Plan Q,Close Ended Schemes(Income),ICICI Prudential Mutual Fund,Regular,Other,,
140945,INF109KB1W92,-,ICICI Prudential Fixed Maturity Plan - Series 80 - 1227 Days Plan Q,Close Ended Schemes(Income),ICICI Prudential Mutual Fund,Regular,Other,,
140932,INF109KB1V44,-,ICICI Prudential Fixed Maturity Plan - Series 80 - 1231 Days Plan P,Close Ended Schemes(Income),ICICI Prudential Mutual Fund,Regular,Other,,
140934,INF109KB1V69,-,ICICI Prudential Fixed Maturity Plan - Series 80 - 1231 Days Plan P,Close Ended Schemes(Income),ICICI Prudential Mutual Fund,Regular,Other,,
140935,INF109KB1V77,-,ICICI Prudential Fixed Maturity Plan - Series 80 - 1231 Days Plan P,Close Ended Schemes(Income),ICICI Prudential Mutual Fund,Regular,Other,,
140931,INF109KB1V02,-,ICICI Prudential Fixed Maturity Plan - Series 80 - 1233 Days Plan O,Close Ended Schemes(Income),ICICI Prudential Mutual Fund,Regular,Other,,
140928,INF109KB1V28,-,ICICI Prudential Fixed Maturity Plan - Series 80 - 1233 Days Plan O,Close Ended Schemes(Income),ICICI Prudential Mutual Fund,Regular,Other,,
140929,INF109KB1V36,-,ICICI Prudential Fixed Maturity Plan - Series 80 - 1233 Days Plan O,Close Ended Schemes(Income),ICICI Prudential Mutual Fund,Regular,Other,,
140777,INF109KB1T06,-,ICICI Prudential Fixed Maturity Plan - Series 80 - 1245 Days Plan L,Close Ended Schemes(Income),ICICI Prudential Mutual Fund,Regular,Other,,
140778,INF109KB1T22,-,ICICI Prudential Fixed Maturity Plan - Series 80 - 1245 Days Plan L,Close Ended Schemes(Income),ICICI Prudential Mutual Fund,Regular,Other,,
140779,INF109KB1T30,-,ICICI Prudential Fixed Maturity Plan - Series 80 - 1245 Days Plan L,Close Ended Schemes(Income),ICICI Prudential Mutual Fund,Regular,Other,,
140780,INF109KB1T14,-,ICICI Prudential Fixed Maturity Plan - Series 80 - 1245 Days Plan L,Close Ended Schemes(Income),ICICI Prudential Mutual Fund,Regular,Other,,
140111,INF109KB1K05,-,ICICI Prudential Fixed Maturity Plan - Series 80 - 1248 Days Plan D,Close Ended Schemes(Income),ICICI Prudential Mutual Fund,Regular,Other,,
140109,INF109KB1K21,-,ICICI Prudential Fixed Maturity Plan - Series 80 - 1248 Days Plan D,Close Ended Schemes(Income),ICICI Prudential Mutual Fund,Regular,Other,,
140108,INF109KB1K13,-,ICICI Prudential Fixed Maturity Plan - Series 80 - 1248 Days Plan D,Close Ended Schemes(Income),ICICI Prudential Mutual Fund,Regular,Other,,
140661,INF109KB1R40,-,ICICI Prudential Fixed Maturity Plan - Series 80 - 1253 Days Plan J,Close Ended Schemes(Income),ICICI Prudential Mutual Fund,Regular,Other,,
140663,INF109KB1R65,-,ICICI Prudential Fixed Maturity Plan - Series 80 - 1253 Days Plan J,Close Ended Schemes(Income),ICICI Prudential Mutual Fund,Regular,Other,,
140662,INF109KB1R57,-,ICICI Prudential Fixed Maturity Plan - Series 80 - 1253 Days Plan J,Close Ended Schemes(Income),ICICI Prudential Mutual Fund,Regular,Other,,
141599,INF109KB14S2,-,ICICI Prudential Fixed Maturity Plan - Series 81 - 1100 Days Plan O,Close Ended Schemes(Income),ICICI Prudential Mutual Fund,Regular,Other,,
141597,INF109KB12S6,-,ICICI Prudential Fixed Maturity Plan - Series 81 - 1100 Days Plan O,Close Ended Schemes(Income),ICICI Prudential Mutual Fund,Regular,Other,,
141600,INF109KB13S4,-,ICICI Prudential Fixed Maturity Plan - Series 81 - 1100 Days Plan O,Close Ended Schemes(Income),ICICI Prudential Mutual Fund,Regular,Other,,
141598,INF109KB15S9,-,ICICI Prudential Fixed Maturity Plan - Series 81 - 1100 Days Plan O,Close Ended Schemes(Income),ICICI Prudential Mutual Fund,Regular,Other,,
141694,INF109KB11U4,-,ICICI Prudential Fixed Maturity Plan - Series 81 - 1100 Days Plan R,Close Ended Schemes(Income),ICICI Prudential Mutual Fund,Regular,Other,,
141697,INF109KB19T9,-,ICICI Prudential Fixed Maturity Plan - Series 81 - 1100 Days Plan R,Close Ended Schemes(Income),ICICI Prudential Mutual Fund,Regular,Other,,
141696,INF109KB10U6,-,ICICI Prudential Fixed Maturity Plan - Series 81 - 1100 Days Plan R,Close Ended Schemes(Income),ICICI Prudential Mutual Fund,Regular,Other,,
141695,INF109KB12U2,-,ICICI Prudential Fixed Maturity Plan - Series 81 - 1100 Days Plan R,Close Ended Schemes(Income),ICICI Prudential Mutual Fund,Regular,Other,,
141856,INF109KB17X5,-,ICICI Prudential Fixed Maturity Plan - Series 81 - 1100 Days Plan W,Close Ended Schemes(Income),ICICI Prudential Mutual Fund,Regular,Other,,
141854,INF109KB19X1,-,ICICI Prudential Fixed Maturity Plan - Series 81 - 1100 Days Plan W,Close Ended Schemes(Income),ICICI Prudential Mutual Fund,Regular,Other,,
141855,INF109KB10Y8,-,ICICI Prudential Fixed Maturity Plan - Series 81 - 1100 Days Plan W,Close Ended Schemes(Income),ICICI Prudential Mutual Fund,Regular,Other,,
141853,INF109KB18X3,-,ICICI Prudential Fixed Maturity Plan - Series 81 - 1100 Days Plan W,Close Ended Schemes(Income),ICICI Prudential Mutual Fund,Regular,Other,,
141264,INF109KB16B3,-,ICICI Prudential Fixed Maturity Plan - Series 81 - 1101 Days Plan C,Close Ended Schemes(Income),ICICI Prudential Mutual Fund,Regular,Other,,
141262,INF109KB18B9,-,ICICI Prudential Fixed Maturity Plan - Series 81 - 1101 Days Plan C,Close Ended Schemes(Income),ICICI Prudential Mutual Fund,Regular,Other,,
141263,INF109KB19B7,-,ICICI Prudential Fixed Maturity Plan - Series 81 - 1101 Days Plan C,Close Ended Schemes(Income),ICICI Prudential Mutual Fund,Regular,Other,,
141261,INF109KB17B1,-,ICICI Prudential Fixed Maturity Plan - Series 81 - 1101 Days Plan C,Close Ended Schemes(Income),ICICI Prudential Mutual Fund,Regular,Other,,
141332,INF109KB12D8,-,ICICI Prudential Fixed Maturity Plan - Series 81 - 1101 Days Plan E,Close Ended Schemes(Income),ICICI Prudential Mutual Fund,Regular,Other,,
141329,INF109KB14D4,-,ICICI Prudential Fixed Maturity Plan - Series 81 - 1101 Days Plan E,Close Ended Schemes(Income),ICICI Prudential Mutual Fund,Regular,Other,,
141331,INF109KB15D1,-,ICICI Prudential Fixed Maturity Plan - Series 81 - 1101 Days Plan E,Close Ended Schemes(Income),ICICI Prudential Mutual Fund,Regular,Other,,
141330,INF109KB13D6,-,ICICI Prudential Fixed Maturity Plan - Series 81 - 1101 Days Plan E,Close Ended Schemes(Income),ICICI Prudential Mutual Fund,Regular,Other,,
141371,INF109KB12G1,-,ICICI Prudential Fixed Maturity Plan - Series 81 - 1116 Days Plan I,Close Ended Schemes(Income),ICICI Prudential Mutual Fund,Regular,Other,,
141373,INF109KB10G5,-,ICICI Prudential Fixed Maturity Plan - Series 81 - 1116 Days Plan I,Close Ended Schemes(Income),ICICI Prudential Mutual Fund,Regular,Other,,
141374,INF109KB11G3,-,ICICI Prudential Fixed Maturity Plan - Series 81 - 1116 Days Plan I,Close Ended Schemes(Income),ICICI Prudential Mutual Fund,Regular,Other,,
141516,INF109KB18P9,-,ICICI Prudential Fixed Maturity Plan - Series 81 - 1150 Days Plan K,Close Ended Schemes(Income),ICICI Prudential Mutual Fund,Regular,Other,,
141514,INF109KB16P3,-,ICICI Prudential Fixed Maturity Plan - Series 81 - 1150 Days Plan K,Close Ended Schemes(Income),ICICI Prudential Mutual Fund,Regular,Other,,
141517,INF109KB17P1,-,ICICI Prudential Fixed Maturity Plan - Series 81 - 1150 Days Plan K,Close Ended Schemes(Income),ICICI Prudential Mutual Fund,Regular,Other,,
141515,INF109KB19P7,-,ICICI Prudential Fixed Maturity Plan - Series 81 - 1150 Days Plan K,Close Ended Schemes(Income),ICICI Prudential Mutual Fund,Regular,Other,,
141472,INF109KB10K7,-,ICICI Prudential Fixed Maturity Plan - Series 81 - 1154 Days Plan J,Close Ended Schemes(Income),ICICI Prudential Mutual Fund,Regular,Other,,
141473,INF109KB11K5,-,ICICI Prudential Fixed Maturity Plan - Series 81 - 1154 Days Plan J,Close Ended Schemes(Income),ICICI Prudential Mutual Fund,Regular,Other,,
141471,INF109KB12K3,-,ICICI Prudential Fixed Maturity Plan - Series 81 - 1154 Days Plan J,Close Ended Schemes(Income),ICICI Prudential Mutual Fund,Regular,Other,,
141474,INF109KB13K1,-,ICICI Prudential Fixed Maturity Plan - Series 81 - 1154 Days Plan J,Close Ended Schemes(Income),ICICI Prudential Mutual Fund,Regular,Other,,
141668,INF109KB13T2,-,ICICI Prudential Fixed Maturity Plan - Series 81 - 1162 Days Plan P,Close Ended Schemes(Income),ICICI Prudential Mutual Fund,Regular,Other,,
141670,INF109KB11T6,-,ICICI Prudential Fixed Maturity Plan - Series 81 - 1162 Days Plan P,Close Ended Schemes(Income),ICICI Prudential Mutual Fund,Regular,Other,,
141669,INF109KB12T4,-,ICICI Prudential Fixed Maturity Plan - Series 81 - 1162 Days Plan P,Close Ended Schemes(Income),ICICI Prudential Mutual Fund,Regular,Other,,
141671,INF109KB14T0,-,ICICI Prudential Fixed Maturity Plan - Series 81 - 1162 Days Plan P,Close Ended Schemes(Income),ICICI Prudential Mutual Fund,Regular,Other,,
141687,INF109KB15U5,-,ICICI Prudential Fixed Maturity Plan - Series 81 - 1163 Days Plan Q,Close Ended Schemes(Income),ICICI Prudential Mutual Fund,Regular,Other,,
141686,INF109KB13U0,-,ICICI Prudential Fixed Maturity Plan - Series 81 - 1163 Days Plan Q,Close Ended Schemes(Income),ICICI Prudential Mutual Fund,Regular,Other,,
141688,INF109KB14U8,-,ICICI Prudential Fixed Maturity Plan - Series 81 - 1163 Days Plan Q,Close Ended Schemes(Income),ICICI Prudential Mutual Fund,Regular,Other,,
141689,INF109KB16U3,-,ICICI Prudential Fixed Maturity Plan - Series 81 - 1163 Days Plan Q,Close Ended Schemes(Income),ICICI Prudential Mutual Fund,Regular,Other,,
141355,INF109KB16G2,-,ICICI Prudential Fixed Maturity Plan - Series 81 - 1178 Days Plan H,Close Ended Schemes(Income),ICICI Prudential Mutual Fund,Regular,Other,,
141357,INF109KB14G7,-,ICICI Prudential Fixed Maturity Plan - Series 81 - 1178 Days Plan H,Close Ended Schemes(Income),ICICI Prudential Mutual Fund,Regular,Other,,
141358,INF109KB15G4,-,ICICI Prudential Fixed Maturity Plan - Series 81 - 1178 Days Plan H,Close Ended Schemes(Income),ICICI Prudential Mutual Fund,Regular,Other,,
141356,INF109KB17G0,-,ICICI Prudential Fixed Maturity Plan - Series 81 - 1178 Days Plan H,Close Ended Schemes(Income),ICICI Prudential Mutual Fund,Regular,Other,,
141354,INF109KB10H3,-,ICICI Prudential Fixed Maturity Plan - Series 81 - 1185 Days Plan G,Close Ended Schemes(Income),ICICI Prudential Mutual Fund,Regular,Other,,
141352,INF109KB18G8,-,ICICI Prudential Fixed Maturity Plan - Series 81 - 1185 Days Plan G,Close Ended Schemes(Income),ICICI Prudential Mutual Fund,Regular,Other,,
141351,INF109KB11H1,-,ICICI Prudential Fixed Maturity Plan - Series 81 - 1185 Days Plan G,Close Ended Schemes(Income),ICICI Prudential Mutual Fund,Regular,Other,,
141343,INF109KB18F0,-,ICICI Prudential Fixed Maturity Plan - Series 81 - 1190 Days Plan F,Close Ended Schemes(Income),ICICI Prudential Mutual Fund,Regular,Other,,
141346,INF109KB16F4,-,ICICI Prudential Fixed Maturity Plan - Series 81 - 1190 Days Plan F,Close Ended Schemes(Income),ICICI Prudential Mutual Fund,Regular,Other,,
141345,INF109KB19F8,-,ICICI Prudential Fixed Maturity Plan - Series 81 - 1190 Days Plan F,Close Ended Schemes(Income),ICICI Prudential Mutual Fund,Regular,Other,,
141269,INF109KB14C6,-,ICICI Prudential Fixed Maturity Plan - Series 81 - 1195 Days Plan D,Close Ended Schemes(Income),ICICI Prudential Mutual Fund,Regular,Other,,
141272,INF109KB16C1,-,ICICI Prudential Fixed Maturity Plan - Series 81 - 1195 Days Plan D,Close Ended Schemes(Income),ICICI Prudential Mutual Fund,Regular,Other,,
141271,INF109KB15C3,-,ICICI Prudential Fixed Maturity Plan - Series 81 - 1195 Days Plan D,Close Ended Schemes(Income),ICICI Prudential Mutual Fund,Regular,Other,,
141183,INF109KB12B2,-,ICICI Prudential Fixed Maturity Plan - Series 81 - 1205 Days Plan B,Close Ended Schemes(Income),ICICI Prudential Mutual Fund,Regular,Other,,
141182,INF109KB14B8,-,ICICI Prudential Fixed Maturity Plan - Series 81 - 1205 Days Plan B,Close Ended Schemes(Income),ICICI Prudential Mutual Fund,Regular,Other,,
141184,INF109KB15B5,-,ICICI Prudential Fixed Maturity Plan - Series 81 - 1205 Days Plan B,Close Ended Schemes(Income),ICICI Prudential Mutual Fund,Regular,Other,,
141181,INF109KB13B0,-,ICICI Prudential Fixed Maturity Plan - Series 81 - 1205 Days Plan B,Close Ended Schemes(Income),ICICI Prudential Mutual Fund,Regular,Other,,
141189,INF109KB18A1,-,ICICI Prudential Fixed Maturity Plan - Series 81 - 1211 Days Plan A,Close Ended Schemes(Income),ICICI Prudential Mutual Fund,Regular,Other,,
141192,INF109KB10B6,-,ICICI Prudential Fixed Maturity Plan - Series 81 - 1211 Days Plan A,Close Ended Schemes(Income),ICICI Prudential Mutual Fund,Regular,Other,,
141191,INF109KB11B4,-,ICICI Prudential Fixed Maturity Plan - Series 81 - 1211 Days Plan A,Close Ended Schemes(Income),ICICI Prudential Mutual Fund,Regular,Other,,
141190,INF109KB19A9,-,ICICI Prudential Fixed Maturity Plan - Series 81 - 1211 Days Plan A,Close Ended Schemes(Income),ICICI Prudential Mutual Fund,Regular,Other,,
142637,INF109KC1AF9,-,ICICI Prudential Fixed Maturity Plan - Series 82 - 103 Days Plan O,Close Ended Schemes(Income),ICICI Prudential Mutual Fund,Regular,Other,,
142638,INF109KC1AH5,-,ICICI Prudential Fixed Maturity Plan - Series 82 - 103 Days Plan O,Close Ended Schemes(Income),ICICI Prudential Mutual Fund,Regular,Other,,
142634,INF109KC1AI3,-,ICICI Prudential Fixed Maturity Plan - Series 82 - 103 Days Plan O,Close Ended Schemes(Income),ICICI Prudential Mutual Fund,Regular,Other,,
142635,INF109KC1AG7,-,ICICI Prudential Fixed Maturity Plan - Series 82 - 103 Days Plan O,Close Ended Schemes(Income),ICICI Prudential Mutual Fund,Regular,Other,,
143133,INF109KC1CH1,-,ICICI Prudential Fixed Maturity Plan - Series 82 - 1119 Days Plan X,Close Ended Schemes(Income),ICICI Prudential Mutual Fund,Regular,Other,,
143132,INF109KC1CK5,-,ICICI Prudential Fixed Maturity Plan - Series 82 - 1119 Days Plan X,Close Ended Schemes(Income),ICICI Prudential Mutual Fund,Regular,Other,,
143128,INF109KC1CM1,-,ICICI Prudential Fixed Maturity Plan - Series 82 - 1119 Days Plan X,Close Ended Schemes(Income),ICICI Prudential Mutual Fund,Regular,Other,,
143129,INF109KC1CI9,-,ICICI Prudential Fixed Maturity Plan - Series 82 - 1119 Days Plan X,Close Ended Schemes(Income),ICICI Prudential Mutual Fund,Regular,Other,,
143127,INF109KC1CJ7,-,ICICI Prudential Fixed Maturity Plan - Series 82 - 1119 Days Plan X,Close Ended Schemes(Income),ICICI Prudential Mutual Fund,Regular,Other,,
142899,INF109KC1BB6,-,ICICI Prudential Fixed Maturity Plan - Series 82 - 1135 Days Plan S,Close Ended Schemes(Income),ICICI Prudential Mutual Fund,Regular,Other,,
142904,INF109KC1BE0,-,ICICI Prudential Fixed Maturity Plan - Series 82 - 1135 Days Plan S,Close Ended Schemes(Income),ICICI Prudential Mutual Fund,Regular,Other,,
142903,INF109KC1BF7,-,ICICI Prudential Fixed Maturity Plan - Series 82 - 1135 Days Plan S,Close Ended Schemes(Income),ICICI Prudential Mutual Fund,Regular,Other,,
142901,INF109KC1BG5,-,ICICI Prudential Fixed Maturity Plan - Series 82 - 1135 Days Plan S,Close Ended Schemes(Income),ICICI Prudential Mutual Fund,Regular,Other,,
142902,INF109KC1BC4,-,ICICI Prudential Fixed Maturity Plan - Series 82 - 1135 Days Plan S,Close Ended Schemes(Income),ICICI Prudential Mutual Fund,Regular,Other,,
142900,INF109KC1BD2,-,ICICI Prudential Fixed Maturity Plan - Series 82 - 1135 Days Plan S,Close Ended Schemes(Income),ICICI Prudential Mutual Fund,Regular,Other,,
142965,INF109KC1BP6,-,ICICI Prudential Fixed Maturity Plan - Series 82 - 1135 Days Plan U,Close Ended Schemes(Income),ICICI Prudential Mutual Fund,Regular,Other,,
142961,INF109KC1BS0,-,ICICI Prudential Fixed Maturity Plan - Series 82 - 1135 Days Plan U,Close Ended Schemes(Income),ICICI Prudential Mutual Fund,Regular,Other,,
142964,INF109KC1BT8,-,ICICI Prudential Fixed Maturity Plan - Series 82 - 1135 Days Plan U,Close Ended Schemes(Income),ICICI Prudential Mutual Fund,Regular,Other,,
142963,INF109KC1BR2,-,ICICI Prudential Fixed Maturity Plan - Series 82 - 1135 Days Plan U,Close Ended Schemes(Income),ICICI Prudential Mutual Fund,Regular,Other,,
142982,INF109KC1BV4,-,ICICI Prudential Fixed Maturity Plan - Series 82 - 1135 Days Plan V,Close Ended Schemes(Income),ICICI Prudential Mutual Fund,Regular,Other,,
142977,INF109KC1BY8,-,ICICI Prudential Fixed Maturity Plan - Series 82 - 1135 Days Plan V,Close Ended Schemes(Income),ICICI Prudential Mutual Fund,Regular,Other,,
142975,INF109KC1CA6,-,ICICI Prudential Fixed Maturity Plan - Series 82 - 1135 Days Plan V,Close Ended Schemes(Income),ICICI Prudential Mutual Fund,Regular,Other,,
142976,INF109KC1BW2,-,ICICI Prudential Fixed Maturity Plan - Series 82 - 1135 Days Plan V,Close Ended Schemes(Income),ICICI Prudential Mutual Fund,Regular,Other,,
142979,INF109KC1BX0,-,ICICI Prudential Fixed Maturity Plan - Series 82 - 1135 Days Plan V,Close Ended Schemes(Income),ICICI Prudential Mutual Fund,Regular,Other,,
142760,INF109KC1AJ1,-,ICICI Prudential Fixed Maturity Plan - Series 82 - 1136 Days Plan P,Close Ended Schemes(Income),ICICI Prudential Mutual Fund,Regular,Other,,
142762,INF109KC1AM5,-,ICICI Prudential Fixed Maturity Plan - Series 82 - 1136 Days Plan P,Close Ended Schemes(Income),ICICI Prudential Mutual Fund,Regular,Other,,
142764,INF109KC1AN3,-,ICICI Prudential Fixed Maturity Plan - Series 82 - 1136 Days Plan P,Close Ended Schemes(Income),ICICI Prudential Mutual Fund,Regular,Other,,
142761,INF109KC1AO1,-,ICICI Prudential Fixed Maturity Plan - Series 82 - 1136 Days Plan P,Close Ended Schemes(Income),ICICI Prudential Mutual Fund,Regular,Other,,
142759,INF109KC1AK9,-,ICICI Prudential Fixed Maturity Plan - Series 82 - 1136 Days Plan P,Close Ended Schemes(Income),ICICI Prudential Mutual Fund,Regular,Other,,
142763,INF109KC1AL7,-,ICICI Prudential Fixed Maturity Plan - Series 82 - 1136 Days Plan P,Close Ended Schemes(Income),ICICI Prudential Mutual Fund,Regular,Other,,
143144,INF109KC1CP4,-,ICICI Prudential Fixed Maturity Plan - Series 82 - 1141 Days Plan Y,Close Ended Schemes(Income),ICICI Prudential Mutual Fund,Regular,Other,,
143145,INF109KC1CS8,-,ICICI Prudential Fixed Maturity Plan - Series 82 - 1141 Days Plan Y,Close Ended Schemes(Income),ICICI Prudential Mutual Fund,Regular,Other,,
143149,INF109KC1CT6,-,ICICI Prudential Fixed Maturity Plan - Series 82 - 1141 Days Plan Y,Close Ended Schemes(Income),ICICI Prudential Mutual Fund,Regular,Other,,
143151,INF109KC1CQ2,-,ICICI Prudential Fixed Maturity Plan - Series 82 - 1141 Days Plan Y,Close Ended Schemes(Income),ICICI Prudential Mutual Fund,Regular,Other,,
143150,INF109KC1CR0,-,ICICI Prudential Fixed Maturity Plan - Series 82 - 1141 Days Plan Y,Close Ended Schemes(Income),ICICI Prudential Mutual Fund,Regular,Other,,
142443,INF109KC1739,-,ICICI Prudential Fixed Maturity Plan - Series 82 - 1157 Days Plan J,Close Ended Schemes(Income),ICICI Prudential Mutual Fund,Regular,Other,,
142450,INF109KC1762,-,ICICI Prudential Fixed Maturity Plan - Series 82 - 1157 Days Plan J,Close Ended Schemes(Income),ICICI Prudential Mutual Fund,Regular,Other,,
142448,INF109KC1770,-,ICICI Prudential Fixed Maturity Plan - Series 82 - 1157 Days Plan J,Close Ended Schemes(Income),ICICI Prudential Mutual Fund,Regular,Other,,
142446,INF109KC1788,-,ICICI Prudential Fixed Maturity Plan - Series 82 - 1157 Days Plan J,Close Ended Schemes(Income),ICICI Prudential Mutual Fund,Regular,Other,,
142447,INF109KC1747,-,ICICI Prudential Fixed Maturity Plan - Series 82 - 1157 Days Plan J,Close Ended Schemes(Income),ICICI Prudential Mutual Fund,Regular,Other,,
142445,INF109KC1754,-,ICICI Prudential Fixed Maturity Plan - Series 82 - 1157 Days Plan J,Close Ended Schemes(Income),ICICI Prudential Mutual Fund,Regular,Other,,
142883,INF109KC1AV6,-,ICICI Prudential Fixed Maturity Plan - Series 82 - 1170 Days Plan R,Close Ended Schemes(Income),ICICI Prudential Mutual Fund,Regular,Other,,
142885,INF109KC1AY0,-,ICICI Prudential Fixed Maturity Plan - Series 82 - 1170 Days Plan R,Close Ended Schemes(Income),ICICI Prudential Mutual Fund,Regular,Other,,
142888,INF109KC1BA8,-,ICICI Prudential Fixed Maturity Plan - Series 82 - 1170 Days Plan R,Close Ended Schemes(Income),ICICI Prudential Mutual Fund,Regular,Other,,
142882,INF109KC1AW4,-,ICICI Prudential Fixed Maturity Plan - Series 82 - 1170 Days Plan R,Close Ended Schemes(Income),ICICI Prudential Mutual Fund,Regular,Other,,
142887,INF109KC1AX2,-,ICICI Prudential Fixed Maturity Plan - Series 82 - 1170 Days Plan R,Close Ended Schemes(Income),ICICI Prudential Mutual Fund,Regular,Other,,
142692,INF109KC1AP8,-,ICICI Prudential Fixed Maturity Plan - Series 82 - 1175 Days Plan Q,Close Ended Schemes(Income),ICICI Prudential Mutual Fund,Regular,Other,,
142698,INF109KC1AS2,-,ICICI Prudential Fixed Maturity Plan - Series 82 - 1175 Days Plan Q,Close Ended Schemes(Income),ICICI Prudential Mutual Fund,Regular,Other,,
142697,INF109KC1AT0,-,ICICI Prudential Fixed Maturity Plan - Series 82 - 1175 Days Plan Q,Close Ended Schemes(Income),ICICI Prudential Mutual Fund,Regular,Other,,
142696,INF109KC1AU8,-,ICICI Prudential Fixed Maturity Plan - Series 82 - 1175 Days Plan Q,Close Ended Schemes(Income),ICICI Prudential Mutual Fund,Regular,Other,,
142699,INF109KC1AQ6,-,ICICI Prudential Fixed Maturity Plan - Series 82 - 1175 Days Plan Q,Close Ended Schemes(Income),ICICI Prudential Mutual Fund,Regular,Other,,
142695,INF109KC1AR4,-,ICICI Prudential Fixed Maturity Plan - Series 82 - 1175 Days Plan Q,Close Ended Schemes(Income),ICICI Prudential Mutual Fund,Regular,Other,,
142413,INF109KC1671,-,ICICI Prudential Fixed Maturity Plan - Series 82 - 1185 Days Plan I,Close Ended Schemes(Income),ICICI Prudential Mutual Fund,Regular,Other,,
142412,INF109KC1705,-,ICICI Prudential Fixed Maturity Plan - Series 82 - 1185 Days Plan I,Close Ended Schemes(Income),ICICI Prudential Mutual Fund,Regular,Other,,
142581,INF109KC1994,-,ICICI Prudential Fixed Maturity Plan - Series 82 - 1185 Days Plan N,Close Ended Schemes(Income),ICICI Prudential Mutual Fund,Regular,Other,,
142582,INF109KC1AC6,-,ICICI Prudential Fixed Maturity Plan - Series 82 - 1185 Days Plan N,Close Ended Schemes(Income),ICICI Prudential Mutual Fund,Regular,Other,,
142588,INF109KC1AD4,-,ICICI Prudential Fixed Maturity Plan - Series 82 - 1185 Days Plan N,Close Ended Schemes(Income),ICICI Prudential Mutual Fund,Regular,Other,,
142586,INF109KC1AE2,-,ICICI Prudential Fixed Maturity Plan - Series 82 - 1185 Days Plan N,Close Ended Schemes(Income),ICICI Prudential Mutual Fund,Regular,Other,,
142587,INF109KC1AA0,-,ICICI Prudential Fixed Maturity Plan - Series 82 - 1185 Days Plan N,Close Ended Schemes(Income),ICICI Prudential Mutual Fund,Regular,Other,,
142585,INF109KC1AB8,-,ICICI Prudential Fixed Maturity Plan - Series 82 - 1185 Days Plan N,Close Ended Schemes(Income),ICICI Prudential Mutual Fund,Regular,Other,,
142298,INF109KC1374,-,ICICI Prudential Fixed Maturity Plan - Series 82 - 1187 Days Plan F,Close Ended Schemes(Income),ICICI Prudential Mutual Fund,Regular,Other,,
142299,INF109KC1408,-,ICICI Prudential Fixed Maturity Plan - Series 82 - 1187 Days Plan F,Close Ended Schemes(Income),ICICI Prudential Mutual Fund,Regular,Other,,
142294,INF109KC1424,-,ICICI Prudential Fixed Maturity Plan - Series 82 - 1187 Days Plan F,Close Ended Schemes(Income),ICICI Prudential Mutual Fund,Regular,Other,,
142295,INF109KC1382,-,ICICI Prudential Fixed Maturity Plan - Series 82 - 1187 Days Plan F,Close Ended Schemes(Income),ICICI Prudential Mutual Fund,Regular,Other,,
142297,INF109KC1390,-,ICICI Prudential Fixed Maturity Plan - Series 82 - 1187 Days Plan F,Close Ended Schemes(Income),ICICI Prudential Mutual Fund,Regular,Other,,
142477,INF109KC1879,-,ICICI Prudential Fixed Maturity Plan - Series 82 - 1199 Days Plan L,Close Ended Schemes(Income),ICICI Prudential Mutual Fund,Regular,Other,,
142478,INF109KC1903,-,ICICI Prudential Fixed Maturity Plan - Series 82 - 1199 Days Plan L,Close Ended Schemes(Income),ICICI Prudential Mutual Fund,Regular,Other,,
142483,INF109KC1911,-,ICICI Prudential Fixed Maturity Plan - Series 82 - 1199 Days Plan L,Close Ended Schemes(Income),ICICI Prudential Mutual Fund,Regular,Other,,
142481,INF109KC1887,-,ICICI Prudential Fixed Maturity Plan - Series 82 - 1199 Days Plan L,Close Ended Schemes(Income),ICICI Prudential Mutual Fund,Regular,Other,,
142463,INF109KC1812,-,ICICI Prudential Fixed Maturity Plan - Series 82 - 1203 Days Plan K,Close Ended Schemes(Income),ICICI Prudential Mutual Fund,Regular,Other,,
142465,INF109KC1846,-,ICICI Prudential Fixed Maturity Plan - Series 82 - 1203 Days Plan K,Close Ended Schemes(Income),ICICI Prudential Mutual Fund,Regular,Other,,
142468,INF109KC1861,-,ICICI Prudential Fixed Maturity Plan - Series 82 - 1203 Days Plan K,Close Ended Schemes(Income),ICICI Prudential Mutual Fund,Regular,Other,,
142469,INF109KC1820,-,ICICI Prudential Fixed Maturity Plan - Series 82 - 1203 Days Plan K,Close Ended Schemes(Income),ICICI Prudential Mutual Fund,Regular,Other,,
142467,INF109KC1838,-,ICICI Prudential Fixed Maturity Plan - Series 82 - 1203 Days Plan K,Close Ended Schemes(Income),ICICI Prudential Mutual Fund,Regular,Other,,
142334,INF109KC1499,-,ICICI Prudential Fixed Maturity Plan - Series 82 - 1215 Days Plan H,Close Ended Schemes(Income),ICICI Prudential Mutual Fund,Regular,Other,,
142339,INF109KC1523,-,ICICI Prudential Fixed Maturity Plan - Series 82 - 1215 Days Plan H,Close Ended Schemes(Income),ICICI Prudential Mutual Fund,Regular,Other,,
142341,INF109KC1531,-,ICICI Prudential Fixed Maturity Plan - Series 82 - 1215 Days Plan H,Close Ended Schemes(Income),ICICI Prudential Mutual Fund,Regular,Other,,
142336,INF109KC1549,-,ICICI Prudential Fixed Maturity Plan - Series 82 - 1215 Days Plan H,Close Ended Schemes(Income),ICICI Prudential Mutual Fund,Regular,Other,,
142337,INF109KC1507,-,ICICI Prudential Fixed Maturity Plan - Series 82 - 1215 Days Plan H,Close Ended Schemes(Income),ICICI Prudential Mutual Fund,Regular,Other,,
142340,INF109KC1515,-,ICICI Prudential Fixed Maturity Plan - Series 82 - 1215 Days Plan H,Close Ended Schemes(Income),ICICI Prudential Mutual Fund,Regular,Other,,
142155,INF109KC1119,-,ICICI Prudential Fixed Maturity Plan - Series 82 - 1217 Days Plan C,Close Ended Schemes(Income),ICICI Prudential Mutual Fund,Regular,Other,,
142156,INF109KC1143,-,ICICI Prudential Fixed Maturity Plan - Series 82 - 1217 Days Plan C,Close Ended Schemes(Income),ICICI Prudential Mutual Fund,Regular,Other,,
142162,INF109KC1150,-,ICICI Prudential Fixed Maturity Plan - Series 82 - 1217 Days Plan C,Close Ended Schemes(Income),ICICI Prudential Mutual Fund,Regular,Other,,
142159,INF109KC1168,-,ICICI Prudential Fixed Maturity Plan - Series 82 - 1217 Days Plan C,Close Ended Schemes(Income),ICICI Prudential Mutual Fund,Regular,Other,,
142158,INF109KC1127,-,ICICI Prudential Fixed Maturity Plan - Series 82 - 1217 Days Plan C,Close Ended Schemes(Income),ICICI Prudential Mutual Fund,Regular,Other,,
142161,INF109KC1135,-,ICICI Prudential Fixed Maturity Plan - Series 82 - 1217 Days Plan C,Close Ended Schemes(Income),ICICI Prudential Mutual Fund,Regular,Other,,
142233,INF109KC1176,-,ICICI Prudential Fixed Maturity Plan - Series 82 - 1219 Days Plan D,Close Ended Schemes(Income),ICICI Prudential Mutual Fund,Regular,Other,,
142234,INF109KC1200,-,ICICI Prudential Fixed Maturity Plan - Series 82 - 1219 Days Plan D,Close Ended Schemes(Income),ICICI Prudential Mutual Fund,Regular,Other,,
142237,INF109KC1226,-,ICICI Prudential Fixed Maturity Plan - Series 82 - 1219 Days Plan D,Close Ended Schemes(Income),ICICI Prudential Mutual Fund,Regular,Other,,
142236,INF109KC1184,-,ICICI Prudential Fixed Maturity Plan - Series 82 - 1219 Days Plan D,Close Ended Schemes(Income),ICICI Prudential Mutual Fund,Regular,Other,,
142238,INF109KC1192,-,ICICI Prudential Fixed Maturity Plan - Series 82 - 1219 Days Plan D,Close Ended Schemes(Income),ICICI Prudential Mutual Fund,Regular,Other,,
142267,INF109KC1275,-,ICICI Prudential Fixed Maturity Plan - Series 82 - 1223 Days Plan E,Close Ended Schemes(Income),ICICI Prudential Mutual Fund,Regular,Other,,
142266,INF109KC1309,-,ICICI Prudential Fixed Maturity Plan - Series 82 - 1223 Days Plan E,Close Ended Schemes(Income),ICICI Prudential Mutual Fund,Regular,Other,,
142262,INF109KC1317,-,ICICI Prudential Fixed Maturity Plan - Series 82 - 1223 Days Plan E,Close Ended Schemes(Income),ICICI Prudential Mutual Fund,Regular,Other,,
142265,INF109KC1325,-,ICICI Prudential Fixed Maturity Plan - Series 82 - 1223 Days Plan E,Close Ended Schemes(Income),ICICI Prudential Mutual Fund,Regular,Other,,
142261,INF109KC1283,-,ICICI Prudential Fixed Maturity Plan - Series 82 - 1223 Days Plan E,Close Ended Schemes(Income),ICICI Prudential Mutual Fund,Regular,Other,,
142264,INF109KC1291,-,ICICI Prudential Fixed Maturity Plan - Series 82 - 1223 Days Plan E,Close Ended Schemes(Income),ICICI Prudential Mutual Fund,Regular,Other,,
142352,INF109KC1432,-,ICICI Prudential Fixed Maturity Plan - Series 82 - 1223 Days Plan G,Close Ended Schemes(Income),ICICI Prudential Mutual Fund,Regular,Other,,
142357,INF109KC1465,-,ICICI Prudential Fixed Maturity Plan - Series 82 - 1223 Days Plan G,Close Ended Schemes(Income),ICICI Prudential Mutual Fund,Regular,Other,,
142359,INF109KC1473,-,ICICI Prudential Fixed Maturity Plan - Series 82 - 1223 Days Plan G,Close Ended Schemes(Income),ICICI Prudential Mutual Fund,Regular,Other,,
142358,INF109KC1440,-,ICICI Prudential Fixed Maturity Plan - Series 82 - 1223 Days Plan G,Close Ended Schemes(Income),ICICI Prudential Mutual Fund,Regular,Other,,
142355,INF109KC1457,-,ICICI Prudential Fixed Maturity Plan - Series 82 - 1223 Days Plan G,Close Ended Schemes(Income),ICICI Prudential Mutual Fund,Regular,Other,,
142125,INF109KC1010,-,ICICI Prudential Fixed Maturity Plan - Series 82 - 1225 Days Plan B,Close Ended Schemes(Income),ICICI Prudential Mutual Fund,Regular,Other,,
142126,INF109KC1044,-,ICICI Prudential Fixed Maturity Plan - Series 82 - 1225 Days Plan B,Close Ended Schemes(Income),ICICI Prudential Mutual Fund,Regular,Other,,
142132,INF109KC1069,-,ICICI Prudential Fixed Maturity Plan - Series 82 - 1225 Days Plan B,Close Ended Schemes(Income),ICICI Prudential Mutual Fund,Regular,Other,,
142129,INF109KC1051,-,ICICI Prudential Fixed Maturity Plan - Series 82 - 1225 Days Plan B,Close Ended Schemes(Income),ICICI Prudential Mutual Fund,Regular,Other,,
142131,INF109KC1036,-,ICICI Prudential Fixed Maturity Plan - Series 82 - 1225 Days Plan B,Close Ended Schemes(Income),ICICI Prudential Mutual Fund,Regular,Other,,
142130,INF109KC1028,-,ICICI Prudential Fixed Maturity Plan - Series 82 - 1225 Days Plan B,Close Ended Schemes(Income),ICICI Prudential Mutual Fund,Regular,Other,,
142017,INF109KB10Z5,-,ICICI Prudential Fixed Maturity Plan - Series 82 - 1236 Days Plan A,Close Ended Schemes(Income),ICICI Prudential Mutual Fund,Regular,Other,,
142020,INF109KB13Z9,-,ICICI Prudential Fixed Maturity Plan - Series 82 - 1236 Days Plan A,Close Ended Schemes(Income),ICICI Prudential Mutual Fund,Regular,Other,,
142070,INF109KB14Z7,-,ICICI Prudential Fixed Maturity Plan - Series 82 - 1236 Days Plan A,Close Ended Schemes(Income),ICICI Prudential Mutual Fund,Regular,Other,,
142068,INF109KB15Z4,-,ICICI Prudential Fixed Maturity Plan - Series 82 - 1236 Days Plan A,Close Ended Schemes(Income),ICICI Prudential Mutual Fund,Regular,Other,,
142069,INF109KB11Z3,-,ICICI Prudential Fixed Maturity Plan - Series 82 - 1236 Days Plan A,Close Ended Schemes(Income),ICICI Prudential Mutual Fund,Regular,Other,,
142067,INF109KB12Z1,-,ICICI Prudential Fixed Maturity Plan - Series 82 - 1236 Days Plan A,Close Ended Schemes(Income),ICICI Prudential Mutual Fund,Regular,Other,,
143386,INF109KC1DM9,-,ICICI Prudential Fixed Maturity Plan - Series 82 - 91 Days Plan Z,Close Ended Schemes(Income),ICICI Prudential Mutual Fund,Regular,Other,,
143387,INF109KC1DO5,-,ICICI Prudential Fixed Maturity Plan - Series 82 - 91 Days Plan Z,Close Ended Schemes(Income),ICICI Prudential Mutual Fund,Regular,Other,,
143384,INF109KC1DP2,-,ICICI Prudential Fixed Maturity Plan - Series 82 - 91 Days Plan Z,Close Ended Schemes(Income),ICICI Prudential Mutual Fund,Regular,Other,,
143385,INF109KC1DN7,-,ICICI Prudential Fixed Maturity Plan - Series 82 - 91 Days Plan Z,Close Ended Schemes(Income),ICICI Prudential Mutual Fund,Regular,Other,,
144072,INF109KC1HG2,-,ICICI Prudential Fixed Maturity Plan - Series 83 - 1100 Days Plan O,Close Ended Schemes(Income),ICICI Prudential Mutual Fund,Regular,Other,,
144065,INF109KC1HJ6,-,ICICI Prudential Fixed Maturity Plan - Series 83 - 1100 Days Plan O,Close Ended Schemes(Income),ICICI Prudential Mutual Fund,Regular,Other,,
144301,INF109KC1HU3,-,ICICI Prudential Fixed Maturity Plan - Series 83 - 1100 Days Plan R,Close Ended Schemes(Income),ICICI Prudential Mutual Fund,Regular,Other,,
144302,INF109KC1HX7,-,ICICI Prudential Fixed Maturity Plan - Series 83 - 1100 Days Plan R,Close Ended Schemes(Income),ICICI Prudential Mutual Fund,Regular,Other,,
144308,INF109KC1HV1,-,ICICI Prudential Fixed Maturity Plan - Series 83 - 1100 Days Plan R,Close Ended Schemes(Income),ICICI Prudential Mutual Fund,Regular,Other,,
144380,INF109KC1IA3,-,ICICI Prudential Fixed Maturity Plan - Series 83 - 1100 Days Plan S,Close Ended Schemes(Income),ICICI Prudential Mutual Fund,Regular,Other,,
144376,INF109KC1ID7,-,ICICI Prudential Fixed Maturity Plan - Series 83 - 1100 Days Plan S,Close Ended Schemes(Income),ICICI Prudential Mutual Fund,Regular,Other,,
144378,INF109KC1IE5,-,ICICI Prudential Fixed Maturity Plan - Series 83 - 1100 Days Plan S,Close Ended Schemes(Income),ICICI Prudential Mutual Fund,Regular,Other,,
144379,INF109KC1IC9,-,ICICI Prudential Fixed Maturity Plan - Series 83 - 1100 Days Plan S,Close Ended Schemes(Income),ICICI Prudential Mutual Fund,Regular,Other,,
144377,INF109KC1IB1,-,ICICI Prudential Fixed Maturity Plan - Series 83 - 1100 Days Plan S,Close Ended Schemes(Income),ICICI Prudential Mutual Fund,Regular,Other,,
144602,INF109KC1JL8,-,ICICI Prudential Fixed Maturity Plan - Series 83 - 1100 Days Plan X,Close Ended Schemes(Income),ICICI Prudential Mutual Fund,Regular,Other,,
144603,INF109KC1JO2,-,ICICI Prudential Fixed Maturity Plan - Series 83 - 1100 Days Plan X,Close Ended Schemes(Income),ICICI Prudential Mutual Fund,Regular,Other,,
144605,INF109KC1JQ7,-,ICICI Prudential Fixed Maturity Plan - Series 83 - 1100 Days Plan X,Close Ended Schemes(Income),ICICI Prudential Mutual Fund,Regular,Other,,
144606,INF109KC1JP9,-,ICICI Prudential Fixed Maturity Plan - Series 83 - 1100 Days Plan X,Close Ended Schemes(Income),ICICI Prudential Mutual Fund,Regular,Other,,
144607,INF109KC1JN4,-,ICICI Prudential Fixed Maturity Plan - Series 83 - 1100 Days Plan X,Close Ended Schemes(Income),ICICI Prudential Mutual Fund,Regular,Other,,
144604,INF109KC1JM6,-,ICICI Prudential Fixed Maturity Plan - Series 83 - 1100 Days Plan X,Close Ended Schemes(Income),ICICI Prudential Mutual Fund,Regular,Other,,
144696,INF109KC1JX3,-,ICICI Prudential Fixed Maturity Plan - Series 83 - 1101 Days Plan Z,Close Ended Schemes(Income),ICICI Prudential Mutual Fund,Regular,Other,,
144697,INF109KC1KA9,-,ICICI Prudential Fixed Maturity Plan - Series 83 - 1101 Days Plan Z,Close Ended Schemes(Income),ICICI Prudential Mutual Fund,Regular,Other,,
144700,INF109KC1KC5,-,ICICI Prudential Fixed Maturity Plan - Series 83 - 1101 Days Plan Z,Close Ended Schemes(Income),ICICI Prudential Mutual Fund,Regular,Other,,
144701,INF109KC1KB7,-,ICICI Prudential Fixed Maturity Plan - Series 83 - 1101 Days Plan Z,Close Ended Schemes(Income),ICICI Prudential Mutual Fund,Regular,Other,,
144699,INF109KC1JZ8,-,ICICI Prudential Fixed Maturity Plan - Series 83 - 1101 Days Plan Z,Close Ended Schemes(Income),ICICI Prudential Mutual Fund,Regular,Other,,
144698,INF109KC1JY1,-,ICICI Prudential Fixed Maturity Plan - Series 83 - 1101 Days Plan Z,Close Ended Schemes(Income),ICICI Prudential Mutual Fund,Regular,Other,,
143877,INF109KC1FY9,-,ICICI Prudential Fixed Maturity Plan - Series 83 - 1103 Days Plan L,Close Ended Schemes(Income),ICICI Prudential Mutual Fund,Regular,Other,,
143878,INF109KC1GB5,-,ICICI Prudential Fixed Maturity Plan - Series 83 - 1103 Days Plan L,Close Ended Schemes(Income),ICICI Prudential Mutual Fund,Regular,Other,,
143376,INF109KC1DA4,-,ICICI Prudential Fixed Maturity Plan - Series 83 - 1105 Days Plan A,Close Ended Schemes(Income),ICICI Prudential Mutual Fund,Regular,Other,,
143380,INF109KC1DD8,-,ICICI Prudential Fixed Maturity Plan - Series 83 - 1105 Days Plan A,Close Ended Schemes(Income),ICICI Prudential Mutual Fund,Regular,Other,,
143379,INF109KC1DF3,-,ICICI Prudential Fixed Maturity Plan - Series 83 - 1105 Days Plan A,Close Ended Schemes(Income),ICICI Prudential Mutual Fund,Regular,Other,,
143381,INF109KC1DE6,-,ICICI Prudential Fixed Maturity Plan - Series 83 - 1105 Days Plan A,Close Ended Schemes(Income),ICICI Prudential Mutual Fund,Regular,Other,,
143377,INF109KC1DC0,-,ICICI Prudential Fixed Maturity Plan - Series 83 - 1105 Days Plan A,Close Ended Schemes(Income),ICICI Prudential Mutual Fund,Regular,Other,,
143382,INF109KC1DB2,-,ICICI Prudential Fixed Maturity Plan - Series 83 - 1105 Days Plan A,Close Ended Schemes(Income),ICICI Prudential Mutual Fund,Regular,Other,,
143524,INF109KC1EO3,-,ICICI Prudential Fixed Maturity Plan - Series 83 - 1105 Days Plan F,Close Ended Schemes(Income),ICICI Prudential Mutual Fund,Regular,Other,,
143520,INF109KC1ER6,-,ICICI Prudential Fixed Maturity Plan - Series 83 - 1105 Days Plan F,Close Ended Schemes(Income),ICICI Prudential Mutual Fund,Regular,Other,,
143521,INF109KC1ET2,-,ICICI Prudential Fixed Maturity Plan - Series 83 - 1105 Days Plan F,Close Ended Schemes(Income),ICICI Prudential Mutual Fund,Regular,Other,,
143527,INF109KC1EQ8,-,ICICI Prudential Fixed Maturity Plan - Series 83 - 1105 Days Plan F,Close Ended Schemes(Income),ICICI Prudential Mutual Fund,Regular,Other,,
143523,INF109KC1EP0,-,ICICI Prudential Fixed Maturity Plan - Series 83 - 1105 Days Plan F,Close Ended Schemes(Income),ICICI Prudential Mutual Fund,Regular,Other,,
143953,INF109KC1GK6,-,ICICI Prudential Fixed Maturity Plan - Series 83 - 1105 Days Plan M,Close Ended Schemes(Income),ICICI Prudential Mutual Fund,Regular,Other,,
143954,INF109KC1GN0,-,ICICI Prudential Fixed Maturity Plan - Series 83 - 1105 Days Plan M,Close Ended Schemes(Income),ICICI Prudential Mutual Fund,Regular,Other,,
143956,INF109KC1GM2,-,ICICI Prudential Fixed Maturity Plan - Series 83 - 1105 Days Plan M,Close Ended Schemes(Income),ICICI Prudential Mutual Fund,Regular,Other,,
143960,INF109KC1GL4,-,ICICI Prudential Fixed Maturity Plan - Series 83 - 1105 Days Plan M,Close Ended Schemes(Income),ICICI Prudential Mutual Fund,Regular,Other,,
144163,INF109KC1HM0,-,ICICI Prudential Fixed Maturity Plan - Series 83 - 1107 Days Plan Q,Close Ended Schemes(Income),ICICI Prudential Mutual Fund,Regular,Other,,
144164,INF109KC1HP3,-,ICICI Prudential Fixed Maturity Plan - Series 83 - 1107 Days Plan Q,Close Ended Schemes(Income),ICICI Prudential Mutual Fund,Regular,Other,,
143718,INF109KC1FM4,-,ICICI Prudential Fixed Maturity Plan - Series 83 - 1108 Days Plan H,Close Ended Schemes(Income),ICICI Prudential Mutual Fund,Regular,Other,,
143717,INF109KC1FP7,-,ICICI Prudential Fixed Maturity Plan - Series 83 - 1108 Days Plan H,Close Ended Schemes(Income),ICICI Prudential Mutual Fund,Regular,Other,,
143716,INF109KC1FR3,-,ICICI Prudential Fixed Maturity Plan - Series 83 - 1108 Days Plan H,Close Ended Schemes(Income),ICICI Prudential Mutual Fund,Regular,Other,,
143714,INF109KC1FQ5,-,ICICI Prudential Fixed Maturity Plan - Series 83 - 1108 Days Plan H,Close Ended Schemes(Income),ICICI Prudential Mutual Fund,Regular,Other,,
143715,INF109KC1FO0,-,ICICI Prudential Fixed Maturity Plan - Series 83 - 1108 Days Plan H,Close Ended Schemes(Income),ICICI Prudential Mutual Fund,Regular,Other,,
144387,INF109KC1II6,-,ICICI Prudential Fixed Maturity Plan - Series 83 - 1110 Days Plan T,Close Ended Schemes(Income),ICICI Prudential Mutual Fund,Regular,Other,,
144388,INF109KC1IL0,-,ICICI Prudential Fixed Maturity Plan - Series 83 - 1110 Days Plan T,Close Ended Schemes(Income),ICICI Prudential Mutual Fund,Regular,Other,,
144389,INF109KC1IJ4,-,ICICI Prudential Fixed Maturity Plan - Series 83 - 1110 Days Plan T,Close Ended Schemes(Income),ICICI Prudential Mutual Fund,Regular,Other,,
144596,INF109KC1JR5,-,ICICI Prudential Fixed Maturity Plan - Series 83 - 1111 Days Plan Y,Close Ended Schemes(Income),ICICI Prudential Mutual Fund,Regular,Other,,
144599,INF109KC1JU9,-,ICICI Prudential Fixed Maturity Plan - Series 83 - 1111 Days Plan Y,Close Ended Schemes(Income),ICICI Prudential Mutual Fund,Regular,Other,,
144598,INF109KC1JT1,-,ICICI Prudential Fixed Maturity Plan - Series 83 - 1111 Days Plan Y,Close Ended Schemes(Income),ICICI Prudential Mutual Fund,Regular,Other,,
144601,INF109KC1JS3,-,ICICI Prudential Fixed Maturity Plan - Series 83 - 1111 Days Plan Y,Close Ended Schemes(Income),ICICI Prudential Mutual Fund,Regular,Other,,
143516,INF109KC1EI5,-,ICICI Prudential Fixed Maturity Plan - Series 83 - 1113 Days Plan E,Close Ended Schemes(Income),ICICI Prudential Mutual Fund,Regular,Other,,
143512,INF109KC1EL9,-,ICICI Prudential Fixed Maturity Plan - Series 83 - 1113 Days Plan E,Close Ended Schemes(Income),ICICI Prudential Mutual Fund,Regular,Other,,
143515,INF109KC1EN5,-,ICICI Prudential Fixed Maturity Plan - Series 83 - 1113 Days Plan E,Close Ended Schemes(Income),ICICI Prudential Mutual Fund,Regular,Other,,
143513,INF109KC1EM7,-,ICICI Prudential Fixed Maturity Plan - Series 83 - 1113 Days Plan E,Close Ended Schemes(Income),ICICI Prudential Mutual Fund,Regular,Other,,
143514,INF109KC1EK1,-,ICICI Prudential Fixed Maturity Plan - Series 83 - 1113 Days Plan E,Close Ended Schemes(Income),ICICI Prudential Mutual Fund,Regular,Other,,
143519,INF109KC1EJ3,-,ICICI Prudential Fixed Maturity Plan - Series 83 - 1113 Days Plan E,Close Ended Schemes(Income),ICICI Prudential Mutual Fund,Regular,Other,,
143734,INF109KC1FG6,-,ICICI Prudential Fixed Maturity Plan - Series 83 - 1392 Days Plan J,Close Ended Schemes(Income),ICICI Prudential Mutual Fund,Regular,Other,,
143735,INF109KC1FJ0,-,ICICI Prudential Fixed Maturity Plan - Series 83 - 1392 Days Plan J,Close Ended Schemes(Income),ICICI Prudential Mutual Fund,Regular,Other,,
143733,INF109KC1FL6,-,ICICI Prudential Fixed Maturity Plan - Series 83 - 1392 Days Plan J,Close Ended Schemes(Income),ICICI Prudential Mutual Fund,Regular,Other,,
143731,INF109KC1FK8,-,ICICI Prudential Fixed Maturity Plan - Series 83 - 1392 Days Plan J,Close Ended Schemes(Income),ICICI Prudential Mutual Fund,Regular,Other,,
143732,INF109KC1FI2,-,ICICI Prudential Fixed Maturity Plan - Series 83 - 1392 Days Plan J,Close Ended Schemes(Income),ICICI Prudential Mutual Fund,Regular,Other,,
143730,INF109KC1FH4,-,ICICI Prudential Fixed Maturity Plan - Series 83 - 1392 Days Plan J,Close Ended Schemes(Income),ICICI Prudential Mutual Fund,Regular,Other,,
143442,INF109KC1DU2,-,ICICI Prudential Fixed Maturity Plan - Series 83 - 1406 Days Plan D,Close Ended Schemes(Income),ICICI Prudential Mutual Fund,Regular,Other,,
143443,INF109KC1DX6,-,ICICI Prudential Fixed Maturity Plan - Series 83 - 1406 Days Plan D,Close Ended Schemes(Income),ICICI Prudential Mutual Fund,Regular,Other,,
143447,INF109KC1DV0,-,ICICI Prudential Fixed Maturity Plan - Series 83 - 1406 Days Plan D,Close Ended Schemes(Income),ICICI Prudential Mutual Fund,Regular,Other,,
143445,INF109KC1DW8,-,ICICI Prudential Fixed Maturity Plan - Series 83 - 1406 Days Plan D,Close Ended Schemes(Income),ICICI Prudential Mutual Fund,Regular,Other,,
143393,INF109KC1DG1,-,ICICI Prudential Fixed Maturity Plan - Series 83 - 1412 Days Plan B,Close Ended Schemes(Income),ICICI Prudential Mutual Fund,Regular,Other,,
143392,INF109KC1DJ5,-,ICICI Prudential Fixed Maturity Plan - Series 83 - 1412 Days Plan B,Close Ended Schemes(Income),ICICI Prudential Mutual Fund,Regular,Other,,
143395,INF109KC1DL1,-,ICICI Prudential Fixed Maturity Plan - Series 83 - 1412 Days Plan B,Close Ended Schemes(Income),ICICI Prudential Mutual Fund,Regular,Other,,
143394,INF109KC1DK3,-,ICICI Prudential Fixed Maturity Plan - Series 83 - 1412 Days Plan B,Close Ended Schemes(Income),ICICI Prudential Mutual Fund,Regular,Other,,
143389,INF109KC1DH9,-,ICICI Prudential Fixed Maturity Plan - Series 83 - 1412 Days Plan B,Close Ended Schemes(Income),ICICI Prudential Mutual Fund,Regular,Other,,
144077,INF109KC1HA5,-,ICICI Prudential Fixed Maturity Plan - Series 83 - 1735 Days Plan P,Close Ended Schemes(Income),ICICI Prudential Mutual Fund,Regular,Other,,
144078,INF109KC1HD9,-,ICICI Prudential Fixed Maturity Plan - Series 83 - 1735 Days Plan P,Close Ended Schemes(Income),ICICI Prudential Mutual Fund,Regular,Other,,
144080,INF109KC1HE7,-,ICICI Prudential Fixed Maturity Plan - Series 83 - 1735 Days Plan P,Close Ended Schemes(Income),ICICI Prudential Mutual Fund,Regular,Other,,
144075,INF109KC1HC1,-,ICICI Prudential Fixed Maturity Plan - Series 83 - 1735 Days Plan P,Close Ended Schemes(Income),ICICI Prudential Mutual Fund,Regular,Other,,
144079,INF109KC1HB3,-,ICICI Prudential Fixed Maturity Plan - Series 83 - 1735 Days Plan P,Close Ended Schemes(Income),ICICI Prudential Mutual Fund,Regular,Other,,
143727,INF109KC1EY2,-,ICICI Prudential Fixed Maturity Plan - Series 83 - 193 Days Plan G,Close Ended Schemes(Income),ICICI Prudential Mutual Fund,Regular,Other,,
143726,INF109KC1FA9,-,ICICI Prudential Fixed Maturity Plan - Series 83 - 193 Days Plan G,Close Ended Schemes(Income),ICICI Prudential Mutual Fund,Regular,Other,,
143725,INF109KC1FB7,-,ICICI Prudential Fixed Maturity Plan - Series 83 - 193 Days Plan G,Close Ended Schemes(Income),ICICI Prudential Mutual Fund,Regular,Other,,
143439,INF109KC1DQ0,-,ICICI Prudential Fixed Maturity Plan - Series 83 - 91 Days Plan C,Close Ended Schemes(Income),ICICI Prudential Mutual Fund,Regular,Other,,
143440,INF109KC1DS6,-,ICICI Prudential Fixed Maturity Plan - Series 83 - 91 Days Plan C,Close Ended Schemes(Income),ICICI Prudential Mutual Fund,Regular,Other,,
143441,INF109KC1DT4,-,ICICI Prudential Fixed Maturity Plan - Series 83 - 91 Days Plan C,Close Ended Schemes(Income),ICICI Prudential Mutual Fund,Regular,Other,,
143438,INF109KC1DR8,-,ICICI Prudential Fixed Maturity Plan - Series 83 - 91 Days Plan C,Close Ended Schemes(Income),ICICI Prudential Mutual Fund,Regular,Other,,
144817,INF109KC1KD3,-,ICICI Prudential Fixed Maturity Plan - Series 84 - 1101 Days Plan A,Close Ended Schemes(Income),ICICI Prudential Mutual Fund,Regular,Other,,
144819,INF109KC1KG6,-,ICICI Prudential Fixed Maturity Plan - Series 84 - 1101 Days Plan A,Close Ended Schemes(Income),ICICI Prudential Mutual Fund,Regular,Other,,
144816,INF109KC1KI2,-,ICICI Prudential Fixed Maturity Plan - Series 84 - 1101 Days Plan A,Close Ended Schemes(Income),ICICI Prudential Mutual Fund,Regular,Other,,
144815,INF109KC1KH4,-,ICICI Prudential Fixed Maturity Plan - Series 84 - 1101 Days Plan A,Close Ended Schemes(Income),ICICI Prudential Mutual Fund,Regular,Other,,
144814,INF109KC1KE1,-,ICICI Prudential Fixed Maturity Plan - Series 84 - 1101 Days Plan A,Close Ended Schemes(Income),ICICI Prudential Mutual Fund,Regular,Other,,
144941,INF109KC1KN2,-,ICICI Prudential Fixed Maturity Plan - Series 84 - 1103 Days Plan C,Close Ended Schemes(Income),ICICI Prudential Mutual Fund,Regular,Other,,
144944,INF109KC1KQ5,-,ICICI Prudential Fixed Maturity Plan - Series 84 - 1103 Days Plan C,Close Ended Schemes(Income),ICICI Prudential Mutual Fund,Regular,Other,,
144945,INF109KC1KS1,-,ICICI Prudential Fixed Maturity Plan - Series 84 - 1103 Days Plan C,Close Ended Schemes(Income),ICICI Prudential Mutual Fund,Regular,Other,,
144946,INF109KC1KO0,-,ICICI Prudential Fixed Maturity Plan - Series 84 - 1103 Days Plan C,Close Ended Schemes(Income),ICICI Prudential Mutual Fund,Regular,Other,,
144942,INF109KC1KP7,-,ICICI Prudential Fixed Maturity Plan - Series 84 - 1103 Days Plan C,Close Ended Schemes(Income),ICICI Prudential Mutual Fund,Regular,Other,,
146112,INF109KC1SC8,-,ICICI Prudential Fixed Maturity Plan - Series 84 - 1188 Days Plan Z,Close Ended Schemes(Income),ICICI Prudential Mutual Fund,Regular,Other,,
146113,INF109KC1SH7,-,ICICI Prudential Fixed Maturity Plan - Series 84 - 1188 Days Plan Z,Close Ended Schemes(Income),ICICI Prudential Mutual Fund,Regular,Other,,
146110,INF109KC1SE4,-,ICICI Prudential Fixed Maturity Plan - Series 84 - 1188 Days Plan Z,Close Ended Schemes(Income),ICICI Prudential Mutual Fund,Regular,Other,,
146111,INF109KC1SD6,-,ICICI Prudential Fixed Maturity Plan - Series 84 - 1188 Days Plan Z,Close Ended Schemes(Income),ICICI Prudential Mutual Fund,Regular,Other,,
146017,INF109KC1RW8,-,ICICI Prudential Fixed Maturity Plan - Series 84 - 1204 Days Plan Y,Close Ended Schemes(Income),ICICI Prudential Mutual Fund,Regular,Other,,
146018,INF109KC1SB0,-,ICICI Prudential Fixed Maturity Plan - Series 84 - 1204 Days Plan Y,Close Ended Schemes(Income),ICICI Prudential Mutual Fund,Regular,Other,,
146022,INF109KC1RY4,-,ICICI Prudential Fixed Maturity Plan - Series 84 - 1204 Days Plan Y,Close Ended Schemes(Income),ICICI Prudential Mutual Fund,Regular,Other,,
146019,INF109KC1RX6,-,ICICI Prudential Fixed Maturity Plan - Series 84 - 1204 Days Plan Y,Close Ended Schemes(Income),ICICI Prudential Mutual Fund,Regular,Other,,
145756,INF109KC1PY8,-,ICICI Prudential Fixed Maturity Plan - Series 84 - 1224 Days Plan S,Close Ended Schemes(Income),ICICI Prudential Mutual Fund,Regular,Other,,
145751,INF109KC1QB4,-,ICICI Prudential Fixed Maturity Plan - Series 84 - 1224 Days Plan S,Close Ended Schemes(Income),ICICI Prudential Mutual Fund,Regular,Other,,
145754,INF109KC1QA6,-,ICICI Prudential Fixed Maturity Plan - Series 84 - 1224 Days Plan S,Close Ended Schemes(Income),ICICI Prudential Mutual Fund,Regular,Other,,
145752,INF109KC1PZ5,-,ICICI Prudential Fixed Maturity Plan - Series 84 - 1224 Days Plan S,Close Ended Schemes(Income),ICICI Prudential Mutual Fund,Regular,Other,,
145707,INF109KC1QE8,-,ICICI Prudential Fixed Maturity Plan - Series 84 - 1235 Days Plan R,Close Ended Schemes(Income),ICICI Prudential Mutual Fund,Regular,Other,,
145709,INF109KC1QH1,-,ICICI Prudential Fixed Maturity Plan - Series 84 - 1235 Days Plan R,Close Ended Schemes(Income),ICICI Prudential Mutual Fund,Regular,Other,,
145712,INF109KC1QJ7,-,ICICI Prudential Fixed Maturity Plan - Series 84 - 1235 Days Plan R,Close Ended Schemes(Income),ICICI Prudential Mutual Fund,Regular,Other,,
145711,INF109KC1QI9,-,ICICI Prudential Fixed Maturity Plan - Series 84 - 1235 Days Plan R,Close Ended Schemes(Income),ICICI Prudential Mutual Fund,Regular,Other,,
145708,INF109KC1QG3,-,ICICI Prudential Fixed Maturity Plan - Series 84 - 1235 Days Plan R,Close Ended Schemes(Income),ICICI Prudential Mutual Fund,Regular,Other,,
145710,INF109KC1QF5,-,ICICI Prudential Fixed Maturity Plan - Series 84 - 1235 Days Plan R,Close Ended Schemes(Income),ICICI Prudential Mutual Fund,Regular,Other,,
145520,INF109KC1NU1,-,ICICI Prudential Fixed Maturity Plan - Series 84 - 1245 Days Plan N,Close Ended Schemes(Income),ICICI Prudential Mutual Fund,Regular,Other,,
145515,INF109KC1NX5,-,ICICI Prudential Fixed Maturity Plan - Series 84 - 1245 Days Plan N,Close Ended Schemes(Income),ICICI Prudential Mutual Fund,Regular,Other,,
145517,INF109KC1NY3,-,ICICI Prudential Fixed Maturity Plan - Series 84 - 1245 Days Plan N,Close Ended Schemes(Income),ICICI Prudential Mutual Fund,Regular,Other,,
145516,INF109KC1NV9,-,ICICI Prudential Fixed Maturity Plan - Series 84 - 1245 Days Plan N,Close Ended Schemes(Income),ICICI Prudential Mutual Fund,Regular,Other,,
145436,INF109KC1NI6,-,ICICI Prudential Fixed Maturity Plan - Series 84 - 1247 Days Plan M,Close Ended Schemes(Income),ICICI Prudential Mutual Fund,Regular,Other,,
145431,INF109KC1NL0,-,ICICI Prudential Fixed Maturity Plan - Series 84 - 1247 Days Plan M,Close Ended Schemes(Income),ICICI Prudential Mutual Fund,Regular,Other,,
145434,INF109KC1NK2,-,ICICI Prudential Fixed Maturity Plan - Series 84 - 1247 Days Plan M,Close Ended Schemes(Income),ICICI Prudential Mutual Fund,Regular,Other,,
145432,INF109KC1NJ4,-,ICICI Prudential Fixed Maturity Plan - Series 84 - 1247 Days Plan M,Close Ended Schemes(Income),ICICI Prudential Mutual Fund,Regular,Other,,
145996,INF109KC1RK3,-,ICICI Prudential Fixed Maturity Plan - Series 84 - 1247 Days Plan W,Close Ended Schemes(Income),ICICI Prudential Mutual Fund,Regular,Other,,
145997,INF109KC1RP2,-,ICICI Prudential Fixed Maturity Plan - Series 84 - 1247 Days Plan W,Close Ended Schemes(Income),ICICI Prudential Mutual Fund,Regular,Other,,
145999,INF109KC1RO5,-,ICICI Prudential Fixed Maturity Plan - Series 84 - 1247 Days Plan W,Close Ended Schemes(Income),ICICI Prudential Mutual Fund,Regular,Other,,
145998,INF109KC1RN7,-,ICICI Prudential Fixed Maturity Plan - Series 84 - 1247 Days Plan W,Close Ended Schemes(Income),ICICI Prudential Mutual Fund,Regular,Other,,
146000,INF109KC1RM9,-,ICICI Prudential Fixed Maturity Plan - Series 84 - 1247 Days Plan W,Close Ended Schemes(Income),ICICI Prudential Mutual Fund,Regular,Other,,
145995,INF109KC1RL1,-,ICICI Prudential Fixed Maturity Plan - Series 84 - 1247 Days Plan W,Close Ended Schemes(Income),ICICI Prudential Mutual Fund,Regular,Other,,
145904,INF109KC1QU4,-,ICICI Prudential Fixed Maturity Plan - Series 84 - 1254 Days Plan U,Close Ended Schemes(Income),ICICI Prudential Mutual Fund,Regular,Other,,
145905,INF109KC1QZ3,-,ICICI Prudential Fixed Maturity Plan - Series 84 - 1254 Days Plan U,Close Ended Schemes(Income),ICICI Prudential Mutual Fund,Regular,Other,,
145909,INF109KC1QY6,-,ICICI Prudential Fixed Maturity Plan - Series 84 - 1254 Days Plan U,Close Ended Schemes(Income),ICICI Prudential Mutual Fund,Regular,Other,,
145907,INF109KC1QW0,-,ICICI Prudential Fixed Maturity Plan - Series 84 - 1254 Days Plan U,Close Ended Schemes(Income),ICICI Prudential Mutual Fund,Regular,Other,,
145906,INF109KC1QV2,-,ICICI Prudential Fixed Maturity Plan - Series 84 - 1254 Days Plan U,Close Ended Schemes(Income),ICICI Prudential Mutual Fund,Regular,Other,,
145705,INF109KC1PS0,-,ICICI Prudential Fixed Maturity Plan - Series 84 - 1272 Days Plan Q,Close Ended Schemes(Income),ICICI Prudential Mutual Fund,Regular,Other,,
145701,INF109KC1PV4,-,ICICI Prudential Fixed Maturity Plan - Series 84 - 1272 Days Plan Q,Close Ended Schemes(Income),ICICI Prudential Mutual Fund,Regular,Other,,
145706,INF109KC1PU6,-,ICICI Prudential Fixed Maturity Plan - Series 84 - 1272 Days Plan Q,Close Ended Schemes(Income),ICICI Prudential Mutual Fund,Regular,Other,,
145702,INF109KC1PT8,-,ICICI Prudential Fixed Maturity Plan - Series 84 - 1272 Days Plan Q,Close Ended Schemes(Income),ICICI Prudential Mutual Fund,Regular,Other,,
145312,INF109KC1MO6,-,ICICI Prudential Fixed Maturity Plan - Series 84 - 1275 Days Plan K,Close Ended Schemes(Income),ICICI Prudential Mutual Fund,Regular,Other,,
145307,INF109KC1MR9,-,ICICI Prudential Fixed Maturity Plan - Series 84 - 1275 Days Plan K,Close Ended Schemes(Income),ICICI Prudential Mutual Fund,Regular,Other,,
145310,INF109KC1MT5,-,ICICI Prudential Fixed Maturity Plan - Series 84 - 1275 Days Plan K,Close Ended Schemes(Income),ICICI Prudential Mutual Fund,Regular,Other,,
145309,INF109KC1MQ1,-,ICICI Prudential Fixed Maturity Plan - Series 84 - 1275 Days Plan K,Close Ended Schemes(Income),ICICI Prudential Mutual Fund,Regular,Other,,
145308,INF109KC1MP3,-,ICICI Prudential Fixed Maturity Plan - Series 84 - 1275 Days Plan K,Close Ended Schemes(Income),ICICI Prudential Mutual Fund,Regular,Other,,
145627,INF109KC1PM3,-,ICICI Prudential Fixed Maturity Plan - Series 84 - 1279 Days Plan P,Close Ended Schemes(Income),ICICI Prudential Mutual Fund,Regular,Other,,
145628,INF109KC1PP6,-,ICICI Prudential Fixed Maturity Plan - Series 84 - 1279 Days Plan P,Close Ended Schemes(Income),ICICI Prudential Mutual Fund,Regular,Other,,
145630,INF109KC1PO9,-,ICICI Prudential Fixed Maturity Plan - Series 84 - 1279 Days Plan P,Close Ended Schemes(Income),ICICI Prudential Mutual Fund,Regular,Other,,
145632,INF109KC1PN1,-,ICICI Prudential Fixed Maturity Plan - Series 84 - 1279 Days Plan P,Close Ended Schemes(Income),ICICI Prudential Mutual Fund,Regular,Other,,
145119,INF109KC1LM2,-,ICICI Prudential Fixed Maturity Plan - Series 84 - 1286 Days Plan F,Close Ended Schemes(Income),ICICI Prudential Mutual Fund,Regular,Other,,
145122,INF109KC1LP5,-,ICICI Prudential Fixed Maturity Plan - Series 84 - 1286 Days Plan F,Close Ended Schemes(Income),ICICI Prudential Mutual Fund,Regular,Other,,
145124,INF109KC1LQ3,-,ICICI Prudential Fixed Maturity Plan - Series 84 - 1286 Days Plan F,Close Ended Schemes(Income),ICICI Prudential Mutual Fund,Regular,Other,,
145123,INF109KC1LN0,-,ICICI Prudential Fixed Maturity Plan - Series 84 - 1286 Days Plan F,Close Ended Schemes(Income),ICICI Prudential Mutual Fund,Regular,Other,,
145184,INF109KC1MI8,-,ICICI Prudential Fixed Maturity Plan - Series 84 - 1287 Days Plan I,Close Ended Schemes(Income),ICICI Prudential Mutual Fund,Regular,Other,,
145185,INF109KC1ML2,-,ICICI Prudential Fixed Maturity Plan - Series 84 - 1287 Days Plan I,Close Ended Schemes(Income),ICICI Prudential Mutual Fund,Regular,Other,,
145183,INF109KC1MK4,-,ICICI Prudential Fixed Maturity Plan - Series 84 - 1287 Days Plan I,Close Ended Schemes(Income),ICICI Prudential Mutual Fund,Regular,Other,,
145186,INF109KC1MJ6,-,ICICI Prudential Fixed Maturity Plan - Series 84 - 1287 Days Plan I,Close Ended Schemes(Income),ICICI Prudential Mutual Fund,Regular,Other,,
145024,INF109KC1LA7,-,ICICI Prudential Fixed Maturity Plan - Series 84 - 1288 Days Plan E,Close Ended Schemes(Income),ICICI Prudential Mutual Fund,Regular,Other,,
145028,INF109KC1LD1,-,ICICI Prudential Fixed Maturity Plan - Series 84 - 1288 Days Plan E,Close Ended Schemes(Income),ICICI Prudential Mutual Fund,Regular,Other,,
145026,INF109KC1LC3,-,ICICI Prudential Fixed Maturity Plan - Series 84 - 1288 Days Plan E,Close Ended Schemes(Income),ICICI Prudential Mutual Fund,Regular,Other,,
145025,INF109KC1LB5,-,ICICI Prudential Fixed Maturity Plan - Series 84 - 1288 Days Plan E,Close Ended Schemes(Income),ICICI Prudential Mutual Fund,Regular,Other,,
145623,INF109KC1PG5,-,ICICI Prudential Fixed Maturity Plan - Series 84 - 1288 Days Plan O,Close Ended Schemes(Income),ICICI Prudential Mutual Fund,Regular,Other,,
145625,INF109KC1PJ9,-,ICICI Prudential Fixed Maturity Plan - Series 84 - 1288 Days Plan O,Close Ended Schemes(Income),ICICI Prudential Mutual Fund,Regular,Other,,
145626,INF109KC1PK7,-,ICICI Prudential Fixed Maturity Plan - Series 84 - 1288 Days Plan O,Close Ended Schemes(Income),ICICI Prudential Mutual Fund,Regular,Other,,
145023,INF109KC1KU7,-,ICICI Prudential Fixed Maturity Plan - Series 84 - 1293 Days Plan D,Close Ended Schemes(Income),ICICI Prudential Mutual Fund,Regular,Other,,
145018,INF109KC1KX1,-,ICICI Prudential Fixed Maturity Plan - Series 84 - 1293 Days Plan D,Close Ended Schemes(Income),ICICI Prudential Mutual Fund,Regular,Other,,
145021,INF109KC1KW3,-,ICICI Prudential Fixed Maturity Plan - Series 84 - 1293 Days Plan D,Close Ended Schemes(Income),ICICI Prudential Mutual Fund,Regular,Other,,
145019,INF109KC1KV5,-,ICICI Prudential Fixed Maturity Plan - Series 84 - 1293 Days Plan D,Close Ended Schemes(Income),ICICI Prudential Mutual Fund,Regular,Other,,
145132,INF109KC1LS9,-,ICICI Prudential Fixed Maturity Plan - Series 84 - 168 Days Plan G,Close Ended Schemes(Income),ICICI Prudential Mutual Fund,Regular,Other,,
145129,INF109KC1LU5,-,ICICI Prudential Fixed Maturity Plan - Series 84 - 168 Days Plan G,Close Ended Schemes(Income),ICICI Prudential Mutual Fund,Regular,Other,,
145131,INF109KC1LT7,-,ICICI Prudential Fixed Maturity Plan - Series 84 - 168 Days Plan G,Close Ended Schemes(Income),ICICI Prudential Mutual Fund,Regular,Other,,
146797,INF109KC1VQ2,-,ICICI Prudential Fixed Maturity Plan - Series 85 - 10 Years Plan I,Close Ended Schemes(Income),ICICI Prudential Mutual Fund,Regular,Other,,
146795,INF109KC1VT6,-,ICICI Prudential Fixed Maturity Plan - Series 85 - 10 Years Plan I,Close Ended Schemes(Income),ICICI Prudential Mutual Fund,Regular,Other,,
146800,INF109KC1VR0,-,ICICI Prudential Fixed Maturity Plan - Series 85 - 10 Years Plan I,Close Ended Schemes(Income),ICICI Prudential Mutual Fund,Regular,Other,,
146911,INF109KC1WY4,-,ICICI Prudential Fixed Maturity Plan - Series 85 - 1127 Days Plan O,Close Ended Schemes(Income),ICICI Prudential Mutual Fund,Regular,Other,,
146912,INF109KC1XB0,-,ICICI Prudential Fixed Maturity Plan - Series 85 - 1127 Days Plan O,Close Ended Schemes(Income),ICICI Prudential Mutual Fund,Regular,Other,,
146915,INF109KC1XA2,-,ICICI Prudential Fixed Maturity Plan - Series 85 - 1127 Days Plan O,Close Ended Schemes(Income),ICICI Prudential Mutual Fund,Regular,Other,,
146935,INF109KC1XO3,-,ICICI Prudential Fixed Maturity Plan - Series 85 - 1127 Days Plan Q,Close Ended Schemes(Income),ICICI Prudential Mutual Fund,Regular,Other,,
146931,INF109KC1XR6,-,ICICI Prudential Fixed Maturity Plan - Series 85 - 1127 Days Plan Q,Close Ended Schemes(Income),ICICI Prudential Mutual Fund,Regular,Other,,
146932,INF109KC1XQ8,-,ICICI Prudential Fixed Maturity Plan - Series 85 - 1127 Days Plan Q,Close Ended Schemes(Income),ICICI Prudential Mutual Fund,Regular,Other,,
146933,INF109KC1XP0,-,ICICI Prudential Fixed Maturity Plan - Series 85 - 1127 Days Plan Q,Close Ended Schemes(Income),ICICI Prudential Mutual Fund,Regular,Other,,
146926,INF109KC1XI5,-,ICICI Prudential Fixed Maturity Plan - Series 85 - 1129 Days Plan P,Close Ended Schemes(Income),ICICI Prudential Mutual Fund,Regular,Other,,
146924,INF109KC1XL9,-,ICICI Prudential Fixed Maturity Plan - Series 85 - 1129 Days Plan P,Close Ended Schemes(Income),ICICI Prudential Mutual Fund,Regular,Other,,
146925,INF109KC1XJ3,-,ICICI Prudential Fixed Maturity Plan - Series 85 - 1129 Days Plan P,Close Ended Schemes(Income),ICICI Prudential Mutual Fund,Regular,Other,,
146981,INF109KC1XU0,-,ICICI Prudential Fixed Maturity Plan - Series 85 - 1140 Days Plan R,Close Ended Schemes(Income),ICICI Prudential Mutual Fund,Regular,Other,,
146982,INF109KC1XX4,-,ICICI Prudential Fixed Maturity Plan - Series 85 - 1140 Days Plan R,Close Ended Schemes(Income),ICICI Prudential Mutual Fund,Regular,Other,,
146983,INF109KC1XV8,-,ICICI Prudential Fixed Maturity Plan - Series 85 - 1140 Days Plan R,Close Ended Schemes(Income),ICICI Prudential Mutual Fund,Regular,Other,,
146810,INF109KC1VK5,-,ICICI Prudential Fixed Maturity Plan - Series 85 - 1143 Days Plan J,Close Ended Schemes(Income),ICICI Prudential Mutual Fund,Regular,Other,,
146811,INF109KC1VN9,-,ICICI Prudential Fixed Maturity Plan - Series 85 - 1143 Days Plan J,Close Ended Schemes(Income),ICICI Prudential Mutual Fund,Regular,Other,,
146809,INF109KC1VO7,-,ICICI Prudential Fixed Maturity Plan - Series 85 - 1143 Days Plan J,Close Ended Schemes(Income),ICICI Prudential Mutual Fund,Regular,Other,,
146807,INF109KC1VM1,-,ICICI Prudential Fixed Maturity Plan - Series 85 - 1143 Days Plan J,Close Ended Schemes(Income),ICICI Prudential Mutual Fund,Regular,Other,,
146531,INF109KC1UK7,-,ICICI Prudential Fixed Maturity Plan - Series 85 - 1156 Days Plan F,Close Ended Schemes(Income),ICICI Prudential Mutual Fund,Regular,Other,,
146532,INF109KC1UN1,-,ICICI Prudential Fixed Maturity Plan - Series 85 - 1156 Days Plan F,Close Ended Schemes(Income),ICICI Prudential Mutual Fund,Regular,Other,,
146530,INF109KC1UP6,-,ICICI Prudential Fixed Maturity Plan - Series 85 - 1156 Days Plan F,Close Ended Schemes(Income),ICICI Prudential Mutual Fund,Regular,Other,,
146535,INF109KC1UM3,-,ICICI Prudential Fixed Maturity Plan - Series 85 - 1156 Days Plan F,Close Ended Schemes(Income),ICICI Prudential Mutual Fund,Regular,Other,,
146533,INF109KC1UL5,-,ICICI Prudential Fixed Maturity Plan - Series 85 - 1156 Days Plan F,Close Ended Schemes(Income),ICICI Prudential Mutual Fund,Regular,Other,,
146662,INF109KC1UQ4,-,ICICI Prudential Fixed Maturity Plan - Series 85 - 1156 Days Plan G,Close Ended Schemes(Income),ICICI Prudential Mutual Fund,Regular,Other,,
146663,INF109KC1UT8,-,ICICI Prudential Fixed Maturity Plan - Series 85 - 1156 Days Plan G,Close Ended Schemes(Income),ICICI Prudential Mutual Fund,Regular,Other,,
146664,INF109KC1US0,-,ICICI Prudential Fixed Maturity Plan - Series 85 - 1156 Days Plan G,Close Ended Schemes(Income),ICICI Prudential Mutual Fund,Regular,Other,,
146659,INF109KC1UR2,-,ICICI Prudential Fixed Maturity Plan - Series 85 - 1156 Days Plan G,Close Ended Schemes(Income),ICICI Prudential Mutual Fund,Regular,Other,,
146448,INF109KC1TK9,-,ICICI Prudential Fixed Maturity Plan - Series 85 - 1168 Days Plan E,Close Ended Schemes(Income),ICICI Prudential Mutual Fund,Regular,Other,,
146450,INF109KC1TN3,-,ICICI Prudential Fixed Maturity Plan - Series 85 - 1168 Days Plan E,Close Ended Schemes(Income),ICICI Prudential Mutual Fund,Regular,Other,,
146446,INF109KC1TO1,-,ICICI Prudential Fixed Maturity Plan - Series 85 - 1168 Days Plan E,Close Ended Schemes(Income),ICICI Prudential Mutual Fund,Regular,Other,,
146445,INF109KC1TL7,-,ICICI Prudential Fixed Maturity Plan - Series 85 - 1168 Days Plan E,Close Ended Schemes(Income),ICICI Prudential Mutual Fund,Regular,Other,,
146306,INF109KC1TA0,-,ICICI Prudential Fixed Maturity Plan - Series 85 - 1175 Days Plan D,Close Ended Schemes(Income),ICICI Prudential Mutual Fund,Regular,Other,,
146309,INF109KC1TD4,-,ICICI Prudential Fixed Maturity Plan - Series 85 - 1175 Days Plan D,Close Ended Schemes(Income),ICICI Prudential Mutual Fund,Regular,Other,,
146308,INF109KC1TE2,-,ICICI Prudential Fixed Maturity Plan - Series 85 - 1175 Days Plan D,Close Ended Schemes(Income),ICICI Prudential Mutual Fund,Regular,Other,,
146310,INF109KC1TC6,-,ICICI Prudential Fixed Maturity Plan - Series 85 - 1175 Days Plan D,Close Ended Schemes(Income),ICICI Prudential Mutual Fund,Regular,Other,,
146307,INF109KC1TB8,-,ICICI Prudential Fixed Maturity Plan - Series 85 - 1175 Days Plan D,Close Ended Schemes(Income),ICICI Prudential Mutual Fund,Regular,Other,,
146255,INF109KC1SO3,-,ICICI Prudential Fixed Maturity Plan - Series 85 - 1178 Days Plan B,Close Ended Schemes(Income),ICICI Prudential Mutual Fund,Regular,Other,,
146256,INF109KC1SR6,-,ICICI Prudential Fixed Maturity Plan - Series 85 - 1178 Days Plan B,Close Ended Schemes(Income),ICICI Prudential Mutual Fund,Regular,Other,,
146258,INF109KC1ST2,-,ICICI Prudential Fixed Maturity Plan - Series 85 - 1178 Days Plan B,Close Ended Schemes(Income),ICICI Prudential Mutual Fund,Regular,Other,,
146259,INF109KC1SS4,-,ICICI Prudential Fixed Maturity Plan - Series 85 - 1178 Days Plan B,Close Ended Schemes(Income),ICICI Prudential Mutual Fund,Regular,Other,,
146260,INF109KC1SQ8,-,ICICI Prudential Fixed Maturity Plan - Series 85 - 1178 Days Plan B,Close Ended Schemes(Income),ICICI Prudential Mutual Fund,Regular,Other,,
146257,INF109KC1SP0,-,ICICI Prudential Fixed Maturity Plan - Series 85 - 1178 Days Plan B,Close Ended Schemes(Income),ICICI Prudential Mutual Fund,Regular,Other,,
146340,INF109KC1SU0,-,ICICI Prudential Fixed Maturity Plan - Series 85 - 1185 Days Plan C,Close Ended Schemes(Income),ICICI Prudential Mutual Fund,Regular,Other,,
146344,INF109KC1SX4,-,ICICI Prudential Fixed Maturity Plan - Series 85 - 1185 Days Plan C,Close Ended Schemes(Income),ICICI Prudential Mutual Fund,Regular,Other,,
146343,INF109KC1SZ9,-,ICICI Prudential Fixed Maturity Plan - Series 85 - 1185 Days Plan C,Close Ended Schemes(Income),ICICI Prudential Mutual Fund,Regular,Other,,
146342,INF109KC1SW6,-,ICICI Prudential Fixed Maturity Plan - Series 85 - 1185 Days Plan C,Close Ended Schemes(Income),ICICI Prudential Mutual Fund,Regular,Other,,
146345,INF109KC1SV8,-,ICICI Prudential Fixed Maturity Plan - Series 85 - 1185 Days Plan C,Close Ended Schemes(Income),ICICI Prudential Mutual Fund,Regular,Other,,
146115,INF109KC1SI5,-,ICICI Prudential Fixed Maturity Plan - Series 85 - 1197 Days Plan A,Close Ended Schemes(Income),ICICI Prudential Mutual Fund,Regular,Other,,
146117,INF109KC1SL9,-,ICICI Prudential Fixed Maturity Plan - Series 85 - 1197 Days Plan A,Close Ended Schemes(Income),ICICI Prudential Mutual Fund,Regular,Other,,
146116,INF109KC1SM7,-,ICICI Prudential Fixed Maturity Plan - Series 85 - 1197 Days Plan A,Close Ended Schemes(Income),ICICI Prudential Mutual Fund,Regular,Other,,
146118,INF109KC1SK1,-,ICICI Prudential Fixed Maturity Plan - Series 85 - 1197 Days Plan A,Close Ended Schemes(Income),ICICI Prudential Mutual Fund,Regular,Other,,
146119,INF109KC1SJ3,-,ICICI Prudential Fixed Maturity Plan - Series 85 - 1197 Days Plan A,Close Ended Schemes(Income),ICICI Prudential Mutual Fund,Regular,Other,,
147137,INF109KC1A21,-,ICICI Prudential Fixed Maturity Plan - Series 86 - 1099 Days Plan A,Close Ended Schemes(Income),ICICI Prudential Mutual Fund,Regular,Other,,
147138,INF109KC1A54,-,ICICI Prudential Fixed Maturity Plan - Series 86 - 1099 Days Plan A,Close Ended Schemes(Income),ICICI Prudential Mutual Fund,Regular,Other,,
147141,INF109KC1A70,-,ICICI Prudential Fixed Maturity Plan - Series 86 - 1099 Days Plan A,Close Ended Schemes(Income),ICICI Prudential Mutual Fund,Regular,Other,,
147142,INF109KC1A47,-,ICICI Prudential Fixed Maturity Plan - Series 86 - 1099 Days Plan A,Close Ended Schemes(Income),ICICI Prudential Mutual Fund,Regular,Other,,
147139,INF109KC1A39,-,ICICI Prudential Fixed Maturity Plan - Series 86 - 1099 Days Plan A,Close Ended Schemes(Income),ICICI Prudential Mutual Fund,Regular,Other,,
148185,INF109KC1K52,-,ICICI Prudential Fixed Maturity Plan - Series 87 - 1141 Days Plan G,Close Ended Schemes(Income),ICICI Prudential Mutual Fund,Regular,Other,,
148186,INF109KC1K86,-,ICICI Prudential Fixed Maturity Plan - Series 87 - 1141 Days Plan G,Close Ended Schemes(Income),ICICI Prudential Mutual Fund,Regular,Other,,
148187,INF109KC1K78,-,ICICI Prudential Fixed Maturity Plan - Series 87 - 1141 Days Plan G,Close Ended Schemes(Income),ICICI Prudential Mutual Fund,Regular,Other,,
148182,INF109KC1K60,-,ICICI Prudential Fixed Maturity Plan - Series 87 - 1141 Days Plan G,Close Ended Schemes(Income),ICICI Prudential Mutual Fund,Regular,Other,,
147899,INF109KC1G90,-,ICICI Prudential Fixed Maturity Plan - Series 87 - 1174 Days Plan B,Close Ended Schemes(Income),ICICI Prudential Mutual Fund,Regular,Other,,
147900,INF109KC1H24,-,ICICI Prudential Fixed Maturity Plan - Series 87 - 1174 Days Plan B,Close Ended Schemes(Income),ICICI Prudential Mutual Fund,Regular,Other,,
147902,INF109KC1H40,-,ICICI Prudential Fixed Maturity Plan - Series 87 - 1174 Days Plan B,Close Ended Schemes(Income),ICICI Prudential Mutual Fund,Regular,Other,,
147904,INF109KC1H32,-,ICICI Prudential Fixed Maturity Plan - Series 87 - 1174 Days Plan B,Close Ended Schemes(Income),ICICI Prudential Mutual Fund,Regular,Other,,
147901,INF109KC1H16,-,ICICI Prudential Fixed Maturity Plan - Series 87 - 1174 Days Plan B,Close Ended Schemes(Income),ICICI Prudential Mutual Fund,Regular,Other,,
147903,INF109KC1H08,-,ICICI Prudential Fixed Maturity Plan - Series 87 - 1174 Days Plan B,Close Ended Schemes(Income),ICICI Prudential Mutual Fund,Regular,Other,,
147858,INF109KC1G25,-,ICICI Prudential Fixed Maturity Plan - Series 87 - 1214 Days Plan A,Close Ended Schemes(Income),ICICI Prudential Mutual Fund,Regular,Other,,
147859,INF109KC1G58,-,ICICI Prudential Fixed Maturity Plan - Series 87 - 1214 Days Plan A,Close Ended Schemes(Income),ICICI Prudential Mutual Fund,Regular,Other,,
147862,INF109KC1G74,-,ICICI Prudential Fixed Maturity Plan - Series 87 - 1214 Days Plan A,Close Ended Schemes(Income),ICICI Prudential Mutual Fund,Regular,Other,,
147860,INF109KC1G66,-,ICICI Prudential Fixed Maturity Plan - Series 87 - 1214 Days Plan A,Close Ended Schemes(Income),ICICI Prudential Mutual Fund,Regular,Other,,
147861,INF109KC1G41,-,ICICI Prudential Fixed Maturity Plan - Series 87 - 1214 Days Plan A,Close Ended Schemes(Income),ICICI Prudential Mutual Fund,Regular,Other,,
147863,INF109KC1G33,-,ICICI Prudential Fixed Maturity Plan - Series 87 - 1214 Days Plan A,Close Ended Schemes(Income),ICICI Prudential Mutual Fund,Regular,Other,,
150950,INF109KC17M6,-,ICICI Prudential Fixed Maturity Plan - Series 88 - 1226 Days Plan F,Close Ended Schemes(Income),ICICI Prudential Mutual Fund,Regular,Other,,
150953,INF109KC19M2,-,ICICI Prudential Fixed Maturity Plan - Series 88 - 1226 Days Plan F,Close Ended Schemes(Income),ICICI Prudential Mutual Fund,Regular,Other,,
150952,INF109KC18M4,-,ICICI Prudential Fixed Maturity Plan - Series 88 - 1226 Days Plan F,Close Ended Schemes(Income),ICICI Prudential Mutual Fund,Regular,Other,,
150949,INF109KC14M3,-,ICICI Prudential Fixed Maturity Plan - Series 88 - 1226 Days Plan F,Close Ended Schemes(Income),ICICI Prudential Mutual Fund,Regular,Other,,
150954,INF109KC16M8,-,ICICI Prudential Fixed Maturity Plan - Series 88 - 1226 Days Plan F,Close Ended Schemes(Income),ICICI Prudential Mutual Fund,Regular,Other,,
150951,INF109KC15M0,-,ICICI Prudential Fixed Maturity Plan - Series 88 - 1226 Days Plan F,Close Ended Schemes(Income),ICICI Prudential Mutual Fund,Regular,Other,,
151493,INF109KC14R2,-,ICICI Prudential Fixed Maturity Plan - Series 88 - 1303 Days Plan S,Close Ended Schemes(Income),ICICI Prudential Mutual Fund,Regular,Other,,
151492,INF109KC15R9,-,ICICI Prudential Fixed Maturity Plan - Series 88 - 1303 Days Plan S,Close Ended Schemes(Income),ICICI Prudential Mutual Fund,Regular,Other,,
151491,INF109KC12R6,-,ICICI Prudential Fixed Maturity Plan - Series 88 - 1303 Days Plan S,Close Ended Schemes(Income),ICICI Prudential Mutual Fund,Regular,Other,,
151494,INF109KC13R4,-,ICICI Prudential Fixed Maturity Plan - Series 88 - 1303 Days Plan S,Close Ended Schemes(Income),ICICI Prudential Mutual Fund,Regular,Other,,
150449,INF109KC17D5,-,ICICI Prudential Fixed Maturity Plan - Series 88 - 226 Days Plan E,Close Ended Schemes(Income),ICICI Prudential Mutual Fund,Regular,Other,,
150525,INF109KC19D1,-,ICICI Prudential Fixed Maturity Plan - Series 88 - 226 Days Plan E,Close Ended Schemes(Income),ICICI Prudential Mutual Fund,Regular,Other,,
150448,INF109KC18D3,-,ICICI Prudential Fixed Maturity Plan - Series 88 - 226 Days Plan E,Close Ended Schemes(Income),ICICI Prudential Mutual Fund,Regular,Other,,
150450,INF109KC14D2,-,ICICI Prudential Fixed Maturity Plan - Series 88 - 226 Days Plan E,Close Ended Schemes(Income),ICICI Prudential Mutual Fund,Regular,Other,,
150447,INF109KC15D9,-,ICICI Prudential Fixed Maturity Plan - Series 88 - 226 Days Plan E,Close Ended Schemes(Income),ICICI Prudential Mutual Fund,Regular,Other,,
150955,INF109KC12N5,-,ICICI Prudential Fixed Maturity Plan - Series 88 - 91 Days Plan G,Close Ended Schemes(Income),ICICI Prudential Mutual Fund,Regular,Other,,
150956,INF109KC13N3,-,ICICI Prudential Fixed Maturity Plan - Series 88 - 91 Days Plan G,Close Ended Schemes(Income),ICICI Prudential Mutual Fund,Regular,Other,,
150957,INF109KC11N7,-,ICICI Prudential Fixed Maturity Plan - Series 88 - 91 Days Plan G,Close Ended Schemes(Income),ICICI Prudential Mutual Fund,Regular,Other,,
150958,INF109KC10N9,-,ICICI Prudential Fixed Maturity Plan - Series 88 - 91 Days Plan G,Close Ended Schemes(Income),ICICI Prudential Mutual Fund,Regular,Other,,
151638,INF109KC13S2,-,ICICI Prudential Fixed Maturity Plan - Series 88 - Plan U,Close Ended Schemes(Income),ICICI Prudential Mutual Fund,Regular,Other,,
151635,INF109KC14S0,-,ICICI Prudential Fixed Maturity Plan - Series 88 - Plan U,Close Ended Schemes(Income),ICICI Prudential Mutual Fund,Regular,Other,,
151637,INF109KC11S6,-,ICICI Prudential Fixed Maturity Plan - Series 88 - Plan U,Close Ended Schemes(Income),ICICI Prudential Mutual Fund,Regular,Other,,
151636,INF109KC12S4,-,ICICI Prudential Fixed Maturity Plan - Series 88 - Plan U,Close Ended Schemes(Income),ICICI Prudential Mutual Fund,Regular,Other,,
130085,INF109KB1GL5,-,ICICI Prudential Fixed Maturity Plan -Series 74 -369 Days Plan T,Close Ended Schemes(Income),ICICI Prudential Mutual Fund,Regular,Other,,
130088,INF109KB1GN1,-,ICICI Prudential Fixed Maturity Plan -Series 74 -369 Days Plan T,Close Ended Schemes(Income),ICICI Prudential Mutual Fund,Regular,Other,,
130087,INF109KB1GO9,-,ICICI Prudential Fixed Maturity Plan -Series 74 -369 Days Plan T,Close Ended Schemes(Income),ICICI Prudential Mutual Fund,Regular,Other,,
130086,INF109KB1GM3,-,ICICI Prudential Fixed Maturity Plan -Series 74 -369 Days Plan T,Close Ended Schemes(Income),ICICI Prudential Mutual Fund,Regular,Other,,
130178,INF109KB1IH9,-,ICICI Prudential Fixed Maturity Plan -Series 74 -370 Days Plan V,Close Ended Schemes(Income),ICICI Prudential Mutual Fund,Regular,Other,,
130179,INF109KB1II7,-,ICICI Prudential Fixed Maturity Plan -Series 74 -370 Days Plan V,Close Ended Schemes(Income),ICICI Prudential Mutual Fund,Regular,Other,,
130177,INF109KB1IJ5,-,ICICI Prudential Fixed Maturity Plan -Series 74 -370 Days Plan V,Close Ended Schemes(Income),ICICI Prudential Mutual Fund,Regular,Other,,
130180,INF109KB1IK3,-,ICICI Prudential Fixed Maturity Plan -Series 74 -370 Days Plan V,Close Ended Schemes(Income),ICICI Prudential Mutual Fund,Regular,Other,,
133503,INF109KA16S9,-,ICICI Prudential Fixed Maturity Plan -Series 76 -1185 Days Plan H,Close Ended Schemes(Income),ICICI Prudential Mutual Fund,Regular,Other,,
133504,INF109KA18S5,-,ICICI Prudential Fixed Maturity Plan -Series 76 -1185 Days Plan H,Close Ended Schemes(Income),ICICI Prudential Mutual Fund,Regular,Other,,
133501,INF109KA19S3,-,ICICI Prudential Fixed Maturity Plan -Series 76 -1185 Days Plan H,Close Ended Schemes(Income),ICICI Prudential Mutual Fund,Regular,Other,,
133502,INF109KA17S7,-,ICICI Prudential Fixed Maturity Plan -Series 76 -1185 Days Plan H,Close Ended Schemes(Income),ICICI Prudential Mutual Fund,Regular,Other,,
129236,INF109KB1XL0,-,ICICI Prudential Fixed Maturity Plan â Series 74 â 780 Days Plan E,Close Ended Schemes(Income),ICICI Prudential Mutual Fund,Regular,Other,,
129238,INF109KB1XN6,-,ICICI Prudential Fixed Maturity Plan â Series 74 â 780 Days Plan E,Close Ended Schemes(Income),ICICI Prudential Mutual Fund,Regular,Other,,
129239,INF109KB1XO4,-,ICICI Prudential Fixed Maturity Plan â Series 74 â 780 Days Plan E,Close Ended Schemes(Income),ICICI Prudential Mutual Fund,Regular,Other,,
129237,INF109KB1XM8,-,ICICI Prudential Fixed Maturity Plan â Series 74 â 780 Days Plan E,Close Ended Schemes(Income),ICICI Prudential Mutual Fund,Regular,Other,,
140545,INF109KB1O27,-,ICICI Prudential Fixed Maturity Plan Series 80 - 1187 Days Plan G,Close Ended Schemes(Income),ICICI Prudential Mutual Fund,Regular,Other,,
140548,INF109KB1O35,-,ICICI Prudential Fixed Maturity Plan Series 80 - 1187 Days Plan G,Close Ended Schemes(Income),ICICI Prudential Mutual Fund,Regular,Other,,
140547,INF109KB1O43,-,ICICI Prudential Fixed Maturity Plan Series 80 - 1187 Days Plan G,Close Ended Schemes(Income),ICICI Prudential Mutual Fund,Regular,Other,,
140546,INF109KB1O50,-,ICICI Prudential Fixed Maturity Plan Series 80 - 1187 Days Plan G,Close Ended Schemes(Income),ICICI Prudential Mutual Fund,Regular,Other,,
140537,INF109KB1N85,-,ICICI Prudential Fixed Maturity Plan Series 80 - 1194 Days Plan F,Close Ended Schemes(Income),ICICI Prudential Mutual Fund,Regular,Other,,
140538,INF109KB1O01,-,ICICI Prudential Fixed Maturity Plan Series 80 - 1194 Days Plan F,Close Ended Schemes(Income),ICICI Prudential Mutual Fund,Regular,Other,,
140539,INF109KB1O19,-,ICICI Prudential Fixed Maturity Plan Series 80 - 1194 Days Plan F,Close Ended Schemes(Income),ICICI Prudential Mutual Fund,Regular,Other,,
140540,INF109KB1N93,-,ICICI Prudential Fixed Maturity Plan Series 80 - 1194 Days Plan F,Close Ended Schemes(Income),ICICI Prudential Mutual Fund,Regular,Other,,
142541,INF109KC1937,-,ICICI Prudential Fixed Maturity Plan Series 82 - 1185 Days Plan M,Close Ended Schemes(Income),ICICI Prudential Mutual Fund,Regular,Other,,
142544,INF109KC1960,-,ICICI Prudential Fixed Maturity Plan Series 82 - 1185 Days Plan M,Close Ended Schemes(Income),ICICI Prudential Mutual Fund,Regular,Other,,
142543,INF109KC1978,-,ICICI Prudential Fixed Maturity Plan Series 82 - 1185 Days Plan M,Close Ended Schemes(Income),ICICI Prudential Mutual Fund,Regular,Other,,
142542,INF109KC1986,-,ICICI Prudential Fixed Maturity Plan Series 82 - 1185 Days Plan M,Close Ended Schemes(Income),ICICI Prudential Mutual Fund,Regular,Other,,
142548,INF109KC1952,-,ICICI Prudential Fixed Maturity Plan Series 82 - 1185 Days Plan M,Close Ended Schemes(Income),ICICI Prudential Mutual Fund,Regular,Other,,
129855,INF109KB1FU8,-,ICICI Prudential Fixed Maturity Plan- Series 74 - 367 Days Plan N,Close Ended Schemes(Income),ICICI Prudential Mutual Fund,Regular,Other,,
129854,INF109KB1FS2,-,ICICI Prudential Fixed Maturity Plan- Series 74 - 367 Days Plan N,Close Ended Schemes(Income),ICICI Prudential Mutual Fund,Regular,Other,,
129856,INF109KB1FT0,-,ICICI Prudential Fixed Maturity Plan- Series 74 - 367 Days Plan N,Close Ended Schemes(Income),ICICI Prudential Mutual Fund,Regular,Other,,
129853,INF109KB1FR4,-,ICICI Prudential Fixed Maturity Plan- Series 74 - 367 Days Plan N,Close Ended Schemes(Income),ICICI Prudential Mutual Fund,Regular,Other,,
135011,INF109KB1JV8,-,ICICI Prudential Fixed Maturity Plan- Series 77 - 1105 Days Plan N,Close Ended Schemes(Income),ICICI Prudential Mutual Fund,Regular,Other,,
135012,INF109KB1JX4,-,ICICI Prudential Fixed Maturity Plan- Series 77 - 1105 Days Plan N,Close Ended Schemes(Income),ICICI Prudential Mutual Fund,Regular,Other,,
135013,INF109KB1JW6,-,ICICI Prudential Fixed Maturity Plan- Series 77 - 1105 Days Plan N,Close Ended Schemes(Income),ICICI Prudential Mutual Fund,Regular,Other,,
117367,INF109K01D10,-,ICICI Prudential Fixed Maturity Plan-Series 63-3 Year Plan K,Close Ended Schemes(Income),ICICI Prudential Mutual Fund,Regular,Other,,
117366,INF109K01D28,-,ICICI Prudential Fixed Maturity Plan-Series 63-3 Year Plan K,Close Ended Schemes(Income),ICICI Prudential Mutual Fund,Regular,Other,,
117621,INF109K01E68,-,ICICI Prudential Fixed Maturity Plan-Series 63-3 Year Plan L,Close Ended Schemes(Income),ICICI Prudential Mutual Fund,Regular,Other,,
117622,INF109K01E76,-,ICICI Prudential Fixed Maturity Plan-Series 63-3 Year Plan L,Close Ended Schemes(Income),ICICI Prudential Mutual Fund,Regular,Other,,
117700,INF109K01F00,-,ICICI Prudential Fixed Maturity Plan-Series 63-3 Year Plan M,Close Ended Schemes(Income),ICICI Prudential Mutual Fund,Regular,Other,,
117701,INF109K01F18,-,ICICI Prudential Fixed Maturity Plan-Series 63-3 Year Plan M,Close Ended Schemes(Income),ICICI Prudential Mutual Fund,Regular,Other,,
117770,INF109K01F26,-,ICICI Prudential Fixed Maturity Plan-Series 64-3 Year Plan H,Close Ended Schemes(Income),ICICI Prudential Mutual Fund,Regular,Other,,
117769,INF109K01F34,-,ICICI Prudential Fixed Maturity Plan-Series 64-3 Year Plan H,Close Ended Schemes(Income),ICICI Prudential Mutual Fund,Regular,Other,,
117804,INF109K01F67,-,ICICI Prudential Fixed Maturity Plan-Series 64-3 Year Plan I,Close Ended Schemes(Income),ICICI Prudential Mutual Fund,Regular,Other,,
117805,INF109K01F75,-,ICICI Prudential Fixed Maturity Plan-Series 64-3 Year Plan I,Close Ended Schemes(Income),ICICI Prudential Mutual Fund,Regular,Other,,
117855,INF109K01F83,-,ICICI Prudential Fixed Maturity Plan-Series 64-3 Year Plan K,Close Ended Schemes(Income),ICICI Prudential Mutual Fund,Regular,Other,,
117856,INF109K01F91,-,ICICI Prudential Fixed Maturity Plan-Series 64-3 Year Plan K,Close Ended Schemes(Income),ICICI Prudential Mutual Fund,Regular,Other,,
117971,INF109K01G25,-,ICICI Prudential Fixed Maturity Plan-Series 65-3 Year Plan A,Close Ended Schemes(Income),ICICI Prudential Mutual Fund,Regular,Other,,
117972,INF109K01G33,-,ICICI Prudential Fixed Maturity Plan-Series 65-3 Year Plan A,Close Ended Schemes(Income),ICICI Prudential Mutual Fund,Regular,Other,,
121876,INF109K019U5,-,ICICI Prudential Fixed Maturity Plan-Series 67-3 Year Plan F,Close Ended Schemes(Income),ICICI Prudential Mutual Fund,Regular,Other,,
121875,INF109K011V0,-,ICICI Prudential Fixed Maturity Plan-Series 67-3 Year Plan F,Close Ended Schemes(Income),ICICI Prudential Mutual Fund,Regular,Other,,
121878,INF109K012V8,-,ICICI Prudential Fixed Maturity Plan-Series 67-3 Year Plan F,Close Ended Schemes(Income),ICICI Prudential Mutual Fund,Regular,Other,,
121877,INF109K010V2,-,ICICI Prudential Fixed Maturity Plan-Series 67-3 Year Plan F,Close Ended Schemes(Income),ICICI Prudential Mutual Fund,Regular,Other,,
121956,INF109K017V7,-,ICICI Prudential Fixed Maturity Plan-Series 67-740 Days Plan H,Close Ended Schemes(Income),ICICI Prudential Mutual Fund,Regular,Other,,
121955,INF109K019V3,-,ICICI Prudential Fixed Maturity Plan-Series 67-740 Days Plan H,Close Ended Schemes(Income),ICICI Prudential Mutual Fund,Regular,Other,,
121953,INF109K010W0,-,ICICI Prudential Fixed Maturity Plan-Series 67-740 Days Plan H,Close Ended Schemes(Income),ICICI Prudential Mutual Fund,Regular,Other,,
121954,INF109K018V5,-,ICICI Prudential Fixed Maturity Plan-Series 67-740 Days Plan H,Close Ended Schemes(Income),ICICI Prudential Mutual Fund,Regular,Other,,
122276,INF109KB1FQ6,-,ICICI Prudential Fixed Maturity Plan-Series 67-745 Days Plan K,Close Ended Schemes(Income),ICICI Prudential Mutual Fund,Regular,Other,,
122273,INF109KB1FO1,-,ICICI Prudential Fixed Maturity Plan-Series 67-745 Days Plan K,Close Ended Schemes(Income),ICICI Prudential Mutual Fund,Regular,Other,,
122275,INF109KB1FN3,-,ICICI Prudential Fixed Maturity Plan-Series 67-745 Days Plan K,Close Ended Schemes(Income),ICICI Prudential Mutual Fund,Regular,Other,,
122274,INF109KB1FP8,-,ICICI Prudential Fixed Maturity Plan-Series 67-745 Days Plan K,Close Ended Schemes(Income),ICICI Prudential Mutual Fund,Regular,Other,,
122893,INF109KA1ZJ0,-,ICICI Prudential Fixed Maturity Plan-Series 68-368 Days Plan G,Close Ended Schemes(Income),ICICI Prudential Mutual Fund,Regular,Other,,
122892,INF109KA1ZH4,-,ICICI Prudential Fixed Maturity Plan-Series 68-368 Days Plan G,Close Ended Schemes(Income),ICICI Prudential Mutual Fund,Regular,Other,,
123002,INF109KA1ZO0,-,ICICI Prudential Fixed Maturity Plan-Series 68-369 Days Plan I,Close Ended Schemes(Income),ICICI Prudential Mutual Fund,Regular,Other,,
123000,INF109KA1ZM4,-,ICICI Prudential Fixed Maturity Plan-Series 68-369 Days Plan I,Close Ended Schemes(Income),ICICI Prudential Mutual Fund,Regular,Other,,
123003,INF109KA1ZP7,-,ICICI Prudential Fixed Maturity Plan-Series 68-369 Days Plan I,Close Ended Schemes(Income),ICICI Prudential Mutual Fund,Regular,Other,,
123076,INF109KA1A09,-,ICICI Prudential Fixed Maturity Plan-Series 68-369 Days Plan K,Close Ended Schemes(Income),ICICI Prudential Mutual Fund,Regular,Other,,
123074,INF109KA1ZY9,-,ICICI Prudential Fixed Maturity Plan-Series 68-369 Days Plan K,Close Ended Schemes(Income),ICICI Prudential Mutual Fund,Regular,Other,,
123113,INF109KB1JR6,-,ICICI Prudential Fixed Maturity Plan-Series 68-704 Days Plan L,Close Ended Schemes(Income),ICICI Prudential Mutual Fund,Regular,Other,,
123110,INF109KB1JT2,-,ICICI Prudential Fixed Maturity Plan-Series 68-704 Days Plan L,Close Ended Schemes(Income),ICICI Prudential Mutual Fund,Regular,Other,,
123112,INF109KB1JU0,-,ICICI Prudential Fixed Maturity Plan-Series 68-704 Days Plan L,Close Ended Schemes(Income),ICICI Prudential Mutual Fund,Regular,Other,,
123111,INF109KB1JS4,-,ICICI Prudential Fixed Maturity Plan-Series 68-704 Days Plan L,Close Ended Schemes(Income),ICICI Prudential Mutual Fund,Regular,Other,,
122611,INF109KB1IL1,-,ICICI Prudential Fixed Maturity Plan-Series 68-745 Days Plan C,Close Ended Schemes(Income),ICICI Prudential Mutual Fund,Regular,Other,,
122608,INF109KB1IN7,-,ICICI Prudential Fixed Maturity Plan-Series 68-745 Days Plan C,Close Ended Schemes(Income),ICICI Prudential Mutual Fund,Regular,Other,,
122609,INF109KB1IO5,-,ICICI Prudential Fixed Maturity Plan-Series 68-745 Days Plan C,Close Ended Schemes(Income),ICICI Prudential Mutual Fund,Regular,Other,,
122610,INF109KB1IM9,-,ICICI Prudential Fixed Maturity Plan-Series 68-745 Days Plan C,Close Ended Schemes(Income),ICICI Prudential Mutual Fund,Regular,Other,,
122778,INF109KB1KF9,-,ICICI Prudential Fixed Maturity Plan-Series 68-745 Days Plan F,Close Ended Schemes(Income),ICICI Prudential Mutual Fund,Regular,Other,,
122776,INF109KB1KH5,-,ICICI Prudential Fixed Maturity Plan-Series 68-745 Days Plan F,Close Ended Schemes(Income),ICICI Prudential Mutual Fund,Regular,Other,,
122777,INF109KB1KI3,-,ICICI Prudential Fixed Maturity Plan-Series 68-745 Days Plan F,Close Ended Schemes(Income),ICICI Prudential Mutual Fund,Regular,Other,,
122779,INF109KB1KG7,-,ICICI Prudential Fixed Maturity Plan-Series 68-745 Days Plan F,Close Ended Schemes(Income),ICICI Prudential Mutual Fund,Regular,Other,,
122898,INF109KB1LD2,-,ICICI Prudential Fixed Maturity Plan-Series 68-745 Days Plan H,Close Ended Schemes(Income),ICICI Prudential Mutual Fund,Regular,Other,,
122896,INF109KB1LF7,-,ICICI Prudential Fixed Maturity Plan-Series 68-745 Days Plan H,Close Ended Schemes(Income),ICICI Prudential Mutual Fund,Regular,Other,,
122998,INF109KB1LH3,-,ICICI Prudential Fixed Maturity Plan-Series 68-745 Days Plan J,Close Ended Schemes(Income),ICICI Prudential Mutual Fund,Regular,Other,,
122996,INF109KB1LJ9,-,ICICI Prudential Fixed Maturity Plan-Series 68-745 Days Plan J,Close Ended Schemes(Income),ICICI Prudential Mutual Fund,Regular,Other,,
122999,INF109KB1LI1,-,ICICI Prudential Fixed Maturity Plan-Series 68-745 Days Plan J,Close Ended Schemes(Income),ICICI Prudential Mutual Fund,Regular,Other,,
123992,INF109KA1CZ5,-,ICICI Prudential Fixed Maturity Plan-Series 69-1092 Days Plan L,Close Ended Schemes(Income),ICICI Prudential Mutual Fund,Regular,Other,,
123994,INF109KA1CX0,-,ICICI Prudential Fixed Maturity Plan-Series 69-1092 Days Plan L,Close Ended Schemes(Income),ICICI Prudential Mutual Fund,Regular,Other,,
123995,INF109KA1CY8,-,ICICI Prudential Fixed Maturity Plan-Series 69-1092 Days Plan L,Close Ended Schemes(Income),ICICI Prudential Mutual Fund,Regular,Other,,
123993,INF109KA1DA6,-,ICICI Prudential Fixed Maturity Plan-Series 69-1092 Days Plan L,Close Ended Schemes(Income),ICICI Prudential Mutual Fund,Regular,Other,,
123367,INF109KA1AP0,-,ICICI Prudential Fixed Maturity Plan-Series 69-1093 Days Plan F,Close Ended Schemes(Income),ICICI Prudential Mutual Fund,Regular,Other,,
123370,INF109KA1AN5,-,ICICI Prudential Fixed Maturity Plan-Series 69-1093 Days Plan F,Close Ended Schemes(Income),ICICI Prudential Mutual Fund,Regular,Other,,
123368,INF109KA1AQ8,-,ICICI Prudential Fixed Maturity Plan-Series 69-1093 Days Plan F,Close Ended Schemes(Income),ICICI Prudential Mutual Fund,Regular,Other,,
123484,INF109KA1BN3,-,ICICI Prudential Fixed Maturity Plan-Series 69-1821 Days Plan H,Close Ended Schemes(Income),ICICI Prudential Mutual Fund,Regular,Other,,
123482,INF109KA1BL7,-,ICICI Prudential Fixed Maturity Plan-Series 69-1821 Days Plan H,Close Ended Schemes(Income),ICICI Prudential Mutual Fund,Regular,Other,,
123485,INF109KA1BO1,-,ICICI Prudential Fixed Maturity Plan-Series 69-1821 Days Plan H,Close Ended Schemes(Income),ICICI Prudential Mutual Fund,Regular,Other,,
123186,INF109KA1A41,-,ICICI Prudential Fixed Maturity Plan-Series 69-366 Days Plan A,Close Ended Schemes(Income),ICICI Prudential Mutual Fund,Regular,Other,,
123184,INF109KA1A25,-,ICICI Prudential Fixed Maturity Plan-Series 69-366 Days Plan A,Close Ended Schemes(Income),ICICI Prudential Mutual Fund,Regular,Other,,
123480,INF109KA1J67,-,ICICI Prudential Fixed Maturity Plan-Series 69-366 Days Plan G,Close Ended Schemes(Income),ICICI Prudential Mutual Fund,Regular,Other,,
123478,INF109KA1J42,-,ICICI Prudential Fixed Maturity Plan-Series 69-366 Days Plan G,Close Ended Schemes(Income),ICICI Prudential Mutual Fund,Regular,Other,,
123481,INF109KA1J75,-,ICICI Prudential Fixed Maturity Plan-Series 69-366 Days Plan G,Close Ended Schemes(Income),ICICI Prudential Mutual Fund,Regular,Other,,
123628,INF109KA1P44,-,ICICI Prudential Fixed Maturity Plan-Series 69-369 Days Plan J,Close Ended Schemes(Income),ICICI Prudential Mutual Fund,Regular,Other,,
123627,INF109KA1P28,-,ICICI Prudential Fixed Maturity Plan-Series 69-369 Days Plan J,Close Ended Schemes(Income),ICICI Prudential Mutual Fund,Regular,Other,,
123626,INF109KA1P51,-,ICICI Prudential Fixed Maturity Plan-Series 69-369 Days Plan J,Close Ended Schemes(Income),ICICI Prudential Mutual Fund,Regular,Other,,
123946,INF109KA1Q68,-,ICICI Prudential Fixed Maturity Plan-Series 69-372 Days Plan K,Close Ended Schemes(Income),ICICI Prudential Mutual Fund,Regular,Other,,
123944,INF109KA1Q43,-,ICICI Prudential Fixed Maturity Plan-Series 69-372 Days Plan K,Close Ended Schemes(Income),ICICI Prudential Mutual Fund,Regular,Other,,
123947,INF109KA1Q76,-,ICICI Prudential Fixed Maturity Plan-Series 69-372 Days Plan K,Close Ended Schemes(Income),ICICI Prudential Mutual Fund,Regular,Other,,
123364,INF109KA10D4,-,ICICI Prudential Fixed Maturity Plan-Series 69-433 Days Plan E,Close Ended Schemes(Income),ICICI Prudential Mutual Fund,Regular,Other,,
123363,INF109KA18C9,-,ICICI Prudential Fixed Maturity Plan-Series 69-433 Days Plan E,Close Ended Schemes(Income),ICICI Prudential Mutual Fund,Regular,Other,,
123366,INF109KA11D2,-,ICICI Prudential Fixed Maturity Plan-Series 69-433 Days Plan E,Close Ended Schemes(Income),ICICI Prudential Mutual Fund,Regular,Other,,
123282,INF109KB1KB8,-,ICICI Prudential Fixed Maturity Plan-Series 69-693 Days Plan D,Close Ended Schemes(Income),ICICI Prudential Mutual Fund,Regular,Other,,
123280,INF109KB1KD4,-,ICICI Prudential Fixed Maturity Plan-Series 69-693 Days Plan D,Close Ended Schemes(Income),ICICI Prudential Mutual Fund,Regular,Other,,
123281,INF109KB1KE2,-,ICICI Prudential Fixed Maturity Plan-Series 69-693 Days Plan D,Close Ended Schemes(Income),ICICI Prudential Mutual Fund,Regular,Other,,
123279,INF109KB1KC6,-,ICICI Prudential Fixed Maturity Plan-Series 69-693 Days Plan D,Close Ended Schemes(Income),ICICI Prudential Mutual Fund,Regular,Other,,
123261,INF109KB1JN5,-,ICICI Prudential Fixed Maturity Plan-Series 69-698 Days Plan B,Close Ended Schemes(Income),ICICI Prudential Mutual Fund,Regular,Other,,
123259,INF109KB1JP0,-,ICICI Prudential Fixed Maturity Plan-Series 69-698 Days Plan B,Close Ended Schemes(Income),ICICI Prudential Mutual Fund,Regular,Other,,
123262,INF109KB1JO3,-,ICICI Prudential Fixed Maturity Plan-Series 69-698 Days Plan B,Close Ended Schemes(Income),ICICI Prudential Mutual Fund,Regular,Other,,
124399,INF109KA1DX8,-,ICICI Prudential Fixed Maturity Plan-Series 70-1095 Days Plan H,Close Ended Schemes(Income),ICICI Prudential Mutual Fund,Regular,Other,,
124397,INF109KA1DV2,-,ICICI Prudential Fixed Maturity Plan-Series 70-1095 Days Plan H,Close Ended Schemes(Income),ICICI Prudential Mutual Fund,Regular,Other,,
124398,INF109KA1DW0,-,ICICI Prudential Fixed Maturity Plan-Series 70-1095 Days Plan H,Close Ended Schemes(Income),ICICI Prudential Mutual Fund,Regular,Other,,
124400,INF109KA1DY6,-,ICICI Prudential Fixed Maturity Plan-Series 70-1095 Days Plan H,Close Ended Schemes(Income),ICICI Prudential Mutual Fund,Regular,Other,,
125025,INF109KA1GH4,-,ICICI Prudential Fixed Maturity Plan-Series 70-1285 Days Plan T,Close Ended Schemes(Income),ICICI Prudential Mutual Fund,Regular,Other,,
125023,INF109KA1GF8,-,ICICI Prudential Fixed Maturity Plan-Series 70-1285 Days Plan T,Close Ended Schemes(Income),ICICI Prudential Mutual Fund,Regular,Other,,
125024,INF109KA1GG6,-,ICICI Prudential Fixed Maturity Plan-Series 70-1285 Days Plan T,Close Ended Schemes(Income),ICICI Prudential Mutual Fund,Regular,Other,,
125026,INF109KA1GI2,-,ICICI Prudential Fixed Maturity Plan-Series 70-1285 Days Plan T,Close Ended Schemes(Income),ICICI Prudential Mutual Fund,Regular,Other,,
124142,INF109KA1R00,-,ICICI Prudential Fixed Maturity Plan-Series 70-366 Days Plan B,Close Ended Schemes(Income),ICICI Prudential Mutual Fund,Regular,Other,,
124143,INF109KA1Q84,-,ICICI Prudential Fixed Maturity Plan-Series 70-366 Days Plan B,Close Ended Schemes(Income),ICICI Prudential Mutual Fund,Regular,Other,,
124145,INF109KA1R18,-,ICICI Prudential Fixed Maturity Plan-Series 70-366 Days Plan B,Close Ended Schemes(Income),ICICI Prudential Mutual Fund,Regular,Other,,
124497,INF109KA1U88,-,ICICI Prudential Fixed Maturity Plan-Series 70-366 Days Plan I,Close Ended Schemes(Income),ICICI Prudential Mutual Fund,Regular,Other,,
124495,INF109KA1U62,-,ICICI Prudential Fixed Maturity Plan-Series 70-366 Days Plan I,Close Ended Schemes(Income),ICICI Prudential Mutual Fund,Regular,Other,,
124496,INF109KA1U70,-,ICICI Prudential Fixed Maturity Plan-Series 70-366 Days Plan I,Close Ended Schemes(Income),ICICI Prudential Mutual Fund,Regular,Other,,
124217,INF109KA1T24,-,ICICI Prudential Fixed Maturity Plan-Series 70-367 Days Plan C,Close Ended Schemes(Income),ICICI Prudential Mutual Fund,Regular,Other,,
124215,INF109KA1T08,-,ICICI Prudential Fixed Maturity Plan-Series 70-367 Days Plan C,Close Ended Schemes(Income),ICICI Prudential Mutual Fund,Regular,Other,,
124216,INF109KA1T16,-,ICICI Prudential Fixed Maturity Plan-Series 70-367 Days Plan C,Close Ended Schemes(Income),ICICI Prudential Mutual Fund,Regular,Other,,
124218,INF109KA1T32,-,ICICI Prudential Fixed Maturity Plan-Series 70-367 Days Plan C,Close Ended Schemes(Income),ICICI Prudential Mutual Fund,Regular,Other,,
124720,INF109KA1Z91,-,ICICI Prudential Fixed Maturity Plan-Series 70-367 Days Plan N,Close Ended Schemes(Income),ICICI Prudential Mutual Fund,Regular,Other,,
124718,INF109KA1Y84,-,ICICI Prudential Fixed Maturity Plan-Series 70-367 Days Plan N,Close Ended Schemes(Income),ICICI Prudential Mutual Fund,Regular,Other,,
124362,INF109KA1U47,-,ICICI Prudential Fixed Maturity Plan-Series 70-368 Days Plan J,Close Ended Schemes(Income),ICICI Prudential Mutual Fund,Regular,Other,,
124361,INF109KA1U21,-,ICICI Prudential Fixed Maturity Plan-Series 70-368 Days Plan J,Close Ended Schemes(Income),ICICI Prudential Mutual Fund,Regular,Other,,
124584,INF109KA1V20,-,ICICI Prudential Fixed Maturity Plan-Series 70-368 Days Plan K,Close Ended Schemes(Income),ICICI Prudential Mutual Fund,Regular,Other,,
124582,INF109KA1V04,-,ICICI Prudential Fixed Maturity Plan-Series 70-368 Days Plan K,Close Ended Schemes(Income),ICICI Prudential Mutual Fund,Regular,Other,,
124651,INF109KA1Z34,-,ICICI Prudential Fixed Maturity Plan-Series 70-368 Days Plan M,Close Ended Schemes(Income),ICICI Prudential Mutual Fund,Regular,Other,,
124653,INF109KA1Z18,-,ICICI Prudential Fixed Maturity Plan-Series 70-368 Days Plan M,Close Ended Schemes(Income),ICICI Prudential Mutual Fund,Regular,Other,,
124652,INF109KA1Z42,-,ICICI Prudential Fixed Maturity Plan-Series 70-368 Days Plan M,Close Ended Schemes(Income),ICICI Prudential Mutual Fund,Regular,Other,,
124082,INF109KA1S82,-,ICICI Prudential Fixed Maturity Plan-Series 70-369 Days Plan E,Close Ended Schemes(Income),ICICI Prudential Mutual Fund,Regular,Other,,
124079,INF109KA1S66,-,ICICI Prudential Fixed Maturity Plan-Series 70-369 Days Plan E,Close Ended Schemes(Income),ICICI Prudential Mutual Fund,Regular,Other,,
124081,INF109KA1S90,-,ICICI Prudential Fixed Maturity Plan-Series 70-369 Days Plan E,Close Ended Schemes(Income),ICICI Prudential Mutual Fund,Regular,Other,,
124593,INF109KA1Z75,-,ICICI Prudential Fixed Maturity Plan-Series 70-372 Days Plan L,Close Ended Schemes(Income),ICICI Prudential Mutual Fund,Regular,Other,,
124591,INF109KA1Z59,-,ICICI Prudential Fixed Maturity Plan-Series 70-372 Days Plan L,Close Ended Schemes(Income),ICICI Prudential Mutual Fund,Regular,Other,,
124594,INF109KA1Z83,-,ICICI Prudential Fixed Maturity Plan-Series 70-372 Days Plan L,Close Ended Schemes(Income),ICICI Prudential Mutual Fund,Regular,Other,,
124922,INF109KB1BZ6,-,ICICI Prudential Fixed Maturity Plan-Series 70-540 Days Plan S,Close Ended Schemes(Income),ICICI Prudential Mutual Fund,Regular,Other,,
124920,INF109KB1CB5,-,ICICI Prudential Fixed Maturity Plan-Series 70-540 Days Plan S,Close Ended Schemes(Income),ICICI Prudential Mutual Fund,Regular,Other,,
124221,INF109KA1DT6,-,ICICI Prudential Fixed Maturity Plan-Series 70-742 Days Plan D,Close Ended Schemes(Income),ICICI Prudential Mutual Fund,Regular,Other,,
124219,INF109KA1DR0,-,ICICI Prudential Fixed Maturity Plan-Series 70-742 Days Plan D,Close Ended Schemes(Income),ICICI Prudential Mutual Fund,Regular,Other,,
124220,INF109KA1DS8,-,ICICI Prudential Fixed Maturity Plan-Series 70-742 Days Plan D,Close Ended Schemes(Income),ICICI Prudential Mutual Fund,Regular,Other,,
124222,INF109KA1DU4,-,ICICI Prudential Fixed Maturity Plan-Series 70-742 Days Plan D,Close Ended Schemes(Income),ICICI Prudential Mutual Fund,Regular,Other,,
123991,INF109KB1NH9,-,ICICI Prudential Fixed Maturity Plan-Series 70-745 Days Plan A,Close Ended Schemes(Income),ICICI Prudential Mutual Fund,Regular,Other,,
123988,INF109KB1NJ5,-,ICICI Prudential Fixed Maturity Plan-Series 70-745 Days Plan A,Close Ended Schemes(Income),ICICI Prudential Mutual Fund,Regular,Other,,
123990,INF109KB1NI7,-,ICICI Prudential Fixed Maturity Plan-Series 70-745 Days Plan A,Close Ended Schemes(Income),ICICI Prudential Mutual Fund,Regular,Other,,
124319,INF109KA1EJ5,-,ICICI Prudential Fixed Maturity Plan-Series 70-745 Days Plan G,Close Ended Schemes(Income),ICICI Prudential Mutual Fund,Regular,Other,,
124317,INF109KA1EH9,-,ICICI Prudential Fixed Maturity Plan-Series 70-745 Days Plan G,Close Ended Schemes(Income),ICICI Prudential Mutual Fund,Regular,Other,,
124318,INF109KA1EI7,-,ICICI Prudential Fixed Maturity Plan-Series 70-745 Days Plan G,Close Ended Schemes(Income),ICICI Prudential Mutual Fund,Regular,Other,,
124320,INF109KA1EK3,-,ICICI Prudential Fixed Maturity Plan-Series 70-745 Days Plan G,Close Ended Schemes(Income),ICICI Prudential Mutual Fund,Regular,Other,,
124649,INF109KB1OJ3,-,ICICI Prudential Fixed Maturity Plan-Series 70-745 Days Plan P,Close Ended Schemes(Income),ICICI Prudential Mutual Fund,Regular,Other,,
124647,INF109KB1OL9,-,ICICI Prudential Fixed Maturity Plan-Series 70-745 Days Plan P,Close Ended Schemes(Income),ICICI Prudential Mutual Fund,Regular,Other,,
124650,INF109KB1OK1,-,ICICI Prudential Fixed Maturity Plan-Series 70-745 Days Plan P,Close Ended Schemes(Income),ICICI Prudential Mutual Fund,Regular,Other,,
125867,INF109KA1IL2,-,ICICI Prudential Fixed Maturity Plan-Series 71-1095 Days Plan O,Close Ended Schemes(Income),ICICI Prudential Mutual Fund,Regular,Other,,
125865,INF109KA1IN8,-,ICICI Prudential Fixed Maturity Plan-Series 71-1095 Days Plan O,Close Ended Schemes(Income),ICICI Prudential Mutual Fund,Regular,Other,,
125866,INF109KA1IO6,-,ICICI Prudential Fixed Maturity Plan-Series 71-1095 Days Plan O,Close Ended Schemes(Income),ICICI Prudential Mutual Fund,Regular,Other,,
125868,INF109KA1IM0,-,ICICI Prudential Fixed Maturity Plan-Series 71-1095 Days Plan O,Close Ended Schemes(Income),ICICI Prudential Mutual Fund,Regular,Other,,
125438,INF109KA18K2,-,ICICI Prudential Fixed Maturity Plan-Series 71-369 Days Plan E,Close Ended Schemes(Income),ICICI Prudential Mutual Fund,Regular,Other,,
125436,INF109KA10L7,-,ICICI Prudential Fixed Maturity Plan-Series 71-369 Days Plan E,Close Ended Schemes(Income),ICICI Prudential Mutual Fund,Regular,Other,,
125437,INF109KA11L5,-,ICICI Prudential Fixed Maturity Plan-Series 71-369 Days Plan E,Close Ended Schemes(Income),ICICI Prudential Mutual Fund,Regular,Other,,
125439,INF109KA19K0,-,ICICI Prudential Fixed Maturity Plan-Series 71-369 Days Plan E,Close Ended Schemes(Income),ICICI Prudential Mutual Fund,Regular,Other,,
125971,INF109KB1CD1,-,ICICI Prudential Fixed Maturity Plan-Series 71-480 Days Plan L,Close Ended Schemes(Income),ICICI Prudential Mutual Fund,Regular,Other,,
125969,INF109KB1CF6,-,ICICI Prudential Fixed Maturity Plan-Series 71-480 Days Plan L,Close Ended Schemes(Income),ICICI Prudential Mutual Fund,Regular,Other,,
125972,INF109KB1CE9,-,ICICI Prudential Fixed Maturity Plan-Series 71-480 Days Plan L,Close Ended Schemes(Income),ICICI Prudential Mutual Fund,Regular,Other,,
125684,INF109KB1EB1,-,ICICI Prudential Fixed Maturity Plan-Series 71-505 Days Plan H,Close Ended Schemes(Income),ICICI Prudential Mutual Fund,Regular,Other,,
125683,INF109KB1ED7,-,ICICI Prudential Fixed Maturity Plan-Series 71-505 Days Plan H,Close Ended Schemes(Income),ICICI Prudential Mutual Fund,Regular,Other,,
125686,INF109KB1EE5,-,ICICI Prudential Fixed Maturity Plan-Series 71-505 Days Plan H,Close Ended Schemes(Income),ICICI Prudential Mutual Fund,Regular,Other,,
125434,INF109KB1EF2,-,ICICI Prudential Fixed Maturity Plan-Series 71-525 Days Plan D,Close Ended Schemes(Income),ICICI Prudential Mutual Fund,Regular,Other,,
125432,INF109KB1EH8,-,ICICI Prudential Fixed Maturity Plan-Series 71-525 Days Plan D,Close Ended Schemes(Income),ICICI Prudential Mutual Fund,Regular,Other,,
125435,INF109KB1EG0,-,ICICI Prudential Fixed Maturity Plan-Series 71-525 Days Plan D,Close Ended Schemes(Income),ICICI Prudential Mutual Fund,Regular,Other,,
127230,INF109KA1NN8,-,ICICI Prudential Fixed Maturity Plan-Series 72-1075 Days Plan Q,Close Ended Schemes(Income),ICICI Prudential Mutual Fund,Regular,Other,,
127227,INF109KA1NP3,-,ICICI Prudential Fixed Maturity Plan-Series 72-1075 Days Plan Q,Close Ended Schemes(Income),ICICI Prudential Mutual Fund,Regular,Other,,
127229,INF109KA1NQ1,-,ICICI Prudential Fixed Maturity Plan-Series 72-1075 Days Plan Q,Close Ended Schemes(Income),ICICI Prudential Mutual Fund,Regular,Other,,
127228,INF109KA1NO6,-,ICICI Prudential Fixed Maturity Plan-Series 72-1075 Days Plan Q,Close Ended Schemes(Income),ICICI Prudential Mutual Fund,Regular,Other,,
126476,INF109KA1LB7,-,ICICI Prudential Fixed Maturity Plan-Series 72-1092 Days Plan F,Close Ended Schemes(Income),ICICI Prudential Mutual Fund,Regular,Other,,
126475,INF109KA1LD3,-,ICICI Prudential Fixed Maturity Plan-Series 72-1092 Days Plan F,Close Ended Schemes(Income),ICICI Prudential Mutual Fund,Regular,Other,,
126473,INF109KA1LE1,-,ICICI Prudential Fixed Maturity Plan-Series 72-1092 Days Plan F,Close Ended Schemes(Income),ICICI Prudential Mutual Fund,Regular,Other,,
126474,INF109KA1LC5,-,ICICI Prudential Fixed Maturity Plan-Series 72-1092 Days Plan F,Close Ended Schemes(Income),ICICI Prudential Mutual Fund,Regular,Other,,
126325,INF109KA12R0,-,ICICI Prudential Fixed Maturity Plan-Series 72-366 Days Plan C,Close Ended Schemes(Income),ICICI Prudential Mutual Fund,Regular,Other,,
126324,INF109KA14R6,-,ICICI Prudential Fixed Maturity Plan-Series 72-366 Days Plan C,Close Ended Schemes(Income),ICICI Prudential Mutual Fund,Regular,Other,,
126327,INF109KA13R8,-,ICICI Prudential Fixed Maturity Plan-Series 72-366 Days Plan C,Close Ended Schemes(Income),ICICI Prudential Mutual Fund,Regular,Other,,
126929,INF109KA12W0,-,ICICI Prudential Fixed Maturity Plan-Series 72-366 Days Plan M,Close Ended Schemes(Income),ICICI Prudential Mutual Fund,Regular,Other,,
126927,INF109KA14W6,-,ICICI Prudential Fixed Maturity Plan-Series 72-366 Days Plan M,Close Ended Schemes(Income),ICICI Prudential Mutual Fund,Regular,Other,,
126928,INF109KA15W3,-,ICICI Prudential Fixed Maturity Plan-Series 72-366 Days Plan M,Close Ended Schemes(Income),ICICI Prudential Mutual Fund,Regular,Other,,
127352,INF109KA18X5,-,ICICI Prudential Fixed Maturity Plan-Series 72-366 Days Plan T,Close Ended Schemes(Income),ICICI Prudential Mutual Fund,Regular,Other,,
127351,INF109KA10Y0,-,ICICI Prudential Fixed Maturity Plan-Series 72-366 Days Plan T,Close Ended Schemes(Income),ICICI Prudential Mutual Fund,Regular,Other,,
127354,INF109KA11Y8,-,ICICI Prudential Fixed Maturity Plan-Series 72-366 Days Plan T,Close Ended Schemes(Income),ICICI Prudential Mutual Fund,Regular,Other,,
127233,INF109KA16W1,-,ICICI Prudential Fixed Maturity Plan-Series 72-367 Days Plan R,Close Ended Schemes(Income),ICICI Prudential Mutual Fund,Regular,Other,,
127231,INF109KA18W7,-,ICICI Prudential Fixed Maturity Plan-Series 72-367 Days Plan R,Close Ended Schemes(Income),ICICI Prudential Mutual Fund,Regular,Other,,
126127,INF109KA10Q6,-,ICICI Prudential Fixed Maturity Plan-Series 72-368 Days Plan A,Close Ended Schemes(Income),ICICI Prudential Mutual Fund,Regular,Other,,
126125,INF109KA12Q2,-,ICICI Prudential Fixed Maturity Plan-Series 72-368 Days Plan A,Close Ended Schemes(Income),ICICI Prudential Mutual Fund,Regular,Other,,
126126,INF109KA13Q0,-,ICICI Prudential Fixed Maturity Plan-Series 72-368 Days Plan A,Close Ended Schemes(Income),ICICI Prudential Mutual Fund,Regular,Other,,
126128,INF109KA11Q4,-,ICICI Prudential Fixed Maturity Plan-Series 72-368 Days Plan A,Close Ended Schemes(Income),ICICI Prudential Mutual Fund,Regular,Other,,
126334,INF109KA11S0,-,ICICI Prudential Fixed Maturity Plan-Series 72-368 Days Plan D,Close Ended Schemes(Income),ICICI Prudential Mutual Fund,Regular,Other,,
126332,INF109KA13S6,-,ICICI Prudential Fixed Maturity Plan-Series 72-368 Days Plan D,Close Ended Schemes(Income),ICICI Prudential Mutual Fund,Regular,Other,,
126335,INF109KA12S8,-,ICICI Prudential Fixed Maturity Plan-Series 72-368 Days Plan D,Close Ended Schemes(Income),ICICI Prudential Mutual Fund,Regular,Other,,
127052,INF109KA12Y6,-,ICICI Prudential Fixed Maturity Plan-Series 72-368 Days Plan P,Close Ended Schemes(Income),ICICI Prudential Mutual Fund,Regular,Other,,
127050,INF109KA14Y2,-,ICICI Prudential Fixed Maturity Plan-Series 72-368 Days Plan P,Close Ended Schemes(Income),ICICI Prudential Mutual Fund,Regular,Other,,
127051,INF109KA15Y9,-,ICICI Prudential Fixed Maturity Plan-Series 72-368 Days Plan P,Close Ended Schemes(Income),ICICI Prudential Mutual Fund,Regular,Other,,
127049,INF109KA13Y4,-,ICICI Prudential Fixed Maturity Plan-Series 72-368 Days Plan P,Close Ended Schemes(Income),ICICI Prudential Mutual Fund,Regular,Other,,
126562,INF109KA16U5,-,ICICI Prudential Fixed Maturity Plan-Series 72-370 Days Plan G,Close Ended Schemes(Income),ICICI Prudential Mutual Fund,Regular,Other,,
126560,INF109KA18U1,-,ICICI Prudential Fixed Maturity Plan-Series 72-370 Days Plan G,Close Ended Schemes(Income),ICICI Prudential Mutual Fund,Regular,Other,,
126561,INF109KA19U9,-,ICICI Prudential Fixed Maturity Plan-Series 72-370 Days Plan G,Close Ended Schemes(Income),ICICI Prudential Mutual Fund,Regular,Other,,
126563,INF109KA17U3,-,ICICI Prudential Fixed Maturity Plan-Series 72-370 Days Plan G,Close Ended Schemes(Income),ICICI Prudential Mutual Fund,Regular,Other,,
127261,INF109KB1AX3,-,ICICI Prudential Fixed Maturity Plan-Series 72-409 Days Plan S,Close Ended Schemes(Income),ICICI Prudential Mutual Fund,Regular,Other,,
127259,INF109KB1AZ8,-,ICICI Prudential Fixed Maturity Plan-Series 72-409 Days Plan S,Close Ended Schemes(Income),ICICI Prudential Mutual Fund,Regular,Other,,
127260,INF109KB1BA9,-,ICICI Prudential Fixed Maturity Plan-Series 72-409 Days Plan S,Close Ended Schemes(Income),ICICI Prudential Mutual Fund,Regular,Other,,
127262,INF109KB1AY1,-,ICICI Prudential Fixed Maturity Plan-Series 72-409 Days Plan S,Close Ended Schemes(Income),ICICI Prudential Mutual Fund,Regular,Other,,
127032,INF109KB1BR3,-,ICICI Prudential Fixed Maturity Plan-Series 72-425 Days Plan N,Close Ended Schemes(Income),ICICI Prudential Mutual Fund,Regular,Other,,
127031,INF109KB1BT9,-,ICICI Prudential Fixed Maturity Plan-Series 72-425 Days Plan N,Close Ended Schemes(Income),ICICI Prudential Mutual Fund,Regular,Other,,
127033,INF109KB1BS1,-,ICICI Prudential Fixed Maturity Plan-Series 72-425 Days Plan N,Close Ended Schemes(Income),ICICI Prudential Mutual Fund,Regular,Other,,
126804,INF109KB1CH2,-,ICICI Prudential Fixed Maturity Plan-Series 72-440 Days Plan L,Close Ended Schemes(Income),ICICI Prudential Mutual Fund,Regular,Other,,
126802,INF109KB1CJ8,-,ICICI Prudential Fixed Maturity Plan-Series 72-440 Days Plan L,Close Ended Schemes(Income),ICICI Prudential Mutual Fund,Regular,Other,,
126803,INF109KB1CK6,-,ICICI Prudential Fixed Maturity Plan-Series 72-440 Days Plan L,Close Ended Schemes(Income),ICICI Prudential Mutual Fund,Regular,Other,,
126801,INF109KB1CI0,-,ICICI Prudential Fixed Maturity Plan-Series 72-440 Days Plan L,Close Ended Schemes(Income),ICICI Prudential Mutual Fund,Regular,Other,,
126642,INF109KB1GC4,-,ICICI Prudential Fixed Maturity Plan-Series 72-483 Days Plan J,Close Ended Schemes(Income),ICICI Prudential Mutual Fund,Regular,Other,,
126641,INF109KB1GA8,-,ICICI Prudential Fixed Maturity Plan-Series 72-483 Days Plan J,Close Ended Schemes(Income),ICICI Prudential Mutual Fund,Regular,Other,,
126644,INF109KB1FZ7,-,ICICI Prudential Fixed Maturity Plan-Series 72-483 Days Plan J,Close Ended Schemes(Income),ICICI Prudential Mutual Fund,Regular,Other,,
126643,INF109KB1GB6,-,ICICI Prudential Fixed Maturity Plan-Series 72-483 Days Plan J,Close Ended Schemes(Income),ICICI Prudential Mutual Fund,Regular,Other,,
126397,INF109KB1HF5,-,ICICI Prudential Fixed Maturity Plan-Series 72-500 Days Plan E,Close Ended Schemes(Income),ICICI Prudential Mutual Fund,Regular,Other,,
126396,INF109KB1HH1,-,ICICI Prudential Fixed Maturity Plan-Series 72-500 Days Plan E,Close Ended Schemes(Income),ICICI Prudential Mutual Fund,Regular,Other,,
126395,INF109KB1HG3,-,ICICI Prudential Fixed Maturity Plan-Series 72-500 Days Plan E,Close Ended Schemes(Income),ICICI Prudential Mutual Fund,Regular,Other,,
126169,INF109KB1HJ7,-,ICICI Prudential Fixed Maturity Plan-Series 72-525 Days Plan B,Close Ended Schemes(Income),ICICI Prudential Mutual Fund,Regular,Other,,
126167,INF109KB1HL3,-,ICICI Prudential Fixed Maturity Plan-Series 72-525 Days Plan B,Close Ended Schemes(Income),ICICI Prudential Mutual Fund,Regular,Other,,
126170,INF109KB1HK5,-,ICICI Prudential Fixed Maturity Plan-Series 72-525 Days Plan B,Close Ended Schemes(Income),ICICI Prudential Mutual Fund,Regular,Other,,
126829,INF109KA1MH2,-,ICICI Prudential Fixed Maturity Plan-Series 72-785 Days Plan O,Close Ended Schemes(Income),ICICI Prudential Mutual Fund,Regular,Other,,
126831,INF109KA1MJ8,-,ICICI Prudential Fixed Maturity Plan-Series 72-785 Days Plan O,Close Ended Schemes(Income),ICICI Prudential Mutual Fund,Regular,Other,,
126832,INF109KA1MK6,-,ICICI Prudential Fixed Maturity Plan-Series 72-785 Days Plan O,Close Ended Schemes(Income),ICICI Prudential Mutual Fund,Regular,Other,,
126830,INF109KA1MI0,-,ICICI Prudential Fixed Maturity Plan-Series 72-785 Days Plan O,Close Ended Schemes(Income),ICICI Prudential Mutual Fund,Regular,Other,,
126499,INF109KA1KX3,-,ICICI Prudential Fixed Maturity Plan-Series 72-823 Days Plan H,Close Ended Schemes(Income),ICICI Prudential Mutual Fund,Regular,Other,,
126502,INF109KA1KZ8,-,ICICI Prudential Fixed Maturity Plan-Series 72-823 Days Plan H,Close Ended Schemes(Income),ICICI Prudential Mutual Fund,Regular,Other,,
126500,INF109KA1LA9,-,ICICI Prudential Fixed Maturity Plan-Series 72-823 Days Plan H,Close Ended Schemes(Income),ICICI Prudential Mutual Fund,Regular,Other,,
126501,INF109KA1KY1,-,ICICI Prudential Fixed Maturity Plan-Series 72-823 Days Plan H,Close Ended Schemes(Income),ICICI Prudential Mutual Fund,Regular,Other,,
128359,INF109KA1QJ9,-,ICICI Prudential Fixed Maturity Plan-Series 73-1120 Days Plan L,Close Ended Schemes(Income),ICICI Prudential Mutual Fund,Regular,Other,,
128361,INF109KA1QL5,-,ICICI Prudential Fixed Maturity Plan-Series 73-1120 Days Plan L,Close Ended Schemes(Income),ICICI Prudential Mutual Fund,Regular,Other,,
128358,INF109KA1QM3,-,ICICI Prudential Fixed Maturity Plan-Series 73-1120 Days Plan L,Close Ended Schemes(Income),ICICI Prudential Mutual Fund,Regular,Other,,
128360,INF109KA1QK7,-,ICICI Prudential Fixed Maturity Plan-Series 73-1120 Days Plan L,Close Ended Schemes(Income),ICICI Prudential Mutual Fund,Regular,Other,,
127617,INF109KA18Z0,-,ICICI Prudential Fixed Maturity Plan-Series 73-366 Days Plan A,Close Ended Schemes(Income),ICICI Prudential Mutual Fund,Regular,Other,,
127618,INF109KB1011,-,ICICI Prudential Fixed Maturity Plan-Series 73-366 Days Plan A,Close Ended Schemes(Income),ICICI Prudential Mutual Fund,Regular,Other,,
127619,INF109KA19Z8,-,ICICI Prudential Fixed Maturity Plan-Series 73-366 Days Plan A,Close Ended Schemes(Income),ICICI Prudential Mutual Fund,Regular,Other,,
127714,INF109KA14Z9,-,ICICI Prudential Fixed Maturity Plan-Series 73-366 Days Plan B,Close Ended Schemes(Income),ICICI Prudential Mutual Fund,Regular,Other,,
127712,INF109KA16Z4,-,ICICI Prudential Fixed Maturity Plan-Series 73-366 Days Plan B,Close Ended Schemes(Income),ICICI Prudential Mutual Fund,Regular,Other,,
127717,INF109KB1078,-,ICICI Prudential Fixed Maturity Plan-Series 73-368 Days Plan D,Close Ended Schemes(Income),ICICI Prudential Mutual Fund,Regular,Other,,
127716,INF109KB1094,-,ICICI Prudential Fixed Maturity Plan-Series 73-368 Days Plan D,Close Ended Schemes(Income),ICICI Prudential Mutual Fund,Regular,Other,,
127718,INF109KB1086,-,ICICI Prudential Fixed Maturity Plan-Series 73-368 Days Plan D,Close Ended Schemes(Income),ICICI Prudential Mutual Fund,Regular,Other,,
128357,INF109KB1516,-,ICICI Prudential Fixed Maturity Plan-Series 73-368 Days Plan M,Close Ended Schemes(Income),ICICI Prudential Mutual Fund,Regular,Other,,
128354,INF109KB1532,-,ICICI Prudential Fixed Maturity Plan-Series 73-368 Days Plan M,Close Ended Schemes(Income),ICICI Prudential Mutual Fund,Regular,Other,,
128356,INF109KB1524,-,ICICI Prudential Fixed Maturity Plan-Series 73-368 Days Plan M,Close Ended Schemes(Income),ICICI Prudential Mutual Fund,Regular,Other,,
128814,INF109KB1599,-,ICICI Prudential Fixed Maturity Plan-Series 73-368 Days Plan R,Close Ended Schemes(Income),ICICI Prudential Mutual Fund,Regular,Other,,
128812,INF109KB1615,-,ICICI Prudential Fixed Maturity Plan-Series 73-368 Days Plan R,Close Ended Schemes(Income),ICICI Prudential Mutual Fund,Regular,Other,,
128058,INF109KB1037,-,ICICI Prudential Fixed Maturity Plan-Series 73-369 Days Plan H,Close Ended Schemes(Income),ICICI Prudential Mutual Fund,Regular,Other,,
128060,INF109KB1052,-,ICICI Prudential Fixed Maturity Plan-Series 73-369 Days Plan H,Close Ended Schemes(Income),ICICI Prudential Mutual Fund,Regular,Other,,
128652,INF109KB1631,-,ICICI Prudential Fixed Maturity Plan-Series 73-369 Days Plan P,Close Ended Schemes(Income),ICICI Prudential Mutual Fund,Regular,Other,,
128650,INF109KB1656,-,ICICI Prudential Fixed Maturity Plan-Series 73-369 Days Plan P,Close Ended Schemes(Income),ICICI Prudential Mutual Fund,Regular,Other,,
128653,INF109KB1649,-,ICICI Prudential Fixed Maturity Plan-Series 73-369 Days Plan P,Close Ended Schemes(Income),ICICI Prudential Mutual Fund,Regular,Other,,
128811,INF109KB1912,-,ICICI Prudential Fixed Maturity Plan-Series 73-369 Days Plan S,Close Ended Schemes(Income),ICICI Prudential Mutual Fund,Regular,Other,,
128808,INF109KB1938,-,ICICI Prudential Fixed Maturity Plan-Series 73-369 Days Plan S,Close Ended Schemes(Income),ICICI Prudential Mutual Fund,Regular,Other,,
128810,INF109KB1920,-,ICICI Prudential Fixed Maturity Plan-Series 73-369 Days Plan S,Close Ended Schemes(Income),ICICI Prudential Mutual Fund,Regular,Other,,
128818,INF109KB1AL8,-,ICICI Prudential Fixed Maturity Plan-Series 73-369 Days Plan T,Close Ended Schemes(Income),ICICI Prudential Mutual Fund,Regular,Other,,
128816,INF109KB1AN4,-,ICICI Prudential Fixed Maturity Plan-Series 73-369 Days Plan T,Close Ended Schemes(Income),ICICI Prudential Mutual Fund,Regular,Other,,
128819,INF109KB1AM6,-,ICICI Prudential Fixed Maturity Plan-Series 73-369 Days Plan T,Close Ended Schemes(Income),ICICI Prudential Mutual Fund,Regular,Other,,
128648,INF109KB1AH6,-,ICICI Prudential Fixed Maturity Plan-Series 73-376 Days Plan Q,Close Ended Schemes(Income),ICICI Prudential Mutual Fund,Regular,Other,,
128646,INF109KB1AJ2,-,ICICI Prudential Fixed Maturity Plan-Series 73-376 Days Plan Q,Close Ended Schemes(Income),ICICI Prudential Mutual Fund,Regular,Other,,
128649,INF109KB1AI4,-,ICICI Prudential Fixed Maturity Plan-Series 73-376 Days Plan Q,Close Ended Schemes(Income),ICICI Prudential Mutual Fund,Regular,Other,,
128352,INF109KB1870,-,ICICI Prudential Fixed Maturity Plan-Series 73-378 Days Plan N,Close Ended Schemes(Income),ICICI Prudential Mutual Fund,Regular,Other,,
128350,INF109KB1896,-,ICICI Prudential Fixed Maturity Plan-Series 73-378 Days Plan N,Close Ended Schemes(Income),ICICI Prudential Mutual Fund,Regular,Other,,
128498,INF109KB1AP9,-,ICICI Prudential Fixed Maturity Plan-Series 73-378 Days Plan O,Close Ended Schemes(Income),ICICI Prudential Mutual Fund,Regular,Other,,
128496,INF109KB1AR5,-,ICICI Prudential Fixed Maturity Plan-Series 73-378 Days Plan O,Close Ended Schemes(Income),ICICI Prudential Mutual Fund,Regular,Other,,
128497,INF109KB1AS3,-,ICICI Prudential Fixed Maturity Plan-Series 73-378 Days Plan O,Close Ended Schemes(Income),ICICI Prudential Mutual Fund,Regular,Other,,
128499,INF109KB1AQ7,-,ICICI Prudential Fixed Maturity Plan-Series 73-378 Days Plan O,Close Ended Schemes(Income),ICICI Prudential Mutual Fund,Regular,Other,,
128203,INF109KB1839,-,ICICI Prudential Fixed Maturity Plan-Series 73-383 Days Plan K,Close Ended Schemes(Income),ICICI Prudential Mutual Fund,Regular,Other,,
128201,INF109KB1854,-,ICICI Prudential Fixed Maturity Plan-Series 73-383 Days Plan K,Close Ended Schemes(Income),ICICI Prudential Mutual Fund,Regular,Other,,
128204,INF109KB1847,-,ICICI Prudential Fixed Maturity Plan-Series 73-383 Days Plan K,Close Ended Schemes(Income),ICICI Prudential Mutual Fund,Regular,Other,,
128075,INF109KB1BJ0,-,ICICI Prudential Fixed Maturity Plan-Series 73-390 Days Plan I,Close Ended Schemes(Income),ICICI Prudential Mutual Fund,Regular,Other,,
128076,INF109KB1BL6,-,ICICI Prudential Fixed Maturity Plan-Series 73-390 Days Plan I,Close Ended Schemes(Income),ICICI Prudential Mutual Fund,Regular,Other,,
128077,INF109KB1BK8,-,ICICI Prudential Fixed Maturity Plan-Series 73-390 Days Plan I,Close Ended Schemes(Income),ICICI Prudential Mutual Fund,Regular,Other,,
128038,INF109KB1797,-,ICICI Prudential Fixed Maturity Plan-Series 73-391 Days Plan G,Close Ended Schemes(Income),ICICI Prudential Mutual Fund,Regular,Other,,
128040,INF109KB1813,-,ICICI Prudential Fixed Maturity Plan-Series 73-391 Days Plan G,Close Ended Schemes(Income),ICICI Prudential Mutual Fund,Regular,Other,,
128039,INF109KB1805,-,ICICI Prudential Fixed Maturity Plan-Series 73-391 Days Plan G,Close Ended Schemes(Income),ICICI Prudential Mutual Fund,Regular,Other,,
128044,INF109KB1755,-,ICICI Prudential Fixed Maturity Plan-Series 73-392 Days Plan F,Close Ended Schemes(Income),ICICI Prudential Mutual Fund,Regular,Other,,
128042,INF109KB1771,-,ICICI Prudential Fixed Maturity Plan-Series 73-392 Days Plan F,Close Ended Schemes(Income),ICICI Prudential Mutual Fund,Regular,Other,,
127720,INF109KB1BN2,-,ICICI Prudential Fixed Maturity Plan-Series 73-407 Days Plan C,Close Ended Schemes(Income),ICICI Prudential Mutual Fund,Regular,Other,,
127722,INF109KB1BP7,-,ICICI Prudential Fixed Maturity Plan-Series 73-407 Days Plan C,Close Ended Schemes(Income),ICICI Prudential Mutual Fund,Regular,Other,,
127721,INF109KB1BO0,-,ICICI Prudential Fixed Maturity Plan-Series 73-407 Days Plan C,Close Ended Schemes(Income),ICICI Prudential Mutual Fund,Regular,Other,,
128113,INF109KB1XP1,-,ICICI Prudential Fixed Maturity Plan-Series 73-830 Days Plan J,Close Ended Schemes(Income),ICICI Prudential Mutual Fund,Regular,Other,,
128112,INF109KB1XR7,-,ICICI Prudential Fixed Maturity Plan-Series 73-830 Days Plan J,Close Ended Schemes(Income),ICICI Prudential Mutual Fund,Regular,Other,,
128111,INF109KB1XS5,-,ICICI Prudential Fixed Maturity Plan-Series 73-830 Days Plan J,Close Ended Schemes(Income),ICICI Prudential Mutual Fund,Regular,Other,,
128114,INF109KB1XQ9,-,ICICI Prudential Fixed Maturity Plan-Series 73-830 Days Plan J,Close Ended Schemes(Income),ICICI Prudential Mutual Fund,Regular,Other,,
130002,INF109KB1GV4,-,ICICI Prudential Fixed Maturity Plan-Series 74- 368 Days Plan R,Close Ended Schemes(Income),ICICI Prudential Mutual Fund,Regular,Other,,
130000,INF109KB1GT8,-,ICICI Prudential Fixed Maturity Plan-Series 74- 368 Days Plan R,Close Ended Schemes(Income),ICICI Prudential Mutual Fund,Regular,Other,,
129999,INF109KB1GU6,-,ICICI Prudential Fixed Maturity Plan-Series 74- 368 Days Plan R,Close Ended Schemes(Income),ICICI Prudential Mutual Fund,Regular,Other,,
130001,INF109KB1GW2,-,ICICI Prudential Fixed Maturity Plan-Series 74- 368 Days Plan R,Close Ended Schemes(Income),ICICI Prudential Mutual Fund,Regular,Other,,
129967,INF109KB1GJ9,-,ICICI Prudential Fixed Maturity Plan-Series 74- 370 Days Plan Q,Close Ended Schemes(Income),ICICI Prudential Mutual Fund,Regular,Other,,
129968,INF109KB1GH3,-,ICICI Prudential Fixed Maturity Plan-Series 74- 370 Days Plan Q,Close Ended Schemes(Income),ICICI Prudential Mutual Fund,Regular,Other,,
129970,INF109KB1GI1,-,ICICI Prudential Fixed Maturity Plan-Series 74- 370 Days Plan Q,Close Ended Schemes(Income),ICICI Prudential Mutual Fund,Regular,Other,,
129969,INF109KB1GK7,-,ICICI Prudential Fixed Maturity Plan-Series 74- 370 Days Plan Q,Close Ended Schemes(Income),ICICI Prudential Mutual Fund,Regular,Other,,
129254,INF109KA1TH7,-,ICICI Prudential Fixed Maturity Plan-Series 74-1092 Days Plan G,Close Ended Schemes(Income),ICICI Prudential Mutual Fund,Regular,Other,,
129252,INF109KA1TJ3,-,ICICI Prudential Fixed Maturity Plan-Series 74-1092 Days Plan G,Close Ended Schemes(Income),ICICI Prudential Mutual Fund,Regular,Other,,
129253,INF109KA1TK1,-,ICICI Prudential Fixed Maturity Plan-Series 74-1092 Days Plan G,Close Ended Schemes(Income),ICICI Prudential Mutual Fund,Regular,Other,,
129255,INF109KA1TI5,-,ICICI Prudential Fixed Maturity Plan-Series 74-1092 Days Plan G,Close Ended Schemes(Income),ICICI Prudential Mutual Fund,Regular,Other,,
129797,INF109KA1VB6,-,ICICI Prudential Fixed Maturity Plan-Series 74-1092 Days Plan P,Close Ended Schemes(Income),ICICI Prudential Mutual Fund,Regular,Other,,
129800,INF109KA1VC4,-,ICICI Prudential Fixed Maturity Plan-Series 74-1092 Days Plan P,Close Ended Schemes(Income),ICICI Prudential Mutual Fund,Regular,Other,,
129799,INF109KA1VE0,-,ICICI Prudential Fixed Maturity Plan-Series 74-1092 Days Plan P,Close Ended Schemes(Income),ICICI Prudential Mutual Fund,Regular,Other,,
129798,INF109KA1VD2,-,ICICI Prudential Fixed Maturity Plan-Series 74-1092 Days Plan P,Close Ended Schemes(Income),ICICI Prudential Mutual Fund,Regular,Other,,
129243,INF109KB1CP5,-,ICICI Prudential Fixed Maturity Plan-Series 74-367 Days Plan C,Close Ended Schemes(Income),ICICI Prudential Mutual Fund,Regular,Other,,
129240,INF109KB1CR1,-,ICICI Prudential Fixed Maturity Plan-Series 74-367 Days Plan C,Close Ended Schemes(Income),ICICI Prudential Mutual Fund,Regular,Other,,
129241,INF109KB1CQ3,-,ICICI Prudential Fixed Maturity Plan-Series 74-367 Days Plan C,Close Ended Schemes(Income),ICICI Prudential Mutual Fund,Regular,Other,,
129244,INF109KB1DY5,-,ICICI Prudential Fixed Maturity Plan-Series 74-367 Days Plan D,Close Ended Schemes(Income),ICICI Prudential Mutual Fund,Regular,Other,,
129246,INF109KB1EK2,-,ICICI Prudential Fixed Maturity Plan-Series 74-367 Days Plan D,Close Ended Schemes(Income),ICICI Prudential Mutual Fund,Regular,Other,,
129245,INF109KB1DZ2,-,ICICI Prudential Fixed Maturity Plan-Series 74-367 Days Plan D,Close Ended Schemes(Income),ICICI Prudential Mutual Fund,Regular,Other,,
129412,INF109KB1DV1,-,ICICI Prudential Fixed Maturity Plan-Series 74-368 Days Plan H,Close Ended Schemes(Income),ICICI Prudential Mutual Fund,Regular,Other,,
129410,INF109KB1DW9,-,ICICI Prudential Fixed Maturity Plan-Series 74-368 Days Plan H,Close Ended Schemes(Income),ICICI Prudential Mutual Fund,Regular,Other,,
129409,INF109KB1EJ4,-,ICICI Prudential Fixed Maturity Plan-Series 74-368 Days Plan H,Close Ended Schemes(Income),ICICI Prudential Mutual Fund,Regular,Other,,
129644,INF109KB1EX5,-,ICICI Prudential Fixed Maturity Plan-Series 74-368 Days Plan J,Close Ended Schemes(Income),ICICI Prudential Mutual Fund,Regular,Other,,
129642,INF109KB1FA0,-,ICICI Prudential Fixed Maturity Plan-Series 74-368 Days Plan J,Close Ended Schemes(Income),ICICI Prudential Mutual Fund,Regular,Other,,
129643,INF109KB1EZ0,-,ICICI Prudential Fixed Maturity Plan-Series 74-368 Days Plan J,Close Ended Schemes(Income),ICICI Prudential Mutual Fund,Regular,Other,,
129645,INF109KB1EY3,-,ICICI Prudential Fixed Maturity Plan-Series 74-368 Days Plan J,Close Ended Schemes(Income),ICICI Prudential Mutual Fund,Regular,Other,,
129026,INF109KB1CT7,-,ICICI Prudential Fixed Maturity Plan-Series 74-369 Days Plan B,Close Ended Schemes(Income),ICICI Prudential Mutual Fund,Regular,Other,,
129028,INF109KB1CV3,-,ICICI Prudential Fixed Maturity Plan-Series 74-369 Days Plan B,Close Ended Schemes(Income),ICICI Prudential Mutual Fund,Regular,Other,,
129029,INF109KB1CW1,-,ICICI Prudential Fixed Maturity Plan-Series 74-369 Days Plan B,Close Ended Schemes(Income),ICICI Prudential Mutual Fund,Regular,Other,,
129027,INF109KB1CU5,-,ICICI Prudential Fixed Maturity Plan-Series 74-369 Days Plan B,Close Ended Schemes(Income),ICICI Prudential Mutual Fund,Regular,Other,,
129248,INF109KB1CX9,-,ICICI Prudential Fixed Maturity Plan-Series 74-369 Days Plan F,Close Ended Schemes(Income),ICICI Prudential Mutual Fund,Regular,Other,,
129249,INF109KB1CZ4,-,ICICI Prudential Fixed Maturity Plan-Series 74-369 Days Plan F,Close Ended Schemes(Income),ICICI Prudential Mutual Fund,Regular,Other,,
129472,INF109KB1FB8,-,ICICI Prudential Fixed Maturity Plan-Series 74-369 Days Plan I,Close Ended Schemes(Income),ICICI Prudential Mutual Fund,Regular,Other,,
129471,INF109KB1FC6,-,ICICI Prudential Fixed Maturity Plan-Series 74-369 Days Plan I,Close Ended Schemes(Income),ICICI Prudential Mutual Fund,Regular,Other,,
129473,INF109KB1FE2,-,ICICI Prudential Fixed Maturity Plan-Series 74-369 Days Plan I,Close Ended Schemes(Income),ICICI Prudential Mutual Fund,Regular,Other,,
129470,INF109KB1FD4,-,ICICI Prudential Fixed Maturity Plan-Series 74-369 Days Plan I,Close Ended Schemes(Income),ICICI Prudential Mutual Fund,Regular,Other,,
129716,INF109KB1FM5,-,ICICI Prudential Fixed Maturity Plan-Series 74-369 Days Plan K,Close Ended Schemes(Income),ICICI Prudential Mutual Fund,Regular,Other,,
129717,INF109KB1FJ1,-,ICICI Prudential Fixed Maturity Plan-Series 74-369 Days Plan K,Close Ended Schemes(Income),ICICI Prudential Mutual Fund,Regular,Other,,
129715,INF109KB1FL7,-,ICICI Prudential Fixed Maturity Plan-Series 74-369 Days Plan K,Close Ended Schemes(Income),ICICI Prudential Mutual Fund,Regular,Other,,
129718,INF109KB1FK9,-,ICICI Prudential Fixed Maturity Plan-Series 74-369 Days Plan K,Close Ended Schemes(Income),ICICI Prudential Mutual Fund,Regular,Other,,
129916,INF109KB1GR2,-,ICICI Prudential Fixed Maturity Plan-Series 74-369 Days Plan L,Close Ended Schemes(Income),ICICI Prudential Mutual Fund,Regular,Other,,
129913,INF109KB1GS0,-,ICICI Prudential Fixed Maturity Plan-Series 74-369 Days Plan L,Close Ended Schemes(Income),ICICI Prudential Mutual Fund,Regular,Other,,
129915,INF109KB1GP6,-,ICICI Prudential Fixed Maturity Plan-Series 74-369 Days Plan L,Close Ended Schemes(Income),ICICI Prudential Mutual Fund,Regular,Other,,
129914,INF109KB1GQ4,-,ICICI Prudential Fixed Maturity Plan-Series 74-369 Days Plan L,Close Ended Schemes(Income),ICICI Prudential Mutual Fund,Regular,Other,,
129024,INF109KB1CL4,-,ICICI Prudential Fixed Maturity Plan-Series 74-370 Days Plan A,Close Ended Schemes(Income),ICICI Prudential Mutual Fund,Regular,Other,,
129022,INF109KB1CN0,-,ICICI Prudential Fixed Maturity Plan-Series 74-370 Days Plan A,Close Ended Schemes(Income),ICICI Prudential Mutual Fund,Regular,Other,,
129023,INF109KB1CO8,-,ICICI Prudential Fixed Maturity Plan-Series 74-370 Days Plan A,Close Ended Schemes(Income),ICICI Prudential Mutual Fund,Regular,Other,,
129025,INF109KB1CM2,-,ICICI Prudential Fixed Maturity Plan-Series 74-370 Days Plan A,Close Ended Schemes(Income),ICICI Prudential Mutual Fund,Regular,Other,,
130005,INF109KB1HV2,-,ICICI Prudential Fixed Maturity Plan-Series 74-370 Days Plan S,Close Ended Schemes(Income),ICICI Prudential Mutual Fund,Regular,Other,,
130008,INF109KB1HX8,-,ICICI Prudential Fixed Maturity Plan-Series 74-370 Days Plan S,Close Ended Schemes(Income),ICICI Prudential Mutual Fund,Regular,Other,,
130007,INF109KB1HY6,-,ICICI Prudential Fixed Maturity Plan-Series 74-370 Days Plan S,Close Ended Schemes(Income),ICICI Prudential Mutual Fund,Regular,Other,,
130006,INF109KB1HW0,-,ICICI Prudential Fixed Maturity Plan-Series 74-370 Days Plan S,Close Ended Schemes(Income),ICICI Prudential Mutual Fund,Regular,Other,,
135717,INF109KB1ON5,-,ICICI Prudential Multiple Yield Fund - Series 10 - 1775 Days - Plan A,Close Ended Schemes(Income),ICICI Prudential Mutual Fund,Regular,Other,,
135718,INF109KB1OP0,-,ICICI Prudential Multiple Yield Fund - Series 10 - 1775 Days - Plan A,Close Ended Schemes(Income),ICICI Prudential Mutual Fund,Regular,Other,,
135719,INF109KB1OQ8,-,ICICI Prudential Multiple Yield Fund - Series 10 - 1775 Days - Plan A,Close Ended Schemes(Income),ICICI Prudential Mutual Fund,Regular,Other,,
135720,INF109KB1OO3,-,ICICI Prudential Multiple Yield Fund - Series 10 - 1775 Days - Plan A,Close Ended Schemes(Income),ICICI Prudential Mutual Fund,Regular,Other,,
135927,INF109KB1PD3,-,ICICI Prudential Multiple Yield Fund - Series 10 - 1825 Days - Plan B,Close Ended Schemes(Income),ICICI Prudential Mutual Fund,Regular,Other,,
135924,INF109KB1PE1,-,ICICI Prudential Multiple Yield Fund - Series 10 - 1825 Days - Plan B,Close Ended Schemes(Income),ICICI Prudential Mutual Fund,Regular,Other,,
135926,INF109KB1PF8,-,ICICI Prudential Multiple Yield Fund - Series 10 - 1825 Days - Plan B,Close Ended Schemes(Income),ICICI Prudential Mutual Fund,Regular,Other,,
135925,INF109KB1PG6,-,ICICI Prudential Multiple Yield Fund - Series 10 - 1825 Days - Plan B,Close Ended Schemes(Income),ICICI Prudential Mutual Fund,Regular,Other,,
139590,INF109KB1YE3,-,ICICI Prudential Multiple Yield Fund - Series 11 - Plan A 1427 Days,Close Ended Schemes(Income),ICICI Prudential Mutual Fund,Regular,Other,,
139592,INF109KB1YC7,-,ICICI Prudential Multiple Yield Fund - Series 11 - Plan A 1427 Days,Close Ended Schemes(Income),ICICI Prudential Mutual Fund,Regular,Other,,
139593,INF109KB1YD5,-,ICICI Prudential Multiple Yield Fund - Series 11 - Plan A 1427 Days,Close Ended Schemes(Income),ICICI Prudential Mutual Fund,Regular,Other,,
139591,INF109KB1YF0,-,ICICI Prudential Multiple Yield Fund - Series 11 - Plan A 1427 Days,Close Ended Schemes(Income),ICICI Prudential Mutual Fund,Regular,Other,,
139763,INF109KB1ZW2,-,ICICI Prudential Multiple Yield Fund - Series 11 - Plan B 1394 Days,Close Ended Schemes(Income),ICICI Prudential Mutual Fund,Regular,Other,,
139764,INF109KB1ZU6,-,ICICI Prudential Multiple Yield Fund - Series 11 - Plan B 1394 Days,Close Ended Schemes(Income),ICICI Prudential Mutual Fund,Regular,Other,,
139765,INF109KB1ZV4,-,ICICI Prudential Multiple Yield Fund - Series 11 - Plan B 1394 Days,Close Ended Schemes(Income),ICICI Prudential Mutual Fund,Regular,Other,,
139766,INF109KB1ZX0,-,ICICI Prudential Multiple Yield Fund - Series 11 - Plan B 1394 Days,Close Ended Schemes(Income),ICICI Prudential Mutual Fund,Regular,Other,,
139996,INF109KB1G50,-,ICICI Prudential Multiple Yield Fund - Series 11 - Plan C - 1387 Days,Close Ended Schemes(Income),ICICI Prudential Mutual Fund,Regular,Other,,
139993,INF109KB1G35,-,ICICI Prudential Multiple Yield Fund - Series 11 - Plan C - 1387 Days,Close Ended Schemes(Income),ICICI Prudential Mutual Fund,Regular,Other,,
139995,INF109KB1G27,-,ICICI Prudential Multiple Yield Fund - Series 11 - Plan C - 1387 Days,Close Ended Schemes(Income),ICICI Prudential Mutual Fund,Regular,Other,,
139994,INF109KB1G43,-,ICICI Prudential Multiple Yield Fund - Series 11 - Plan C - 1387 Days,Close Ended Schemes(Income),ICICI Prudential Mutual Fund,Regular,Other,,
140060,INF109KB1J24,-,ICICI Prudential Multiple Yield Fund - Series 11 - Plan D 1361 Days,Close Ended Schemes(Income),ICICI Prudential Mutual Fund,Regular,Other,,
140058,INF109KB1J08,-,ICICI Prudential Multiple Yield Fund - Series 11 - Plan D 1361 Days,Close Ended Schemes(Income),ICICI Prudential Mutual Fund,Regular,Other,,
140059,INF109KB1J16,-,ICICI Prudential Multiple Yield Fund - Series 11 - Plan D 1361 Days,Close Ended Schemes(Income),ICICI Prudential Mutual Fund,Regular,Other,,
140057,INF109KB1J32,-,ICICI Prudential Multiple Yield Fund - Series 11 - Plan D 1361 Days,Close Ended Schemes(Income),ICICI Prudential Mutual Fund,Regular,Other,,
142381,INF109KC1630,-,ICICI Prudential Multiple Yield Fund - Series 14 - Plan A 1228 Days,Close Ended Schemes(Income),ICICI Prudential Mutual Fund,Regular,Other,,
142382,INF109KC1655,-,ICICI Prudential Multiple Yield Fund - Series 14 - Plan A 1228 Days,Close Ended Schemes(Income),ICICI Prudential Mutual Fund,Regular,Other,,
142379,INF109KC1663,-,ICICI Prudential Multiple Yield Fund - Series 14 - Plan A 1228 Days,Close Ended Schemes(Income),ICICI Prudential Mutual Fund,Regular,Other,,
142380,INF109KC1648,-,ICICI Prudential Multiple Yield Fund - Series 14 - Plan A 1228 Days,Close Ended Schemes(Income),ICICI Prudential Mutual Fund,Regular,Other,,
121513,INF109K017R5,-,ICICI Prudential Multiple Yield Fund - Series 3 - Plan A,Close Ended Schemes(Income),ICICI Prudential Mutual Fund,Regular,Other,,
121510,INF109K019R1,-,ICICI Prudential Multiple Yield Fund - Series 3 - Plan A,Close Ended Schemes(Income),ICICI Prudential Mutual Fund,Regular,Other,,
121512,INF109K010S8,-,ICICI Prudential Multiple Yield Fund - Series 3 - Plan A,Close Ended Schemes(Income),ICICI Prudential Mutual Fund,Regular,Other,,
121511,INF109K018R3,-,ICICI Prudential Multiple Yield Fund - Series 3 - Plan A,Close Ended Schemes(Income),ICICI Prudential Mutual Fund,Regular,Other,,
122251,INF109K013X2,-,ICICI Prudential Multiple Yield Fund - Series 3 - Plan B,Close Ended Schemes(Income),ICICI Prudential Mutual Fund,Regular,Other,,
122249,INF109K015X7,-,ICICI Prudential Multiple Yield Fund - Series 3 - Plan B,Close Ended Schemes(Income),ICICI Prudential Mutual Fund,Regular,Other,,
122250,INF109K016X5,-,ICICI Prudential Multiple Yield Fund - Series 3 - Plan B,Close Ended Schemes(Income),ICICI Prudential Mutual Fund,Regular,Other,,
122252,INF109K014X0,-,ICICI Prudential Multiple Yield Fund - Series 3 - Plan B,Close Ended Schemes(Income),ICICI Prudential Mutual Fund,Regular,Other,,
122402,INF109KA1087,-,ICICI Prudential Multiple Yield Fund - Series 3 - Plan C,Close Ended Schemes(Income),ICICI Prudential Mutual Fund,Regular,Other,,
122403,INF109KA1079,-,ICICI Prudential Multiple Yield Fund - Series 3 - Plan C,Close Ended Schemes(Income),ICICI Prudential Mutual Fund,Regular,Other,,
122401,INF109KA1061,-,ICICI Prudential Multiple Yield Fund - Series 3 - Plan C,Close Ended Schemes(Income),ICICI Prudential Mutual Fund,Regular,Other,,
122404,INF109KA1095,-,ICICI Prudential Multiple Yield Fund - Series 3 - Plan C,Close Ended Schemes(Income),ICICI Prudential Mutual Fund,Regular,Other,,
122441,INF109KB1WM0,-,ICICI Prudential Multiple Yield Fund - Series 3 - Plan D,Close Ended Schemes(Income),ICICI Prudential Mutual Fund,Regular,Other,,
122439,INF109KB1WO6,-,ICICI Prudential Multiple Yield Fund - Series 3 - Plan D,Close Ended Schemes(Income),ICICI Prudential Mutual Fund,Regular,Other,,
122440,INF109KB1WP3,-,ICICI Prudential Multiple Yield Fund - Series 3 - Plan D,Close Ended Schemes(Income),ICICI Prudential Mutual Fund,Regular,Other,,
122442,INF109KB1WN8,-,ICICI Prudential Multiple Yield Fund - Series 3 - Plan D,Close Ended Schemes(Income),ICICI Prudential Mutual Fund,Regular,Other,,
122662,INF109KA1442,-,ICICI Prudential Multiple Yield Fund - Series 4 - 1100 Days - Plan C,Close Ended Schemes(Income),ICICI Prudential Mutual Fund,Regular,Other,,
122661,INF109KA1467,-,ICICI Prudential Multiple Yield Fund - Series 4 - 1100 Days - Plan C,Close Ended Schemes(Income),ICICI Prudential Mutual Fund,Regular,Other,,
122664,INF109KA1475,-,ICICI Prudential Multiple Yield Fund - Series 4 - 1100 Days - Plan C,Close Ended Schemes(Income),ICICI Prudential Mutual Fund,Regular,Other,,
122663,INF109KA1459,-,ICICI Prudential Multiple Yield Fund - Series 4 - 1100 Days - Plan C,Close Ended Schemes(Income),ICICI Prudential Mutual Fund,Regular,Other,,
122853,INF109KA1806,-,ICICI Prudential Multiple Yield Fund - Series 4 - 1100 Days - Plan E,Close Ended Schemes(Income),ICICI Prudential Mutual Fund,Regular,Other,,
122850,INF109KA1822,-,ICICI Prudential Multiple Yield Fund - Series 4 - 1100 Days - Plan E,Close Ended Schemes(Income),ICICI Prudential Mutual Fund,Regular,Other,,
122852,INF109KA1830,-,ICICI Prudential Multiple Yield Fund - Series 4 - 1100 Days - Plan E,Close Ended Schemes(Income),ICICI Prudential Mutual Fund,Regular,Other,,
122851,INF109KA1814,-,ICICI Prudential Multiple Yield Fund - Series 4 - 1100 Days - Plan E,Close Ended Schemes(Income),ICICI Prudential Mutual Fund,Regular,Other,,
122532,INF109KA1285,-,ICICI Prudential Multiple Yield Fund - Series 4 - 1825 Days - Plan A,Close Ended Schemes(Income),ICICI Prudential Mutual Fund,Regular,Other,,
122533,INF109KA1293,-,ICICI Prudential Multiple Yield Fund - Series 4 - 1825 Days - Plan A,Close Ended Schemes(Income),ICICI Prudential Mutual Fund,Regular,Other,,
122534,INF109KA1277,-,ICICI Prudential Multiple Yield Fund - Series 4 - 1825 Days - Plan A,Close Ended Schemes(Income),ICICI Prudential Mutual Fund,Regular,Other,,
122535,INF109KA1269,-,ICICI Prudential Multiple Yield Fund - Series 4 - 1825 Days - Plan A,Close Ended Schemes(Income),ICICI Prudential Mutual Fund,Regular,Other,,
122658,INF109KA1483,-,ICICI Prudential Multiple Yield Fund - Series 4 - 1825 Days - Plan B,Close Ended Schemes(Income),ICICI Prudential Mutual Fund,Regular,Other,,
122659,INF109KA1509,-,ICICI Prudential Multiple Yield Fund - Series 4 - 1825 Days - Plan B,Close Ended Schemes(Income),ICICI Prudential Mutual Fund,Regular,Other,,
122657,INF109KA1517,-,ICICI Prudential Multiple Yield Fund - Series 4 - 1825 Days - Plan B,Close Ended Schemes(Income),ICICI Prudential Mutual Fund,Regular,Other,,
122660,INF109KA1491,-,ICICI Prudential Multiple Yield Fund - Series 4 - 1825 Days - Plan B,Close Ended Schemes(Income),ICICI Prudential Mutual Fund,Regular,Other,,
122755,INF109KA1566,-,ICICI Prudential Multiple Yield Fund - Series 4 - 1825 Days - Plan D,Close Ended Schemes(Income),ICICI Prudential Mutual Fund,Regular,Other,,
122754,INF109KA1582,-,ICICI Prudential Multiple Yield Fund - Series 4 - 1825 Days - Plan D,Close Ended Schemes(Income),ICICI Prudential Mutual Fund,Regular,Other,,
122753,INF109KA1590,-,ICICI Prudential Multiple Yield Fund - Series 4 - 1825 Days - Plan D,Close Ended Schemes(Income),ICICI Prudential Mutual Fund,Regular,Other,,
122756,INF109KA1574,-,ICICI Prudential Multiple Yield Fund - Series 4 - 1825 Days - Plan D,Close Ended Schemes(Income),ICICI Prudential Mutual Fund,Regular,Other,,
124138,INF109KA1DH1,-,ICICI Prudential Multiple Yield Fund - Series 5 - 1100 Days - Plan A,Close Ended Schemes(Income),ICICI Prudential Mutual Fund,Regular,Other,,
124140,INF109KA1DF5,-,ICICI Prudential Multiple Yield Fund - Series 5 - 1100 Days - Plan A,Close Ended Schemes(Income),ICICI Prudential Mutual Fund,Regular,Other,,
124141,INF109KA1DG3,-,ICICI Prudential Multiple Yield Fund - Series 5 - 1100 Days - Plan A,Close Ended Schemes(Income),ICICI Prudential Mutual Fund,Regular,Other,,
124139,INF109KA1DI9,-,ICICI Prudential Multiple Yield Fund - Series 5 - 1100 Days - Plan A,Close Ended Schemes(Income),ICICI Prudential Mutual Fund,Regular,Other,,
125263,INF109KA1HB5,-,ICICI Prudential Multiple Yield Fund - Series 5 - 1100 Days - Plan B,Close Ended Schemes(Income),ICICI Prudential Mutual Fund,Regular,Other,,
125260,INF109KA1HC3,-,ICICI Prudential Multiple Yield Fund - Series 5 - 1100 Days - Plan B,Close Ended Schemes(Income),ICICI Prudential Mutual Fund,Regular,Other,,
125262,INF109KA1HE9,-,ICICI Prudential Multiple Yield Fund - Series 5 - 1100 Days - Plan B,Close Ended Schemes(Income),ICICI Prudential Mutual Fund,Regular,Other,,
125261,INF109KA1HD1,-,ICICI Prudential Multiple Yield Fund - Series 5 - 1100 Days - Plan B,Close Ended Schemes(Income),ICICI Prudential Mutual Fund,Regular,Other,,
126114,INF109KA1JP1,-,ICICI Prudential Multiple Yield Fund - Series 5 - 1100 Days - Plan D,Close Ended Schemes(Income),ICICI Prudential Mutual Fund,Regular,Other,,
126115,INF109KA1JQ9,-,ICICI Prudential Multiple Yield Fund - Series 5 - 1100 Days - Plan D,Close Ended Schemes(Income),ICICI Prudential Mutual Fund,Regular,Other,,
126116,INF109KA1JN6,-,ICICI Prudential Multiple Yield Fund - Series 5 - 1100 Days - Plan D,Close Ended Schemes(Income),ICICI Prudential Mutual Fund,Regular,Other,,
126113,INF109KA1JO4,-,ICICI Prudential Multiple Yield Fund - Series 5 - 1100 Days - Plan D,Close Ended Schemes(Income),ICICI Prudential Mutual Fund,Regular,Other,,
126086,INF109KA1JJ4,-,ICICI Prudential Multiple Yield Fund - Series 5 - 1825 Days - Plan C,Close Ended Schemes(Income),ICICI Prudential Mutual Fund,Regular,Other,,
126088,INF109KA1JL0,-,ICICI Prudential Multiple Yield Fund - Series 5 - 1825 Days - Plan C,Close Ended Schemes(Income),ICICI Prudential Mutual Fund,Regular,Other,,
126087,INF109KA1JK2,-,ICICI Prudential Multiple Yield Fund - Series 5 - 1825 Days - Plan C,Close Ended Schemes(Income),ICICI Prudential Mutual Fund,Regular,Other,,
127129,INF109KA1ND9,-,ICICI Prudential Multiple Yield Fund - Series 6 - 1100 Days - Plan A,Close Ended Schemes(Income),ICICI Prudential Mutual Fund,Regular,Other,,
127131,INF109KA1NB3,-,ICICI Prudential Multiple Yield Fund - Series 6 - 1100 Days - Plan A,Close Ended Schemes(Income),ICICI Prudential Mutual Fund,Regular,Other,,
127132,INF109KA1NC1,-,ICICI Prudential Multiple Yield Fund - Series 6 - 1100 Days - Plan A,Close Ended Schemes(Income),ICICI Prudential Mutual Fund,Regular,Other,,
129068,INF109KA1SP2,-,ICICI Prudential Multiple Yield Fund - Series 6 - 1100 Days - Plan E,Close Ended Schemes(Income),ICICI Prudential Mutual Fund,Regular,Other,,
129067,INF109KA1SQ0,-,ICICI Prudential Multiple Yield Fund - Series 6 - 1100 Days - Plan E,Close Ended Schemes(Income),ICICI Prudential Mutual Fund,Regular,Other,,
129066,INF109KA1SN7,-,ICICI Prudential Multiple Yield Fund - Series 6 - 1100 Days - Plan E,Close Ended Schemes(Income),ICICI Prudential Mutual Fund,Regular,Other,,
129069,INF109KA1SO5,-,ICICI Prudential Multiple Yield Fund - Series 6 - 1100 Days - Plan E,Close Ended Schemes(Income),ICICI Prudential Mutual Fund,Regular,Other,,
128207,INF109KA1PP8,-,ICICI Prudential Multiple Yield Fund - Series 6 - 1125 Days - Plan B,Close Ended Schemes(Income),ICICI Prudential Mutual Fund,Regular,Other,,
128205,INF109KA1PR4,-,ICICI Prudential Multiple Yield Fund - Series 6 - 1125 Days - Plan B,Close Ended Schemes(Income),ICICI Prudential Mutual Fund,Regular,Other,,
128206,INF109KA1PS2,-,ICICI Prudential Multiple Yield Fund - Series 6 - 1125 Days - Plan B,Close Ended Schemes(Income),ICICI Prudential Mutual Fund,Regular,Other,,
128208,INF109KA1PQ6,-,ICICI Prudential Multiple Yield Fund - Series 6 - 1125 Days - Plan B,Close Ended Schemes(Income),ICICI Prudential Mutual Fund,Regular,Other,,
128492,INF109KA1RD0,-,ICICI Prudential Multiple Yield Fund - Series 6 - 1825 Days - Plan C,Close Ended Schemes(Income),ICICI Prudential Mutual Fund,Regular,Other,,
128494,INF109KA1RF5,-,ICICI Prudential Multiple Yield Fund - Series 6 - 1825 Days - Plan C,Close Ended Schemes(Income),ICICI Prudential Mutual Fund,Regular,Other,,
128495,INF109KA1RG3,-,ICICI Prudential Multiple Yield Fund - Series 6 - 1825 Days - Plan C,Close Ended Schemes(Income),ICICI Prudential Mutual Fund,Regular,Other,,
128493,INF109KA1RE8,-,ICICI Prudential Multiple Yield Fund - Series 6 - 1825 Days - Plan C,Close Ended Schemes(Income),ICICI Prudential Mutual Fund,Regular,Other,,
129232,INF109KA1TT2,-,ICICI Prudential Multiple Yield Fund - Series 6 - 1825 Days - Plan D,Close Ended Schemes(Income),ICICI Prudential Mutual Fund,Regular,Other,,
129231,INF109KA1TV8,-,ICICI Prudential Multiple Yield Fund - Series 6 - 1825 Days - Plan D,Close Ended Schemes(Income),ICICI Prudential Mutual Fund,Regular,Other,,
129230,INF109KA1TW6,-,ICICI Prudential Multiple Yield Fund - Series 6 - 1825 Days - Plan D,Close Ended Schemes(Income),ICICI Prudential Mutual Fund,Regular,Other,,
129233,INF109KA1TU0,-,ICICI Prudential Multiple Yield Fund - Series 6 - 1825 Days - Plan D,Close Ended Schemes(Income),ICICI Prudential Mutual Fund,Regular,Other,,
131352,INF109KA1T81,-,ICICI Prudential Multiple Yield Fund - Series 7 - 1100 Days - Plan F,Close Ended Schemes(Income),ICICI Prudential Mutual Fund,Regular,Other,,
131353,INF109KA1U05,-,ICICI Prudential Multiple Yield Fund - Series 7 - 1100 Days - Plan F,Close Ended Schemes(Income),ICICI Prudential Mutual Fund,Regular,Other,,
131350,INF109KA1U13,-,ICICI Prudential Multiple Yield Fund - Series 7 - 1100 Days - Plan F,Close Ended Schemes(Income),ICICI Prudential Mutual Fund,Regular,Other,,
131351,INF109KA1T99,-,ICICI Prudential Multiple Yield Fund - Series 7 - 1100 Days - Plan F,Close Ended Schemes(Income),ICICI Prudential Mutual Fund,Regular,Other,,
131262,INF109KA1R75,-,ICICI Prudential Multiple Yield Fund - Series 7 - 1338 Days Plan D,Close Ended Schemes(Income),ICICI Prudential Mutual Fund,Regular,Other,,
131264,INF109KA1R67,-,ICICI Prudential Multiple Yield Fund - Series 7 - 1338 Days Plan D,Close Ended Schemes(Income),ICICI Prudential Mutual Fund,Regular,Other,,
131263,INF109KA1R83,-,ICICI Prudential Multiple Yield Fund - Series 7 - 1338 Days Plan D,Close Ended Schemes(Income),ICICI Prudential Mutual Fund,Regular,Other,,
131261,INF109KA1R91,-,ICICI Prudential Multiple Yield Fund - Series 7 - 1338 Days Plan D,Close Ended Schemes(Income),ICICI Prudential Mutual Fund,Regular,Other,,
130440,INF109KA1YP0,-,ICICI Prudential Multiple Yield Fund - Series 7 - 1825 Days - Plan B,Close Ended Schemes(Income),ICICI Prudential Mutual Fund,Regular,Other,,
130438,INF109KA1YN5,-,ICICI Prudential Multiple Yield Fund - Series 7 - 1825 Days - Plan B,Close Ended Schemes(Income),ICICI Prudential Mutual Fund,Regular,Other,,
130439,INF109KA1YO3,-,ICICI Prudential Multiple Yield Fund - Series 7 - 1825 Days - Plan B,Close Ended Schemes(Income),ICICI Prudential Mutual Fund,Regular,Other,,
130441,INF109KA1YQ8,-,ICICI Prudential Multiple Yield Fund - Series 7 - 1825 Days - Plan B,Close Ended Schemes(Income),ICICI Prudential Mutual Fund,Regular,Other,,
130990,INF109KA1J83,-,ICICI Prudential Multiple Yield Fund - Series 7 - 1825 Days - Plan C,Close Ended Schemes(Income),ICICI Prudential Mutual Fund,Regular,Other,,
130991,INF109KA1K07,-,ICICI Prudential Multiple Yield Fund - Series 7 - 1825 Days - Plan C,Close Ended Schemes(Income),ICICI Prudential Mutual Fund,Regular,Other,,
130989,INF109KA1K15,-,ICICI Prudential Multiple Yield Fund - Series 7 - 1825 Days - Plan C,Close Ended Schemes(Income),ICICI Prudential Mutual Fund,Regular,Other,,
130992,INF109KA1J91,-,ICICI Prudential Multiple Yield Fund - Series 7 - 1825 Days - Plan C,Close Ended Schemes(Income),ICICI Prudential Mutual Fund,Regular,Other,,
131314,INF109KA1S25,-,ICICI Prudential Multiple Yield Fund - Series 7 - 1825 Days - Plan E,Close Ended Schemes(Income),ICICI Prudential Mutual Fund,Regular,Other,,
131316,INF109KA1S41,-,ICICI Prudential Multiple Yield Fund - Series 7 - 1825 Days - Plan E,Close Ended Schemes(Income),ICICI Prudential Mutual Fund,Regular,Other,,
131313,INF109KA1S58,-,ICICI Prudential Multiple Yield Fund - Series 7 - 1825 Days - Plan E,Close Ended Schemes(Income),ICICI Prudential Mutual Fund,Regular,Other,,
131315,INF109KA1S33,-,ICICI Prudential Multiple Yield Fund - Series 7 - 1825 Days - Plan E,Close Ended Schemes(Income),ICICI Prudential Mutual Fund,Regular,Other,,
133172,INF109KA16L4,-,ICICI Prudential Multiple Yield Fund - Series 8 - 1101 Days Plan E,Close Ended Schemes(Income),ICICI Prudential Mutual Fund,Regular,Other,,
133174,INF109KA18L0,-,ICICI Prudential Multiple Yield Fund - Series 8 - 1101 Days Plan E,Close Ended Schemes(Income),ICICI Prudential Mutual Fund,Regular,Other,,
133173,INF109KA17L2,-,ICICI Prudential Multiple Yield Fund - Series 8 - 1101 Days Plan E,Close Ended Schemes(Income),ICICI Prudential Mutual Fund,Regular,Other,,
132954,INF109KA16F6,-,ICICI Prudential Multiple Yield Fund - Series 8 - 1103 Days Plan C,Close Ended Schemes(Income),ICICI Prudential Mutual Fund,Regular,Other,,
132951,INF109KA18F2,-,ICICI Prudential Multiple Yield Fund - Series 8 - 1103 Days Plan C,Close Ended Schemes(Income),ICICI Prudential Mutual Fund,Regular,Other,,
132953,INF109KA19F0,-,ICICI Prudential Multiple Yield Fund - Series 8 - 1103 Days Plan C,Close Ended Schemes(Income),ICICI Prudential Mutual Fund,Regular,Other,,
132952,INF109KA17F4,-,ICICI Prudential Multiple Yield Fund - Series 8 - 1103 Days Plan C,Close Ended Schemes(Income),ICICI Prudential Mutual Fund,Regular,Other,,
133578,INF109KA10T0,-,ICICI Prudential Multiple Yield Fund - Series 8 - 1103 Days Plan F,Close Ended Schemes(Income),ICICI Prudential Mutual Fund,Regular,Other,,
133577,INF109KA12T6,-,ICICI Prudential Multiple Yield Fund - Series 8 - 1103 Days Plan F,Close Ended Schemes(Income),ICICI Prudential Mutual Fund,Regular,Other,,
133580,INF109KA13T4,-,ICICI Prudential Multiple Yield Fund - Series 8 - 1103 Days Plan F,Close Ended Schemes(Income),ICICI Prudential Mutual Fund,Regular,Other,,
133579,INF109KA11T8,-,ICICI Prudential Multiple Yield Fund - Series 8 - 1103 Days Plan F,Close Ended Schemes(Income),ICICI Prudential Mutual Fund,Regular,Other,,
133112,INF109KA18J4,-,ICICI Prudential Multiple Yield Fund - Series 8 - 1822 Days - Plan D,Close Ended Schemes(Income),ICICI Prudential Mutual Fund,Regular,Other,,
133110,INF109KA10K9,-,ICICI Prudential Multiple Yield Fund - Series 8 - 1822 Days - Plan D,Close Ended Schemes(Income),ICICI Prudential Mutual Fund,Regular,Other,,
133111,INF109KA11K7,-,ICICI Prudential Multiple Yield Fund - Series 8 - 1822 Days - Plan D,Close Ended Schemes(Income),ICICI Prudential Mutual Fund,Regular,Other,,
133113,INF109KA19J2,-,ICICI Prudential Multiple Yield Fund - Series 8 - 1822 Days - Plan D,Close Ended Schemes(Income),ICICI Prudential Mutual Fund,Regular,Other,,
131574,INF109KA16B5,-,ICICI Prudential Multiple Yield Fund - Series 8 - 1824 Days - Plan A,Close Ended Schemes(Income),ICICI Prudential Mutual Fund,Regular,Other,,
131577,INF109KA18B1,-,ICICI Prudential Multiple Yield Fund - Series 8 - 1824 Days - Plan A,Close Ended Schemes(Income),ICICI Prudential Mutual Fund,Regular,Other,,
131576,INF109KA19B9,-,ICICI Prudential Multiple Yield Fund - Series 8 - 1824 Days - Plan A,Close Ended Schemes(Income),ICICI Prudential Mutual Fund,Regular,Other,,
131575,INF109KA17B3,-,ICICI Prudential Multiple Yield Fund - Series 8 - 1824 Days - Plan A,Close Ended Schemes(Income),ICICI Prudential Mutual Fund,Regular,Other,,
134262,INF109KB1714,-,ICICI Prudential Multiple Yield Fund - Series 9 - 1140 Days Plan A,Close Ended Schemes(Income),ICICI Prudential Mutual Fund,Regular,Other,,
134259,INF109KB1730,-,ICICI Prudential Multiple Yield Fund - Series 9 - 1140 Days Plan A,Close Ended Schemes(Income),ICICI Prudential Mutual Fund,Regular,Other,,
134260,INF109KB1748,-,ICICI Prudential Multiple Yield Fund - Series 9 - 1140 Days Plan A,Close Ended Schemes(Income),ICICI Prudential Mutual Fund,Regular,Other,,
134261,INF109KB1722,-,ICICI Prudential Multiple Yield Fund - Series 9 - 1140 Days Plan A,Close Ended Schemes(Income),ICICI Prudential Mutual Fund,Regular,Other,,
129742,INF109KA1UX2,-,ICICI Prudential Multiple Yield Fund- Series 6 -1100 Days Plan F,Close Ended Schemes(Income),ICICI Prudential Mutual Fund,Regular,Other,,
129741,INF109KA1UZ7,-,ICICI Prudential Multiple Yield Fund- Series 6 -1100 Days Plan F,Close Ended Schemes(Income),ICICI Prudential Mutual Fund,Regular,Other,,
129744,INF109KA1VA8,-,ICICI Prudential Multiple Yield Fund- Series 6 -1100 Days Plan F,Close Ended Schemes(Income),ICICI Prudential Mutual Fund,Regular,Other,,
129743,INF109KA1UY0,-,ICICI Prudential Multiple Yield Fund- Series 6 -1100 Days Plan F,Close Ended Schemes(Income),ICICI Prudential Mutual Fund,Regular,Other,,
130148,INF109KA1WV2,-,ICICI Prudential Multiple Yield Fund- Series 7 -1100 Days Plan A,Close Ended Schemes(Income),ICICI Prudential Mutual Fund,Regular,Other,,
130146,INF109KA1WX8,-,ICICI Prudential Multiple Yield Fund- Series 7 -1100 Days Plan A,Close Ended Schemes(Income),ICICI Prudential Mutual Fund,Regular,Other,,
130145,INF109KA1WY6,-,ICICI Prudential Multiple Yield Fund- Series 7 -1100 Days Plan A,Close Ended Schemes(Income),ICICI Prudential Mutual Fund,Regular,Other,,
130147,INF109KA1WW0,-,ICICI Prudential Multiple Yield Fund- Series 7 -1100 Days Plan A,Close Ended Schemes(Income),ICICI Prudential Mutual Fund,Regular,Other,,
130565,INF613Q01025,Redeemed,IL&FS Infrastructure Debt Fund Series 1A,Close Ended Schemes(Income),IL&FS Mutual Fund (IDF),Regular,Other,,
129287,INF613Q01017,Redeemed,IL&FS Infrastructure Debt Fund Series 1A,Close Ended Schemes(Income),IL&FS Mutual Fund (IDF),Regular,Other,,
129288,INF613Q01058,Redeemed,IL&FS Infrastructure Debt Fund Series 1C,Close Ended Schemes(Income),IL&FS Mutual Fund (IDF),Regular,Other,,
130567,INF613Q01066,Redeemed,IL&FS Infrastructure Debt Fund Series 1C,Close Ended Schemes(Income),IL&FS Mutual Fund (IDF),Regular,Other,,
148397,INF613Q01140,-,IL&FS Infrastructure Debt Fund Series 2A,Close Ended Schemes(Income),IL&FS Mutual Fund (IDF),Regular,Other,,
148398,INF613Q01157,-,IL&FS Infrastructure Debt Fund Series 2B,Close Ended Schemes(Income),IL&FS Mutual Fund (IDF),Regular,Other,,
148399,INF613Q01165,-,IL&FS Infrastructure Debt Fund Series 2C,Close Ended Schemes(Income),IL&FS Mutual Fund (IDF),Regular,Other,,
142700,INF613Q01082,Redeemed,"IL&FS Infrastructure Debt Fund-3, Series 3-A",Close Ended Schemes(Income),IL&FS Mutual Fund (IDF),Regular,Other,,
142701,INF613Q01074,Redeemed,"IL&FS Infrastructure Debt Fund-3, Series 3-A",Close Ended Schemes(Income),IL&FS Mutual Fund (IDF),Regular,Other,,
142702,INF613Q01090,Redeemed,"IL&FS Infrastructure Debt Fund-3, Series 3-A",Close Ended Schemes(Income),IL&FS Mutual Fund (IDF),Regular,Other,,
130566,INF613Q01041,Redeemed,IL&FS Infrastructure Fund Series 1B,Close Ended Schemes(Income),IL&FS Mutual Fund (IDF),Regular,Other,,
129286,INF613Q01033,Redeemed,IL&FS Infrastructure Fund Series 1B,Close Ended Schemes(Income),IL&FS Mutual Fund (IDF),Regular,Other,,
135331,INF174K01U50,-,Kotak Capital Protection Oriented Scheme Series 1,Close Ended Schemes(Income),Kotak Mahindra Mutual Fund,Regular,Other,,
135328,INF174K01U43,-,Kotak Capital Protection Oriented Scheme Series 1,Close Ended Schemes(Income),Kotak Mahindra Mutual Fund,Regular,Other,,
135329,INF174K01U35,-,Kotak Capital Protection Oriented Scheme Series 1,Close Ended Schemes(Income),Kotak Mahindra Mutual Fund,Regular,Other,,
135330,INF174K01U27,-,Kotak Capital Protection Oriented Scheme Series 1,Close Ended Schemes(Income),Kotak Mahindra Mutual Fund,Regular,Other,,
135748,INF174K011A4,-,Kotak Capital Protection Oriented Scheme Series 2,Close Ended Schemes(Income),Kotak Mahindra Mutual Fund,Regular,Other,,
135746,INF174K010A6,-,Kotak Capital Protection Oriented Scheme Series 2,Close Ended Schemes(Income),Kotak Mahindra Mutual Fund,Regular,Other,,
135745,INF174K01Z97,-,Kotak Capital Protection Oriented Scheme Series 2,Close Ended Schemes(Income),Kotak Mahindra Mutual Fund,Regular,Other,,
135747,INF174K01Z89,-,Kotak Capital Protection Oriented Scheme Series 2,Close Ended Schemes(Income),Kotak Mahindra Mutual Fund,Regular,Other,,
136284,INF174K010E8,-,Kotak Capital Protection Oriented Scheme Series 3,Close Ended Schemes(Income),Kotak Mahindra Mutual Fund,Regular,Other,,
136287,INF174K019D1,-,Kotak Capital Protection Oriented Scheme Series 3,Close Ended Schemes(Income),Kotak Mahindra Mutual Fund,Regular,Other,,
136286,INF174K018D3,-,Kotak Capital Protection Oriented Scheme Series 3,Close Ended Schemes(Income),Kotak Mahindra Mutual Fund,Regular,Other,,
139361,INF174K015G2,-,Kotak Capital Protection Oriented Scheme Series 4,Close Ended Schemes(Income),Kotak Mahindra Mutual Fund,Regular,Other,,
139362,INF174K014G5,-,Kotak Capital Protection Oriented Scheme Series 4,Close Ended Schemes(Income),Kotak Mahindra Mutual Fund,Regular,Other,,
139359,INF174K013G7,-,Kotak Capital Protection Oriented Scheme Series 4,Close Ended Schemes(Income),Kotak Mahindra Mutual Fund,Regular,Other,,
139360,INF174K012G9,-,Kotak Capital Protection Oriented Scheme Series 4,Close Ended Schemes(Income),Kotak Mahindra Mutual Fund,Regular,Other,,
152451,INF174KA1QU6,-,Kotak Fixed Maturity Plan Series 328  90 Days,Close Ended Schemes(Income),Kotak Mahindra Mutual Fund,Regular,Other,,
152452,INF174KA1QV4,-,Kotak Fixed Maturity Plan Series 328  90 Days,Close Ended Schemes(Income),Kotak Mahindra Mutual Fund,Regular,Other,,
152453,INF174KA1QS0,-,Kotak Fixed Maturity Plan Series 328  90 Days,Close Ended Schemes(Income),Kotak Mahindra Mutual Fund,Regular,Other,,
152454,INF174KA1QT8,-,Kotak Fixed Maturity Plan Series 328  90 Days,Close Ended Schemes(Income),Kotak Mahindra Mutual Fund,Regular,Other,,
152545,INF174KA1RP4,-,Kotak Fixed Maturity Plan Series 329  90 Days,Close Ended Schemes(Income),Kotak Mahindra Mutual Fund,Regular,Other,,
152542,INF174KA1RQ2,-,Kotak Fixed Maturity Plan Series 329  90 Days,Close Ended Schemes(Income),Kotak Mahindra Mutual Fund,Regular,Other,,
152543,INF174KA1RR0,-,Kotak Fixed Maturity Plan Series 329  90 Days,Close Ended Schemes(Income),Kotak Mahindra Mutual Fund,Regular,Other,,
152544,INF174KA1RO7,-,Kotak Fixed Maturity Plan Series 329  90 Days,Close Ended Schemes(Income),Kotak Mahindra Mutual Fund,Regular,Other,,
123106,INF174K01ZA0,-,Kotak FMP Series 105 (370 Days),Close Ended Schemes(Income),Kotak Mahindra Mutual Fund,Regular,Other,,
123108,INF174K01YZ0,-,Kotak FMP Series 105 (370 Days),Close Ended Schemes(Income),Kotak Mahindra Mutual Fund,Regular,Other,,
123109,INF174K01OY4,-,Kotak FMP Series 105 (370 Days),Close Ended Schemes(Income),Kotak Mahindra Mutual Fund,Regular,Other,,
123107,INF174K01YX5,-,Kotak FMP Series 105 (370 Days),Close Ended Schemes(Income),Kotak Mahindra Mutual Fund,Regular,Other,,
123188,-,-,Kotak FMP Series 106 (370 Days),Close Ended Schemes(Income),Kotak Mahindra Mutual Fund,Regular,Other,,
123189,INF174K01ZD4,-,Kotak FMP Series 106 (370 Days),Close Ended Schemes(Income),Kotak Mahindra Mutual Fund,Regular,Other,,
123191,-,-,Kotak FMP Series 106 (370 Days),Close Ended Schemes(Income),Kotak Mahindra Mutual Fund,Regular,Other,,
123190,INF174K01ZB8,-,Kotak FMP Series 106 (370 Days),Close Ended Schemes(Income),Kotak Mahindra Mutual Fund,Regular,Other,,
123195,INF174K01ZI3,-,Kotak FMP Series 107 (370 Days),Close Ended Schemes(Income),Kotak Mahindra Mutual Fund,Regular,Other,,
123193,INF174K01ZH5,-,Kotak FMP Series 107 (370 Days),Close Ended Schemes(Income),Kotak Mahindra Mutual Fund,Regular,Other,,
123192,INF174K01ZG7,-,Kotak FMP Series 107 (370 Days),Close Ended Schemes(Income),Kotak Mahindra Mutual Fund,Regular,Other,,
123194,INF174K01ZF9,-,Kotak FMP Series 107 (370 Days),Close Ended Schemes(Income),Kotak Mahindra Mutual Fund,Regular,Other,,
123326,INF174K01PL8,-,Kotak FMP Series 108 (733 Days),Close Ended Schemes(Income),Kotak Mahindra Mutual Fund,Regular,Other,,
123327,INF174K01PK0,-,Kotak FMP Series 108 (733 Days),Close Ended Schemes(Income),Kotak Mahindra Mutual Fund,Regular,Other,,
123328,INF174K01PJ2,-,Kotak FMP Series 108 (733 Days),Close Ended Schemes(Income),Kotak Mahindra Mutual Fund,Regular,Other,,
123793,INF174K01QG6,-,Kotak FMP Series 113 (1094 Days),Close Ended Schemes(Income),Kotak Mahindra Mutual Fund,Regular,Other,,
123792,INF174K01QF8,-,Kotak FMP Series 113 (1094 Days),Close Ended Schemes(Income),Kotak Mahindra Mutual Fund,Regular,Other,,
123791,INF174K01QE1,-,Kotak FMP Series 113 (1094 Days),Close Ended Schemes(Income),Kotak Mahindra Mutual Fund,Regular,Other,,
123790,INF174K01QD3,-,Kotak FMP Series 113 (1094 Days),Close Ended Schemes(Income),Kotak Mahindra Mutual Fund,Regular,Other,,
123971,INF174K01B04,-,Kotak FMP Series 115 (370 Days),Close Ended Schemes(Income),Kotak Mahindra Mutual Fund,Regular,Other,,
123973,INF174K01A96,-,Kotak FMP Series 115 (370 Days),Close Ended Schemes(Income),Kotak Mahindra Mutual Fund,Regular,Other,,
123972,-,-,Kotak FMP Series 115 (370 Days),Close Ended Schemes(Income),Kotak Mahindra Mutual Fund,Regular,Other,,
123970,INF174K01A70,-,Kotak FMP Series 115 (370 Days),Close Ended Schemes(Income),Kotak Mahindra Mutual Fund,Regular,Other,,
124034,INF174K01QS1,-,Kotak FMP Series 116 (370 Days),Close Ended Schemes(Income),Kotak Mahindra Mutual Fund,Regular,Other,,
124036,INF174K01B38,-,Kotak FMP Series 116 (370 Days),Close Ended Schemes(Income),Kotak Mahindra Mutual Fund,Regular,Other,,
124035,INF174K01B12,-,Kotak FMP Series 116 (370 Days),Close Ended Schemes(Income),Kotak Mahindra Mutual Fund,Regular,Other,,
124037,INF174K01QQ5,-,Kotak FMP Series 116 (370 Days),Close Ended Schemes(Income),Kotak Mahindra Mutual Fund,Regular,Other,,
126052,INF174K01TB1,-,Kotak FMP Series 131 (1061 Days),Close Ended Schemes(Income),Kotak Mahindra Mutual Fund,Regular,Other,,
126054,INF174K01TA3,-,Kotak FMP Series 131 (1061 Days),Close Ended Schemes(Income),Kotak Mahindra Mutual Fund,Regular,Other,,
126053,INF174K01SZ2,-,Kotak FMP Series 131 (1061 Days),Close Ended Schemes(Income),Kotak Mahindra Mutual Fund,Regular,Other,,
126283,INF174K01TG0,-,Kotak FMP Series 132 (546 Days),Close Ended Schemes(Income),Kotak Mahindra Mutual Fund,Regular,Other,,
126281,INF174K01TF2,-,Kotak FMP Series 132 (546 Days),Close Ended Schemes(Income),Kotak Mahindra Mutual Fund,Regular,Other,,
126282,INF174K01TE5,-,Kotak FMP Series 132 (546 Days),Close Ended Schemes(Income),Kotak Mahindra Mutual Fund,Regular,Other,,
126280,INF174K01TD7,-,Kotak FMP Series 132 (546 Days),Close Ended Schemes(Income),Kotak Mahindra Mutual Fund,Regular,Other,,
126666,INF174K01TN6,-,Kotak FMP Series 133 (524 Days),Close Ended Schemes(Income),Kotak Mahindra Mutual Fund,Regular,Other,,
126665,INF174K01TL0,-,Kotak FMP Series 133 (524 Days),Close Ended Schemes(Income),Kotak Mahindra Mutual Fund,Regular,Other,,
126874,INF174K01P81,-,Kotak FMP Series 135 (455 Days),Close Ended Schemes(Income),Kotak Mahindra Mutual Fund,Regular,Other,,
126873,INF174K01P65,-,Kotak FMP Series 135 (455 Days),Close Ended Schemes(Income),Kotak Mahindra Mutual Fund,Regular,Other,,
127127,INF174K01H81,-,Kotak FMP Series 136 (376 Days),Close Ended Schemes(Income),Kotak Mahindra Mutual Fund,Regular,Other,,
127128,INF174K01TY3,-,Kotak FMP Series 136 (376 Days),Close Ended Schemes(Income),Kotak Mahindra Mutual Fund,Regular,Other,,
127126,INF174K01H65,-,Kotak FMP Series 136 (376 Days),Close Ended Schemes(Income),Kotak Mahindra Mutual Fund,Regular,Other,,
127256,INF174K01H40,-,Kotak FMP Series 137 (371 Days),Close Ended Schemes(Income),Kotak Mahindra Mutual Fund,Regular,Other,,
127257,-,-,Kotak FMP Series 137 (371 Days),Close Ended Schemes(Income),Kotak Mahindra Mutual Fund,Regular,Other,,
127258,-,-,Kotak FMP Series 137 (371 Days),Close Ended Schemes(Income),Kotak Mahindra Mutual Fund,Regular,Other,,
127255,INF174K01H24,-,Kotak FMP Series 137 (371 Days),Close Ended Schemes(Income),Kotak Mahindra Mutual Fund,Regular,Other,,
127390,INF174K01UQ7,-,Kotak FMP Series 140 (1095 Days),Close Ended Schemes(Income),Kotak Mahindra Mutual Fund,Regular,Other,,
127388,INF174K01UP9,-,Kotak FMP Series 140 (1095 Days),Close Ended Schemes(Income),Kotak Mahindra Mutual Fund,Regular,Other,,
127389,INF174K01UO2,-,Kotak FMP Series 140 (1095 Days),Close Ended Schemes(Income),Kotak Mahindra Mutual Fund,Regular,Other,,
127387,INF174K01UN4,-,Kotak FMP Series 140 (1095 Days),Close Ended Schemes(Income),Kotak Mahindra Mutual Fund,Regular,Other,,
127403,-,-,Kotak FMP Series 141 (454 Days),Close Ended Schemes(Income),Kotak Mahindra Mutual Fund,Regular,Other,,
127401,INF174K01Q31,-,Kotak FMP Series 141 (454 Days),Close Ended Schemes(Income),Kotak Mahindra Mutual Fund,Regular,Other,,
127402,INF174K01Q23,-,Kotak FMP Series 141 (454 Days),Close Ended Schemes(Income),Kotak Mahindra Mutual Fund,Regular,Other,,
127400,INF174K01Q07,-,Kotak FMP Series 141 (454 Days),Close Ended Schemes(Income),Kotak Mahindra Mutual Fund,Regular,Other,,
127651,INF174K01L10,-,Kotak FMP Series 142 (420 Days),Close Ended Schemes(Income),Kotak Mahindra Mutual Fund,Regular,Other,,
127652,-,-,Kotak FMP Series 142 (420 Days),Close Ended Schemes(Income),Kotak Mahindra Mutual Fund,Regular,Other,,
127650,INF174K01K86,-,Kotak FMP Series 142 (420 Days),Close Ended Schemes(Income),Kotak Mahindra Mutual Fund,Regular,Other,,
127807,INF174K01J22,-,Kotak FMP Series 143 (370 Days),Close Ended Schemes(Income),Kotak Mahindra Mutual Fund,Regular,Other,,
127808,INF174K01J14,-,Kotak FMP Series 143 (370 Days),Close Ended Schemes(Income),Kotak Mahindra Mutual Fund,Regular,Other,,
127806,INF174K01J06,-,Kotak FMP Series 143 (370 Days),Close Ended Schemes(Income),Kotak Mahindra Mutual Fund,Regular,Other,,
128268,-,-,Kotak FMP Series 145 (390 Days),Close Ended Schemes(Income),Kotak Mahindra Mutual Fund,Regular,Other,,
128266,INF174K01L93,-,Kotak FMP Series 145 (390 Days),Close Ended Schemes(Income),Kotak Mahindra Mutual Fund,Regular,Other,,
128267,INF174K01P16,-,Kotak FMP Series 145 (390 Days),Close Ended Schemes(Income),Kotak Mahindra Mutual Fund,Regular,Other,,
128265,INF174K01L51,-,Kotak FMP Series 145 (390 Days),Close Ended Schemes(Income),Kotak Mahindra Mutual Fund,Regular,Other,,
128365,INF174K01M35,-,Kotak FMP Series 146 (388 Days),Close Ended Schemes(Income),Kotak Mahindra Mutual Fund,Regular,Other,,
128362,-,-,Kotak FMP Series 146 (388 Days),Close Ended Schemes(Income),Kotak Mahindra Mutual Fund,Regular,Other,,
128364,INF174K01M19,-,Kotak FMP Series 146 (388 Days),Close Ended Schemes(Income),Kotak Mahindra Mutual Fund,Regular,Other,,
128575,INF174K01M76,-,Kotak FMP Series 147 (384 Days),Close Ended Schemes(Income),Kotak Mahindra Mutual Fund,Regular,Other,,
128576,-,-,Kotak FMP Series 147 (384 Days),Close Ended Schemes(Income),Kotak Mahindra Mutual Fund,Regular,Other,,
128574,INF174K01M50,-,Kotak FMP Series 147 (384 Days),Close Ended Schemes(Income),Kotak Mahindra Mutual Fund,Regular,Other,,
128579,INF174K01N18,-,Kotak FMP Series 148 (388 Days),Close Ended Schemes(Income),Kotak Mahindra Mutual Fund,Regular,Other,,
128580,-,-,Kotak FMP Series 148 (388 Days),Close Ended Schemes(Income),Kotak Mahindra Mutual Fund,Regular,Other,,
128578,INF174K01M92,-,Kotak FMP Series 148 (388 Days),Close Ended Schemes(Income),Kotak Mahindra Mutual Fund,Regular,Other,,
128758,INF174K01N59,-,Kotak FMP Series 149 (386 Days),Close Ended Schemes(Income),Kotak Mahindra Mutual Fund,Regular,Other,,
128759,-,-,Kotak FMP Series 149 (386 Days),Close Ended Schemes(Income),Kotak Mahindra Mutual Fund,Regular,Other,,
128756,INF174K01N34,-,Kotak FMP Series 149 (386 Days),Close Ended Schemes(Income),Kotak Mahindra Mutual Fund,Regular,Other,,
128753,INF174K01WK6,-,Kotak FMP Series 150 (1109 Days),Close Ended Schemes(Income),Kotak Mahindra Mutual Fund,Regular,Other,,
128755,INF174K01WJ8,-,Kotak FMP Series 150 (1109 Days),Close Ended Schemes(Income),Kotak Mahindra Mutual Fund,Regular,Other,,
128752,INF174K01WI0,-,Kotak FMP Series 150 (1109 Days),Close Ended Schemes(Income),Kotak Mahindra Mutual Fund,Regular,Other,,
128754,INF174K01WH2,-,Kotak FMP Series 150 (1109 Days),Close Ended Schemes(Income),Kotak Mahindra Mutual Fund,Regular,Other,,
128871,INF174K01N91,-,Kotak FMP Series 151 (388 Days),Close Ended Schemes(Income),Kotak Mahindra Mutual Fund,Regular,Other,,
128869,INF174K01N83,-,Kotak FMP Series 151 (388 Days),Close Ended Schemes(Income),Kotak Mahindra Mutual Fund,Regular,Other,,
128868,INF174K01N75,-,Kotak FMP Series 151 (388 Days),Close Ended Schemes(Income),Kotak Mahindra Mutual Fund,Regular,Other,,
128905,INF174K01WZ4,-,Kotak FMP Series 153 (790 Days),Close Ended Schemes(Income),Kotak Mahindra Mutual Fund,Regular,Other,,
128902,INF174K01WY7,-,Kotak FMP Series 153 (790 Days),Close Ended Schemes(Income),Kotak Mahindra Mutual Fund,Regular,Other,,
128904,INF174K01WX9,-,Kotak FMP Series 153 (790 Days),Close Ended Schemes(Income),Kotak Mahindra Mutual Fund,Regular,Other,,
128908,-,-,Kotak FMP Series 154 (390 Days),Close Ended Schemes(Income),Kotak Mahindra Mutual Fund,Regular,Other,,
128909,INF174K01O33,-,Kotak FMP Series 154 (390 Days),Close Ended Schemes(Income),Kotak Mahindra Mutual Fund,Regular,Other,,
128907,INF174K01O25,-,Kotak FMP Series 154 (390 Days),Close Ended Schemes(Income),Kotak Mahindra Mutual Fund,Regular,Other,,
128906,INF174K01O17,-,Kotak FMP Series 154 (390 Days),Close Ended Schemes(Income),Kotak Mahindra Mutual Fund,Regular,Other,,
129037,INF174K01K52,-,Kotak FMP Series 156 (370 Days),Close Ended Schemes(Income),Kotak Mahindra Mutual Fund,Regular,Other,,
129034,INF174K01K45,-,Kotak FMP Series 156 (370 Days),Close Ended Schemes(Income),Kotak Mahindra Mutual Fund,Regular,Other,,
129035,INF174K01P08,-,Kotak FMP Series 156 (370 Days),Close Ended Schemes(Income),Kotak Mahindra Mutual Fund,Regular,Other,,
129036,INF174K01O90,-,Kotak FMP Series 156 (370 Days),Close Ended Schemes(Income),Kotak Mahindra Mutual Fund,Regular,Other,,
129340,INF174K01L02,-,Kotak FMP Series 157 (370 Days),Close Ended Schemes(Income),Kotak Mahindra Mutual Fund,Regular,Other,,
129341,-,-,Kotak FMP Series 157 (370 Days),Close Ended Schemes(Income),Kotak Mahindra Mutual Fund,Regular,Other,,
129339,INF174K01K60,-,Kotak FMP Series 157 (370 Days),Close Ended Schemes(Income),Kotak Mahindra Mutual Fund,Regular,Other,,
129354,-,-,Kotak FMP Series 158 (370 Days),Close Ended Schemes(Income),Kotak Mahindra Mutual Fund,Regular,Other,,
129352,INF174K01L77,-,Kotak FMP Series 158 (370 Days),Close Ended Schemes(Income),Kotak Mahindra Mutual Fund,Regular,Other,,
129353,INF174K01L69,-,Kotak FMP Series 158 (370 Days),Close Ended Schemes(Income),Kotak Mahindra Mutual Fund,Regular,Other,,
129351,INF174K01L44,-,Kotak FMP Series 158 (370 Days),Close Ended Schemes(Income),Kotak Mahindra Mutual Fund,Regular,Other,,
129408,INF174K01Q72,-,Kotak FMP Series 159 (370 Days),Close Ended Schemes(Income),Kotak Mahindra Mutual Fund,Regular,Other,,
129406,INF174K01Q64,-,Kotak FMP Series 159 (370 Days),Close Ended Schemes(Income),Kotak Mahindra Mutual Fund,Regular,Other,,
129405,INF174K01Q56,-,Kotak FMP Series 159 (370 Days),Close Ended Schemes(Income),Kotak Mahindra Mutual Fund,Regular,Other,,
129543,INF174K01YC9,-,Kotak FMP Series 160 (1039 Days),Close Ended Schemes(Income),Kotak Mahindra Mutual Fund,Regular,Other,,
129541,INF174K01YB1,-,Kotak FMP Series 160 (1039 Days),Close Ended Schemes(Income),Kotak Mahindra Mutual Fund,Regular,Other,,
129542,INF174K01YA3,-,Kotak FMP Series 160 (1039 Days),Close Ended Schemes(Income),Kotak Mahindra Mutual Fund,Regular,Other,,
129540,INF174K01XZ2,-,Kotak FMP Series 160 (1039 Days),Close Ended Schemes(Income),Kotak Mahindra Mutual Fund,Regular,Other,,
129641,INF174K01R22,-,Kotak FMP Series 161 (370 Days),Close Ended Schemes(Income),Kotak Mahindra Mutual Fund,Regular,Other,,
129639,INF174K01R14,-,Kotak FMP Series 161 (370 Days),Close Ended Schemes(Income),Kotak Mahindra Mutual Fund,Regular,Other,,
129640,INF174K01R06,-,Kotak FMP Series 161 (370 Days),Close Ended Schemes(Income),Kotak Mahindra Mutual Fund,Regular,Other,,
129638,INF174K01Q98,-,Kotak FMP Series 161 (370 Days),Close Ended Schemes(Income),Kotak Mahindra Mutual Fund,Regular,Other,,
129767,INF174K01YK2,-,Kotak FMP Series 162 (370 Days),Close Ended Schemes(Income),Kotak Mahindra Mutual Fund,Regular,Other,,
129768,INF174K01R55,-,Kotak FMP Series 162 (370 Days),Close Ended Schemes(Income),Kotak Mahindra Mutual Fund,Regular,Other,,
129765,INF174K01R48,-,Kotak FMP Series 162 (370 Days),Close Ended Schemes(Income),Kotak Mahindra Mutual Fund,Regular,Other,,
129766,INF174K01R30,-,Kotak FMP Series 162 (370 Days),Close Ended Schemes(Income),Kotak Mahindra Mutual Fund,Regular,Other,,
131097,INF174K01A13,-,Kotak FMP Series 163 (1100 Days),Close Ended Schemes(Income),Kotak Mahindra Mutual Fund,Regular,Other,,
131098,INF174K01A05,-,Kotak FMP Series 163 (1100 Days),Close Ended Schemes(Income),Kotak Mahindra Mutual Fund,Regular,Other,,
131096,INF174K01ZZ7,-,Kotak FMP Series 163 (1100 Days),Close Ended Schemes(Income),Kotak Mahindra Mutual Fund,Regular,Other,,
133663,INF174K01H08,-,Kotak FMP Series 171 (1099 Days),Close Ended Schemes(Income),Kotak Mahindra Mutual Fund,Regular,Other,,
133662,INF174K01G82,-,Kotak FMP Series 171 (1099 Days),Close Ended Schemes(Income),Kotak Mahindra Mutual Fund,Regular,Other,,
134179,INF174K01I56,-,Kotak FMP Series 172 (1126 Days),Close Ended Schemes(Income),Kotak Mahindra Mutual Fund,Regular,Other,,
134176,INF174K01I49,-,Kotak FMP Series 172 (1126 Days),Close Ended Schemes(Income),Kotak Mahindra Mutual Fund,Regular,Other,,
134178,INF174K01I31,-,Kotak FMP Series 172 (1126 Days),Close Ended Schemes(Income),Kotak Mahindra Mutual Fund,Regular,Other,,
134177,INF174K01I23,-,Kotak FMP Series 172 (1126 Days),Close Ended Schemes(Income),Kotak Mahindra Mutual Fund,Regular,Other,,
134841,INF174K01R97,-,Kotak FMP Series 175 (1100 Days),Close Ended Schemes(Income),Kotak Mahindra Mutual Fund,Regular,Other,,
134839,INF174K01R89,-,Kotak FMP Series 175 (1100 Days),Close Ended Schemes(Income),Kotak Mahindra Mutual Fund,Regular,Other,,
134838,INF174K01R71,-,Kotak FMP Series 175 (1100 Days),Close Ended Schemes(Income),Kotak Mahindra Mutual Fund,Regular,Other,,
135048,INF174K01S96,-,Kotak FMP Series 176 (1100 Days),Close Ended Schemes(Income),Kotak Mahindra Mutual Fund,Regular,Other,,
135050,INF174K01S88,-,Kotak FMP Series 176 (1100 Days),Close Ended Schemes(Income),Kotak Mahindra Mutual Fund,Regular,Other,,
135047,INF174K01S70,-,Kotak FMP Series 176 (1100 Days),Close Ended Schemes(Income),Kotak Mahindra Mutual Fund,Regular,Other,,
135237,INF174K01U01,-,Kotak FMP Series 178 (1099 Days),Close Ended Schemes(Income),Kotak Mahindra Mutual Fund,Regular,Other,,
135236,INF174K01T95,-,Kotak FMP Series 178 (1099 Days),Close Ended Schemes(Income),Kotak Mahindra Mutual Fund,Regular,Other,,
135239,INF174K01T87,-,Kotak FMP Series 178 (1099 Days),Close Ended Schemes(Income),Kotak Mahindra Mutual Fund,Regular,Other,,
135374,INF174K01U92,-,Kotak FMP Series 179,Close Ended Schemes(Income),Kotak Mahindra Mutual Fund,Regular,Other,,
135375,INF174K01U84,-,Kotak FMP Series 179,Close Ended Schemes(Income),Kotak Mahindra Mutual Fund,Regular,Other,,
135373,INF174K01U76,-,Kotak FMP Series 179,Close Ended Schemes(Income),Kotak Mahindra Mutual Fund,Regular,Other,,
135372,INF174K01U68,-,Kotak FMP Series 179,Close Ended Schemes(Income),Kotak Mahindra Mutual Fund,Regular,Other,,
135485,INF174K01Y31,-,Kotak FMP Series 180,Close Ended Schemes(Income),Kotak Mahindra Mutual Fund,Regular,Other,,
135484,INF174K01Y23,-,Kotak FMP Series 180,Close Ended Schemes(Income),Kotak Mahindra Mutual Fund,Regular,Other,,
135488,INF174K01Y15,-,Kotak FMP Series 180,Close Ended Schemes(Income),Kotak Mahindra Mutual Fund,Regular,Other,,
135608,INF174K01Z55,-,Kotak FMP Series 181,Close Ended Schemes(Income),Kotak Mahindra Mutual Fund,Regular,Other,,
135609,INF174K01Z48,-,Kotak FMP Series 181,Close Ended Schemes(Income),Kotak Mahindra Mutual Fund,Regular,Other,,
135611,INF174K01Z63,-,Kotak FMP Series 181,Close Ended Schemes(Income),Kotak Mahindra Mutual Fund,Regular,Other,,
135610,INF174K01Z30,-,Kotak FMP Series 181,Close Ended Schemes(Income),Kotak Mahindra Mutual Fund,Regular,Other,,
135758,INF174K015A5,-,Kotak FMP Series 182,Close Ended Schemes(Income),Kotak Mahindra Mutual Fund,Regular,Other,,
135757,INF174K014A8,-,Kotak FMP Series 182,Close Ended Schemes(Income),Kotak Mahindra Mutual Fund,Regular,Other,,
135756,INF174K013A0,-,Kotak FMP Series 182,Close Ended Schemes(Income),Kotak Mahindra Mutual Fund,Regular,Other,,
135755,INF174K012A2,-,Kotak FMP Series 182,Close Ended Schemes(Income),Kotak Mahindra Mutual Fund,Regular,Other,,
136083,INF174K010C2,-,Kotak FMP Series 185,Close Ended Schemes(Income),Kotak Mahindra Mutual Fund,Regular,Other,,
136082,INF174K019B5,-,Kotak FMP Series 185,Close Ended Schemes(Income),Kotak Mahindra Mutual Fund,Regular,Other,,
136084,INF174K018B7,-,Kotak FMP Series 185,Close Ended Schemes(Income),Kotak Mahindra Mutual Fund,Regular,Other,,
136135,INF174KA1DW0,-,Kotak FMP Series 186,Close Ended Schemes(Income),Kotak Mahindra Mutual Fund,Regular,Other,,
136133,INF174KA1DV2,-,Kotak FMP Series 186,Close Ended Schemes(Income),Kotak Mahindra Mutual Fund,Regular,Other,,
136134,INF174KA1DU4,-,Kotak FMP Series 186,Close Ended Schemes(Income),Kotak Mahindra Mutual Fund,Regular,Other,,
136365,INF174K015E7,-,Kotak FMP Series 190,Close Ended Schemes(Income),Kotak Mahindra Mutual Fund,Regular,Other,,
136362,INF174K014E0,-,Kotak FMP Series 190,Close Ended Schemes(Income),Kotak Mahindra Mutual Fund,Regular,Other,,
136364,INF174K013E2,-,Kotak FMP Series 190,Close Ended Schemes(Income),Kotak Mahindra Mutual Fund,Regular,Other,,
136363,INF174K012E4,-,Kotak FMP Series 190,Close Ended Schemes(Income),Kotak Mahindra Mutual Fund,Regular,Other,,
139078,INF174K018E1,-,KOTAK FMP SERIES 191,Close Ended Schemes(Income),Kotak Mahindra Mutual Fund,Regular,Other,,
139079,INF174K017E3,-,KOTAK FMP SERIES 191,Close Ended Schemes(Income),Kotak Mahindra Mutual Fund,Regular,Other,,
139080,INF174K016E5,-,KOTAK FMP SERIES 191,Close Ended Schemes(Income),Kotak Mahindra Mutual Fund,Regular,Other,,
139083,INF174K012F1,-,Kotak FMP Series 192,Close Ended Schemes(Income),Kotak Mahindra Mutual Fund,Regular,Other,,
139081,INF174K011F3,-,Kotak FMP Series 192,Close Ended Schemes(Income),Kotak Mahindra Mutual Fund,Regular,Other,,
139084,INF174K010F5,-,Kotak FMP Series 192,Close Ended Schemes(Income),Kotak Mahindra Mutual Fund,Regular,Other,,
139271,INF174K016F2,-,Kotak FMP Series 193,Close Ended Schemes(Income),Kotak Mahindra Mutual Fund,Regular,Other,,
139272,INF174K015F4,-,Kotak FMP Series 193,Close Ended Schemes(Income),Kotak Mahindra Mutual Fund,Regular,Other,,
139269,INF174K014F7,-,Kotak FMP Series 193,Close Ended Schemes(Income),Kotak Mahindra Mutual Fund,Regular,Other,,
139332,INF174K010G3,-,Kotak FMP Series 194,Close Ended Schemes(Income),Kotak Mahindra Mutual Fund,Regular,Other,,
139331,INF174K019F6,-,Kotak FMP Series 194,Close Ended Schemes(Income),Kotak Mahindra Mutual Fund,Regular,Other,,
139333,INF174K018F8,-,Kotak FMP Series 194,Close Ended Schemes(Income),Kotak Mahindra Mutual Fund,Regular,Other,,
139578,INF174K015H0,-,Kotak FMP Series 196,Close Ended Schemes(Income),Kotak Mahindra Mutual Fund,Regular,Other,,
139579,INF174K014H3,-,Kotak FMP Series 196,Close Ended Schemes(Income),Kotak Mahindra Mutual Fund,Regular,Other,,
139580,INF174K013H5,-,Kotak FMP Series 196,Close Ended Schemes(Income),Kotak Mahindra Mutual Fund,Regular,Other,,
140632,INF174K018K8,-,Kotak FMP Series 199,Close Ended Schemes(Income),Kotak Mahindra Mutual Fund,Regular,Other,,
140631,INF174K017K0,-,Kotak FMP Series 199,Close Ended Schemes(Income),Kotak Mahindra Mutual Fund,Regular,Other,,
140634,INF174K016K2,-,Kotak FMP Series 199,Close Ended Schemes(Income),Kotak Mahindra Mutual Fund,Regular,Other,,
140911,INF174K014M3,-,Kotak FMP Series 200,Close Ended Schemes(Income),Kotak Mahindra Mutual Fund,Regular,Other,,
140912,INF174K013M5,-,Kotak FMP Series 200,Close Ended Schemes(Income),Kotak Mahindra Mutual Fund,Regular,Other,,
140909,INF174K012M7,-,Kotak FMP Series 200,Close Ended Schemes(Income),Kotak Mahindra Mutual Fund,Regular,Other,,
140910,INF174K011M9,-,Kotak FMP Series 200,Close Ended Schemes(Income),Kotak Mahindra Mutual Fund,Regular,Other,,
141047,INF174K011N7,-,Kotak FMP Series 202,Close Ended Schemes(Income),Kotak Mahindra Mutual Fund,Regular,Other,,
141046,INF174K012N5,-,Kotak FMP Series 202,Close Ended Schemes(Income),Kotak Mahindra Mutual Fund,Regular,Other,,
141048,INF174K010N9,-,Kotak FMP Series 202,Close Ended Schemes(Income),Kotak Mahindra Mutual Fund,Regular,Other,,
141049,INF174K019M2,-,Kotak FMP Series 202,Close Ended Schemes(Income),Kotak Mahindra Mutual Fund,Regular,Other,,
141283,INF174K019N0,-,Kotak FMP Series 203,Close Ended Schemes(Income),Kotak Mahindra Mutual Fund,Regular,Other,,
141282,INF174K018N2,-,Kotak FMP Series 203,Close Ended Schemes(Income),Kotak Mahindra Mutual Fund,Regular,Other,,
141281,INF174K010O7,-,Kotak FMP Series 203,Close Ended Schemes(Income),Kotak Mahindra Mutual Fund,Regular,Other,,
141284,INF174K017N4,-,Kotak FMP Series 203,Close Ended Schemes(Income),Kotak Mahindra Mutual Fund,Regular,Other,,
141368,INF174K017O2,-,Kotak FMP Series 204,Close Ended Schemes(Income),Kotak Mahindra Mutual Fund,Regular,Other,,
141367,INF174K016O4,-,Kotak FMP Series 204,Close Ended Schemes(Income),Kotak Mahindra Mutual Fund,Regular,Other,,
141365,INF174K015O6,-,Kotak FMP Series 204,Close Ended Schemes(Income),Kotak Mahindra Mutual Fund,Regular,Other,,
141366,INF174K014O9,-,Kotak FMP Series 204,Close Ended Schemes(Income),Kotak Mahindra Mutual Fund,Regular,Other,,
141836,INF174K012Q8,-,Kotak FMP Series 210,Close Ended Schemes(Income),Kotak Mahindra Mutual Fund,Regular,Other,,
141837,INF174K011Q0,-,Kotak FMP Series 210,Close Ended Schemes(Income),Kotak Mahindra Mutual Fund,Regular,Other,,
141835,INF174K010Q2,-,Kotak FMP Series 210,Close Ended Schemes(Income),Kotak Mahindra Mutual Fund,Regular,Other,,
141838,INF174K019P5,-,Kotak FMP Series 210,Close Ended Schemes(Income),Kotak Mahindra Mutual Fund,Regular,Other,,
141886,INF174K016Q9,-,Kotak FMP Series 211,Close Ended Schemes(Income),Kotak Mahindra Mutual Fund,Regular,Other,,
141885,INF174K015Q1,-,Kotak FMP Series 211,Close Ended Schemes(Income),Kotak Mahindra Mutual Fund,Regular,Other,,
141883,INF174K013Q6,-,Kotak FMP Series 211,Close Ended Schemes(Income),Kotak Mahindra Mutual Fund,Regular,Other,,
141884,INF174K014Q4,-,Kotak FMP Series 211,Close Ended Schemes(Income),Kotak Mahindra Mutual Fund,Regular,Other,,
141937,INF174K019Q3,-,Kotak FMP Series 212,Close Ended Schemes(Income),Kotak Mahindra Mutual Fund,Regular,Other,,
141936,INF174K018Q5,-,Kotak FMP Series 212,Close Ended Schemes(Income),Kotak Mahindra Mutual Fund,Regular,Other,,
141935,INF174K017Q7,-,Kotak FMP Series 212,Close Ended Schemes(Income),Kotak Mahindra Mutual Fund,Regular,Other,,
141938,INF174K010R0,-,Kotak FMP Series 212,Close Ended Schemes(Income),Kotak Mahindra Mutual Fund,Regular,Other,,
142077,INF174K014R2,-,Kotak FMP Series 213,Close Ended Schemes(Income),Kotak Mahindra Mutual Fund,Regular,Other,,
142078,INF174K013R4,-,Kotak FMP Series 213,Close Ended Schemes(Income),Kotak Mahindra Mutual Fund,Regular,Other,,
142076,INF174K012R6,-,Kotak FMP Series 213,Close Ended Schemes(Income),Kotak Mahindra Mutual Fund,Regular,Other,,
142075,INF174K011R8,-,Kotak FMP Series 213,Close Ended Schemes(Income),Kotak Mahindra Mutual Fund,Regular,Other,,
142243,INF174K017R5,-,Kotak FMP Series 214,Close Ended Schemes(Income),Kotak Mahindra Mutual Fund,Regular,Other,,
142244,INF174K018R3,-,Kotak FMP Series 214,Close Ended Schemes(Income),Kotak Mahindra Mutual Fund,Regular,Other,,
142242,INF174K016R7,-,Kotak FMP Series 214,Close Ended Schemes(Income),Kotak Mahindra Mutual Fund,Regular,Other,,
142241,INF174K015R9,-,Kotak FMP Series 214,Close Ended Schemes(Income),Kotak Mahindra Mutual Fund,Regular,Other,,
142313,INF174K011S6,-,Kotak FMP Series 215,Close Ended Schemes(Income),Kotak Mahindra Mutual Fund,Regular,Other,,
142312,INF174K012S4,-,Kotak FMP Series 215,Close Ended Schemes(Income),Kotak Mahindra Mutual Fund,Regular,Other,,
142315,INF174K010S8,-,Kotak FMP Series 215,Close Ended Schemes(Income),Kotak Mahindra Mutual Fund,Regular,Other,,
142314,INF174K019R1,-,Kotak FMP Series 215,Close Ended Schemes(Income),Kotak Mahindra Mutual Fund,Regular,Other,,
142403,INF174K016S5,-,Kotak FMP Series 216,Close Ended Schemes(Income),Kotak Mahindra Mutual Fund,Regular,Other,,
142404,INF174K015S7,-,Kotak FMP Series 216,Close Ended Schemes(Income),Kotak Mahindra Mutual Fund,Regular,Other,,
142405,INF174K014S0,-,Kotak FMP Series 216,Close Ended Schemes(Income),Kotak Mahindra Mutual Fund,Regular,Other,,
142406,INF174K013S2,-,Kotak FMP Series 216,Close Ended Schemes(Income),Kotak Mahindra Mutual Fund,Regular,Other,,
142530,INF174K018T9,-,Kotak FMP Series 217,Close Ended Schemes(Income),Kotak Mahindra Mutual Fund,Regular,Other,,
142527,INF174K017T1,-,Kotak FMP Series 217,Close Ended Schemes(Income),Kotak Mahindra Mutual Fund,Regular,Other,,
142529,INF174K015T5,-,Kotak FMP Series 217,Close Ended Schemes(Income),Kotak Mahindra Mutual Fund,Regular,Other,,
142528,INF174K016T3,-,Kotak FMP Series 217,Close Ended Schemes(Income),Kotak Mahindra Mutual Fund,Regular,Other,,
142650,INF174K012U0,-,Kotak FMP Series 218,Close Ended Schemes(Income),Kotak Mahindra Mutual Fund,Regular,Other,,
142649,INF174K011U2,-,Kotak FMP Series 218,Close Ended Schemes(Income),Kotak Mahindra Mutual Fund,Regular,Other,,
142648,INF174K010U4,-,Kotak FMP Series 218,Close Ended Schemes(Income),Kotak Mahindra Mutual Fund,Regular,Other,,
142651,INF174K019T7,-,Kotak FMP Series 218,Close Ended Schemes(Income),Kotak Mahindra Mutual Fund,Regular,Other,,
142768,INF174K016U1,-,Kotak FMP Series 219,Close Ended Schemes(Income),Kotak Mahindra Mutual Fund,Regular,Other,,
142767,INF174K013U8,-,Kotak FMP Series 219,Close Ended Schemes(Income),Kotak Mahindra Mutual Fund,Regular,Other,,
142765,INF174K014U6,-,Kotak FMP Series 219,Close Ended Schemes(Income),Kotak Mahindra Mutual Fund,Regular,Other,,
142766,INF174K015U3,-,Kotak FMP Series 219,Close Ended Schemes(Income),Kotak Mahindra Mutual Fund,Regular,Other,,
142857,INF174K019U5,-,Kotak FMP Series 220,Close Ended Schemes(Income),Kotak Mahindra Mutual Fund,Regular,Other,,
142859,INF174K010V2,-,Kotak FMP Series 220,Close Ended Schemes(Income),Kotak Mahindra Mutual Fund,Regular,Other,,
142858,INF174K017U9,-,Kotak FMP Series 220,Close Ended Schemes(Income),Kotak Mahindra Mutual Fund,Regular,Other,,
142860,INF174K018U7,-,Kotak FMP Series 220,Close Ended Schemes(Income),Kotak Mahindra Mutual Fund,Regular,Other,,
143024,INF174K017V7,-,Kotak FMP Series 221,Close Ended Schemes(Income),Kotak Mahindra Mutual Fund,Regular,Other,,
143023,INF174K012W6,-,Kotak FMP Series 221,Close Ended Schemes(Income),Kotak Mahindra Mutual Fund,Regular,Other,,
143022,INF174K016V9,-,Kotak FMP Series 221,Close Ended Schemes(Income),Kotak Mahindra Mutual Fund,Regular,Other,,
143029,INF174K011W8,-,Kotak FMP Series 223,Close Ended Schemes(Income),Kotak Mahindra Mutual Fund,Regular,Other,,
143032,INF174K015V1,-,Kotak FMP Series 223,Close Ended Schemes(Income),Kotak Mahindra Mutual Fund,Regular,Other,,
143031,INF174K019V3,-,Kotak FMP Series 223,Close Ended Schemes(Income),Kotak Mahindra Mutual Fund,Regular,Other,,
143030,INF174K010W0,-,Kotak FMP Series 223,Close Ended Schemes(Income),Kotak Mahindra Mutual Fund,Regular,Other,,
143060,INF174K014W2,-,Kotak FMP Series 224,Close Ended Schemes(Income),Kotak Mahindra Mutual Fund,Regular,Other,,
143061,INF174K015W9,-,Kotak FMP Series 224,Close Ended Schemes(Income),Kotak Mahindra Mutual Fund,Regular,Other,,
143059,INF174K013W4,-,Kotak FMP Series 224,Close Ended Schemes(Income),Kotak Mahindra Mutual Fund,Regular,Other,,
143183,INF174K019W1,-,Kotak FMP Series 225,Close Ended Schemes(Income),Kotak Mahindra Mutual Fund,Regular,Other,,
143180,INF174K010X8,-,Kotak FMP Series 225,Close Ended Schemes(Income),Kotak Mahindra Mutual Fund,Regular,Other,,
143181,INF174K017W5,-,Kotak FMP Series 225,Close Ended Schemes(Income),Kotak Mahindra Mutual Fund,Regular,Other,,
143182,INF174K018W3,-,Kotak FMP Series 225,Close Ended Schemes(Income),Kotak Mahindra Mutual Fund,Regular,Other,,
143343,INF174K017X3,-,Kotak FMP Series 226,Close Ended Schemes(Income),Kotak Mahindra Mutual Fund,Regular,Other,,
143345,INF174K018X1,-,Kotak FMP Series 226,Close Ended Schemes(Income),Kotak Mahindra Mutual Fund,Regular,Other,,
143344,INF174K016X5,-,Kotak FMP Series 226,Close Ended Schemes(Income),Kotak Mahindra Mutual Fund,Regular,Other,,
143342,INF174K015X7,-,Kotak FMP Series 226,Close Ended Schemes(Income),Kotak Mahindra Mutual Fund,Regular,Other,,
143479,INF174K011Y4,-,Kotak FMP Series 227,Close Ended Schemes(Income),Kotak Mahindra Mutual Fund,Regular,Other,,
143477,INF174K019X9,-,Kotak FMP Series 227,Close Ended Schemes(Income),Kotak Mahindra Mutual Fund,Regular,Other,,
143478,INF174K010Y6,-,Kotak FMP Series 227,Close Ended Schemes(Income),Kotak Mahindra Mutual Fund,Regular,Other,,
143480,INF174K012Y2,-,Kotak FMP Series 227,Close Ended Schemes(Income),Kotak Mahindra Mutual Fund,Regular,Other,,
143622,INF174K013Y0,-,Kotak FMP Series 228,Close Ended Schemes(Income),Kotak Mahindra Mutual Fund,Regular,Other,,
143624,INF174K014Y8,-,Kotak FMP Series 228,Close Ended Schemes(Income),Kotak Mahindra Mutual Fund,Regular,Other,,
143623,INF174K015Y5,-,Kotak FMP Series 228,Close Ended Schemes(Income),Kotak Mahindra Mutual Fund,Regular,Other,,
143628,INF174K010Z3,-,Kotak FMP Series 229,Close Ended Schemes(Income),Kotak Mahindra Mutual Fund,Regular,Other,,
143625,INF174K019Y7,-,Kotak FMP Series 229,Close Ended Schemes(Income),Kotak Mahindra Mutual Fund,Regular,Other,,
143626,INF174K018Y9,-,Kotak FMP Series 229,Close Ended Schemes(Income),Kotak Mahindra Mutual Fund,Regular,Other,,
143627,INF174K017Y1,-,Kotak FMP Series 229,Close Ended Schemes(Income),Kotak Mahindra Mutual Fund,Regular,Other,,
143848,INF174K013Z7,-,Kotak FMP Series 230,Close Ended Schemes(Income),Kotak Mahindra Mutual Fund,Regular,Other,,
143849,INF174K014Z5,-,Kotak FMP Series 230,Close Ended Schemes(Income),Kotak Mahindra Mutual Fund,Regular,Other,,
143850,INF174K011Z1,-,Kotak FMP Series 230,Close Ended Schemes(Income),Kotak Mahindra Mutual Fund,Regular,Other,,
143993,INF174K019Z4,-,Kotak FMP Series 232,Close Ended Schemes(Income),Kotak Mahindra Mutual Fund,Regular,Other,,
143994,INF174KA1020,-,Kotak FMP Series 232,Close Ended Schemes(Income),Kotak Mahindra Mutual Fund,Regular,Other,,
143995,INF174KA1012,-,Kotak FMP Series 232,Close Ended Schemes(Income),Kotak Mahindra Mutual Fund,Regular,Other,,
144063,INF174KA1061,-,Kotak FMP Series 233,Close Ended Schemes(Income),Kotak Mahindra Mutual Fund,Regular,Other,,
144064,INF174KA1079,-,Kotak FMP Series 233,Close Ended Schemes(Income),Kotak Mahindra Mutual Fund,Regular,Other,,
144061,INF174KA1046,-,Kotak FMP Series 233,Close Ended Schemes(Income),Kotak Mahindra Mutual Fund,Regular,Other,,
144279,INF174KA1103,-,Kotak FMP Series 234,Close Ended Schemes(Income),Kotak Mahindra Mutual Fund,Regular,Other,,
144281,INF174KA1087,-,Kotak FMP Series 234,Close Ended Schemes(Income),Kotak Mahindra Mutual Fund,Regular,Other,,
144282,INF174KA1095,-,Kotak FMP Series 234,Close Ended Schemes(Income),Kotak Mahindra Mutual Fund,Regular,Other,,
144283,INF174KA1145,-,Kotak FMP Series 235,Close Ended Schemes(Income),Kotak Mahindra Mutual Fund,Regular,Other,,
144284,INF174KA1129,-,Kotak FMP Series 235,Close Ended Schemes(Income),Kotak Mahindra Mutual Fund,Regular,Other,,
144286,INF174KA1137,-,Kotak FMP Series 235,Close Ended Schemes(Income),Kotak Mahindra Mutual Fund,Regular,Other,,
144459,INF174KA1285,-,Kotak FMP Series 237,Close Ended Schemes(Income),Kotak Mahindra Mutual Fund,Regular,Other,,
144457,INF174KA1277,-,Kotak FMP Series 237,Close Ended Schemes(Income),Kotak Mahindra Mutual Fund,Regular,Other,,
144460,INF174KA1269,-,Kotak FMP Series 237,Close Ended Schemes(Income),Kotak Mahindra Mutual Fund,Regular,Other,,
144589,INF174KA1368,-,Kotak FMP Series 239,Close Ended Schemes(Income),Kotak Mahindra Mutual Fund,Regular,Other,,
144590,INF174KA1376,-,Kotak FMP Series 239,Close Ended Schemes(Income),Kotak Mahindra Mutual Fund,Regular,Other,,
144588,INF174KA1343,-,Kotak FMP Series 239,Close Ended Schemes(Income),Kotak Mahindra Mutual Fund,Regular,Other,,
144591,INF174KA1350,-,Kotak FMP Series 239,Close Ended Schemes(Income),Kotak Mahindra Mutual Fund,Regular,Other,,
144614,INF174KA1400,-,Kotak FMP Series 240,Close Ended Schemes(Income),Kotak Mahindra Mutual Fund,Regular,Other,,
144615,INF174KA1384,-,Kotak FMP Series 240,Close Ended Schemes(Income),Kotak Mahindra Mutual Fund,Regular,Other,,
144612,INF174KA1392,-,Kotak FMP Series 240,Close Ended Schemes(Income),Kotak Mahindra Mutual Fund,Regular,Other,,
144671,INF174KA1483,-,Kotak FMP Series 242,Close Ended Schemes(Income),Kotak Mahindra Mutual Fund,Regular,Other,,
144672,INF174KA1491,-,Kotak FMP Series 242,Close Ended Schemes(Income),Kotak Mahindra Mutual Fund,Regular,Other,,
144669,INF174KA1467,-,Kotak FMP Series 242,Close Ended Schemes(Income),Kotak Mahindra Mutual Fund,Regular,Other,,
144670,INF174KA1475,-,Kotak FMP Series 242,Close Ended Schemes(Income),Kotak Mahindra Mutual Fund,Regular,Other,,
144849,INF174KA1558,-,Kotak FMP Series 243,Close Ended Schemes(Income),Kotak Mahindra Mutual Fund,Regular,Other,,
144851,INF174KA1574,-,Kotak FMP Series 243,Close Ended Schemes(Income),Kotak Mahindra Mutual Fund,Regular,Other,,
144850,INF174KA1566,-,Kotak FMP Series 243,Close Ended Schemes(Income),Kotak Mahindra Mutual Fund,Regular,Other,,
144848,INF174KA1541,-,Kotak FMP Series 243,Close Ended Schemes(Income),Kotak Mahindra Mutual Fund,Regular,Other,,
145005,INF174KA1632,-,Kotak FMP Series 245,Close Ended Schemes(Income),Kotak Mahindra Mutual Fund,Regular,Other,,
145006,INF174KA1640,-,Kotak FMP Series 245,Close Ended Schemes(Income),Kotak Mahindra Mutual Fund,Regular,Other,,
145007,INF174KA1657,-,Kotak FMP Series 245,Close Ended Schemes(Income),Kotak Mahindra Mutual Fund,Regular,Other,,
145004,INF174KA1624,-,Kotak FMP Series 245,Close Ended Schemes(Income),Kotak Mahindra Mutual Fund,Regular,Other,,
145086,INF174KA1681,-,Kotak FMP Series 246,Close Ended Schemes(Income),Kotak Mahindra Mutual Fund,Regular,Other,,
145085,INF174KA1673,-,Kotak FMP Series 246,Close Ended Schemes(Income),Kotak Mahindra Mutual Fund,Regular,Other,,
145083,INF174KA1699,-,Kotak FMP Series 246,Close Ended Schemes(Income),Kotak Mahindra Mutual Fund,Regular,Other,,
145084,INF174KA1665,-,Kotak FMP Series 246,Close Ended Schemes(Income),Kotak Mahindra Mutual Fund,Regular,Other,,
145189,INF174KA1715,-,Kotak FMP Series 247,Close Ended Schemes(Income),Kotak Mahindra Mutual Fund,Regular,Other,,
145187,INF174KA1723,-,Kotak FMP Series 247,Close Ended Schemes(Income),Kotak Mahindra Mutual Fund,Regular,Other,,
145188,INF174KA1707,-,Kotak FMP Series 247,Close Ended Schemes(Income),Kotak Mahindra Mutual Fund,Regular,Other,,
145240,INF174KA1764,-,Kotak FMP Series 248,Close Ended Schemes(Income),Kotak Mahindra Mutual Fund,Regular,Other,,
145239,INF174KA1772,-,Kotak FMP Series 248,Close Ended Schemes(Income),Kotak Mahindra Mutual Fund,Regular,Other,,
145242,INF174KA1749,-,Kotak FMP Series 248,Close Ended Schemes(Income),Kotak Mahindra Mutual Fund,Regular,Other,,
145241,INF174KA1756,-,Kotak FMP Series 248,Close Ended Schemes(Income),Kotak Mahindra Mutual Fund,Regular,Other,,
145381,INF174KA1848,-,Kotak FMP Series 250,Close Ended Schemes(Income),Kotak Mahindra Mutual Fund,Regular,Other,,
145379,INF174KA1822,-,Kotak FMP Series 250,Close Ended Schemes(Income),Kotak Mahindra Mutual Fund,Regular,Other,,
145380,INF174KA1830,-,Kotak FMP Series 250,Close Ended Schemes(Income),Kotak Mahindra Mutual Fund,Regular,Other,,
145588,INF174KA1AA2,-,Kotak FMP Series 251,Close Ended Schemes(Income),Kotak Mahindra Mutual Fund,Regular,Other,,
145586,INF174KA1AB0,-,Kotak FMP Series 251,Close Ended Schemes(Income),Kotak Mahindra Mutual Fund,Regular,Other,,
145587,INF174KA1988,-,Kotak FMP Series 251,Close Ended Schemes(Income),Kotak Mahindra Mutual Fund,Regular,Other,,
145637,INF174KA1AE4,-,Kotak FMP Series 252,Close Ended Schemes(Income),Kotak Mahindra Mutual Fund,Regular,Other,,
145635,INF174KA1AD6,-,Kotak FMP Series 252,Close Ended Schemes(Income),Kotak Mahindra Mutual Fund,Regular,Other,,
145634,INF174KA1AC8,-,Kotak FMP Series 252,Close Ended Schemes(Income),Kotak Mahindra Mutual Fund,Regular,Other,,
145714,INF174KA1AH7,-,Kotak FMP Series 253,Close Ended Schemes(Income),Kotak Mahindra Mutual Fund,Regular,Other,,
145715,INF174KA1AJ3,-,Kotak FMP Series 253,Close Ended Schemes(Income),Kotak Mahindra Mutual Fund,Regular,Other,,
145716,INF174KA1AI5,-,Kotak FMP Series 253,Close Ended Schemes(Income),Kotak Mahindra Mutual Fund,Regular,Other,,
145713,INF174KA1AG9,-,Kotak FMP Series 253,Close Ended Schemes(Income),Kotak Mahindra Mutual Fund,Regular,Other,,
145783,INF174KA1AM7,-,Kotak FMP Series 254,Close Ended Schemes(Income),Kotak Mahindra Mutual Fund,Regular,Other,,
145786,INF174KA1AK1,-,Kotak FMP Series 254,Close Ended Schemes(Income),Kotak Mahindra Mutual Fund,Regular,Other,,
145902,INF174KA1AQ8,-,Kotak FMP Series 255,Close Ended Schemes(Income),Kotak Mahindra Mutual Fund,Regular,Other,,
145900,INF174KA1AO3,-,Kotak FMP Series 255,Close Ended Schemes(Income),Kotak Mahindra Mutual Fund,Regular,Other,,
145903,INF174KA1AP0,-,Kotak FMP Series 255,Close Ended Schemes(Income),Kotak Mahindra Mutual Fund,Regular,Other,,
145961,INF174KA1AU0,-,Kotak FMP Series 256,Close Ended Schemes(Income),Kotak Mahindra Mutual Fund,Regular,Other,,
145962,INF174KA1AV8,-,Kotak FMP Series 256,Close Ended Schemes(Income),Kotak Mahindra Mutual Fund,Regular,Other,,
145959,INF174KA1AS4,-,Kotak FMP Series 256,Close Ended Schemes(Income),Kotak Mahindra Mutual Fund,Regular,Other,,
145960,INF174KA1AT2,-,Kotak FMP Series 256,Close Ended Schemes(Income),Kotak Mahindra Mutual Fund,Regular,Other,,
146045,INF174KA1AY2,-,Kotak FMP Series 257,Close Ended Schemes(Income),Kotak Mahindra Mutual Fund,Regular,Other,,
146047,INF174KA1AZ9,-,Kotak FMP Series 257,Close Ended Schemes(Income),Kotak Mahindra Mutual Fund,Regular,Other,,
146048,INF174KA1AW6,-,Kotak FMP Series 257,Close Ended Schemes(Income),Kotak Mahindra Mutual Fund,Regular,Other,,
146046,INF174KA1AX4,-,Kotak FMP Series 257,Close Ended Schemes(Income),Kotak Mahindra Mutual Fund,Regular,Other,,
146284,INF174KA1BO1,-,kotak FMP Series 259,Close Ended Schemes(Income),Kotak Mahindra Mutual Fund,Regular,Other,,
146283,INF174KA1BM5,-,kotak FMP Series 259,Close Ended Schemes(Income),Kotak Mahindra Mutual Fund,Regular,Other,,
146282,INF174KA1BN3,-,kotak FMP Series 259,Close Ended Schemes(Income),Kotak Mahindra Mutual Fund,Regular,Other,,
146327,INF174KA1BW4,-,kotak FMP Series 261,Close Ended Schemes(Income),Kotak Mahindra Mutual Fund,Regular,Other,,
146324,INF174KA1BX2,-,kotak FMP Series 261,Close Ended Schemes(Income),Kotak Mahindra Mutual Fund,Regular,Other,,
146326,INF174KA1BU8,-,kotak FMP Series 261,Close Ended Schemes(Income),Kotak Mahindra Mutual Fund,Regular,Other,,
146325,INF174KA1BV6,-,kotak FMP Series 261,Close Ended Schemes(Income),Kotak Mahindra Mutual Fund,Regular,Other,,
146605,INF174KA1CO9,-,Kotak FMP Series 263,Close Ended Schemes(Income),Kotak Mahindra Mutual Fund,Regular,Other,,
146607,INF174KA1CM3,-,Kotak FMP Series 263,Close Ended Schemes(Income),Kotak Mahindra Mutual Fund,Regular,Other,,
146604,INF174KA1CN1,-,Kotak FMP Series 263,Close Ended Schemes(Income),Kotak Mahindra Mutual Fund,Regular,Other,,
146834,INF174KA1CW2,-,Kotak FMP Series 265,Close Ended Schemes(Income),Kotak Mahindra Mutual Fund,Regular,Other,,
146833,INF174KA1CU6,-,Kotak FMP Series 265,Close Ended Schemes(Income),Kotak Mahindra Mutual Fund,Regular,Other,,
147021,INF174KA1DK5,-,Kotak FMP Series 267,Close Ended Schemes(Income),Kotak Mahindra Mutual Fund,Regular,Other,,
147022,INF174KA1DI9,-,Kotak FMP Series 267,Close Ended Schemes(Income),Kotak Mahindra Mutual Fund,Regular,Other,,
147019,INF174KA1DJ7,-,Kotak FMP Series 267,Close Ended Schemes(Income),Kotak Mahindra Mutual Fund,Regular,Other,,
149139,INF174KA1HM2,-,Kotak FMP Series 292,Close Ended Schemes(Income),Kotak Mahindra Mutual Fund,Regular,Other,,
149138,INF174KA1HN0,-,Kotak FMP Series 292,Close Ended Schemes(Income),Kotak Mahindra Mutual Fund,Regular,Other,,
149136,INF174KA1HK6,-,Kotak FMP Series 292,Close Ended Schemes(Income),Kotak Mahindra Mutual Fund,Regular,Other,,
149137,INF174KA1HL4,-,Kotak FMP Series 292,Close Ended Schemes(Income),Kotak Mahindra Mutual Fund,Regular,Other,,
150319,INF174KA1IV1,-,Kotak FMP Series 294,Close Ended Schemes(Income),Kotak Mahindra Mutual Fund,Regular,Other,,
150318,INF174KA1IU3,-,Kotak FMP Series 294,Close Ended Schemes(Income),Kotak Mahindra Mutual Fund,Regular,Other,,
150321,INF174KA1IX7,-,Kotak FMP Series 294,Close Ended Schemes(Income),Kotak Mahindra Mutual Fund,Regular,Other,,
150320,INF174KA1IW9,-,Kotak FMP Series 294,Close Ended Schemes(Income),Kotak Mahindra Mutual Fund,Regular,Other,,
150601,INF174KA1JI6,-,Kotak FMP Series 296,Close Ended Schemes(Income),Kotak Mahindra Mutual Fund,Regular,Other,,
150599,INF174KA1JJ4,-,Kotak FMP Series 296,Close Ended Schemes(Income),Kotak Mahindra Mutual Fund,Regular,Other,,
150600,INF174KA1JG0,-,Kotak FMP Series 296,Close Ended Schemes(Income),Kotak Mahindra Mutual Fund,Regular,Other,,
150598,INF174KA1JH8,-,Kotak FMP Series 296,Close Ended Schemes(Income),Kotak Mahindra Mutual Fund,Regular,Other,,
150784,INF174KA1KF0,-,Kotak FMP Series 297,Close Ended Schemes(Income),Kotak Mahindra Mutual Fund,Regular,Other,,
150783,INF174KA1KE3,-,Kotak FMP Series 297,Close Ended Schemes(Income),Kotak Mahindra Mutual Fund,Regular,Other,,
150781,INF174KA1KD5,-,Kotak FMP Series 297,Close Ended Schemes(Income),Kotak Mahindra Mutual Fund,Regular,Other,,
150782,INF174KA1KC7,-,Kotak FMP Series 297,Close Ended Schemes(Income),Kotak Mahindra Mutual Fund,Regular,Other,,
150947,INF174KA1KS3,-,Kotak FMP Series 299,Close Ended Schemes(Income),Kotak Mahindra Mutual Fund,Regular,Other,,
150944,INF174KA1KQ7,-,Kotak FMP Series 299,Close Ended Schemes(Income),Kotak Mahindra Mutual Fund,Regular,Other,,
150945,INF174KA1KR5,-,Kotak FMP Series 299,Close Ended Schemes(Income),Kotak Mahindra Mutual Fund,Regular,Other,,
151174,INF174KA1KX3,-,Kotak FMP Series 300,Close Ended Schemes(Income),Kotak Mahindra Mutual Fund,Regular,Other,,
151175,INF174KA1KY1,-,Kotak FMP Series 300,Close Ended Schemes(Income),Kotak Mahindra Mutual Fund,Regular,Other,,
151172,INF174KA1KV7,-,Kotak FMP Series 300,Close Ended Schemes(Income),Kotak Mahindra Mutual Fund,Regular,Other,,
151173,INF174KA1KW5,-,Kotak FMP Series 300,Close Ended Schemes(Income),Kotak Mahindra Mutual Fund,Regular,Other,,
151247,INF174KA1LH4,-,Kotak FMP Series 302,Close Ended Schemes(Income),Kotak Mahindra Mutual Fund,Regular,Other,,
151245,INF174KA1LI2,-,Kotak FMP Series 302,Close Ended Schemes(Income),Kotak Mahindra Mutual Fund,Regular,Other,,
151244,INF174KA1LF8,-,Kotak FMP Series 302,Close Ended Schemes(Income),Kotak Mahindra Mutual Fund,Regular,Other,,
151246,INF174KA1LG6,-,Kotak FMP Series 302,Close Ended Schemes(Income),Kotak Mahindra Mutual Fund,Regular,Other,,
151266,INF174KA1LL6,-,Kotak FMP Series 303,Close Ended Schemes(Income),Kotak Mahindra Mutual Fund,Regular,Other,,
151263,INF174KA1LM4,-,Kotak FMP Series 303,Close Ended Schemes(Income),Kotak Mahindra Mutual Fund,Regular,Other,,
151264,INF174KA1LJ0,-,Kotak FMP Series 303,Close Ended Schemes(Income),Kotak Mahindra Mutual Fund,Regular,Other,,
151265,INF174KA1LK8,-,Kotak FMP Series 303,Close Ended Schemes(Income),Kotak Mahindra Mutual Fund,Regular,Other,,
151316,INF174KA1LT9,-,Kotak FMP Series 305,Close Ended Schemes(Income),Kotak Mahindra Mutual Fund,Regular,Other,,
151317,INF174KA1LU7,-,Kotak FMP Series 305,Close Ended Schemes(Income),Kotak Mahindra Mutual Fund,Regular,Other,,
151315,INF174KA1LR3,-,Kotak FMP Series 305,Close Ended Schemes(Income),Kotak Mahindra Mutual Fund,Regular,Other,,
151318,INF174KA1LS1,-,Kotak FMP Series 305,Close Ended Schemes(Income),Kotak Mahindra Mutual Fund,Regular,Other,,
151360,INF174KA1LY9,-,Kotak FMP Series 306,Close Ended Schemes(Income),Kotak Mahindra Mutual Fund,Regular,Other,,
151361,INF174KA1LZ6,-,Kotak FMP Series 306,Close Ended Schemes(Income),Kotak Mahindra Mutual Fund,Regular,Other,,
151359,INF174KA1LW3,-,Kotak FMP Series 306,Close Ended Schemes(Income),Kotak Mahindra Mutual Fund,Regular,Other,,
151362,INF174KA1LX1,-,Kotak FMP Series 306,Close Ended Schemes(Income),Kotak Mahindra Mutual Fund,Regular,Other,,
151510,INF174KA1MO8,-,Kotak FMP Series 307,Close Ended Schemes(Income),Kotak Mahindra Mutual Fund,Regular,Other,,
151508,INF174KA1MP5,-,Kotak FMP Series 307,Close Ended Schemes(Income),Kotak Mahindra Mutual Fund,Regular,Other,,
151507,INF174KA1MM2,-,Kotak FMP Series 307,Close Ended Schemes(Income),Kotak Mahindra Mutual Fund,Regular,Other,,
151509,INF174KA1MN0,-,Kotak FMP Series 307,Close Ended Schemes(Income),Kotak Mahindra Mutual Fund,Regular,Other,,
151681,INF174KA1NG2,-,Kotak FMP Series 308,Close Ended Schemes(Income),Kotak Mahindra Mutual Fund,Regular,Other,,
151682,INF174KA1NH0,-,Kotak FMP Series 308,Close Ended Schemes(Income),Kotak Mahindra Mutual Fund,Regular,Other,,
151679,INF174KA1NE7,-,Kotak FMP Series 308,Close Ended Schemes(Income),Kotak Mahindra Mutual Fund,Regular,Other,,
151680,INF174KA1NF4,-,Kotak FMP Series 308,Close Ended Schemes(Income),Kotak Mahindra Mutual Fund,Regular,Other,,
151677,INF174KA1NK4,-,Kotak FMP Series 309,Close Ended Schemes(Income),Kotak Mahindra Mutual Fund,Regular,Other,,
151675,INF174KA1NI8,-,Kotak FMP Series 309,Close Ended Schemes(Income),Kotak Mahindra Mutual Fund,Regular,Other,,
151676,INF174KA1NJ6,-,Kotak FMP Series 309,Close Ended Schemes(Income),Kotak Mahindra Mutual Fund,Regular,Other,,
151686,INF174KA1NO6,-,Kotak FMP Series 310,Close Ended Schemes(Income),Kotak Mahindra Mutual Fund,Regular,Other,,
151683,INF174KA1NM0,-,Kotak FMP Series 310,Close Ended Schemes(Income),Kotak Mahindra Mutual Fund,Regular,Other,,
151685,INF174KA1NN8,-,Kotak FMP Series 310,Close Ended Schemes(Income),Kotak Mahindra Mutual Fund,Regular,Other,,
151743,INF174KA1NS7,-,Kotak FMP Series 311,Close Ended Schemes(Income),Kotak Mahindra Mutual Fund,Regular,Other,,
151744,INF174KA1NT5,-,Kotak FMP Series 311,Close Ended Schemes(Income),Kotak Mahindra Mutual Fund,Regular,Other,,
151741,INF174KA1NQ1,-,Kotak FMP Series 311,Close Ended Schemes(Income),Kotak Mahindra Mutual Fund,Regular,Other,,
151742,INF174KA1NR9,-,Kotak FMP Series 311,Close Ended Schemes(Income),Kotak Mahindra Mutual Fund,Regular,Other,,
152175,INF174KA1PU8,-,Kotak FMP Series 323,Close Ended Schemes(Income),Kotak Mahindra Mutual Fund,Regular,Other,,
152176,INF174KA1PV6,-,Kotak FMP Series 323,Close Ended Schemes(Income),Kotak Mahindra Mutual Fund,Regular,Other,,
152173,INF174KA1PS2,-,Kotak FMP Series 323,Close Ended Schemes(Income),Kotak Mahindra Mutual Fund,Regular,Other,,
152174,INF174KA1PT0,-,Kotak FMP Series 323,Close Ended Schemes(Income),Kotak Mahindra Mutual Fund,Regular,Other,,
152224,INF174KA1QE0,-,Kotak FMP Series 324,Close Ended Schemes(Income),Kotak Mahindra Mutual Fund,Regular,Other,,
152222,INF174KA1QF7,-,Kotak FMP Series 324,Close Ended Schemes(Income),Kotak Mahindra Mutual Fund,Regular,Other,,
152221,INF174KA1QC4,-,Kotak FMP Series 324,Close Ended Schemes(Income),Kotak Mahindra Mutual Fund,Regular,Other,,
152223,INF174KA1QD2,-,Kotak FMP Series 324,Close Ended Schemes(Income),Kotak Mahindra Mutual Fund,Regular,Other,,
152249,INF174KA1QI1,-,Kotak FMP Series 325,Close Ended Schemes(Income),Kotak Mahindra Mutual Fund,Regular,Other,,
152248,INF174KA1QJ9,-,Kotak FMP Series 325,Close Ended Schemes(Income),Kotak Mahindra Mutual Fund,Regular,Other,,
152246,INF174KA1QG5,-,Kotak FMP Series 325,Close Ended Schemes(Income),Kotak Mahindra Mutual Fund,Regular,Other,,
152247,INF174KA1QH3,-,Kotak FMP Series 325,Close Ended Schemes(Income),Kotak Mahindra Mutual Fund,Regular,Other,,
152279,INF174KA1QM3,-,Kotak FMP Series 326,Close Ended Schemes(Income),Kotak Mahindra Mutual Fund,Regular,Other,,
152278,INF174KA1QN1,-,Kotak FMP Series 326,Close Ended Schemes(Income),Kotak Mahindra Mutual Fund,Regular,Other,,
152271,INF174KA1QK7,-,Kotak FMP Series 326,Close Ended Schemes(Income),Kotak Mahindra Mutual Fund,Regular,Other,,
152272,INF174KA1QL5,-,Kotak FMP Series 326,Close Ended Schemes(Income),Kotak Mahindra Mutual Fund,Regular,Other,,
152342,INF174KA1QQ4,-,Kotak FMP Series 327,Close Ended Schemes(Income),Kotak Mahindra Mutual Fund,Regular,Other,,
152340,INF174KA1QR2,-,Kotak FMP Series 327,Close Ended Schemes(Income),Kotak Mahindra Mutual Fund,Regular,Other,,
152343,INF174KA1QO9,-,Kotak FMP Series 327,Close Ended Schemes(Income),Kotak Mahindra Mutual Fund,Regular,Other,,
152341,INF174KA1QP6,-,Kotak FMP Series 327,Close Ended Schemes(Income),Kotak Mahindra Mutual Fund,Regular,Other,,
126496,INF174K01TK2,-,Kotak Hybrid Fixed Term Plan Series 2,Close Ended Schemes(Income),Kotak Mahindra Mutual Fund,Regular,Other,,
126497,INF174K01TJ4,-,Kotak Hybrid Fixed Term Plan Series 2,Close Ended Schemes(Income),Kotak Mahindra Mutual Fund,Regular,Other,,
126498,INF174K01TI6,-,Kotak Hybrid Fixed Term Plan Series 2,Close Ended Schemes(Income),Kotak Mahindra Mutual Fund,Regular,Other,,
126495,INF174K01TH8,-,Kotak Hybrid Fixed Term Plan Series 2,Close Ended Schemes(Income),Kotak Mahindra Mutual Fund,Regular,Other,,
147463,INF204KB13D5,-,Nippon India Fixed Horizon Fund - XLI - Series 12,Close Ended Schemes(Income),Nippon India Mutual Fund,Regular,Other,,
146845,INF204KB12A3,-,Nippon India Fixed Horizon Fund - XLI - Series 4,Close Ended Schemes(Income),Nippon India Mutual Fund,Regular,Other,,
146848,INF204KB10A7,-,Nippon India Fixed Horizon Fund - XLI - Series 4,Close Ended Schemes(Income),Nippon India Mutual Fund,Regular,Other,,
146847,INF204KB11A5,-,Nippon India Fixed Horizon Fund - XLI - Series 4,Close Ended Schemes(Income),Nippon India Mutual Fund,Regular,Other,,
146846,INF204KB1Z98,-,Nippon India Fixed Horizon Fund - XLI - Series 4,Close Ended Schemes(Income),Nippon India Mutual Fund,Regular,Other,,
126479,INF204KB1A14,-,Nippon India Fixed Horizon Fund - XXV - Series 15,Close Ended Schemes(Income),Nippon India Mutual Fund,Regular,Other,,
126477,INF204KB1A06,-,Nippon India Fixed Horizon Fund - XXV - Series 15,Close Ended Schemes(Income),Nippon India Mutual Fund,Regular,Other,,
126478,INF204KB1ZZ9,-,Nippon India Fixed Horizon Fund - XXV - Series 15,Close Ended Schemes(Income),Nippon India Mutual Fund,Regular,Other,,
126480,INF204KB1ZY2,-,Nippon India Fixed Horizon Fund - XXV - Series 15,Close Ended Schemes(Income),Nippon India Mutual Fund,Regular,Other,,
145525,INF204KB1N50,-,Nippon India Fixed Horizon Fund - XXXIX- Series 15,Close Ended Schemes(Income),Nippon India Mutual Fund,Regular,Other,,
145527,INF204KB1N43,-,Nippon India Fixed Horizon Fund - XXXIX- Series 15,Close Ended Schemes(Income),Nippon India Mutual Fund,Regular,Other,,
145528,INF204KB1N68,-,Nippon India Fixed Horizon Fund - XXXIX- Series 15,Close Ended Schemes(Income),Nippon India Mutual Fund,Regular,Other,,
145609,INF204KB1O18,-,Nippon India Fixed Horizon Fund - XXXX - Series 1,Close Ended Schemes(Income),Nippon India Mutual Fund,Regular,Other,,
145610,INF204KB1N92,-,Nippon India Fixed Horizon Fund - XXXX - Series 1,Close Ended Schemes(Income),Nippon India Mutual Fund,Regular,Other,,
145612,INF204KB1O00,-,Nippon India Fixed Horizon Fund - XXXX - Series 1,Close Ended Schemes(Income),Nippon India Mutual Fund,Regular,Other,,
145611,INF204KB1N84,-,Nippon India Fixed Horizon Fund - XXXX - Series 1,Close Ended Schemes(Income),Nippon India Mutual Fund,Regular,Other,,
146027,INF204KB1U10,-,Nippon India Fixed Horizon Fund - XXXX - Series 11,Close Ended Schemes(Income),Nippon India Mutual Fund,Regular,Other,,
146030,INF204KB1U28,-,Nippon India Fixed Horizon Fund - XXXX - Series 11,Close Ended Schemes(Income),Nippon India Mutual Fund,Regular,Other,,
146029,INF204KB1U02,-,Nippon India Fixed Horizon Fund - XXXX - Series 11,Close Ended Schemes(Income),Nippon India Mutual Fund,Regular,Other,,
146041,INF204KB1U77,-,Nippon India Fixed Horizon Fund - XXXX - Series 12,Close Ended Schemes(Income),Nippon India Mutual Fund,Regular,Other,,
146042,INF204KB1U51,-,Nippon India Fixed Horizon Fund - XXXX - Series 12,Close Ended Schemes(Income),Nippon India Mutual Fund,Regular,Other,,
146043,INF204KB1U69,-,Nippon India Fixed Horizon Fund - XXXX - Series 12,Close Ended Schemes(Income),Nippon India Mutual Fund,Regular,Other,,
146044,INF204KB1U44,-,Nippon India Fixed Horizon Fund - XXXX - Series 12,Close Ended Schemes(Income),Nippon India Mutual Fund,Regular,Other,,
146170,INF204KB1V50,-,Nippon India Fixed Horizon Fund - XXXX - Series 14,Close Ended Schemes(Income),Nippon India Mutual Fund,Regular,Other,,
146171,INF204KB1V35,-,Nippon India Fixed Horizon Fund - XXXX - Series 14,Close Ended Schemes(Income),Nippon India Mutual Fund,Regular,Other,,
146172,INF204KB1V43,-,Nippon India Fixed Horizon Fund - XXXX - Series 14,Close Ended Schemes(Income),Nippon India Mutual Fund,Regular,Other,,
146169,INF204KB1V27,-,Nippon India Fixed Horizon Fund - XXXX - Series 14,Close Ended Schemes(Income),Nippon India Mutual Fund,Regular,Other,,
146300,INF204KB1V84,-,Nippon India Fixed Horizon Fund - XXXX - Series 15,Close Ended Schemes(Income),Nippon India Mutual Fund,Regular,Other,,
146299,INF204KB1V92,-,Nippon India Fixed Horizon Fund - XXXX - Series 15,Close Ended Schemes(Income),Nippon India Mutual Fund,Regular,Other,,
146301,INF204KB1V76,-,Nippon India Fixed Horizon Fund - XXXX - Series 15,Close Ended Schemes(Income),Nippon India Mutual Fund,Regular,Other,,
146328,INF204KB1W42,-,Nippon India Fixed Horizon Fund - XXXX - Series 16,Close Ended Schemes(Income),Nippon India Mutual Fund,Regular,Other,,
146329,INF204KB1W26,-,Nippon India Fixed Horizon Fund - XXXX - Series 16,Close Ended Schemes(Income),Nippon India Mutual Fund,Regular,Other,,
146331,INF204KB1W34,-,Nippon India Fixed Horizon Fund - XXXX - Series 16,Close Ended Schemes(Income),Nippon India Mutual Fund,Regular,Other,,
146330,INF204KB1W18,-,Nippon India Fixed Horizon Fund - XXXX - Series 16,Close Ended Schemes(Income),Nippon India Mutual Fund,Regular,Other,,
146471,INF204KB1W83,-,Nippon India Fixed Horizon Fund - XXXX - Series 17,Close Ended Schemes(Income),Nippon India Mutual Fund,Regular,Other,,
146473,INF204KB1W75,-,Nippon India Fixed Horizon Fund - XXXX - Series 17,Close Ended Schemes(Income),Nippon India Mutual Fund,Regular,Other,,
146472,INF204KB1W59,-,Nippon India Fixed Horizon Fund - XXXX - Series 17,Close Ended Schemes(Income),Nippon India Mutual Fund,Regular,Other,,
146594,INF204KB1Y24,-,Nippon India Fixed Horizon Fund - XXXX - Series 19,Close Ended Schemes(Income),Nippon India Mutual Fund,Regular,Other,,
146597,INF204KB1Y08,-,Nippon India Fixed Horizon Fund - XXXX - Series 19,Close Ended Schemes(Income),Nippon India Mutual Fund,Regular,Other,,
146596,INF204KB1Y16,-,Nippon India Fixed Horizon Fund - XXXX - Series 19,Close Ended Schemes(Income),Nippon India Mutual Fund,Regular,Other,,
146595,INF204KB1X90,-,Nippon India Fixed Horizon Fund - XXXX - Series 19,Close Ended Schemes(Income),Nippon India Mutual Fund,Regular,Other,,
145613,INF204KB1O59,-,Nippon India Fixed Horizon Fund - XXXX - Series 2,Close Ended Schemes(Income),Nippon India Mutual Fund,Regular,Other,,
145615,INF204KB1O34,-,Nippon India Fixed Horizon Fund - XXXX - Series 2,Close Ended Schemes(Income),Nippon India Mutual Fund,Regular,Other,,
145616,INF204KB1O42,-,Nippon India Fixed Horizon Fund - XXXX - Series 2,Close Ended Schemes(Income),Nippon India Mutual Fund,Regular,Other,,
145614,INF204KB1O26,-,Nippon India Fixed Horizon Fund - XXXX - Series 2,Close Ended Schemes(Income),Nippon India Mutual Fund,Regular,Other,,
145617,INF204KB1O91,-,Nippon India Fixed Horizon Fund - XXXX - Series 3,Close Ended Schemes(Income),Nippon India Mutual Fund,Regular,Other,,
145620,INF204KB1O75,-,Nippon India Fixed Horizon Fund - XXXX - Series 3,Close Ended Schemes(Income),Nippon India Mutual Fund,Regular,Other,,
145619,INF204KB1O83,-,Nippon India Fixed Horizon Fund - XXXX - Series 3,Close Ended Schemes(Income),Nippon India Mutual Fund,Regular,Other,,
145618,INF204KB1O67,-,Nippon India Fixed Horizon Fund - XXXX - Series 3,Close Ended Schemes(Income),Nippon India Mutual Fund,Regular,Other,,
145663,INF204KB1P33,-,Nippon India Fixed Horizon Fund - XXXX - Series 4,Close Ended Schemes(Income),Nippon India Mutual Fund,Regular,Other,,
145664,INF204KB1P17,-,Nippon India Fixed Horizon Fund - XXXX - Series 4,Close Ended Schemes(Income),Nippon India Mutual Fund,Regular,Other,,
145665,INF204KB1P25,-,Nippon India Fixed Horizon Fund - XXXX - Series 4,Close Ended Schemes(Income),Nippon India Mutual Fund,Regular,Other,,
145666,INF204KB1P09,-,Nippon India Fixed Horizon Fund - XXXX - Series 4,Close Ended Schemes(Income),Nippon India Mutual Fund,Regular,Other,,
145759,INF204KB1Q57,-,Nippon India Fixed Horizon Fund - XXXX - Series 5,Close Ended Schemes(Income),Nippon India Mutual Fund,Regular,Other,,
145757,INF204KB1Q32,-,Nippon India Fixed Horizon Fund - XXXX - Series 5,Close Ended Schemes(Income),Nippon India Mutual Fund,Regular,Other,,
145760,INF204KB1Q40,-,Nippon India Fixed Horizon Fund - XXXX - Series 5,Close Ended Schemes(Income),Nippon India Mutual Fund,Regular,Other,,
145758,INF204KB1Q24,-,Nippon India Fixed Horizon Fund - XXXX - Series 5,Close Ended Schemes(Income),Nippon India Mutual Fund,Regular,Other,,
145787,INF204KB1S30,-,Nippon India Fixed Horizon Fund - XXXX - Series 6,Close Ended Schemes(Income),Nippon India Mutual Fund,Regular,Other,,
145788,INF204KB1S14,-,Nippon India Fixed Horizon Fund - XXXX - Series 6,Close Ended Schemes(Income),Nippon India Mutual Fund,Regular,Other,,
145790,INF204KB1S22,-,Nippon India Fixed Horizon Fund - XXXX - Series 6,Close Ended Schemes(Income),Nippon India Mutual Fund,Regular,Other,,
145789,INF204KB1S06,-,Nippon India Fixed Horizon Fund - XXXX - Series 6,Close Ended Schemes(Income),Nippon India Mutual Fund,Regular,Other,,
145880,INF204KB1S63,-,Nippon India Fixed Horizon Fund - XXXX - Series 7,Close Ended Schemes(Income),Nippon India Mutual Fund,Regular,Other,,
145879,INF204KB1S48,-,Nippon India Fixed Horizon Fund - XXXX - Series 7,Close Ended Schemes(Income),Nippon India Mutual Fund,Regular,Other,,
145914,INF204KB1T13,-,Nippon India Fixed Horizon Fund - XXXX - Series 8,Close Ended Schemes(Income),Nippon India Mutual Fund,Regular,Other,,
145915,INF204KB1S97,-,Nippon India Fixed Horizon Fund - XXXX - Series 8,Close Ended Schemes(Income),Nippon India Mutual Fund,Regular,Other,,
145917,INF204KB1T05,-,Nippon India Fixed Horizon Fund - XXXX - Series 8,Close Ended Schemes(Income),Nippon India Mutual Fund,Regular,Other,,
145916,INF204KB1S89,-,Nippon India Fixed Horizon Fund - XXXX - Series 8,Close Ended Schemes(Income),Nippon India Mutual Fund,Regular,Other,,
139734,INF204KB1BW7,-,Nippon India Fixed Horizon Fund XXXI Series 9,Close Ended Schemes(Income),Nippon India Mutual Fund,Regular,Other,,
139735,INF204KB1BV9,-,Nippon India Fixed Horizon Fund XXXI Series 9,Close Ended Schemes(Income),Nippon India Mutual Fund,Regular,Other,,
139736,INF204KB1BU1,-,Nippon India Fixed Horizon Fund XXXI Series 9,Close Ended Schemes(Income),Nippon India Mutual Fund,Regular,Other,,
139733,INF204KB1BT3,-,Nippon India Fixed Horizon Fund XXXI Series 9,Close Ended Schemes(Income),Nippon India Mutual Fund,Regular,Other,,
139850,INF204KB1DG6,-,Nippon India Fixed Horizon Fund XXXI- Series 13,Close Ended Schemes(Income),Nippon India Mutual Fund,Regular,Other,,
139851,INF204KB1DF8,-,Nippon India Fixed Horizon Fund XXXI- Series 13,Close Ended Schemes(Income),Nippon India Mutual Fund,Regular,Other,,
139849,INF204KB1DE1,-,Nippon India Fixed Horizon Fund XXXI- Series 13,Close Ended Schemes(Income),Nippon India Mutual Fund,Regular,Other,,
139852,INF204KB1DD3,-,Nippon India Fixed Horizon Fund XXXI- Series 13,Close Ended Schemes(Income),Nippon India Mutual Fund,Regular,Other,,
139965,INF204KB1EE9,-,Nippon India Fixed Horizon Fund XXXI- Series 15,Close Ended Schemes(Income),Nippon India Mutual Fund,Regular,Other,,
139964,INF204KB1ED1,-,Nippon India Fixed Horizon Fund XXXI- Series 15,Close Ended Schemes(Income),Nippon India Mutual Fund,Regular,Other,,
139966,INF204KB1EC3,-,Nippon India Fixed Horizon Fund XXXI- Series 15,Close Ended Schemes(Income),Nippon India Mutual Fund,Regular,Other,,
139963,INF204KB1EB5,-,Nippon India Fixed Horizon Fund XXXI- Series 15,Close Ended Schemes(Income),Nippon India Mutual Fund,Regular,Other,,
139652,INF204KB1BB1,-,Nippon India Fixed Horizon Fund XXXI- Series 8,Close Ended Schemes(Income),Nippon India Mutual Fund,Regular,Other,,
139654,INF204KB1BC9,-,Nippon India Fixed Horizon Fund XXXI- Series 8,Close Ended Schemes(Income),Nippon India Mutual Fund,Regular,Other,,
139653,INF204KB1BA3,-,Nippon India Fixed Horizon Fund XXXI- Series 8,Close Ended Schemes(Income),Nippon India Mutual Fund,Regular,Other,,
139651,INF204KB1AZ2,-,Nippon India Fixed Horizon Fund XXXI- Series 8,Close Ended Schemes(Income),Nippon India Mutual Fund,Regular,Other,,
140155,INF204KB1FP2,-,Nippon India Fixed Horizon Fund XXXII- Series 1,Close Ended Schemes(Income),Nippon India Mutual Fund,Regular,Other,,
140154,INF204KB1FO5,-,Nippon India Fixed Horizon Fund XXXII- Series 1,Close Ended Schemes(Income),Nippon India Mutual Fund,Regular,Other,,
140153,INF204KB1FN7,-,Nippon India Fixed Horizon Fund XXXII- Series 1,Close Ended Schemes(Income),Nippon India Mutual Fund,Regular,Other,,
140152,INF204KB1FM9,-,Nippon India Fixed Horizon Fund XXXII- Series 1,Close Ended Schemes(Income),Nippon India Mutual Fund,Regular,Other,,
140601,INF204KB1HL7,-,Nippon India Fixed Horizon Fund XXXII- Series 10,Close Ended Schemes(Income),Nippon India Mutual Fund,Regular,Other,,
140600,INF204KB1HK9,-,Nippon India Fixed Horizon Fund XXXII- Series 10,Close Ended Schemes(Income),Nippon India Mutual Fund,Regular,Other,,
140599,INF204KB1HJ1,-,Nippon India Fixed Horizon Fund XXXII- Series 10,Close Ended Schemes(Income),Nippon India Mutual Fund,Regular,Other,,
140602,INF204KB1HI3,-,Nippon India Fixed Horizon Fund XXXII- Series 10,Close Ended Schemes(Income),Nippon India Mutual Fund,Regular,Other,,
140156,INF204KB1FT4,-,Nippon India Fixed Horizon Fund XXXII- Series 2,Close Ended Schemes(Income),Nippon India Mutual Fund,Regular,Other,,
140158,INF204KB1FS6,-,Nippon India Fixed Horizon Fund XXXII- Series 2,Close Ended Schemes(Income),Nippon India Mutual Fund,Regular,Other,,
140157,INF204KB1FR8,-,Nippon India Fixed Horizon Fund XXXII- Series 2,Close Ended Schemes(Income),Nippon India Mutual Fund,Regular,Other,,
140159,INF204KB1FQ0,-,Nippon India Fixed Horizon Fund XXXII- Series 2,Close Ended Schemes(Income),Nippon India Mutual Fund,Regular,Other,,
140166,INF204KB1GB0,-,Nippon India Fixed Horizon Fund XXXII- Series 4,Close Ended Schemes(Income),Nippon India Mutual Fund,Regular,Other,,
140167,INF204KB1GA2,-,Nippon India Fixed Horizon Fund XXXII- Series 4,Close Ended Schemes(Income),Nippon India Mutual Fund,Regular,Other,,
140165,INF204KB1FZ1,-,Nippon India Fixed Horizon Fund XXXII- Series 4,Close Ended Schemes(Income),Nippon India Mutual Fund,Regular,Other,,
140164,INF204KB1FY4,-,Nippon India Fixed Horizon Fund XXXII- Series 4,Close Ended Schemes(Income),Nippon India Mutual Fund,Regular,Other,,
140428,INF204KB1GJ3,-,Nippon India Fixed Horizon Fund XXXII- Series 5,Close Ended Schemes(Income),Nippon India Mutual Fund,Regular,Other,,
140426,INF204KB1GI5,-,Nippon India Fixed Horizon Fund XXXII- Series 5,Close Ended Schemes(Income),Nippon India Mutual Fund,Regular,Other,,
140425,INF204KB1GH7,-,Nippon India Fixed Horizon Fund XXXII- Series 5,Close Ended Schemes(Income),Nippon India Mutual Fund,Regular,Other,,
140427,INF204KB1GG9,-,Nippon India Fixed Horizon Fund XXXII- Series 5,Close Ended Schemes(Income),Nippon India Mutual Fund,Regular,Other,,
140509,INF204KB1HD4,-,Nippon India Fixed Horizon Fund XXXII- Series 7,Close Ended Schemes(Income),Nippon India Mutual Fund,Regular,Other,,
140512,INF204KB1HC6,-,Nippon India Fixed Horizon Fund XXXII- Series 7,Close Ended Schemes(Income),Nippon India Mutual Fund,Regular,Other,,
140511,INF204KB1HB8,-,Nippon India Fixed Horizon Fund XXXII- Series 7,Close Ended Schemes(Income),Nippon India Mutual Fund,Regular,Other,,
140510,INF204KB1HA0,-,Nippon India Fixed Horizon Fund XXXII- Series 7,Close Ended Schemes(Income),Nippon India Mutual Fund,Regular,Other,,
140535,INF204KB1HG7,-,Nippon India Fixed Horizon Fund XXXII- Series 8,Close Ended Schemes(Income),Nippon India Mutual Fund,Regular,Other,,
140536,INF204KB1HF9,-,Nippon India Fixed Horizon Fund XXXII- Series 8,Close Ended Schemes(Income),Nippon India Mutual Fund,Regular,Other,,
140534,INF204KB1HE2,-,Nippon India Fixed Horizon Fund XXXII- Series 8,Close Ended Schemes(Income),Nippon India Mutual Fund,Regular,Other,,
140561,INF204KB1HP8,-,Nippon India Fixed Horizon Fund XXXII- Series 9,Close Ended Schemes(Income),Nippon India Mutual Fund,Regular,Other,,
140560,INF204KB1HO1,-,Nippon India Fixed Horizon Fund XXXII- Series 9,Close Ended Schemes(Income),Nippon India Mutual Fund,Regular,Other,,
140562,INF204KB1HN3,-,Nippon India Fixed Horizon Fund XXXII- Series 9,Close Ended Schemes(Income),Nippon India Mutual Fund,Regular,Other,,
140559,INF204KB1HM5,-,Nippon India Fixed Horizon Fund XXXII- Series 9,Close Ended Schemes(Income),Nippon India Mutual Fund,Regular,Other,,
140739,INF204KB1IB6,-,Nippon India Fixed Horizon Fund XXXIII- Series 1,Close Ended Schemes(Income),Nippon India Mutual Fund,Regular,Other,,
140738,INF204KB1IA8,-,Nippon India Fixed Horizon Fund XXXIII- Series 1,Close Ended Schemes(Income),Nippon India Mutual Fund,Regular,Other,,
140737,INF204KB1HY0,-,Nippon India Fixed Horizon Fund XXXIII- Series 1,Close Ended Schemes(Income),Nippon India Mutual Fund,Regular,Other,,
141188,INF204KB1KF3,-,Nippon India Fixed Horizon Fund XXXIII- Series 10,Close Ended Schemes(Income),Nippon India Mutual Fund,Regular,Other,,
141187,INF204KB1KE6,-,Nippon India Fixed Horizon Fund XXXIII- Series 10,Close Ended Schemes(Income),Nippon India Mutual Fund,Regular,Other,,
141186,INF204KB1KD8,-,Nippon India Fixed Horizon Fund XXXIII- Series 10,Close Ended Schemes(Income),Nippon India Mutual Fund,Regular,Other,,
141185,INF204KB1KC0,-,Nippon India Fixed Horizon Fund XXXIII- Series 10,Close Ended Schemes(Income),Nippon India Mutual Fund,Regular,Other,,
140741,INF204KB1IF7,-,Nippon India Fixed Horizon Fund XXXIII- Series 2,Close Ended Schemes(Income),Nippon India Mutual Fund,Regular,Other,,
140744,INF204KB1IE0,-,Nippon India Fixed Horizon Fund XXXIII- Series 2,Close Ended Schemes(Income),Nippon India Mutual Fund,Regular,Other,,
140743,INF204KB1ID2,-,Nippon India Fixed Horizon Fund XXXIII- Series 2,Close Ended Schemes(Income),Nippon India Mutual Fund,Regular,Other,,
140742,INF204KB1IC4,-,Nippon India Fixed Horizon Fund XXXIII- Series 2,Close Ended Schemes(Income),Nippon India Mutual Fund,Regular,Other,,
140864,INF204KB1IH3,-,Nippon India Fixed Horizon Fund XXXIII- Series 3,Close Ended Schemes(Income),Nippon India Mutual Fund,Regular,Other,,
140863,INF204KB1IG5,-,Nippon India Fixed Horizon Fund XXXIII- Series 3,Close Ended Schemes(Income),Nippon India Mutual Fund,Regular,Other,,
140865,INF204KB1II1,-,Nippon India Fixed Horizon Fund XXXIII- Series 3,Close Ended Schemes(Income),Nippon India Mutual Fund,Regular,Other,,
140917,INF204KB1IU6,-,Nippon India Fixed Horizon Fund XXXIII- Series 4,Close Ended Schemes(Income),Nippon India Mutual Fund,Regular,Other,,
140914,INF204KB1IS0,-,Nippon India Fixed Horizon Fund XXXIII- Series 4,Close Ended Schemes(Income),Nippon India Mutual Fund,Regular,Other,,
140924,INF204KB1IX0,-,Nippon India Fixed Horizon Fund XXXIII- Series 5,Close Ended Schemes(Income),Nippon India Mutual Fund,Regular,Other,,
140927,INF204KB1IW2,-,Nippon India Fixed Horizon Fund XXXIII- Series 5,Close Ended Schemes(Income),Nippon India Mutual Fund,Regular,Other,,
140926,INF204KB1IZ5,-,Nippon India Fixed Horizon Fund XXXIII- Series 5,Close Ended Schemes(Income),Nippon India Mutual Fund,Regular,Other,,
140925,INF204KB1IY8,-,Nippon India Fixed Horizon Fund XXXIII- Series 5,Close Ended Schemes(Income),Nippon India Mutual Fund,Regular,Other,,
140977,INF204KB1JD0,-,Nippon India Fixed Horizon Fund XXXIII- Series 6,Close Ended Schemes(Income),Nippon India Mutual Fund,Regular,Other,,
140974,INF204KB1JB4,-,Nippon India Fixed Horizon Fund XXXIII- Series 6,Close Ended Schemes(Income),Nippon India Mutual Fund,Regular,Other,,
140975,INF204KB1JA6,-,Nippon India Fixed Horizon Fund XXXIII- Series 6,Close Ended Schemes(Income),Nippon India Mutual Fund,Regular,Other,,
140976,INF204KB1JC2,-,Nippon India Fixed Horizon Fund XXXIII- Series 6,Close Ended Schemes(Income),Nippon India Mutual Fund,Regular,Other,,
141038,INF204KB1JL3,-,Nippon India Fixed Horizon Fund XXXIII- Series 7,Close Ended Schemes(Income),Nippon India Mutual Fund,Regular,Other,,
141036,INF204KB1JK5,-,Nippon India Fixed Horizon Fund XXXIII- Series 7,Close Ended Schemes(Income),Nippon India Mutual Fund,Regular,Other,,
141037,INF204KB1JI9,-,Nippon India Fixed Horizon Fund XXXIII- Series 7,Close Ended Schemes(Income),Nippon India Mutual Fund,Regular,Other,,
141153,INF204KB1JT6,-,Nippon India Fixed Horizon Fund XXXIII- Series 8,Close Ended Schemes(Income),Nippon India Mutual Fund,Regular,Other,,
141152,INF204KB1JR0,-,Nippon India Fixed Horizon Fund XXXIII- Series 8,Close Ended Schemes(Income),Nippon India Mutual Fund,Regular,Other,,
141151,INF204KB1JQ2,-,Nippon India Fixed Horizon Fund XXXIII- Series 8,Close Ended Schemes(Income),Nippon India Mutual Fund,Regular,Other,,
141154,INF204KB1JS8,-,Nippon India Fixed Horizon Fund XXXIII- Series 8,Close Ended Schemes(Income),Nippon India Mutual Fund,Regular,Other,,
141180,INF204KB1KB2,-,Nippon India Fixed Horizon Fund XXXIII- Series 9,Close Ended Schemes(Income),Nippon India Mutual Fund,Regular,Other,,
141179,INF204KB1KA4,-,Nippon India Fixed Horizon Fund XXXIII- Series 9,Close Ended Schemes(Income),Nippon India Mutual Fund,Regular,Other,,
141178,INF204KB1JZ3,-,Nippon India Fixed Horizon Fund XXXIII- Series 9,Close Ended Schemes(Income),Nippon India Mutual Fund,Regular,Other,,
141177,INF204KB1JY6,-,Nippon India Fixed Horizon Fund XXXIII- Series 9,Close Ended Schemes(Income),Nippon India Mutual Fund,Regular,Other,,
141389,INF204KB1NP6,-,Nippon India Fixed Horizon Fund XXXIV- Series 1,Close Ended Schemes(Income),Nippon India Mutual Fund,Regular,Other,,
141388,INF204KB1NO9,-,Nippon India Fixed Horizon Fund XXXIV- Series 1,Close Ended Schemes(Income),Nippon India Mutual Fund,Regular,Other,,
141387,INF204KB1NN1,-,Nippon India Fixed Horizon Fund XXXIV- Series 1,Close Ended Schemes(Income),Nippon India Mutual Fund,Regular,Other,,
141386,INF204KB1NM3,-,Nippon India Fixed Horizon Fund XXXIV- Series 1,Close Ended Schemes(Income),Nippon India Mutual Fund,Regular,Other,,
141659,INF204KB1QK0,-,Nippon India Fixed Horizon Fund XXXIV- Series 10,Close Ended Schemes(Income),Nippon India Mutual Fund,Regular,Other,,
141658,INF204KB1QJ2,-,Nippon India Fixed Horizon Fund XXXIV- Series 10,Close Ended Schemes(Income),Nippon India Mutual Fund,Regular,Other,,
141657,INF204KB1QI4,-,Nippon India Fixed Horizon Fund XXXIV- Series 10,Close Ended Schemes(Income),Nippon India Mutual Fund,Regular,Other,,
141660,INF204KB1QH6,-,Nippon India Fixed Horizon Fund XXXIV- Series 10,Close Ended Schemes(Income),Nippon India Mutual Fund,Regular,Other,,
141393,INF204KB1NT8,-,Nippon India Fixed Horizon Fund XXXIV- Series 2,Close Ended Schemes(Income),Nippon India Mutual Fund,Regular,Other,,
141392,INF204KB1NS0,-,Nippon India Fixed Horizon Fund XXXIV- Series 2,Close Ended Schemes(Income),Nippon India Mutual Fund,Regular,Other,,
141391,INF204KB1NR2,-,Nippon India Fixed Horizon Fund XXXIV- Series 2,Close Ended Schemes(Income),Nippon India Mutual Fund,Regular,Other,,
141390,INF204KB1NQ4,-,Nippon India Fixed Horizon Fund XXXIV- Series 2,Close Ended Schemes(Income),Nippon India Mutual Fund,Regular,Other,,
141433,INF204KB1NV4,-,Nippon India Fixed Horizon Fund XXXIV- Series 3,Close Ended Schemes(Income),Nippon India Mutual Fund,Regular,Other,,
141434,INF204KB1NX0,-,Nippon India Fixed Horizon Fund XXXIV- Series 3,Close Ended Schemes(Income),Nippon India Mutual Fund,Regular,Other,,
141435,INF204KB1NW2,-,Nippon India Fixed Horizon Fund XXXIV- Series 3,Close Ended Schemes(Income),Nippon India Mutual Fund,Regular,Other,,
141432,INF204KB1NU6,-,Nippon India Fixed Horizon Fund XXXIV- Series 3,Close Ended Schemes(Income),Nippon India Mutual Fund,Regular,Other,,
141460,INF204KB1OB4,-,Nippon India Fixed Horizon Fund XXXIV- Series 4,Close Ended Schemes(Income),Nippon India Mutual Fund,Regular,Other,,
141458,INF204KB1NZ5,-,Nippon India Fixed Horizon Fund XXXIV- Series 4,Close Ended Schemes(Income),Nippon India Mutual Fund,Regular,Other,,
141459,INF204KB1NY8,-,Nippon India Fixed Horizon Fund XXXIV- Series 4,Close Ended Schemes(Income),Nippon India Mutual Fund,Regular,Other,,
141461,INF204KB1OA6,-,Nippon India Fixed Horizon Fund XXXIV- Series 4,Close Ended Schemes(Income),Nippon India Mutual Fund,Regular,Other,,
141518,INF204KB1PL0,-,Nippon India Fixed Horizon Fund XXXIV- Series 6,Close Ended Schemes(Income),Nippon India Mutual Fund,Regular,Other,,
141521,INF204KB1PK2,-,Nippon India Fixed Horizon Fund XXXIV- Series 6,Close Ended Schemes(Income),Nippon India Mutual Fund,Regular,Other,,
141519,INF204KB1PJ4,-,Nippon India Fixed Horizon Fund XXXIV- Series 6,Close Ended Schemes(Income),Nippon India Mutual Fund,Regular,Other,,
141520,INF204KB1PI6,-,Nippon India Fixed Horizon Fund XXXIV- Series 6,Close Ended Schemes(Income),Nippon India Mutual Fund,Regular,Other,,
141552,INF204KB1PP1,-,Nippon India Fixed Horizon Fund XXXIV- Series 7,Close Ended Schemes(Income),Nippon India Mutual Fund,Regular,Other,,
141553,INF204KB1PO4,-,Nippon India Fixed Horizon Fund XXXIV- Series 7,Close Ended Schemes(Income),Nippon India Mutual Fund,Regular,Other,,
141550,INF204KB1PN6,-,Nippon India Fixed Horizon Fund XXXIV- Series 7,Close Ended Schemes(Income),Nippon India Mutual Fund,Regular,Other,,
141551,INF204KB1PM8,-,Nippon India Fixed Horizon Fund XXXIV- Series 7,Close Ended Schemes(Income),Nippon India Mutual Fund,Regular,Other,,
141613,INF204KB1PT3,-,Nippon India Fixed Horizon Fund XXXIV- Series 8,Close Ended Schemes(Income),Nippon India Mutual Fund,Regular,Other,,
141614,INF204KB1PS5,-,Nippon India Fixed Horizon Fund XXXIV- Series 8,Close Ended Schemes(Income),Nippon India Mutual Fund,Regular,Other,,
141611,INF204KB1PR7,-,Nippon India Fixed Horizon Fund XXXIV- Series 8,Close Ended Schemes(Income),Nippon India Mutual Fund,Regular,Other,,
141612,INF204KB1PQ9,-,Nippon India Fixed Horizon Fund XXXIV- Series 8,Close Ended Schemes(Income),Nippon India Mutual Fund,Regular,Other,,
141619,INF204KB1QG8,-,Nippon India Fixed Horizon Fund XXXIV- Series 9,Close Ended Schemes(Income),Nippon India Mutual Fund,Regular,Other,,
141616,INF204KB1QF0,-,Nippon India Fixed Horizon Fund XXXIV- Series 9,Close Ended Schemes(Income),Nippon India Mutual Fund,Regular,Other,,
141617,INF204KB1QE3,-,Nippon India Fixed Horizon Fund XXXIV- Series 9,Close Ended Schemes(Income),Nippon India Mutual Fund,Regular,Other,,
141618,INF204KB1QD5,-,Nippon India Fixed Horizon Fund XXXIV- Series 9,Close Ended Schemes(Income),Nippon India Mutual Fund,Regular,Other,,
145406,INF204KB1N35,-,Nippon India Fixed Horizon Fund XXXIX - Series 14,Close Ended Schemes(Income),Nippon India Mutual Fund,Regular,Other,,
145405,INF204KB1N19,-,Nippon India Fixed Horizon Fund XXXIX - Series 14,Close Ended Schemes(Income),Nippon India Mutual Fund,Regular,Other,,
145408,INF204KB1N01,-,Nippon India Fixed Horizon Fund XXXIX - Series 14,Close Ended Schemes(Income),Nippon India Mutual Fund,Regular,Other,,
145407,INF204KB1N27,-,Nippon India Fixed Horizon Fund XXXIX - Series 14,Close Ended Schemes(Income),Nippon India Mutual Fund,Regular,Other,,
144693,INF204KB1G59,-,Nippon India Fixed Horizon Fund XXXIX- Series 1,Close Ended Schemes(Income),Nippon India Mutual Fund,Regular,Other,,
144695,INF204KB1G34,-,Nippon India Fixed Horizon Fund XXXIX- Series 1,Close Ended Schemes(Income),Nippon India Mutual Fund,Regular,Other,,
144692,INF204KB1G42,-,Nippon India Fixed Horizon Fund XXXIX- Series 1,Close Ended Schemes(Income),Nippon India Mutual Fund,Regular,Other,,
144694,INF204KB1G26,-,Nippon India Fixed Horizon Fund XXXIX- Series 1,Close Ended Schemes(Income),Nippon India Mutual Fund,Regular,Other,,
145178,INF204KB1L78,-,Nippon India Fixed Horizon Fund XXXIX- Series 11,Close Ended Schemes(Income),Nippon India Mutual Fund,Regular,Other,,
145180,INF204KB1L52,-,Nippon India Fixed Horizon Fund XXXIX- Series 11,Close Ended Schemes(Income),Nippon India Mutual Fund,Regular,Other,,
145177,INF204KB1L60,-,Nippon India Fixed Horizon Fund XXXIX- Series 11,Close Ended Schemes(Income),Nippon India Mutual Fund,Regular,Other,,
145179,INF204KB1L45,-,Nippon India Fixed Horizon Fund XXXIX- Series 11,Close Ended Schemes(Income),Nippon India Mutual Fund,Regular,Other,,
144771,INF204KB1H74,-,Nippon India Fixed Horizon Fund XXXIX- Series 2,Close Ended Schemes(Income),Nippon India Mutual Fund,Regular,Other,,
144772,INF204KB1H58,-,Nippon India Fixed Horizon Fund XXXIX- Series 2,Close Ended Schemes(Income),Nippon India Mutual Fund,Regular,Other,,
144770,INF204KB1H66,-,Nippon India Fixed Horizon Fund XXXIX- Series 2,Close Ended Schemes(Income),Nippon India Mutual Fund,Regular,Other,,
144769,INF204KB1H41,-,Nippon India Fixed Horizon Fund XXXIX- Series 2,Close Ended Schemes(Income),Nippon India Mutual Fund,Regular,Other,,
144898,INF204KB1I99,-,Nippon India Fixed Horizon Fund XXXIX- Series 4,Close Ended Schemes(Income),Nippon India Mutual Fund,Regular,Other,,
144901,INF204KB1I73,-,Nippon India Fixed Horizon Fund XXXIX- Series 4,Close Ended Schemes(Income),Nippon India Mutual Fund,Regular,Other,,
144899,INF204KB1I81,-,Nippon India Fixed Horizon Fund XXXIX- Series 4,Close Ended Schemes(Income),Nippon India Mutual Fund,Regular,Other,,
144900,INF204KB1I65,-,Nippon India Fixed Horizon Fund XXXIX- Series 4,Close Ended Schemes(Income),Nippon India Mutual Fund,Regular,Other,,
144911,INF204KB1J31,-,Nippon India Fixed Horizon Fund XXXIX- Series 5,Close Ended Schemes(Income),Nippon India Mutual Fund,Regular,Other,,
144909,INF204KB1J15,-,Nippon India Fixed Horizon Fund XXXIX- Series 5,Close Ended Schemes(Income),Nippon India Mutual Fund,Regular,Other,,
144910,INF204KB1J23,-,Nippon India Fixed Horizon Fund XXXIX- Series 5,Close Ended Schemes(Income),Nippon India Mutual Fund,Regular,Other,,
144908,INF204KB1J07,-,Nippon India Fixed Horizon Fund XXXIX- Series 5,Close Ended Schemes(Income),Nippon India Mutual Fund,Regular,Other,,
144934,INF204KB1J64,-,Nippon India Fixed Horizon Fund XXXIX- Series 6,Close Ended Schemes(Income),Nippon India Mutual Fund,Regular,Other,,
144933,INF204KB1J49,-,Nippon India Fixed Horizon Fund XXXIX- Series 6,Close Ended Schemes(Income),Nippon India Mutual Fund,Regular,Other,,
145033,INF204KB1K53,-,Nippon India Fixed Horizon Fund XXXIX- Series 8,Close Ended Schemes(Income),Nippon India Mutual Fund,Regular,Other,,
145030,INF204KB1K38,-,Nippon India Fixed Horizon Fund XXXIX- Series 8,Close Ended Schemes(Income),Nippon India Mutual Fund,Regular,Other,,
145031,INF204KB1K46,-,Nippon India Fixed Horizon Fund XXXIX- Series 8,Close Ended Schemes(Income),Nippon India Mutual Fund,Regular,Other,,
145032,INF204KB1K20,-,Nippon India Fixed Horizon Fund XXXIX- Series 8,Close Ended Schemes(Income),Nippon India Mutual Fund,Regular,Other,,
145142,INF204KB1K95,-,Nippon India Fixed Horizon Fund XXXIX- Series 9,Close Ended Schemes(Income),Nippon India Mutual Fund,Regular,Other,,
145144,INF204KB1K79,-,Nippon India Fixed Horizon Fund XXXIX- Series 9,Close Ended Schemes(Income),Nippon India Mutual Fund,Regular,Other,,
145141,INF204KB1K87,-,Nippon India Fixed Horizon Fund XXXIX- Series 9,Close Ended Schemes(Income),Nippon India Mutual Fund,Regular,Other,,
145143,INF204KB1K61,-,Nippon India Fixed Horizon Fund XXXIX- Series 9,Close Ended Schemes(Income),Nippon India Mutual Fund,Regular,Other,,
142023,INF204KB1SX9,-,Nippon India Fixed Horizon Fund XXXV- Series 11,Close Ended Schemes(Income),Nippon India Mutual Fund,Regular,Other,,
142024,INF204KB1SV3,-,Nippon India Fixed Horizon Fund XXXV- Series 11,Close Ended Schemes(Income),Nippon India Mutual Fund,Regular,Other,,
142022,INF204KB1SW1,-,Nippon India Fixed Horizon Fund XXXV- Series 11,Close Ended Schemes(Income),Nippon India Mutual Fund,Regular,Other,,
142021,INF204KB1SU5,-,Nippon India Fixed Horizon Fund XXXV- Series 11,Close Ended Schemes(Income),Nippon India Mutual Fund,Regular,Other,,
142118,INF204KB1TB3,-,Nippon India Fixed Horizon Fund XXXV- Series 12,Close Ended Schemes(Income),Nippon India Mutual Fund,Regular,Other,,
142117,INF204KB1TA5,-,Nippon India Fixed Horizon Fund XXXV- Series 12,Close Ended Schemes(Income),Nippon India Mutual Fund,Regular,Other,,
142120,INF204KB1SY7,-,Nippon India Fixed Horizon Fund XXXV- Series 12,Close Ended Schemes(Income),Nippon India Mutual Fund,Regular,Other,,
142124,INF204KB1TF4,-,Nippon India Fixed Horizon Fund XXXV- Series 13,Close Ended Schemes(Income),Nippon India Mutual Fund,Regular,Other,,
142121,INF204KB1TD9,-,Nippon India Fixed Horizon Fund XXXV- Series 13,Close Ended Schemes(Income),Nippon India Mutual Fund,Regular,Other,,
142123,INF204KB1TE7,-,Nippon India Fixed Horizon Fund XXXV- Series 13,Close Ended Schemes(Income),Nippon India Mutual Fund,Regular,Other,,
142122,INF204KB1TC1,-,Nippon India Fixed Horizon Fund XXXV- Series 13,Close Ended Schemes(Income),Nippon India Mutual Fund,Regular,Other,,
142184,INF204KB1TR9,-,Nippon India Fixed Horizon Fund XXXV- Series 14,Close Ended Schemes(Income),Nippon India Mutual Fund,Regular,Other,,
142182,INF204KB1TP3,-,Nippon India Fixed Horizon Fund XXXV- Series 14,Close Ended Schemes(Income),Nippon India Mutual Fund,Regular,Other,,
142183,INF204KB1TQ1,-,Nippon India Fixed Horizon Fund XXXV- Series 14,Close Ended Schemes(Income),Nippon India Mutual Fund,Regular,Other,,
142181,INF204KB1TO6,-,Nippon India Fixed Horizon Fund XXXV- Series 14,Close Ended Schemes(Income),Nippon India Mutual Fund,Regular,Other,,
142194,INF204KB1TV1,-,Nippon India Fixed Horizon Fund XXXV- Series 15,Close Ended Schemes(Income),Nippon India Mutual Fund,Regular,Other,,
142191,INF204KB1TT5,-,Nippon India Fixed Horizon Fund XXXV- Series 15,Close Ended Schemes(Income),Nippon India Mutual Fund,Regular,Other,,
142192,INF204KB1TU3,-,Nippon India Fixed Horizon Fund XXXV- Series 15,Close Ended Schemes(Income),Nippon India Mutual Fund,Regular,Other,,
142193,INF204KB1TS7,-,Nippon India Fixed Horizon Fund XXXV- Series 15,Close Ended Schemes(Income),Nippon India Mutual Fund,Regular,Other,,
142197,INF204KB1TZ2,-,Nippon India Fixed Horizon Fund XXXV- Series 16,Close Ended Schemes(Income),Nippon India Mutual Fund,Regular,Other,,
142196,INF204KB1TX7,-,Nippon India Fixed Horizon Fund XXXV- Series 16,Close Ended Schemes(Income),Nippon India Mutual Fund,Regular,Other,,
142198,INF204KB1TY5,-,Nippon India Fixed Horizon Fund XXXV- Series 16,Close Ended Schemes(Income),Nippon India Mutual Fund,Regular,Other,,
142195,INF204KB1TW9,-,Nippon India Fixed Horizon Fund XXXV- Series 16,Close Ended Schemes(Income),Nippon India Mutual Fund,Regular,Other,,
141794,INF204KB1RJ0,-,Nippon India Fixed Horizon Fund XXXV- Series 5,Close Ended Schemes(Income),Nippon India Mutual Fund,Regular,Other,,
141793,INF204KB1RI2,-,Nippon India Fixed Horizon Fund XXXV- Series 5,Close Ended Schemes(Income),Nippon India Mutual Fund,Regular,Other,,
141792,INF204KB1RH4,-,Nippon India Fixed Horizon Fund XXXV- Series 5,Close Ended Schemes(Income),Nippon India Mutual Fund,Regular,Other,,
141791,INF204KB1RG6,-,Nippon India Fixed Horizon Fund XXXV- Series 5,Close Ended Schemes(Income),Nippon India Mutual Fund,Regular,Other,,
141911,INF204KB1RZ6,-,Nippon India Fixed Horizon Fund XXXV- Series 6,Close Ended Schemes(Income),Nippon India Mutual Fund,Regular,Other,,
141912,INF204KB1RX1,-,Nippon India Fixed Horizon Fund XXXV- Series 6,Close Ended Schemes(Income),Nippon India Mutual Fund,Regular,Other,,
141910,INF204KB1RY9,-,Nippon India Fixed Horizon Fund XXXV- Series 6,Close Ended Schemes(Income),Nippon India Mutual Fund,Regular,Other,,
141909,INF204KB1RW3,-,Nippon India Fixed Horizon Fund XXXV- Series 6,Close Ended Schemes(Income),Nippon India Mutual Fund,Regular,Other,,
141956,INF204KB1SC3,-,Nippon India Fixed Horizon Fund XXXV- Series 7,Close Ended Schemes(Income),Nippon India Mutual Fund,Regular,Other,,
141955,INF204KB1SA7,-,Nippon India Fixed Horizon Fund XXXV- Series 7,Close Ended Schemes(Income),Nippon India Mutual Fund,Regular,Other,,
141992,INF204KB1SL4,-,Nippon India Fixed Horizon Fund XXXV- Series 9,Close Ended Schemes(Income),Nippon India Mutual Fund,Regular,Other,,
141994,INF204KB1SJ8,-,Nippon India Fixed Horizon Fund XXXV- Series 9,Close Ended Schemes(Income),Nippon India Mutual Fund,Regular,Other,,
141991,INF204KB1SK6,-,Nippon India Fixed Horizon Fund XXXV- Series 9,Close Ended Schemes(Income),Nippon India Mutual Fund,Regular,Other,,
141993,INF204KB1SI0,-,Nippon India Fixed Horizon Fund XXXV- Series 9,Close Ended Schemes(Income),Nippon India Mutual Fund,Regular,Other,,
142455,INF204KB1UL0,-,Nippon India Fixed Horizon Fund XXXVI- Series 2,Close Ended Schemes(Income),Nippon India Mutual Fund,Regular,Other,,
142456,INF204KB1UJ4,-,Nippon India Fixed Horizon Fund XXXVI- Series 2,Close Ended Schemes(Income),Nippon India Mutual Fund,Regular,Other,,
142457,INF204KB1UK2,-,Nippon India Fixed Horizon Fund XXXVI- Series 2,Close Ended Schemes(Income),Nippon India Mutual Fund,Regular,Other,,
142458,INF204KB1UI6,-,Nippon India Fixed Horizon Fund XXXVI- Series 2,Close Ended Schemes(Income),Nippon India Mutual Fund,Regular,Other,,
142462,INF204KB1UP1,-,Nippon India Fixed Horizon Fund XXXVI- Series 3,Close Ended Schemes(Income),Nippon India Mutual Fund,Regular,Other,,
142460,INF204KB1UN6,-,Nippon India Fixed Horizon Fund XXXVI- Series 3,Close Ended Schemes(Income),Nippon India Mutual Fund,Regular,Other,,
142461,INF204KB1UO4,-,Nippon India Fixed Horizon Fund XXXVI- Series 3,Close Ended Schemes(Income),Nippon India Mutual Fund,Regular,Other,,
142459,INF204KB1UM8,-,Nippon India Fixed Horizon Fund XXXVI- Series 3,Close Ended Schemes(Income),Nippon India Mutual Fund,Regular,Other,,
142564,INF204KB1UX5,-,Nippon India Fixed Horizon Fund XXXVI- Series 5,Close Ended Schemes(Income),Nippon India Mutual Fund,Regular,Other,,
142566,INF204KB1UV9,-,Nippon India Fixed Horizon Fund XXXVI- Series 5,Close Ended Schemes(Income),Nippon India Mutual Fund,Regular,Other,,
142565,INF204KB1UW7,-,Nippon India Fixed Horizon Fund XXXVI- Series 5,Close Ended Schemes(Income),Nippon India Mutual Fund,Regular,Other,,
142563,INF204KB1UU1,-,Nippon India Fixed Horizon Fund XXXVI- Series 5,Close Ended Schemes(Income),Nippon India Mutual Fund,Regular,Other,,
142569,INF204KB1VB9,-,Nippon India Fixed Horizon Fund XXXVI- Series 6,Close Ended Schemes(Income),Nippon India Mutual Fund,Regular,Other,,
142568,INF204KB1UZ0,-,Nippon India Fixed Horizon Fund XXXVI- Series 6,Close Ended Schemes(Income),Nippon India Mutual Fund,Regular,Other,,
142570,INF204KB1VA1,-,Nippon India Fixed Horizon Fund XXXVI- Series 6,Close Ended Schemes(Income),Nippon India Mutual Fund,Regular,Other,,
142567,INF204KB1UY3,-,Nippon India Fixed Horizon Fund XXXVI- Series 6,Close Ended Schemes(Income),Nippon India Mutual Fund,Regular,Other,,
142645,INF204KB1VJ2,-,Nippon India Fixed Horizon Fund XXXVI- Series 7,Close Ended Schemes(Income),Nippon India Mutual Fund,Regular,Other,,
142647,INF204KB1VH6,-,Nippon India Fixed Horizon Fund XXXVI- Series 7,Close Ended Schemes(Income),Nippon India Mutual Fund,Regular,Other,,
142644,INF204KB1VI4,-,Nippon India Fixed Horizon Fund XXXVI- Series 7,Close Ended Schemes(Income),Nippon India Mutual Fund,Regular,Other,,
142646,INF204KB1VG8,-,Nippon India Fixed Horizon Fund XXXVI- Series 7,Close Ended Schemes(Income),Nippon India Mutual Fund,Regular,Other,,
142818,INF204KB1VN4,-,Nippon India Fixed Horizon Fund XXXVI- Series 8,Close Ended Schemes(Income),Nippon India Mutual Fund,Regular,Other,,
142817,INF204KB1VL8,-,Nippon India Fixed Horizon Fund XXXVI- Series 8,Close Ended Schemes(Income),Nippon India Mutual Fund,Regular,Other,,
142819,INF204KB1VM6,-,Nippon India Fixed Horizon Fund XXXVI- Series 8,Close Ended Schemes(Income),Nippon India Mutual Fund,Regular,Other,,
142816,INF204KB1VK0,-,Nippon India Fixed Horizon Fund XXXVI- Series 8,Close Ended Schemes(Income),Nippon India Mutual Fund,Regular,Other,,
142916,INF204KB1XN0,-,Nippon India Fixed Horizon Fund XXXVI- Series 9,Close Ended Schemes(Income),Nippon India Mutual Fund,Regular,Other,,
142915,INF204KB1VU9,-,Nippon India Fixed Horizon Fund XXXVI- Series 9,Close Ended Schemes(Income),Nippon India Mutual Fund,Regular,Other,,
142913,INF204KB1XK6,-,Nippon India Fixed Horizon Fund XXXVI- Series 9,Close Ended Schemes(Income),Nippon India Mutual Fund,Regular,Other,,
143084,INF204KB1WD3,-,Nippon India Fixed Horizon Fund XXXVII- Series 1,Close Ended Schemes(Income),Nippon India Mutual Fund,Regular,Other,,
143083,INF204KB1WB7,-,Nippon India Fixed Horizon Fund XXXVII- Series 1,Close Ended Schemes(Income),Nippon India Mutual Fund,Regular,Other,,
143082,INF204KB1WC5,-,Nippon India Fixed Horizon Fund XXXVII- Series 1,Close Ended Schemes(Income),Nippon India Mutual Fund,Regular,Other,,
143081,INF204KB1WA9,-,Nippon India Fixed Horizon Fund XXXVII- Series 1,Close Ended Schemes(Income),Nippon India Mutual Fund,Regular,Other,,
143456,INF204KB1XR1,-,Nippon India Fixed Horizon Fund XXXVII- Series 10,Close Ended Schemes(Income),Nippon India Mutual Fund,Regular,Other,,
143457,INF204KB1XQ3,-,Nippon India Fixed Horizon Fund XXXVII- Series 10,Close Ended Schemes(Income),Nippon India Mutual Fund,Regular,Other,,
143454,INF204KB1XO8,-,Nippon India Fixed Horizon Fund XXXVII- Series 10,Close Ended Schemes(Income),Nippon India Mutual Fund,Regular,Other,,
143642,INF204KB1XX9,-,Nippon India Fixed Horizon Fund XXXVII- Series 12,Close Ended Schemes(Income),Nippon India Mutual Fund,Regular,Other,,
143643,INF204KB1XY7,-,Nippon India Fixed Horizon Fund XXXVII- Series 12,Close Ended Schemes(Income),Nippon India Mutual Fund,Regular,Other,,
143641,INF204KB1XW1,-,Nippon India Fixed Horizon Fund XXXVII- Series 12,Close Ended Schemes(Income),Nippon India Mutual Fund,Regular,Other,,
143758,INF204KB1YN8,-,Nippon India Fixed Horizon Fund XXXVII- Series 15,Close Ended Schemes(Income),Nippon India Mutual Fund,Regular,Other,,
143755,INF204KB1YO6,-,Nippon India Fixed Horizon Fund XXXVII- Series 15,Close Ended Schemes(Income),Nippon India Mutual Fund,Regular,Other,,
143757,INF204KB1YM0,-,Nippon India Fixed Horizon Fund XXXVII- Series 15,Close Ended Schemes(Income),Nippon India Mutual Fund,Regular,Other,,
143170,INF204KB1WL6,-,Nippon India Fixed Horizon Fund XXXVII- Series 3,Close Ended Schemes(Income),Nippon India Mutual Fund,Regular,Other,,
143169,INF204KB1WJ0,-,Nippon India Fixed Horizon Fund XXXVII- Series 3,Close Ended Schemes(Income),Nippon India Mutual Fund,Regular,Other,,
143171,INF204KB1WK8,-,Nippon India Fixed Horizon Fund XXXVII- Series 3,Close Ended Schemes(Income),Nippon India Mutual Fund,Regular,Other,,
143168,INF204KB1WI2,-,Nippon India Fixed Horizon Fund XXXVII- Series 3,Close Ended Schemes(Income),Nippon India Mutual Fund,Regular,Other,,
143173,INF204KB1WN2,-,Nippon India Fixed Horizon Fund XXXVII- Series 4,Close Ended Schemes(Income),Nippon India Mutual Fund,Regular,Other,,
143174,INF204KB1WO0,-,Nippon India Fixed Horizon Fund XXXVII- Series 4,Close Ended Schemes(Income),Nippon India Mutual Fund,Regular,Other,,
143172,INF204KB1WM4,-,Nippon India Fixed Horizon Fund XXXVII- Series 4,Close Ended Schemes(Income),Nippon India Mutual Fund,Regular,Other,,
143255,INF204KB1WX1,-,Nippon India Fixed Horizon Fund XXXVII- Series 5,Close Ended Schemes(Income),Nippon India Mutual Fund,Regular,Other,,
143254,INF204KB1WV5,-,Nippon India Fixed Horizon Fund XXXVII- Series 5,Close Ended Schemes(Income),Nippon India Mutual Fund,Regular,Other,,
143256,INF204KB1WW3,-,Nippon India Fixed Horizon Fund XXXVII- Series 5,Close Ended Schemes(Income),Nippon India Mutual Fund,Regular,Other,,
143257,INF204KB1WU7,-,Nippon India Fixed Horizon Fund XXXVII- Series 5,Close Ended Schemes(Income),Nippon India Mutual Fund,Regular,Other,,
143273,INF204KB1XB5,-,Nippon India Fixed Horizon Fund XXXVII- Series 6,Close Ended Schemes(Income),Nippon India Mutual Fund,Regular,Other,,
143270,INF204KB1WZ6,-,Nippon India Fixed Horizon Fund XXXVII- Series 6,Close Ended Schemes(Income),Nippon India Mutual Fund,Regular,Other,,
143272,INF204KB1XA7,-,Nippon India Fixed Horizon Fund XXXVII- Series 6,Close Ended Schemes(Income),Nippon India Mutual Fund,Regular,Other,,
143271,INF204KB1WY9,-,Nippon India Fixed Horizon Fund XXXVII- Series 6,Close Ended Schemes(Income),Nippon India Mutual Fund,Regular,Other,,
143451,INF204KB1XN0,-,Nippon India Fixed Horizon Fund XXXVII- Series 9,Close Ended Schemes(Income),Nippon India Mutual Fund,Regular,Other,,
143450,INF204KB1XL4,-,Nippon India Fixed Horizon Fund XXXVII- Series 9,Close Ended Schemes(Income),Nippon India Mutual Fund,Regular,Other,,
143453,INF204KB1XM2,-,Nippon India Fixed Horizon Fund XXXVII- Series 9,Close Ended Schemes(Income),Nippon India Mutual Fund,Regular,Other,,
143452,INF204KB1XK6,-,Nippon India Fixed Horizon Fund XXXVII- Series 9,Close Ended Schemes(Income),Nippon India Mutual Fund,Regular,Other,,
143902,INF204KB1A97,-,Nippon India Fixed Horizon Fund XXXVIII- Series 1,Close Ended Schemes(Income),Nippon India Mutual Fund,Regular,Other,,
143901,INF204KB1A89,-,Nippon India Fixed Horizon Fund XXXVIII- Series 1,Close Ended Schemes(Income),Nippon India Mutual Fund,Regular,Other,,
143899,INF204KB1A63,-,Nippon India Fixed Horizon Fund XXXVIII- Series 1,Close Ended Schemes(Income),Nippon India Mutual Fund,Regular,Other,,
144354,INF204KB1E51,-,Nippon India Fixed Horizon Fund XXXVIII- Series 10,Close Ended Schemes(Income),Nippon India Mutual Fund,Regular,Other,,
144351,INF204KB1E36,-,Nippon India Fixed Horizon Fund XXXVIII- Series 10,Close Ended Schemes(Income),Nippon India Mutual Fund,Regular,Other,,
144352,INF204KB1E44,-,Nippon India Fixed Horizon Fund XXXVIII- Series 10,Close Ended Schemes(Income),Nippon India Mutual Fund,Regular,Other,,
144353,INF204KB1E28,-,Nippon India Fixed Horizon Fund XXXVIII- Series 10,Close Ended Schemes(Income),Nippon India Mutual Fund,Regular,Other,,
144483,INF204KB1E93,-,Nippon India Fixed Horizon Fund XXXVIII- Series 11,Close Ended Schemes(Income),Nippon India Mutual Fund,Regular,Other,,
144481,INF204KB1E77,-,Nippon India Fixed Horizon Fund XXXVIII- Series 11,Close Ended Schemes(Income),Nippon India Mutual Fund,Regular,Other,,
144482,INF204KB1E85,-,Nippon India Fixed Horizon Fund XXXVIII- Series 11,Close Ended Schemes(Income),Nippon India Mutual Fund,Regular,Other,,
144480,INF204KB1E69,-,Nippon India Fixed Horizon Fund XXXVIII- Series 11,Close Ended Schemes(Income),Nippon India Mutual Fund,Regular,Other,,
144529,INF204KB1F35,-,Nippon India Fixed Horizon Fund XXXVIII- Series 12,Close Ended Schemes(Income),Nippon India Mutual Fund,Regular,Other,,
144530,INF204KB1F19,-,Nippon India Fixed Horizon Fund XXXVIII- Series 12,Close Ended Schemes(Income),Nippon India Mutual Fund,Regular,Other,,
144528,INF204KB1F27,-,Nippon India Fixed Horizon Fund XXXVIII- Series 12,Close Ended Schemes(Income),Nippon India Mutual Fund,Regular,Other,,
144527,INF204KB1F01,-,Nippon India Fixed Horizon Fund XXXVIII- Series 12,Close Ended Schemes(Income),Nippon India Mutual Fund,Regular,Other,,
144627,INF204KB1G18,-,Nippon India Fixed Horizon Fund XXXVIII- Series 14,Close Ended Schemes(Income),Nippon India Mutual Fund,Regular,Other,,
144625,INF204KB1F92,-,Nippon India Fixed Horizon Fund XXXVIII- Series 14,Close Ended Schemes(Income),Nippon India Mutual Fund,Regular,Other,,
144626,INF204KB1G00,-,Nippon India Fixed Horizon Fund XXXVIII- Series 14,Close Ended Schemes(Income),Nippon India Mutual Fund,Regular,Other,,
144624,INF204KB1F84,-,Nippon India Fixed Horizon Fund XXXVIII- Series 14,Close Ended Schemes(Income),Nippon India Mutual Fund,Regular,Other,,
143947,INF204KB1B39,-,Nippon India Fixed Horizon Fund XXXVIII- Series 2,Close Ended Schemes(Income),Nippon India Mutual Fund,Regular,Other,,
143945,INF204KB1B13,-,Nippon India Fixed Horizon Fund XXXVIII- Series 2,Close Ended Schemes(Income),Nippon India Mutual Fund,Regular,Other,,
143946,INF204KB1B21,-,Nippon India Fixed Horizon Fund XXXVIII- Series 2,Close Ended Schemes(Income),Nippon India Mutual Fund,Regular,Other,,
143948,INF204KB1B05,-,Nippon India Fixed Horizon Fund XXXVIII- Series 2,Close Ended Schemes(Income),Nippon India Mutual Fund,Regular,Other,,
143950,INF204KB1B70,-,Nippon India Fixed Horizon Fund XXXVIII- Series 3,Close Ended Schemes(Income),Nippon India Mutual Fund,Regular,Other,,
143952,INF204KB1B54,-,Nippon India Fixed Horizon Fund XXXVIII- Series 3,Close Ended Schemes(Income),Nippon India Mutual Fund,Regular,Other,,
143949,INF204KB1B62,-,Nippon India Fixed Horizon Fund XXXVIII- Series 3,Close Ended Schemes(Income),Nippon India Mutual Fund,Regular,Other,,
143951,INF204KB1B47,-,Nippon India Fixed Horizon Fund XXXVIII- Series 3,Close Ended Schemes(Income),Nippon India Mutual Fund,Regular,Other,,
144083,INF204KB1C53,-,Nippon India Fixed Horizon Fund XXXVIII- Series 5,Close Ended Schemes(Income),Nippon India Mutual Fund,Regular,Other,,
144082,INF204KB1C38,-,Nippon India Fixed Horizon Fund XXXVIII- Series 5,Close Ended Schemes(Income),Nippon India Mutual Fund,Regular,Other,,
144084,INF204KB1C46,-,Nippon India Fixed Horizon Fund XXXVIII- Series 5,Close Ended Schemes(Income),Nippon India Mutual Fund,Regular,Other,,
144081,INF204KB1C20,-,Nippon India Fixed Horizon Fund XXXVIII- Series 5,Close Ended Schemes(Income),Nippon India Mutual Fund,Regular,Other,,
144161,INF204KB1C95,-,Nippon India Fixed Horizon Fund XXXVIII- Series 6,Close Ended Schemes(Income),Nippon India Mutual Fund,Regular,Other,,
144162,INF204KB1C79,-,Nippon India Fixed Horizon Fund XXXVIII- Series 6,Close Ended Schemes(Income),Nippon India Mutual Fund,Regular,Other,,
144159,INF204KB1C87,-,Nippon India Fixed Horizon Fund XXXVIII- Series 6,Close Ended Schemes(Income),Nippon India Mutual Fund,Regular,Other,,
144160,INF204KB1C61,-,Nippon India Fixed Horizon Fund XXXVIII- Series 6,Close Ended Schemes(Income),Nippon India Mutual Fund,Regular,Other,,
144249,INF204KB1D37,-,Nippon India Fixed Horizon Fund XXXVIII- Series 7,Close Ended Schemes(Income),Nippon India Mutual Fund,Regular,Other,,
144247,INF204KB1D11,-,Nippon India Fixed Horizon Fund XXXVIII- Series 7,Close Ended Schemes(Income),Nippon India Mutual Fund,Regular,Other,,
144248,INF204KB1D29,-,Nippon India Fixed Horizon Fund XXXVIII- Series 7,Close Ended Schemes(Income),Nippon India Mutual Fund,Regular,Other,,
144250,INF204KB1D03,-,Nippon India Fixed Horizon Fund XXXVIII- Series 7,Close Ended Schemes(Income),Nippon India Mutual Fund,Regular,Other,,
149130,INF204KC1188,-,Nippon India Fixed Maturity Plan - XLIII - Series 1,Close Ended Schemes(Income),Nippon India Mutual Fund,Regular,Other,,
149131,INF204KC1154,-,Nippon India Fixed Maturity Plan - XLIII - Series 1,Close Ended Schemes(Income),Nippon India Mutual Fund,Regular,Other,,
149128,INF204KC1162,-,Nippon India Fixed Maturity Plan - XLIII - Series 1,Close Ended Schemes(Income),Nippon India Mutual Fund,Regular,Other,,
149129,INF204KC1170,-,Nippon India Fixed Maturity Plan - XLIII - Series 1,Close Ended Schemes(Income),Nippon India Mutual Fund,Regular,Other,,
116671,INF204KA1H68,-,Reliance Dual Advantage Fixed Tenure Fund - II - Plan A,Close Ended Schemes(Income),Nippon India Mutual Fund,Regular,Other,,
116670,INF204KA1H50,-,Reliance Dual Advantage Fixed Tenure Fund - II - Plan A,Close Ended Schemes(Income),Nippon India Mutual Fund,Regular,Other,,
116933,INF204K01RS4,-,Reliance Dual Advantage Fixed Tenure Fund II - Plan B,Close Ended Schemes(Income),Nippon India Mutual Fund,Regular,Other,,
116932,INF204K01RR6,-,Reliance Dual Advantage Fixed Tenure Fund II - Plan B,Close Ended Schemes(Income),Nippon India Mutual Fund,Regular,Other,,
117222,INF204KA1X68,-,Reliance Dual Advantage Fixed Tenure Fund II - Plan C,Close Ended Schemes(Income),Nippon India Mutual Fund,Regular,Other,,
117223,INF204KA1X50,-,Reliance Dual Advantage Fixed Tenure Fund II - Plan C,Close Ended Schemes(Income),Nippon India Mutual Fund,Regular,Other,,
117562,INF204K01RW6,-,Reliance Dual Advantage Fixed Tenure Fund II - Plan D,Close Ended Schemes(Income),Nippon India Mutual Fund,Regular,Other,,
117561,INF204K01RV8,-,Reliance Dual Advantage Fixed Tenure Fund II - Plan D,Close Ended Schemes(Income),Nippon India Mutual Fund,Regular,Other,,
117704,INF204K01RY2,-,Reliance Dual Advantage Fixed Tenure Fund II - Plan E,Close Ended Schemes(Income),Nippon India Mutual Fund,Regular,Other,,
117705,INF204K01RX4,-,Reliance Dual Advantage Fixed Tenure Fund II - Plan E,Close Ended Schemes(Income),Nippon India Mutual Fund,Regular,Other,,
117340,INF204K01SC6,-,Reliance Dual Advantage Fixed Tenure Fund II - Plan G,Close Ended Schemes(Income),Nippon India Mutual Fund,Regular,Other,,
117339,INF204K01SB8,-,Reliance Dual Advantage Fixed Tenure Fund II - Plan G,Close Ended Schemes(Income),Nippon India Mutual Fund,Regular,Other,,
117601,INF204K01SE2,-,Reliance Dual Advantage Fixed Tenure Fund II - Plan H,Close Ended Schemes(Income),Nippon India Mutual Fund,Regular,Other,,
117600,INF204K01SD4,-,Reliance Dual Advantage Fixed Tenure Fund II - Plan H,Close Ended Schemes(Income),Nippon India Mutual Fund,Regular,Other,,
121096,INF204K01M96,-,Reliance Dual Advantage Fixed Tenure Fund III - Plan A,Close Ended Schemes(Income),Nippon India Mutual Fund,Regular,Other,,
121095,INF204K01M88,-,Reliance Dual Advantage Fixed Tenure Fund III - Plan A,Close Ended Schemes(Income),Nippon India Mutual Fund,Regular,Other,,
121098,INF204K01M70,-,Reliance Dual Advantage Fixed Tenure Fund III - Plan A,Close Ended Schemes(Income),Nippon India Mutual Fund,Regular,Other,,
121097,INF204K01M62,-,Reliance Dual Advantage Fixed Tenure Fund III - Plan A,Close Ended Schemes(Income),Nippon India Mutual Fund,Regular,Other,,
122240,INF204K01N38,-,Reliance Dual Advantage Fixed Tenure Fund III - Plan B,Close Ended Schemes(Income),Nippon India Mutual Fund,Regular,Other,,
122238,INF204K01N20,-,Reliance Dual Advantage Fixed Tenure Fund III - Plan B,Close Ended Schemes(Income),Nippon India Mutual Fund,Regular,Other,,
122239,INF204K01N12,-,Reliance Dual Advantage Fixed Tenure Fund III - Plan B,Close Ended Schemes(Income),Nippon India Mutual Fund,Regular,Other,,
122237,INF204K01N04,-,Reliance Dual Advantage Fixed Tenure Fund III - Plan B,Close Ended Schemes(Income),Nippon India Mutual Fund,Regular,Other,,
122510,INF204K01N79,-,Reliance Dual Advantage Fixed Tenure Fund III - Plan C,Close Ended Schemes(Income),Nippon India Mutual Fund,Regular,Other,,
122512,INF204K01N53,-,Reliance Dual Advantage Fixed Tenure Fund III - Plan C,Close Ended Schemes(Income),Nippon India Mutual Fund,Regular,Other,,
122511,INF204K01N46,-,Reliance Dual Advantage Fixed Tenure Fund III - Plan C,Close Ended Schemes(Income),Nippon India Mutual Fund,Regular,Other,,
122509,INF204K01N61,-,Reliance Dual Advantage Fixed Tenure Fund III - Plan C,Close Ended Schemes(Income),Nippon India Mutual Fund,Regular,Other,,
122700,INF204K01O11,-,Reliance Dual Advantage Fixed Tenure Fund III - Plan D,Close Ended Schemes(Income),Nippon India Mutual Fund,Regular,Other,,
122702,INF204K01O03,-,Reliance Dual Advantage Fixed Tenure Fund III - Plan D,Close Ended Schemes(Income),Nippon India Mutual Fund,Regular,Other,,
122699,INF204K01N95,-,Reliance Dual Advantage Fixed Tenure Fund III - Plan D,Close Ended Schemes(Income),Nippon India Mutual Fund,Regular,Other,,
122701,INF204K01N87,-,Reliance Dual Advantage Fixed Tenure Fund III - Plan D,Close Ended Schemes(Income),Nippon India Mutual Fund,Regular,Other,,
122913,INF204KA1669,-,Reliance Dual Advantage Fixed Tenure Fund IV - Plan A,Close Ended Schemes(Income),Nippon India Mutual Fund,Regular,Other,,
122911,INF204KA1677,-,Reliance Dual Advantage Fixed Tenure Fund IV - Plan A,Close Ended Schemes(Income),Nippon India Mutual Fund,Regular,Other,,
122912,INF204KA1651,-,Reliance Dual Advantage Fixed Tenure Fund IV - Plan A,Close Ended Schemes(Income),Nippon India Mutual Fund,Regular,Other,,
122910,INF204KA1644,-,Reliance Dual Advantage Fixed Tenure Fund IV - Plan A,Close Ended Schemes(Income),Nippon India Mutual Fund,Regular,Other,,
123451,INF204KA1701,-,Reliance Dual Advantage Fixed Tenure Fund IV - Plan B,Close Ended Schemes(Income),Nippon India Mutual Fund,Regular,Other,,
123453,INF204KA1693,-,Reliance Dual Advantage Fixed Tenure Fund IV - Plan B,Close Ended Schemes(Income),Nippon India Mutual Fund,Regular,Other,,
123452,INF204KA1685,-,Reliance Dual Advantage Fixed Tenure Fund IV - Plan B,Close Ended Schemes(Income),Nippon India Mutual Fund,Regular,Other,,
124338,INF204KA1750,-,Reliance Dual Advantage Fixed Tenure Fund IV - Plan C,Close Ended Schemes(Income),Nippon India Mutual Fund,Regular,Other,,
124339,INF204KA1743,-,Reliance Dual Advantage Fixed Tenure Fund IV - Plan C,Close Ended Schemes(Income),Nippon India Mutual Fund,Regular,Other,,
124340,INF204KA1735,-,Reliance Dual Advantage Fixed Tenure Fund IV - Plan C,Close Ended Schemes(Income),Nippon India Mutual Fund,Regular,Other,,
124337,INF204KA1727,-,Reliance Dual Advantage Fixed Tenure Fund IV - Plan C,Close Ended Schemes(Income),Nippon India Mutual Fund,Regular,Other,,
124831,INF204KA1792,-,Reliance Dual Advantage Fixed Tenure Fund IV - Plan D,Close Ended Schemes(Income),Nippon India Mutual Fund,Regular,Other,,
124829,INF204KA1784,-,Reliance Dual Advantage Fixed Tenure Fund IV - Plan D,Close Ended Schemes(Income),Nippon India Mutual Fund,Regular,Other,,
124830,INF204KA1776,-,Reliance Dual Advantage Fixed Tenure Fund IV - Plan D,Close Ended Schemes(Income),Nippon India Mutual Fund,Regular,Other,,
124828,INF204KA1768,-,Reliance Dual Advantage Fixed Tenure Fund IV - Plan D,Close Ended Schemes(Income),Nippon India Mutual Fund,Regular,Other,,
125718,INF204KA1834,-,Reliance Dual Advantage Fixed Tenure Fund IV - Plan E,Close Ended Schemes(Income),Nippon India Mutual Fund,Regular,Other,,
125716,INF204KA1826,-,Reliance Dual Advantage Fixed Tenure Fund IV - Plan E,Close Ended Schemes(Income),Nippon India Mutual Fund,Regular,Other,,
125717,INF204KA1818,-,Reliance Dual Advantage Fixed Tenure Fund IV - Plan E,Close Ended Schemes(Income),Nippon India Mutual Fund,Regular,Other,,
125715,INF204KA1800,-,Reliance Dual Advantage Fixed Tenure Fund IV - Plan E,Close Ended Schemes(Income),Nippon India Mutual Fund,Regular,Other,,
136247,INF204KA17W8,-,Reliance Dual Advantage Fixed Tenure Fund IX- Plan A,Close Ended Schemes(Income),Nippon India Mutual Fund,Regular,Other,,
136249,INF204KA18W6,-,Reliance Dual Advantage Fixed Tenure Fund IX- Plan A,Close Ended Schemes(Income),Nippon India Mutual Fund,Regular,Other,,
136246,INF204KA19W4,-,Reliance Dual Advantage Fixed Tenure Fund IX- Plan A,Close Ended Schemes(Income),Nippon India Mutual Fund,Regular,Other,,
136248,INF204KA10X1,-,Reliance Dual Advantage Fixed Tenure Fund IX- Plan A,Close Ended Schemes(Income),Nippon India Mutual Fund,Regular,Other,,
136522,INF204KA15Z5,-,Reliance Dual Advantage Fixed Tenure Fund IX- Plan B,Close Ended Schemes(Income),Nippon India Mutual Fund,Regular,Other,,
136521,INF204KA16Z3,-,Reliance Dual Advantage Fixed Tenure Fund IX- Plan B,Close Ended Schemes(Income),Nippon India Mutual Fund,Regular,Other,,
136520,INF204KA17Z1,-,Reliance Dual Advantage Fixed Tenure Fund IX- Plan B,Close Ended Schemes(Income),Nippon India Mutual Fund,Regular,Other,,
136519,INF204KA18Z9,-,Reliance Dual Advantage Fixed Tenure Fund IX- Plan B,Close Ended Schemes(Income),Nippon India Mutual Fund,Regular,Other,,
139251,INF204KB1304,-,Reliance Dual Advantage Fixed Tenure Fund IX- Plan C,Close Ended Schemes(Income),Nippon India Mutual Fund,Regular,Other,,
139249,INF204KB1296,-,Reliance Dual Advantage Fixed Tenure Fund IX- Plan C,Close Ended Schemes(Income),Nippon India Mutual Fund,Regular,Other,,
139252,INF204KB1304,-,Reliance Dual Advantage Fixed Tenure Fund IX- Plan C,Close Ended Schemes(Income),Nippon India Mutual Fund,Regular,Other,,
139250,INF204KB1312,-,Reliance Dual Advantage Fixed Tenure Fund IX- Plan C,Close Ended Schemes(Income),Nippon India Mutual Fund,Regular,Other,,
126901,INF204KA1HW5,-,Reliance Dual Advantage Fixed Tenure Fund V - Plan A,Close Ended Schemes(Income),Nippon India Mutual Fund,Regular,Other,,
126899,INF204KA1HV7,-,Reliance Dual Advantage Fixed Tenure Fund V - Plan A,Close Ended Schemes(Income),Nippon India Mutual Fund,Regular,Other,,
126900,INF204KA1HU9,-,Reliance Dual Advantage Fixed Tenure Fund V - Plan A,Close Ended Schemes(Income),Nippon India Mutual Fund,Regular,Other,,
126898,INF204KA1HT1,-,Reliance Dual Advantage Fixed Tenure Fund V - Plan A,Close Ended Schemes(Income),Nippon India Mutual Fund,Regular,Other,,
127270,INF204KA1IU7,-,Reliance Dual Advantage Fixed Tenure Fund V - Plan B,Close Ended Schemes(Income),Nippon India Mutual Fund,Regular,Other,,
127269,INF204KA1IT9,-,Reliance Dual Advantage Fixed Tenure Fund V - Plan B,Close Ended Schemes(Income),Nippon India Mutual Fund,Regular,Other,,
127271,INF204KA1IS1,-,Reliance Dual Advantage Fixed Tenure Fund V - Plan B,Close Ended Schemes(Income),Nippon India Mutual Fund,Regular,Other,,
127268,INF204KA1IR3,-,Reliance Dual Advantage Fixed Tenure Fund V - Plan B,Close Ended Schemes(Income),Nippon India Mutual Fund,Regular,Other,,
127523,INF204KA1IX1,-,Reliance Dual Advantage Fixed Tenure Fund V - Plan C,Close Ended Schemes(Income),Nippon India Mutual Fund,Regular,Other,,
127522,INF204KA1IW3,-,Reliance Dual Advantage Fixed Tenure Fund V - Plan C,Close Ended Schemes(Income),Nippon India Mutual Fund,Regular,Other,,
127525,INF204KA1IV5,-,Reliance Dual Advantage Fixed Tenure Fund V - Plan C,Close Ended Schemes(Income),Nippon India Mutual Fund,Regular,Other,,
128178,INF204KA1KU3,-,Reliance Dual Advantage Fixed Tenure Fund V - Plan E,Close Ended Schemes(Income),Nippon India Mutual Fund,Regular,Other,,
128176,INF204KA1KT5,-,Reliance Dual Advantage Fixed Tenure Fund V - Plan E,Close Ended Schemes(Income),Nippon India Mutual Fund,Regular,Other,,
128177,INF204KA1KS7,-,Reliance Dual Advantage Fixed Tenure Fund V - Plan E,Close Ended Schemes(Income),Nippon India Mutual Fund,Regular,Other,,
128175,INF204KA1KR9,-,Reliance Dual Advantage Fixed Tenure Fund V - Plan E,Close Ended Schemes(Income),Nippon India Mutual Fund,Regular,Other,,
128691,INF204KA1MB9,-,Reliance Dual Advantage Fixed Tenure Fund V - Plan F,Close Ended Schemes(Income),Nippon India Mutual Fund,Regular,Other,,
128690,INF204KA1MA1,-,Reliance Dual Advantage Fixed Tenure Fund V - Plan F,Close Ended Schemes(Income),Nippon India Mutual Fund,Regular,Other,,
128692,INF204KA1LZ0,-,Reliance Dual Advantage Fixed Tenure Fund V - Plan F,Close Ended Schemes(Income),Nippon India Mutual Fund,Regular,Other,,
128689,INF204KA1LY3,-,Reliance Dual Advantage Fixed Tenure Fund V - Plan F,Close Ended Schemes(Income),Nippon India Mutual Fund,Regular,Other,,
128987,INF204KA1NA9,-,Reliance Dual Advantage Fixed Tenure Fund V- Plan G,Close Ended Schemes(Income),Nippon India Mutual Fund,Regular,Other,,
128986,INF204KA1MZ8,-,Reliance Dual Advantage Fixed Tenure Fund V- Plan G,Close Ended Schemes(Income),Nippon India Mutual Fund,Regular,Other,,
128985,INF204KA1MY1,-,Reliance Dual Advantage Fixed Tenure Fund V- Plan G,Close Ended Schemes(Income),Nippon India Mutual Fund,Regular,Other,,
128984,INF204KA1MX3,-,Reliance Dual Advantage Fixed Tenure Fund V- Plan G,Close Ended Schemes(Income),Nippon India Mutual Fund,Regular,Other,,
129734,INF204KA1PM9,-,Reliance Dual Advantage Fixed Tenure Fund V- Plan H,Close Ended Schemes(Income),Nippon India Mutual Fund,Regular,Other,,
129733,INF204KA1PL1,-,Reliance Dual Advantage Fixed Tenure Fund V- Plan H,Close Ended Schemes(Income),Nippon India Mutual Fund,Regular,Other,,
129736,INF204KA1PK3,-,Reliance Dual Advantage Fixed Tenure Fund V- Plan H,Close Ended Schemes(Income),Nippon India Mutual Fund,Regular,Other,,
129735,INF204KA1PJ5,-,Reliance Dual Advantage Fixed Tenure Fund V- Plan H,Close Ended Schemes(Income),Nippon India Mutual Fund,Regular,Other,,
130629,INF204KA1RQ6,-,Reliance Dual Advantage Fixed Tenure Fund VI- Plan A,Close Ended Schemes(Income),Nippon India Mutual Fund,Regular,Other,,
130631,INF204KA1RO1,-,Reliance Dual Advantage Fixed Tenure Fund VI- Plan A,Close Ended Schemes(Income),Nippon India Mutual Fund,Regular,Other,,
130630,INF204KA1RR4,-,Reliance Dual Advantage Fixed Tenure Fund VI- Plan A,Close Ended Schemes(Income),Nippon India Mutual Fund,Regular,Other,,
130632,INF204KA1RP8,-,Reliance Dual Advantage Fixed Tenure Fund VI- Plan A,Close Ended Schemes(Income),Nippon India Mutual Fund,Regular,Other,,
130885,INF204KA1TA6,-,Reliance Dual Advantage Fixed Tenure Fund VI- Plan B,Close Ended Schemes(Income),Nippon India Mutual Fund,Regular,Other,,
130884,INF204KA1SZ5,-,Reliance Dual Advantage Fixed Tenure Fund VI- Plan B,Close Ended Schemes(Income),Nippon India Mutual Fund,Regular,Other,,
130883,INF204KA1SY8,-,Reliance Dual Advantage Fixed Tenure Fund VI- Plan B,Close Ended Schemes(Income),Nippon India Mutual Fund,Regular,Other,,
130882,INF204KA1SX0,-,Reliance Dual Advantage Fixed Tenure Fund VI- Plan B,Close Ended Schemes(Income),Nippon India Mutual Fund,Regular,Other,,
131307,INF204KA1UI7,-,Reliance Dual Advantage Fixed Tenure Fund VI- Plan C,Close Ended Schemes(Income),Nippon India Mutual Fund,Regular,Other,,
131308,INF204KA1UH9,-,Reliance Dual Advantage Fixed Tenure Fund VI- Plan C,Close Ended Schemes(Income),Nippon India Mutual Fund,Regular,Other,,
131306,INF204KA1UG1,-,Reliance Dual Advantage Fixed Tenure Fund VI- Plan C,Close Ended Schemes(Income),Nippon India Mutual Fund,Regular,Other,,
131305,INF204KA1UF3,-,Reliance Dual Advantage Fixed Tenure Fund VI- Plan C,Close Ended Schemes(Income),Nippon India Mutual Fund,Regular,Other,,
131342,INF204KA1UO5,-,Reliance Dual Advantage Fixed Tenure Fund VI- Plan D,Close Ended Schemes(Income),Nippon India Mutual Fund,Regular,Other,,
131345,INF204KA1UR8,-,Reliance Dual Advantage Fixed Tenure Fund VI- Plan D,Close Ended Schemes(Income),Nippon India Mutual Fund,Regular,Other,,
131343,INF204KA1UQ0,-,Reliance Dual Advantage Fixed Tenure Fund VI- Plan D,Close Ended Schemes(Income),Nippon India Mutual Fund,Regular,Other,,
131344,INF204KA1UP2,-,Reliance Dual Advantage Fixed Tenure Fund VI- Plan D,Close Ended Schemes(Income),Nippon India Mutual Fund,Regular,Other,,
131462,INF204KA1VS4,-,Reliance Dual Advantage Fixed Tenure Fund VI- Plan E,Close Ended Schemes(Income),Nippon India Mutual Fund,Regular,Other,,
131464,INF204KA1VU0,-,Reliance Dual Advantage Fixed Tenure Fund VI- Plan E,Close Ended Schemes(Income),Nippon India Mutual Fund,Regular,Other,,
131463,INF204KA1VT2,-,Reliance Dual Advantage Fixed Tenure Fund VI- Plan E,Close Ended Schemes(Income),Nippon India Mutual Fund,Regular,Other,,
132764,INF204KA1WN3,-,Reliance Dual Advantage Fixed Tenure Fund VI- Plan F,Close Ended Schemes(Income),Nippon India Mutual Fund,Regular,Other,,
132763,INF204KA1WM5,-,Reliance Dual Advantage Fixed Tenure Fund VI- Plan F,Close Ended Schemes(Income),Nippon India Mutual Fund,Regular,Other,,
132765,INF204KA1WL7,-,Reliance Dual Advantage Fixed Tenure Fund VI- Plan F,Close Ended Schemes(Income),Nippon India Mutual Fund,Regular,Other,,
132762,INF204KA1WK9,-,Reliance Dual Advantage Fixed Tenure Fund VI- Plan F,Close Ended Schemes(Income),Nippon India Mutual Fund,Regular,Other,,
133304,INF204KA1ZC9,-,Reliance Dual Advantage Fixed Tenure Fund VII - Plan B,Close Ended Schemes(Income),Nippon India Mutual Fund,Regular,Other,,
133305,INF204KA1ZD7,-,Reliance Dual Advantage Fixed Tenure Fund VII - Plan B,Close Ended Schemes(Income),Nippon India Mutual Fund,Regular,Other,,
133306,INF204KA1ZE5,-,Reliance Dual Advantage Fixed Tenure Fund VII - Plan B,Close Ended Schemes(Income),Nippon India Mutual Fund,Regular,Other,,
133303,INF204KA1ZF2,-,Reliance Dual Advantage Fixed Tenure Fund VII - Plan B,Close Ended Schemes(Income),Nippon India Mutual Fund,Regular,Other,,
133047,INF204KA1XU6,-,Reliance Dual Advantage Fixed Tenure Fund VII- Plan A,Close Ended Schemes(Income),Nippon India Mutual Fund,Regular,Other,,
133046,INF204KA1XV4,-,Reliance Dual Advantage Fixed Tenure Fund VII- Plan A,Close Ended Schemes(Income),Nippon India Mutual Fund,Regular,Other,,
133048,INF204KA1XW2,-,Reliance Dual Advantage Fixed Tenure Fund VII- Plan A,Close Ended Schemes(Income),Nippon India Mutual Fund,Regular,Other,,
133045,INF204KA1XX0,-,Reliance Dual Advantage Fixed Tenure Fund VII- Plan A,Close Ended Schemes(Income),Nippon India Mutual Fund,Regular,Other,,
133533,INF204KA1B23,-,Reliance Dual Advantage Fixed Tenure Fund VII- Plan C,Close Ended Schemes(Income),Nippon India Mutual Fund,Regular,Other,,
133532,INF204KA1B31,-,Reliance Dual Advantage Fixed Tenure Fund VII- Plan C,Close Ended Schemes(Income),Nippon India Mutual Fund,Regular,Other,,
133530,INF204KA1B49,-,Reliance Dual Advantage Fixed Tenure Fund VII- Plan C,Close Ended Schemes(Income),Nippon India Mutual Fund,Regular,Other,,
133531,INF204KA1B56,-,Reliance Dual Advantage Fixed Tenure Fund VII- Plan C,Close Ended Schemes(Income),Nippon India Mutual Fund,Regular,Other,,
133986,INF204KA1G44,-,Reliance Dual Advantage Fixed Tenure Fund VII- Plan D,Close Ended Schemes(Income),Nippon India Mutual Fund,Regular,Other,,
133987,INF204KA1G36,-,Reliance Dual Advantage Fixed Tenure Fund VII- Plan D,Close Ended Schemes(Income),Nippon India Mutual Fund,Regular,Other,,
133985,INF204KA1G51,-,Reliance Dual Advantage Fixed Tenure Fund VII- Plan D,Close Ended Schemes(Income),Nippon India Mutual Fund,Regular,Other,,
133984,INF204KA1G69,-,Reliance Dual Advantage Fixed Tenure Fund VII- Plan D,Close Ended Schemes(Income),Nippon India Mutual Fund,Regular,Other,,
134412,INF204KA1L70,-,Reliance Dual Advantage Fixed Tenure Fund VII- Plan E,Close Ended Schemes(Income),Nippon India Mutual Fund,Regular,Other,,
134410,INF204KA1L88,-,Reliance Dual Advantage Fixed Tenure Fund VII- Plan E,Close Ended Schemes(Income),Nippon India Mutual Fund,Regular,Other,,
134411,INF204KA1L96,-,Reliance Dual Advantage Fixed Tenure Fund VII- Plan E,Close Ended Schemes(Income),Nippon India Mutual Fund,Regular,Other,,
134409,INF204KA1M04,-,Reliance Dual Advantage Fixed Tenure Fund VII- Plan E,Close Ended Schemes(Income),Nippon India Mutual Fund,Regular,Other,,
135086,INF204KA11J8,-,Reliance Dual Advantage Fixed Tenure Fund VIII- Plan A,Close Ended Schemes(Income),Nippon India Mutual Fund,Regular,Other,,
135084,INF204KA10J0,-,Reliance Dual Advantage Fixed Tenure Fund VIII- Plan A,Close Ended Schemes(Income),Nippon India Mutual Fund,Regular,Other,,
135085,INF204KA12J6,-,Reliance Dual Advantage Fixed Tenure Fund VIII- Plan A,Close Ended Schemes(Income),Nippon India Mutual Fund,Regular,Other,,
135087,INF204KA13J4,-,Reliance Dual Advantage Fixed Tenure Fund VIII- Plan A,Close Ended Schemes(Income),Nippon India Mutual Fund,Regular,Other,,
135231,INF204KA18K1,-,Reliance Dual Advantage Fixed Tenure Fund VIII- Plan B,Close Ended Schemes(Income),Nippon India Mutual Fund,Regular,Other,,
135230,INF204KA19K9,-,Reliance Dual Advantage Fixed Tenure Fund VIII- Plan B,Close Ended Schemes(Income),Nippon India Mutual Fund,Regular,Other,,
135229,INF204KA10L6,-,Reliance Dual Advantage Fixed Tenure Fund VIII- Plan B,Close Ended Schemes(Income),Nippon India Mutual Fund,Regular,Other,,
135228,INF204KA11L4,-,Reliance Dual Advantage Fixed Tenure Fund VIII- Plan B,Close Ended Schemes(Income),Nippon India Mutual Fund,Regular,Other,,
135435,INF204KA11O8,-,Reliance Dual Advantage Fixed Tenure Fund VIII- Plan C,Close Ended Schemes(Income),Nippon India Mutual Fund,Regular,Other,,
135434,INF204KA12O6,-,Reliance Dual Advantage Fixed Tenure Fund VIII- Plan C,Close Ended Schemes(Income),Nippon India Mutual Fund,Regular,Other,,
135433,INF204KA13O4,-,Reliance Dual Advantage Fixed Tenure Fund VIII- Plan C,Close Ended Schemes(Income),Nippon India Mutual Fund,Regular,Other,,
135432,INF204KA14O2,-,Reliance Dual Advantage Fixed Tenure Fund VIII- Plan C,Close Ended Schemes(Income),Nippon India Mutual Fund,Regular,Other,,
146735,INF204KB1Z49,-,Reliance Fixed Horizon Fund - XLI - Series 2,Close Ended Schemes(Income),Nippon India Mutual Fund,Regular,Other,,
146738,INF204KB1Z31,-,Reliance Fixed Horizon Fund - XLI - Series 2,Close Ended Schemes(Income),Nippon India Mutual Fund,Regular,Other,,
146736,INF204KB1Z23,-,Reliance Fixed Horizon Fund - XLI - Series 2,Close Ended Schemes(Income),Nippon India Mutual Fund,Regular,Other,,
146737,INF204KB1Z15,-,Reliance Fixed Horizon Fund - XLI - Series 2,Close Ended Schemes(Income),Nippon India Mutual Fund,Regular,Other,,
117779,INF204KA1TS8,-,Reliance Fixed Horizon Fund - XXII - Series 21,Close Ended Schemes(Income),Nippon India Mutual Fund,Regular,Other,,
117778,INF204KA1TR0,-,Reliance Fixed Horizon Fund - XXII - Series 21,Close Ended Schemes(Income),Nippon India Mutual Fund,Regular,Other,,
117795,INF204KA1VJ3,-,Reliance Fixed Horizon Fund - XXII - Series 22,Close Ended Schemes(Income),Nippon India Mutual Fund,Regular,Other,,
117794,INF204KA1VI5,-,Reliance Fixed Horizon Fund - XXII - Series 22,Close Ended Schemes(Income),Nippon India Mutual Fund,Regular,Other,,
117797,INF204K01VM9,-,Reliance Fixed Horizon Fund - XXII - Series 23,Close Ended Schemes(Income),Nippon India Mutual Fund,Regular,Other,,
117796,INF204K01VL1,-,Reliance Fixed Horizon Fund - XXII - Series 23,Close Ended Schemes(Income),Nippon India Mutual Fund,Regular,Other,,
117813,INF204K01VO5,-,Reliance Fixed Horizon Fund - XXII - Series 24,Close Ended Schemes(Income),Nippon India Mutual Fund,Regular,Other,,
117814,INF204K01VN7,-,Reliance Fixed Horizon Fund - XXII - Series 24,Close Ended Schemes(Income),Nippon India Mutual Fund,Regular,Other,,
117849,INF204KA1VX4,-,Reliance Fixed Horizon Fund - XXII - Series 26,Close Ended Schemes(Income),Nippon India Mutual Fund,Regular,Other,,
117848,INF204KA1VW6,-,Reliance Fixed Horizon Fund - XXII - Series 26,Close Ended Schemes(Income),Nippon India Mutual Fund,Regular,Other,,
117967,INF204KA1XF7,-,Reliance Fixed Horizon Fund - XXII - Series 29,Close Ended Schemes(Income),Nippon India Mutual Fund,Regular,Other,,
117966,INF204KA1XE0,-,Reliance Fixed Horizon Fund - XXII - Series 29,Close Ended Schemes(Income),Nippon India Mutual Fund,Regular,Other,,
117976,INF204K01WA2,-,Reliance Fixed Horizon Fund - XXII - Series 30,Close Ended Schemes(Income),Nippon India Mutual Fund,Regular,Other,,
117975,INF204K01VZ1,-,Reliance Fixed Horizon Fund - XXII - Series 30,Close Ended Schemes(Income),Nippon India Mutual Fund,Regular,Other,,
118223,INF204K01WI5,-,Reliance Fixed Horizon Fund - XXII - Series 34,Close Ended Schemes(Income),Nippon India Mutual Fund,Regular,Other,,
118222,INF204K01WH7,-,Reliance Fixed Horizon Fund - XXII - Series 34,Close Ended Schemes(Income),Nippon India Mutual Fund,Regular,Other,,
122458,INF204K016B5,-,Reliance Fixed Horizon Fund - XXIII - Series 11,Close Ended Schemes(Income),Nippon India Mutual Fund,Regular,Other,,
122455,INF204K015B7,-,Reliance Fixed Horizon Fund - XXIII - Series 11,Close Ended Schemes(Income),Nippon India Mutual Fund,Regular,Other,,
122457,INF204K014B0,-,Reliance Fixed Horizon Fund - XXIII - Series 11,Close Ended Schemes(Income),Nippon India Mutual Fund,Regular,Other,,
122615,INF204K010C6,-,Reliance Fixed Horizon Fund - XXIII - Series 12,Close Ended Schemes(Income),Nippon India Mutual Fund,Regular,Other,,
122617,INF204K019B9,-,Reliance Fixed Horizon Fund - XXIII - Series 12,Close Ended Schemes(Income),Nippon India Mutual Fund,Regular,Other,,
122614,INF204K018B1,-,Reliance Fixed Horizon Fund - XXIII - Series 12,Close Ended Schemes(Income),Nippon India Mutual Fund,Regular,Other,,
121757,INF204K015A9,-,Reliance Fixed Horizon Fund - XXIII - Series 8,Close Ended Schemes(Income),Nippon India Mutual Fund,Regular,Other,,
121755,INF204K014A2,-,Reliance Fixed Horizon Fund - XXIII - Series 8,Close Ended Schemes(Income),Nippon India Mutual Fund,Regular,Other,,
121756,INF204K013A4,-,Reliance Fixed Horizon Fund - XXIII - Series 8,Close Ended Schemes(Income),Nippon India Mutual Fund,Regular,Other,,
121758,INF204K012A6,-,Reliance Fixed Horizon Fund - XXIII - Series 8,Close Ended Schemes(Income),Nippon India Mutual Fund,Regular,Other,,
123456,INF204KA1032,-,Reliance Fixed Horizon Fund - XXIV - Series 10,Close Ended Schemes(Income),Nippon India Mutual Fund,Regular,Other,,
123457,INF204KA1024,-,Reliance Fixed Horizon Fund - XXIV - Series 10,Close Ended Schemes(Income),Nippon India Mutual Fund,Regular,Other,,
123455,INF204KA1016,-,Reliance Fixed Horizon Fund - XXIV - Series 10,Close Ended Schemes(Income),Nippon India Mutual Fund,Regular,Other,,
123454,INF204K019Z8,-,Reliance Fixed Horizon Fund - XXIV - Series 10,Close Ended Schemes(Income),Nippon India Mutual Fund,Regular,Other,,
123459,INF204KA1TP4,-,Reliance Fixed Horizon Fund - XXIV - Series 11,Close Ended Schemes(Income),Nippon India Mutual Fund,Regular,Other,,
123458,INF204KA1TN9,-,Reliance Fixed Horizon Fund - XXIV - Series 11,Close Ended Schemes(Income),Nippon India Mutual Fund,Regular,Other,,
123569,INF204KA1149,-,Reliance Fixed Horizon Fund - XXIV - Series 13,Close Ended Schemes(Income),Nippon India Mutual Fund,Regular,Other,,
123568,INF204KA1131,-,Reliance Fixed Horizon Fund - XXIV - Series 13,Close Ended Schemes(Income),Nippon India Mutual Fund,Regular,Other,,
123567,INF204KA1123,-,Reliance Fixed Horizon Fund - XXIV - Series 13,Close Ended Schemes(Income),Nippon India Mutual Fund,Regular,Other,,
123742,INF204KA1UL1,-,Reliance Fixed Horizon Fund - XXIV - Series 15,Close Ended Schemes(Income),Nippon India Mutual Fund,Regular,Other,,
123741,INF204KA1UK3,-,Reliance Fixed Horizon Fund - XXIV - Series 15,Close Ended Schemes(Income),Nippon India Mutual Fund,Regular,Other,,
123740,INF204KA1UJ5,-,Reliance Fixed Horizon Fund - XXIV - Series 15,Close Ended Schemes(Income),Nippon India Mutual Fund,Regular,Other,,
123982,INF204KA1UY4,-,Reliance Fixed Horizon Fund - XXIV - Series 16,Close Ended Schemes(Income),Nippon India Mutual Fund,Regular,Other,,
123985,INF204KA1UW8,-,Reliance Fixed Horizon Fund - XXIV - Series 16,Close Ended Schemes(Income),Nippon India Mutual Fund,Regular,Other,,
124097,INF204KA1VF1,-,Reliance Fixed Horizon Fund - XXIV - Series 17,Close Ended Schemes(Income),Nippon India Mutual Fund,Regular,Other,,
124099,INF204KA1VH7,-,Reliance Fixed Horizon Fund - XXIV - Series 17,Close Ended Schemes(Income),Nippon India Mutual Fund,Regular,Other,,
124098,INF204KA1VG9,-,Reliance Fixed Horizon Fund - XXIV - Series 17,Close Ended Schemes(Income),Nippon India Mutual Fund,Regular,Other,,
124096,INF204KA1VE4,-,Reliance Fixed Horizon Fund - XXIV - Series 17,Close Ended Schemes(Income),Nippon India Mutual Fund,Regular,Other,,
124213,INF204KA1VM7,-,Reliance Fixed Horizon Fund - XXIV - Series 18,Close Ended Schemes(Income),Nippon India Mutual Fund,Regular,Other,,
124211,INF204KA1VL9,-,Reliance Fixed Horizon Fund - XXIV - Series 18,Close Ended Schemes(Income),Nippon India Mutual Fund,Regular,Other,,
124210,INF204KA1VK1,-,Reliance Fixed Horizon Fund - XXIV - Series 18,Close Ended Schemes(Income),Nippon India Mutual Fund,Regular,Other,,
122903,INF204K010X2,-,Reliance Fixed Horizon Fund - XXIV - Series 2,Close Ended Schemes(Income),Nippon India Mutual Fund,Regular,Other,,
122902,INF204K019W5,-,Reliance Fixed Horizon Fund - XXIV - Series 2,Close Ended Schemes(Income),Nippon India Mutual Fund,Regular,Other,,
122901,INF204K018W7,-,Reliance Fixed Horizon Fund - XXIV - Series 2,Close Ended Schemes(Income),Nippon India Mutual Fund,Regular,Other,,
122900,INF204K017W9,-,Reliance Fixed Horizon Fund - XXIV - Series 2,Close Ended Schemes(Income),Nippon India Mutual Fund,Regular,Other,,
124250,INF204KA1438,-,Reliance Fixed Horizon Fund - XXIV - Series 20,Close Ended Schemes(Income),Nippon India Mutual Fund,Regular,Other,,
124249,INF204KA1420,-,Reliance Fixed Horizon Fund - XXIV - Series 20,Close Ended Schemes(Income),Nippon India Mutual Fund,Regular,Other,,
124252,INF204KA1412,-,Reliance Fixed Horizon Fund - XXIV - Series 20,Close Ended Schemes(Income),Nippon India Mutual Fund,Regular,Other,,
124251,INF204KA1404,-,Reliance Fixed Horizon Fund - XXIV - Series 20,Close Ended Schemes(Income),Nippon India Mutual Fund,Regular,Other,,
124708,INF204KA11E9,-,Reliance Fixed Horizon Fund - XXIV - Series 22,Close Ended Schemes(Income),Nippon India Mutual Fund,Regular,Other,,
124707,INF204KA10E1,-,Reliance Fixed Horizon Fund - XXIV - Series 22,Close Ended Schemes(Income),Nippon India Mutual Fund,Regular,Other,,
124709,INF204KA19D4,-,Reliance Fixed Horizon Fund - XXIV - Series 22,Close Ended Schemes(Income),Nippon India Mutual Fund,Regular,Other,,
124706,INF204KA18D6,-,Reliance Fixed Horizon Fund - XXIV - Series 22,Close Ended Schemes(Income),Nippon India Mutual Fund,Regular,Other,,
125153,INF204KA1594,-,Reliance Fixed Horizon Fund - XXIV - Series 24,Close Ended Schemes(Income),Nippon India Mutual Fund,Regular,Other,,
125152,INF204KA1586,-,Reliance Fixed Horizon Fund - XXIV - Series 24,Close Ended Schemes(Income),Nippon India Mutual Fund,Regular,Other,,
125151,INF204KA1578,-,Reliance Fixed Horizon Fund - XXIV - Series 24,Close Ended Schemes(Income),Nippon India Mutual Fund,Regular,Other,,
125150,INF204KA1560,-,Reliance Fixed Horizon Fund - XXIV - Series 24,Close Ended Schemes(Income),Nippon India Mutual Fund,Regular,Other,,
125195,INF204KA1636,-,Reliance Fixed Horizon Fund - XXIV - Series 25,Close Ended Schemes(Income),Nippon India Mutual Fund,Regular,Other,,
125194,INF204KA1610,-,Reliance Fixed Horizon Fund - XXIV - Series 25,Close Ended Schemes(Income),Nippon India Mutual Fund,Regular,Other,,
125193,INF204KA1602,-,Reliance Fixed Horizon Fund - XXIV - Series 25,Close Ended Schemes(Income),Nippon India Mutual Fund,Regular,Other,,
125192,INF204KA1628,-,Reliance Fixed Horizon Fund - XXIV - Series 25,Close Ended Schemes(Income),Nippon India Mutual Fund,Regular,Other,,
123054,INF204KA1SG5,-,Reliance Fixed Horizon Fund - XXIV - Series 3,Close Ended Schemes(Income),Nippon India Mutual Fund,Regular,Other,,
123051,INF204KA1SF7,-,Reliance Fixed Horizon Fund - XXIV - Series 3,Close Ended Schemes(Income),Nippon India Mutual Fund,Regular,Other,,
123053,INF204KA1SE0,-,Reliance Fixed Horizon Fund - XXIV - Series 3,Close Ended Schemes(Income),Nippon India Mutual Fund,Regular,Other,,
123052,INF204KA1SD2,-,Reliance Fixed Horizon Fund - XXIV - Series 3,Close Ended Schemes(Income),Nippon India Mutual Fund,Regular,Other,,
123073,INF204KA1TE8,-,Reliance Fixed Horizon Fund - XXIV - Series 4,Close Ended Schemes(Income),Nippon India Mutual Fund,Regular,Other,,
123072,INF204KA1TD0,-,Reliance Fixed Horizon Fund - XXIV - Series 4,Close Ended Schemes(Income),Nippon India Mutual Fund,Regular,Other,,
123071,INF204KA1TC2,-,Reliance Fixed Horizon Fund - XXIV - Series 4,Close Ended Schemes(Income),Nippon India Mutual Fund,Regular,Other,,
123070,INF204KA1TB4,-,Reliance Fixed Horizon Fund - XXIV - Series 4,Close Ended Schemes(Income),Nippon India Mutual Fund,Regular,Other,,
123153,INF204K012Y6,-,Reliance Fixed Horizon Fund - XXIV - Series 5,Close Ended Schemes(Income),Nippon India Mutual Fund,Regular,Other,,
123151,INF204K011Y8,-,Reliance Fixed Horizon Fund - XXIV - Series 5,Close Ended Schemes(Income),Nippon India Mutual Fund,Regular,Other,,
123152,INF204K010Y0,-,Reliance Fixed Horizon Fund - XXIV - Series 5,Close Ended Schemes(Income),Nippon India Mutual Fund,Regular,Other,,
123150,INF204K019X3,-,Reliance Fixed Horizon Fund - XXIV - Series 5,Close Ended Schemes(Income),Nippon India Mutual Fund,Regular,Other,,
123207,INF204KA12B3,-,Reliance Fixed Horizon Fund - XXIV - Series 6,Close Ended Schemes(Income),Nippon India Mutual Fund,Regular,Other,,
123205,INF204KA11B5,-,Reliance Fixed Horizon Fund - XXIV - Series 6,Close Ended Schemes(Income),Nippon India Mutual Fund,Regular,Other,,
123206,INF204KA10B7,-,Reliance Fixed Horizon Fund - XXIV - Series 6,Close Ended Schemes(Income),Nippon India Mutual Fund,Regular,Other,,
123208,INF204KA19A0,-,Reliance Fixed Horizon Fund - XXIV - Series 6,Close Ended Schemes(Income),Nippon India Mutual Fund,Regular,Other,,
123212,INF204K010Z7,-,Reliance Fixed Horizon Fund - XXIV - Series 7,Close Ended Schemes(Income),Nippon India Mutual Fund,Regular,Other,,
123211,INF204K019Y1,-,Reliance Fixed Horizon Fund - XXIV - Series 7,Close Ended Schemes(Income),Nippon India Mutual Fund,Regular,Other,,
123214,INF204K018Y3,-,Reliance Fixed Horizon Fund - XXIV - Series 7,Close Ended Schemes(Income),Nippon India Mutual Fund,Regular,Other,,
123213,INF204K017Y5,-,Reliance Fixed Horizon Fund - XXIV - Series 7,Close Ended Schemes(Income),Nippon India Mutual Fund,Regular,Other,,
123344,INF204K013Z1,-,Reliance Fixed Horizon Fund - XXIV - Series 8,Close Ended Schemes(Income),Nippon India Mutual Fund,Regular,Other,,
123342,INF204K012Z3,-,Reliance Fixed Horizon Fund - XXIV - Series 8,Close Ended Schemes(Income),Nippon India Mutual Fund,Regular,Other,,
123341,INF204K011Z5,-,Reliance Fixed Horizon Fund - XXIV - Series 8,Close Ended Schemes(Income),Nippon India Mutual Fund,Regular,Other,,
123374,INF204KA1TL3,-,Reliance Fixed Horizon Fund - XXIV - Series 9,Close Ended Schemes(Income),Nippon India Mutual Fund,Regular,Other,,
123373,INF204KA1TK5,-,Reliance Fixed Horizon Fund - XXIV - Series 9,Close Ended Schemes(Income),Nippon India Mutual Fund,Regular,Other,,
123372,INF204KA1TJ7,-,Reliance Fixed Horizon Fund - XXIV - Series 9,Close Ended Schemes(Income),Nippon India Mutual Fund,Regular,Other,,
125258,INF204KA19H5,-,Reliance Fixed Horizon Fund - XXV - Series 1,Close Ended Schemes(Income),Nippon India Mutual Fund,Regular,Other,,
125257,INF204KA18H7,-,Reliance Fixed Horizon Fund - XXV - Series 1,Close Ended Schemes(Income),Nippon India Mutual Fund,Regular,Other,,
125256,INF204KA17H9,-,Reliance Fixed Horizon Fund - XXV - Series 1,Close Ended Schemes(Income),Nippon India Mutual Fund,Regular,Other,,
125255,INF204KA16H1,-,Reliance Fixed Horizon Fund - XXV - Series 1,Close Ended Schemes(Income),Nippon India Mutual Fund,Regular,Other,,
125934,INF204KA1GF2,-,Reliance Fixed Horizon Fund - XXV - Series 11,Close Ended Schemes(Income),Nippon India Mutual Fund,Regular,Other,,
125933,INF204KA1GH8,-,Reliance Fixed Horizon Fund - XXV - Series 11,Close Ended Schemes(Income),Nippon India Mutual Fund,Regular,Other,,
125957,INF204KA1GJ4,-,Reliance Fixed Horizon Fund - XXV - Series 12,Close Ended Schemes(Income),Nippon India Mutual Fund,Regular,Other,,
125956,INF204KA1GM8,-,Reliance Fixed Horizon Fund - XXV - Series 12,Close Ended Schemes(Income),Nippon India Mutual Fund,Regular,Other,,
125954,INF204KA1GL0,-,Reliance Fixed Horizon Fund - XXV - Series 12,Close Ended Schemes(Income),Nippon India Mutual Fund,Regular,Other,,
126256,INF204KA1GN6,-,Reliance Fixed Horizon Fund - XXV - Series 13,Close Ended Schemes(Income),Nippon India Mutual Fund,Regular,Other,,
126255,INF204KA1GQ9,-,Reliance Fixed Horizon Fund - XXV - Series 13,Close Ended Schemes(Income),Nippon India Mutual Fund,Regular,Other,,
126254,INF204KA1GP1,-,Reliance Fixed Horizon Fund - XXV - Series 13,Close Ended Schemes(Income),Nippon India Mutual Fund,Regular,Other,,
126372,INF204KA1GR7,-,Reliance Fixed Horizon Fund - XXV - Series 14,Close Ended Schemes(Income),Nippon India Mutual Fund,Regular,Other,,
126371,INF204KA1GT3,-,Reliance Fixed Horizon Fund - XXV - Series 14,Close Ended Schemes(Income),Nippon India Mutual Fund,Regular,Other,,
126486,INF204KA1HA1,-,Reliance Fixed Horizon Fund - XXV - Series 16,Close Ended Schemes(Income),Nippon India Mutual Fund,Regular,Other,,
126485,INF204KA1GZ0,-,Reliance Fixed Horizon Fund - XXV - Series 16,Close Ended Schemes(Income),Nippon India Mutual Fund,Regular,Other,,
126483,INF204KA1HC7,-,Reliance Fixed Horizon Fund - XXV - Series 16,Close Ended Schemes(Income),Nippon India Mutual Fund,Regular,Other,,
126484,INF204KA1HB9,-,Reliance Fixed Horizon Fund - XXV - Series 16,Close Ended Schemes(Income),Nippon India Mutual Fund,Regular,Other,,
126703,INF204KA1HE3,-,Reliance Fixed Horizon Fund - XXV - Series 17,Close Ended Schemes(Income),Nippon India Mutual Fund,Regular,Other,,
126702,INF204KA1HD5,-,Reliance Fixed Horizon Fund - XXV - Series 17,Close Ended Schemes(Income),Nippon India Mutual Fund,Regular,Other,,
126701,INF204KA1HF0,-,Reliance Fixed Horizon Fund - XXV - Series 17,Close Ended Schemes(Income),Nippon India Mutual Fund,Regular,Other,,
126891,INF204KA1E46,-,Reliance Fixed Horizon Fund - XXV - Series 18,Close Ended Schemes(Income),Nippon India Mutual Fund,Regular,Other,,
126889,INF204KA1E20,-,Reliance Fixed Horizon Fund - XXV - Series 18,Close Ended Schemes(Income),Nippon India Mutual Fund,Regular,Other,,
126932,INF204KA1HL8,-,Reliance Fixed Horizon Fund - XXV - Series 19,Close Ended Schemes(Income),Nippon India Mutual Fund,Regular,Other,,
126934,INF204KA1HO2,-,Reliance Fixed Horizon Fund - XXV - Series 19,Close Ended Schemes(Income),Nippon India Mutual Fund,Regular,Other,,
126931,INF204KA1HN4,-,Reliance Fixed Horizon Fund - XXV - Series 19,Close Ended Schemes(Income),Nippon India Mutual Fund,Regular,Other,,
125310,INF204KA1EW2,-,Reliance Fixed Horizon Fund - XXV - Series 2,Close Ended Schemes(Income),Nippon India Mutual Fund,Regular,Other,,
125309,INF204KA1EV4,-,Reliance Fixed Horizon Fund - XXV - Series 2,Close Ended Schemes(Income),Nippon India Mutual Fund,Regular,Other,,
125312,INF204KA1EY8,-,Reliance Fixed Horizon Fund - XXV - Series 2,Close Ended Schemes(Income),Nippon India Mutual Fund,Regular,Other,,
125311,INF204KA1EX0,-,Reliance Fixed Horizon Fund - XXV - Series 2,Close Ended Schemes(Income),Nippon India Mutual Fund,Regular,Other,,
126975,INF204KA1HQ7,-,Reliance Fixed Horizon Fund - XXV - Series 20,Close Ended Schemes(Income),Nippon India Mutual Fund,Regular,Other,,
126977,INF204KA1HP9,-,Reliance Fixed Horizon Fund - XXV - Series 20,Close Ended Schemes(Income),Nippon India Mutual Fund,Regular,Other,,
126978,INF204KA1HS3,-,Reliance Fixed Horizon Fund - XXV - Series 20,Close Ended Schemes(Income),Nippon India Mutual Fund,Regular,Other,,
126976,INF204KA1HR5,-,Reliance Fixed Horizon Fund - XXV - Series 20,Close Ended Schemes(Income),Nippon India Mutual Fund,Regular,Other,,
127069,INF204KA1HY1,-,Reliance Fixed Horizon Fund - XXV - Series 21,Close Ended Schemes(Income),Nippon India Mutual Fund,Regular,Other,,
127067,INF204KA1HX3,-,Reliance Fixed Horizon Fund - XXV - Series 21,Close Ended Schemes(Income),Nippon India Mutual Fund,Regular,Other,,
127068,INF204KA1IA9,-,Reliance Fixed Horizon Fund - XXV - Series 21,Close Ended Schemes(Income),Nippon India Mutual Fund,Regular,Other,,
127066,INF204KA1HZ8,-,Reliance Fixed Horizon Fund - XXV - Series 21,Close Ended Schemes(Income),Nippon India Mutual Fund,Regular,Other,,
127081,INF204KA1IC5,-,Reliance Fixed Horizon Fund - XXV - Series 22,Close Ended Schemes(Income),Nippon India Mutual Fund,Regular,Other,,
127083,INF204KA1IB7,-,Reliance Fixed Horizon Fund - XXV - Series 22,Close Ended Schemes(Income),Nippon India Mutual Fund,Regular,Other,,
127082,INF204KA1IE1,-,Reliance Fixed Horizon Fund - XXV - Series 22,Close Ended Schemes(Income),Nippon India Mutual Fund,Regular,Other,,
127080,INF204KA1ID3,-,Reliance Fixed Horizon Fund - XXV - Series 22,Close Ended Schemes(Income),Nippon India Mutual Fund,Regular,Other,,
127242,INF204KA1II2,-,Reliance Fixed Horizon Fund - XXV - Series 23,Close Ended Schemes(Income),Nippon India Mutual Fund,Regular,Other,,
127240,INF204KA1IH4,-,Reliance Fixed Horizon Fund - XXV - Series 23,Close Ended Schemes(Income),Nippon India Mutual Fund,Regular,Other,,
127241,INF204KA1IG6,-,Reliance Fixed Horizon Fund - XXV - Series 23,Close Ended Schemes(Income),Nippon India Mutual Fund,Regular,Other,,
127239,INF204KA1IF8,-,Reliance Fixed Horizon Fund - XXV - Series 23,Close Ended Schemes(Income),Nippon India Mutual Fund,Regular,Other,,
127264,INF204KA1G10,-,Reliance Fixed Horizon Fund - XXV - Series 24,Close Ended Schemes(Income),Nippon India Mutual Fund,Regular,Other,,
127266,INF204KA1F94,-,Reliance Fixed Horizon Fund - XXV - Series 24,Close Ended Schemes(Income),Nippon India Mutual Fund,Regular,Other,,
127360,INF204KA1IQ5,-,Reliance Fixed Horizon Fund - XXV - Series 25,Close Ended Schemes(Income),Nippon India Mutual Fund,Regular,Other,,
127362,INF204KA1IP7,-,Reliance Fixed Horizon Fund - XXV - Series 25,Close Ended Schemes(Income),Nippon India Mutual Fund,Regular,Other,,
127361,INF204KA1IO0,-,Reliance Fixed Horizon Fund - XXV - Series 25,Close Ended Schemes(Income),Nippon India Mutual Fund,Regular,Other,,
127359,INF204KA1IN2,-,Reliance Fixed Horizon Fund - XXV - Series 25,Close Ended Schemes(Income),Nippon India Mutual Fund,Regular,Other,,
127538,INF204KA1JB5,-,Reliance Fixed Horizon Fund - XXV - Series 26,Close Ended Schemes(Income),Nippon India Mutual Fund,Regular,Other,,
127537,INF204KA1IZ6,-,Reliance Fixed Horizon Fund - XXV - Series 26,Close Ended Schemes(Income),Nippon India Mutual Fund,Regular,Other,,
127542,INF204KA1JG4,-,Reliance Fixed Horizon Fund - XXV - Series 27,Close Ended Schemes(Income),Nippon India Mutual Fund,Regular,Other,,
127541,INF204KA1JF6,-,Reliance Fixed Horizon Fund - XXV - Series 27,Close Ended Schemes(Income),Nippon India Mutual Fund,Regular,Other,,
127543,INF204KA1JE9,-,Reliance Fixed Horizon Fund - XXV - Series 27,Close Ended Schemes(Income),Nippon India Mutual Fund,Regular,Other,,
127540,INF204KA1JD1,-,Reliance Fixed Horizon Fund - XXV - Series 27,Close Ended Schemes(Income),Nippon India Mutual Fund,Regular,Other,,
127545,INF204KA1JK6,-,Reliance Fixed Horizon Fund - XXV - Series 28,Close Ended Schemes(Income),Nippon India Mutual Fund,Regular,Other,,
127547,INF204KA1JJ8,-,Reliance Fixed Horizon Fund - XXV - Series 28,Close Ended Schemes(Income),Nippon India Mutual Fund,Regular,Other,,
127544,INF204KA1JI0,-,Reliance Fixed Horizon Fund - XXV - Series 28,Close Ended Schemes(Income),Nippon India Mutual Fund,Regular,Other,,
127546,INF204KA1JH2,-,Reliance Fixed Horizon Fund - XXV - Series 28,Close Ended Schemes(Income),Nippon India Mutual Fund,Regular,Other,,
125359,INF204KA19G7,-,Reliance Fixed Horizon Fund - XXV - Series 3,Close Ended Schemes(Income),Nippon India Mutual Fund,Regular,Other,,
125358,INF204KA11H2,-,Reliance Fixed Horizon Fund - XXV - Series 3,Close Ended Schemes(Income),Nippon India Mutual Fund,Regular,Other,,
125357,INF204KA10H4,-,Reliance Fixed Horizon Fund - XXV - Series 3,Close Ended Schemes(Income),Nippon India Mutual Fund,Regular,Other,,
125356,INF204KA18G9,-,Reliance Fixed Horizon Fund - XXV - Series 3,Close Ended Schemes(Income),Nippon India Mutual Fund,Regular,Other,,
127734,INF204KA1JS9,-,Reliance Fixed Horizon Fund - XXV - Series 30,Close Ended Schemes(Income),Nippon India Mutual Fund,Regular,Other,,
127735,INF204KA1JR1,-,Reliance Fixed Horizon Fund - XXV - Series 30,Close Ended Schemes(Income),Nippon India Mutual Fund,Regular,Other,,
127733,INF204KA1JQ3,-,Reliance Fixed Horizon Fund - XXV - Series 30,Close Ended Schemes(Income),Nippon India Mutual Fund,Regular,Other,,
127732,INF204KA1JP5,-,Reliance Fixed Horizon Fund - XXV - Series 30,Close Ended Schemes(Income),Nippon India Mutual Fund,Regular,Other,,
127844,INF204KA1JV3,-,Reliance Fixed Horizon Fund - XXV - Series 31,Close Ended Schemes(Income),Nippon India Mutual Fund,Regular,Other,,
127841,INF204KA1JU5,-,Reliance Fixed Horizon Fund - XXV - Series 31,Close Ended Schemes(Income),Nippon India Mutual Fund,Regular,Other,,
127843,INF204KA1JT7,-,Reliance Fixed Horizon Fund - XXV - Series 31,Close Ended Schemes(Income),Nippon India Mutual Fund,Regular,Other,,
128181,INF204KA1KD9,-,Reliance Fixed Horizon Fund - XXV - Series 32,Close Ended Schemes(Income),Nippon India Mutual Fund,Regular,Other,,
128180,INF204KA1KB3,-,Reliance Fixed Horizon Fund - XXV - Series 32,Close Ended Schemes(Income),Nippon India Mutual Fund,Regular,Other,,
128185,INF204KA1KH0,-,Reliance Fixed Horizon Fund - XXV - Series 33,Close Ended Schemes(Income),Nippon India Mutual Fund,Regular,Other,,
128184,INF204KA1KG2,-,Reliance Fixed Horizon Fund - XXV - Series 33,Close Ended Schemes(Income),Nippon India Mutual Fund,Regular,Other,,
128183,INF204KA1KF4,-,Reliance Fixed Horizon Fund - XXV - Series 33,Close Ended Schemes(Income),Nippon India Mutual Fund,Regular,Other,,
128199,INF204KA1KL2,-,Reliance Fixed Horizon Fund - XXV - Series 34,Close Ended Schemes(Income),Nippon India Mutual Fund,Regular,Other,,
128198,INF204KA1KJ6,-,Reliance Fixed Horizon Fund - XXV - Series 34,Close Ended Schemes(Income),Nippon India Mutual Fund,Regular,Other,,
128320,INF204KA1LC9,-,Reliance Fixed Horizon Fund - XXV - Series 35,Close Ended Schemes(Income),Nippon India Mutual Fund,Regular,Other,,
128318,INF204KA1LB1,-,Reliance Fixed Horizon Fund - XXV - Series 35,Close Ended Schemes(Income),Nippon India Mutual Fund,Regular,Other,,
128317,INF204KA1LA3,-,Reliance Fixed Horizon Fund - XXV - Series 35,Close Ended Schemes(Income),Nippon India Mutual Fund,Regular,Other,,
128319,INF204KA1KZ2,-,Reliance Fixed Horizon Fund - XXV - Series 35,Close Ended Schemes(Income),Nippon India Mutual Fund,Regular,Other,,
125392,INF204KA1YP4,-,Reliance Fixed Horizon Fund - XXV - Series 4,Close Ended Schemes(Income),Nippon India Mutual Fund,Regular,Other,,
125390,INF204KA1YO7,-,Reliance Fixed Horizon Fund - XXV - Series 4,Close Ended Schemes(Income),Nippon India Mutual Fund,Regular,Other,,
125393,INF204KA1YM1,-,Reliance Fixed Horizon Fund - XXV - Series 4,Close Ended Schemes(Income),Nippon India Mutual Fund,Regular,Other,,
125530,INF204KA1FM0,-,Reliance Fixed Horizon Fund - XXV - Series 6,Close Ended Schemes(Income),Nippon India Mutual Fund,Regular,Other,,
125528,INF204KA1FL2,-,Reliance Fixed Horizon Fund - XXV - Series 6,Close Ended Schemes(Income),Nippon India Mutual Fund,Regular,Other,,
125529,INF204KA1FO6,-,Reliance Fixed Horizon Fund - XXV - Series 6,Close Ended Schemes(Income),Nippon India Mutual Fund,Regular,Other,,
125527,INF204KA1FN8,-,Reliance Fixed Horizon Fund - XXV - Series 6,Close Ended Schemes(Income),Nippon India Mutual Fund,Regular,Other,,
127913,INF204KA1KA5,-,Reliance Fixed Horizon Fund - XXVI - Series 1,Close Ended Schemes(Income),Nippon India Mutual Fund,Regular,Other,,
127911,INF204KA1JZ4,-,Reliance Fixed Horizon Fund - XXVI - Series 1,Close Ended Schemes(Income),Nippon India Mutual Fund,Regular,Other,,
127912,INF204KA1JY7,-,Reliance Fixed Horizon Fund - XXVI - Series 1,Close Ended Schemes(Income),Nippon India Mutual Fund,Regular,Other,,
127910,INF204KA1JX9,-,Reliance Fixed Horizon Fund - XXVI - Series 1,Close Ended Schemes(Income),Nippon India Mutual Fund,Regular,Other,,
129115,INF204KA1NM4,-,Reliance Fixed Horizon Fund - XXVI - Series 14,Close Ended Schemes(Income),Nippon India Mutual Fund,Regular,Other,,
129114,INF204KA1NL6,-,Reliance Fixed Horizon Fund - XXVI - Series 14,Close Ended Schemes(Income),Nippon India Mutual Fund,Regular,Other,,
129116,INF204KA1NK8,-,Reliance Fixed Horizon Fund - XXVI - Series 14,Close Ended Schemes(Income),Nippon India Mutual Fund,Regular,Other,,
129113,INF204KA1NJ0,-,Reliance Fixed Horizon Fund - XXVI - Series 14,Close Ended Schemes(Income),Nippon India Mutual Fund,Regular,Other,,
129291,INF204KA1NX1,-,Reliance Fixed Horizon Fund - XXVI - Series 17,Close Ended Schemes(Income),Nippon India Mutual Fund,Regular,Other,,
129290,INF204KA1NW3,-,Reliance Fixed Horizon Fund - XXVI - Series 17,Close Ended Schemes(Income),Nippon India Mutual Fund,Regular,Other,,
129289,INF204KA1NV5,-,Reliance Fixed Horizon Fund - XXVI - Series 17,Close Ended Schemes(Income),Nippon India Mutual Fund,Regular,Other,,
129293,INF204KA1OC3,-,Reliance Fixed Horizon Fund - XXVI - Series 18,Close Ended Schemes(Income),Nippon India Mutual Fund,Regular,Other,,
129296,INF204KA1OB5,-,Reliance Fixed Horizon Fund - XXVI - Series 18,Close Ended Schemes(Income),Nippon India Mutual Fund,Regular,Other,,
129295,INF204KA1OA7,-,Reliance Fixed Horizon Fund - XXVI - Series 18,Close Ended Schemes(Income),Nippon India Mutual Fund,Regular,Other,,
129294,INF204KA1NZ6,-,Reliance Fixed Horizon Fund - XXVI - Series 18,Close Ended Schemes(Income),Nippon India Mutual Fund,Regular,Other,,
128082,INF204KA1KX7,-,Reliance Fixed Horizon Fund - XXVI - Series 2,Close Ended Schemes(Income),Nippon India Mutual Fund,Regular,Other,,
128084,INF204KA1KW9,-,Reliance Fixed Horizon Fund - XXVI - Series 2,Close Ended Schemes(Income),Nippon India Mutual Fund,Regular,Other,,
128081,INF204KA1KV1,-,Reliance Fixed Horizon Fund - XXVI - Series 2,Close Ended Schemes(Income),Nippon India Mutual Fund,Regular,Other,,
130192,INF204KA1QO3,-,Reliance Fixed Horizon Fund - XXVI - Series 29,Close Ended Schemes(Income),Nippon India Mutual Fund,Regular,Other,,
130190,INF204KA1QN5,-,Reliance Fixed Horizon Fund - XXVI - Series 29,Close Ended Schemes(Income),Nippon India Mutual Fund,Regular,Other,,
130191,INF204KA1QM7,-,Reliance Fixed Horizon Fund - XXVI - Series 29,Close Ended Schemes(Income),Nippon India Mutual Fund,Regular,Other,,
130189,INF204KA1QL9,-,Reliance Fixed Horizon Fund - XXVI - Series 29,Close Ended Schemes(Income),Nippon India Mutual Fund,Regular,Other,,
130196,INF204KA1QS4,-,Reliance Fixed Horizon Fund - XXVI - Series 30,Close Ended Schemes(Income),Nippon India Mutual Fund,Regular,Other,,
130194,INF204KA1QR6,-,Reliance Fixed Horizon Fund - XXVI - Series 30,Close Ended Schemes(Income),Nippon India Mutual Fund,Regular,Other,,
130195,INF204KA1QQ8,-,Reliance Fixed Horizon Fund - XXVI - Series 30,Close Ended Schemes(Income),Nippon India Mutual Fund,Regular,Other,,
130193,INF204KA1QP0,-,Reliance Fixed Horizon Fund - XXVI - Series 30,Close Ended Schemes(Income),Nippon India Mutual Fund,Regular,Other,,
130229,INF204KA1QW6,-,Reliance Fixed Horizon Fund - XXVI - Series 31,Close Ended Schemes(Income),Nippon India Mutual Fund,Regular,Other,,
130228,INF204KA1QV8,-,Reliance Fixed Horizon Fund - XXVI - Series 31,Close Ended Schemes(Income),Nippon India Mutual Fund,Regular,Other,,
130230,INF204KA1QU0,-,Reliance Fixed Horizon Fund - XXVI - Series 31,Close Ended Schemes(Income),Nippon India Mutual Fund,Regular,Other,,
130227,INF204KA1QT2,-,Reliance Fixed Horizon Fund - XXVI - Series 31,Close Ended Schemes(Income),Nippon India Mutual Fund,Regular,Other,,
128461,INF204KA1LL0,-,Reliance Fixed Horizon Fund - XXVI - Series 4,Close Ended Schemes(Income),Nippon India Mutual Fund,Regular,Other,,
128460,INF204KA1LK2,-,Reliance Fixed Horizon Fund - XXVI - Series 4,Close Ended Schemes(Income),Nippon India Mutual Fund,Regular,Other,,
128459,INF204KA1LJ4,-,Reliance Fixed Horizon Fund - XXVI - Series 4,Close Ended Schemes(Income),Nippon India Mutual Fund,Regular,Other,,
128458,INF204KA1LI6,-,Reliance Fixed Horizon Fund - XXVI - Series 4,Close Ended Schemes(Income),Nippon India Mutual Fund,Regular,Other,,
131168,INF204KA1TV2,-,Reliance Fixed Horizon Fund - XXVII - Series 5,Close Ended Schemes(Income),Nippon India Mutual Fund,Regular,Other,,
131169,INF204KA1TU4,-,Reliance Fixed Horizon Fund - XXVII - Series 5,Close Ended Schemes(Income),Nippon India Mutual Fund,Regular,Other,,
131167,INF204KA1TT6,-,Reliance Fixed Horizon Fund - XXVII - Series 5,Close Ended Schemes(Income),Nippon India Mutual Fund,Regular,Other,,
118025,INF204K01WE4,-,Reliance Fixed Horizon Fund XXII - Series 32,Close Ended Schemes(Income),Nippon India Mutual Fund,Regular,Other,,
118024,INF204K01WD6,-,Reliance Fixed Horizon Fund XXII - Series 32,Close Ended Schemes(Income),Nippon India Mutual Fund,Regular,Other,,
122324,INF204KA1Z17,-,Reliance Fixed Horizon Fund XXIII - Series 10,Close Ended Schemes(Income),Nippon India Mutual Fund,Regular,Other,,
122326,INF204KA1Z09,-,Reliance Fixed Horizon Fund XXIII - Series 10,Close Ended Schemes(Income),Nippon India Mutual Fund,Regular,Other,,
122327,INF204KA1Y91,-,Reliance Fixed Horizon Fund XXIII - Series 10,Close Ended Schemes(Income),Nippon India Mutual Fund,Regular,Other,,
135160,INF204KA11K6,-,Reliance Fixed Horizon Fund XXIX - Series 2,Close Ended Schemes(Income),Nippon India Mutual Fund,Regular,Other,,
135158,INF204KA10K8,-,Reliance Fixed Horizon Fund XXIX - Series 2,Close Ended Schemes(Income),Nippon India Mutual Fund,Regular,Other,,
135159,INF204KA19J1,-,Reliance Fixed Horizon Fund XXIX - Series 2,Close Ended Schemes(Income),Nippon India Mutual Fund,Regular,Other,,
135157,INF204KA18J3,-,Reliance Fixed Horizon Fund XXIX - Series 2,Close Ended Schemes(Income),Nippon India Mutual Fund,Regular,Other,,
135095,INF204KA17J5,-,Reliance Fixed Horizon Fund XXIX- Series 1,Close Ended Schemes(Income),Nippon India Mutual Fund,Regular,Other,,
135094,INF204KA16J7,-,Reliance Fixed Horizon Fund XXIX- Series 1,Close Ended Schemes(Income),Nippon India Mutual Fund,Regular,Other,,
135093,INF204KA15J9,-,Reliance Fixed Horizon Fund XXIX- Series 1,Close Ended Schemes(Income),Nippon India Mutual Fund,Regular,Other,,
135092,INF204KA14J2,-,Reliance Fixed Horizon Fund XXIX- Series 1,Close Ended Schemes(Income),Nippon India Mutual Fund,Regular,Other,,
135482,INF204KA13P1,-,Reliance Fixed Horizon Fund XXIX- Series 10,Close Ended Schemes(Income),Nippon India Mutual Fund,Regular,Other,,
135483,INF204KA14P9,-,Reliance Fixed Horizon Fund XXIX- Series 10,Close Ended Schemes(Income),Nippon India Mutual Fund,Regular,Other,,
135481,INF204KA11P5,-,Reliance Fixed Horizon Fund XXIX- Series 10,Close Ended Schemes(Income),Nippon India Mutual Fund,Regular,Other,,
135561,INF204KA16Q2,-,Reliance Fixed Horizon Fund XXIX- Series 13,Close Ended Schemes(Income),Nippon India Mutual Fund,Regular,Other,,
135559,INF204KA15Q4,-,Reliance Fixed Horizon Fund XXIX- Series 13,Close Ended Schemes(Income),Nippon India Mutual Fund,Regular,Other,,
135562,INF204KA14Q7,-,Reliance Fixed Horizon Fund XXIX- Series 13,Close Ended Schemes(Income),Nippon India Mutual Fund,Regular,Other,,
135560,INF204KA13Q9,-,Reliance Fixed Horizon Fund XXIX- Series 13,Close Ended Schemes(Income),Nippon India Mutual Fund,Regular,Other,,
135636,INF204KA10R3,-,Reliance Fixed Horizon Fund XXIX- Series 14,Close Ended Schemes(Income),Nippon India Mutual Fund,Regular,Other,,
135635,INF204KA17Q0,-,Reliance Fixed Horizon Fund XXIX- Series 14,Close Ended Schemes(Income),Nippon India Mutual Fund,Regular,Other,,
135637,INF204KA19Q6,-,Reliance Fixed Horizon Fund XXIX- Series 14,Close Ended Schemes(Income),Nippon India Mutual Fund,Regular,Other,,
135634,INF204KA18Q8,-,Reliance Fixed Horizon Fund XXIX- Series 14,Close Ended Schemes(Income),Nippon India Mutual Fund,Regular,Other,,
135768,INF204KA12S7,-,Reliance Fixed Horizon Fund XXIX- Series 16,Close Ended Schemes(Income),Nippon India Mutual Fund,Regular,Other,,
135767,INF204KA11S9,-,Reliance Fixed Horizon Fund XXIX- Series 16,Close Ended Schemes(Income),Nippon India Mutual Fund,Regular,Other,,
135770,INF204KA19R4,-,Reliance Fixed Horizon Fund XXIX- Series 16,Close Ended Schemes(Income),Nippon India Mutual Fund,Regular,Other,,
135867,INF204KA10T9,-,Reliance Fixed Horizon Fund XXIX- Series 18,Close Ended Schemes(Income),Nippon India Mutual Fund,Regular,Other,,
135866,INF204KA19S2,-,Reliance Fixed Horizon Fund XXIX- Series 18,Close Ended Schemes(Income),Nippon India Mutual Fund,Regular,Other,,
135865,INF204KA18S4,-,Reliance Fixed Horizon Fund XXIX- Series 18,Close Ended Schemes(Income),Nippon India Mutual Fund,Regular,Other,,
135864,INF204KA17S6,-,Reliance Fixed Horizon Fund XXIX- Series 18,Close Ended Schemes(Income),Nippon India Mutual Fund,Regular,Other,,
135886,INF204KA14T1,-,Reliance Fixed Horizon Fund XXIX- Series 19,Close Ended Schemes(Income),Nippon India Mutual Fund,Regular,Other,,
135885,INF204KA13T3,-,Reliance Fixed Horizon Fund XXIX- Series 19,Close Ended Schemes(Income),Nippon India Mutual Fund,Regular,Other,,
135887,INF204KA12T5,-,Reliance Fixed Horizon Fund XXIX- Series 19,Close Ended Schemes(Income),Nippon India Mutual Fund,Regular,Other,,
135884,INF204KA11T7,-,Reliance Fixed Horizon Fund XXIX- Series 19,Close Ended Schemes(Income),Nippon India Mutual Fund,Regular,Other,,
135941,INF204KA17T4,-,Reliance Fixed Horizon Fund XXIX- Series 20,Close Ended Schemes(Income),Nippon India Mutual Fund,Regular,Other,,
135939,INF204KA16T6,-,Reliance Fixed Horizon Fund XXIX- Series 20,Close Ended Schemes(Income),Nippon India Mutual Fund,Regular,Other,,
135938,INF204KA15T8,-,Reliance Fixed Horizon Fund XXIX- Series 20,Close Ended Schemes(Income),Nippon India Mutual Fund,Regular,Other,,
135214,INF204KA15K7,-,Reliance Fixed Horizon Fund XXIX- Series 3,Close Ended Schemes(Income),Nippon India Mutual Fund,Regular,Other,,
135215,INF204KA14K0,-,Reliance Fixed Horizon Fund XXIX- Series 3,Close Ended Schemes(Income),Nippon India Mutual Fund,Regular,Other,,
135213,INF204KA13K2,-,Reliance Fixed Horizon Fund XXIX- Series 3,Close Ended Schemes(Income),Nippon India Mutual Fund,Regular,Other,,
135212,INF204KA12K4,-,Reliance Fixed Horizon Fund XXIX- Series 3,Close Ended Schemes(Income),Nippon India Mutual Fund,Regular,Other,,
135334,INF204KA16M1,-,Reliance Fixed Horizon Fund XXIX- Series 6,Close Ended Schemes(Income),Nippon India Mutual Fund,Regular,Other,,
135333,INF204KA15M3,-,Reliance Fixed Horizon Fund XXIX- Series 6,Close Ended Schemes(Income),Nippon India Mutual Fund,Regular,Other,,
135332,INF204KA14M6,-,Reliance Fixed Horizon Fund XXIX- Series 6,Close Ended Schemes(Income),Nippon India Mutual Fund,Regular,Other,,
135393,INF204KA14N4,-,Reliance Fixed Horizon Fund XXIX- Series 7,Close Ended Schemes(Income),Nippon India Mutual Fund,Regular,Other,,
135395,INF204KA15N1,-,Reliance Fixed Horizon Fund XXIX- Series 7,Close Ended Schemes(Income),Nippon India Mutual Fund,Regular,Other,,
135392,INF204KA16N9,-,Reliance Fixed Horizon Fund XXIX- Series 7,Close Ended Schemes(Income),Nippon India Mutual Fund,Regular,Other,,
135415,INF204KA18N5,-,Reliance Fixed Horizon Fund XXIX- Series 8,Close Ended Schemes(Income),Nippon India Mutual Fund,Regular,Other,,
135414,INF204KA19N3,-,Reliance Fixed Horizon Fund XXIX- Series 8,Close Ended Schemes(Income),Nippon India Mutual Fund,Regular,Other,,
135417,INF204KA10O0,-,Reliance Fixed Horizon Fund XXIX- Series 8,Close Ended Schemes(Income),Nippon India Mutual Fund,Regular,Other,,
135441,INF204KA18O3,-,Reliance Fixed Horizon Fund XXIX- Series 9,Close Ended Schemes(Income),Nippon India Mutual Fund,Regular,Other,,
135440,INF204KA19O1,-,Reliance Fixed Horizon Fund XXIX- Series 9,Close Ended Schemes(Income),Nippon India Mutual Fund,Regular,Other,,
135442,INF204KA10P7,-,Reliance Fixed Horizon Fund XXIX- Series 9,Close Ended Schemes(Income),Nippon India Mutual Fund,Regular,Other,,
129150,INF204KA1NQ5,-,Reliance Fixed Horizon Fund XXVI- Series 15,Close Ended Schemes(Income),Nippon India Mutual Fund,Regular,Other,,
129149,INF204KA1NP7,-,Reliance Fixed Horizon Fund XXVI- Series 15,Close Ended Schemes(Income),Nippon India Mutual Fund,Regular,Other,,
129148,INF204KA1NO0,-,Reliance Fixed Horizon Fund XXVI- Series 15,Close Ended Schemes(Income),Nippon India Mutual Fund,Regular,Other,,
129147,INF204KA1NN2,-,Reliance Fixed Horizon Fund XXVI- Series 15,Close Ended Schemes(Income),Nippon India Mutual Fund,Regular,Other,,
129510,INF204KA1OJ8,-,Reliance Fixed Horizon Fund XXVI- Series 20,Close Ended Schemes(Income),Nippon India Mutual Fund,Regular,Other,,
129509,INF204KA1OI0,-,Reliance Fixed Horizon Fund XXVI- Series 20,Close Ended Schemes(Income),Nippon India Mutual Fund,Regular,Other,,
129508,INF204KA1OH2,-,Reliance Fixed Horizon Fund XXVI- Series 20,Close Ended Schemes(Income),Nippon India Mutual Fund,Regular,Other,,
129562,INF204KA1OS9,-,Reliance Fixed Horizon Fund XXVI- Series 22,Close Ended Schemes(Income),Nippon India Mutual Fund,Regular,Other,,
129563,INF204KA1OR1,-,Reliance Fixed Horizon Fund XXVI- Series 22,Close Ended Schemes(Income),Nippon India Mutual Fund,Regular,Other,,
129561,INF204KA1OQ3,-,Reliance Fixed Horizon Fund XXVI- Series 22,Close Ended Schemes(Income),Nippon India Mutual Fund,Regular,Other,,
129560,INF204KA1OP5,-,Reliance Fixed Horizon Fund XXVI- Series 22,Close Ended Schemes(Income),Nippon India Mutual Fund,Regular,Other,,
129684,INF204KA1PE6,-,Reliance Fixed Horizon Fund XXVI- Series 24,Close Ended Schemes(Income),Nippon India Mutual Fund,Regular,Other,,
129686,INF204KA1PD8,-,Reliance Fixed Horizon Fund XXVI- Series 24,Close Ended Schemes(Income),Nippon India Mutual Fund,Regular,Other,,
129685,INF204KA1PC0,-,Reliance Fixed Horizon Fund XXVI- Series 24,Close Ended Schemes(Income),Nippon India Mutual Fund,Regular,Other,,
129683,INF204KA1PB2,-,Reliance Fixed Horizon Fund XXVI- Series 24,Close Ended Schemes(Income),Nippon India Mutual Fund,Regular,Other,,
129838,INF204KA1PQ0,-,Reliance Fixed Horizon Fund XXVI- Series 26,Close Ended Schemes(Income),Nippon India Mutual Fund,Regular,Other,,
129837,INF204KA1PP2,-,Reliance Fixed Horizon Fund XXVI- Series 26,Close Ended Schemes(Income),Nippon India Mutual Fund,Regular,Other,,
129840,INF204KA1PO5,-,Reliance Fixed Horizon Fund XXVI- Series 26,Close Ended Schemes(Income),Nippon India Mutual Fund,Regular,Other,,
129839,INF204KA1PN7,-,Reliance Fixed Horizon Fund XXVI- Series 26,Close Ended Schemes(Income),Nippon India Mutual Fund,Regular,Other,,
130266,INF204KA1QZ9,-,Reliance Fixed Horizon Fund XXVI- Series 32,Close Ended Schemes(Income),Nippon India Mutual Fund,Regular,Other,,
130265,INF204KA1QY2,-,Reliance Fixed Horizon Fund XXVI- Series 32,Close Ended Schemes(Income),Nippon India Mutual Fund,Regular,Other,,
130264,INF204KA1QX4,-,Reliance Fixed Horizon Fund XXVI- Series 32,Close Ended Schemes(Income),Nippon India Mutual Fund,Regular,Other,,
130414,INF204KA1RC6,-,Reliance Fixed Horizon Fund XXVI- Series 33,Close Ended Schemes(Income),Nippon India Mutual Fund,Regular,Other,,
130416,INF204KA1RE2,-,Reliance Fixed Horizon Fund XXVI- Series 33,Close Ended Schemes(Income),Nippon India Mutual Fund,Regular,Other,,
130415,INF204KA1RD4,-,Reliance Fixed Horizon Fund XXVI- Series 33,Close Ended Schemes(Income),Nippon India Mutual Fund,Regular,Other,,
130413,INF204KA1RB8,-,Reliance Fixed Horizon Fund XXVI- Series 33,Close Ended Schemes(Income),Nippon India Mutual Fund,Regular,Other,,
130633,INF204KA1RM5,-,Reliance Fixed Horizon Fund XXVI- Series 35,Close Ended Schemes(Income),Nippon India Mutual Fund,Regular,Other,,
130634,INF204KA1RN3,-,Reliance Fixed Horizon Fund XXVI- Series 35,Close Ended Schemes(Income),Nippon India Mutual Fund,Regular,Other,,
130636,INF204KA1RK9,-,Reliance Fixed Horizon Fund XXVI- Series 35,Close Ended Schemes(Income),Nippon India Mutual Fund,Regular,Other,,
130635,INF204KA1RJ1,-,Reliance Fixed Horizon Fund XXVI- Series 35,Close Ended Schemes(Income),Nippon India Mutual Fund,Regular,Other,,
132861,INF204KA1WZ7,-,Reliance Fixed Horizon Fund XXVII- Series 11,Close Ended Schemes(Income),Nippon India Mutual Fund,Regular,Other,,
132860,INF204KA1WY0,-,Reliance Fixed Horizon Fund XXVII- Series 11,Close Ended Schemes(Income),Nippon India Mutual Fund,Regular,Other,,
132859,INF204KA1WW4,-,Reliance Fixed Horizon Fund XXVII- Series 11,Close Ended Schemes(Income),Nippon India Mutual Fund,Regular,Other,,
133202,INF204KA1YT6,-,Reliance Fixed Horizon Fund XXVII- Series 15,Close Ended Schemes(Income),Nippon India Mutual Fund,Regular,Other,,
133200,INF204KA1YS8,-,Reliance Fixed Horizon Fund XXVII- Series 15,Close Ended Schemes(Income),Nippon India Mutual Fund,Regular,Other,,
133201,INF204KA1YR0,-,Reliance Fixed Horizon Fund XXVII- Series 15,Close Ended Schemes(Income),Nippon India Mutual Fund,Regular,Other,,
133199,INF204KA1YQ2,-,Reliance Fixed Horizon Fund XXVII- Series 15,Close Ended Schemes(Income),Nippon India Mutual Fund,Regular,Other,,
130877,INF204KA1SS0,-,Reliance Fixed Horizon Fund XXVII- Series 3,Close Ended Schemes(Income),Nippon India Mutual Fund,Regular,Other,,
130875,INF204KA1SR2,-,Reliance Fixed Horizon Fund XXVII- Series 3,Close Ended Schemes(Income),Nippon India Mutual Fund,Regular,Other,,
130876,INF204KA1SQ4,-,Reliance Fixed Horizon Fund XXVII- Series 3,Close Ended Schemes(Income),Nippon India Mutual Fund,Regular,Other,,
130874,INF204KA1SP6,-,Reliance Fixed Horizon Fund XXVII- Series 3,Close Ended Schemes(Income),Nippon India Mutual Fund,Regular,Other,,
131078,INF204KA1TH1,-,Reliance Fixed Horizon Fund XXVII- Series 4,Close Ended Schemes(Income),Nippon India Mutual Fund,Regular,Other,,
131077,INF204KA1TG3,-,Reliance Fixed Horizon Fund XXVII- Series 4,Close Ended Schemes(Income),Nippon India Mutual Fund,Regular,Other,,
131076,INF204KA1TF5,-,Reliance Fixed Horizon Fund XXVII- Series 4,Close Ended Schemes(Income),Nippon India Mutual Fund,Regular,Other,,
131216,INF204KA1TZ3,-,Reliance Fixed Horizon Fund XXVII- Series 6,Close Ended Schemes(Income),Nippon India Mutual Fund,Regular,Other,,
131218,INF204KA1TX8,-,Reliance Fixed Horizon Fund XXVII- Series 6,Close Ended Schemes(Income),Nippon India Mutual Fund,Regular,Other,,
131348,INF204KA1UU2,-,Reliance Fixed Horizon Fund XXVII- Series 7,Close Ended Schemes(Income),Nippon India Mutual Fund,Regular,Other,,
131347,INF204KA1UT4,-,Reliance Fixed Horizon Fund XXVII- Series 7,Close Ended Schemes(Income),Nippon India Mutual Fund,Regular,Other,,
131346,INF204KA1US6,-,Reliance Fixed Horizon Fund XXVII- Series 7,Close Ended Schemes(Income),Nippon India Mutual Fund,Regular,Other,,
131538,INF204KA1UV0,-,Reliance Fixed Horizon Fund XXVII- Series 8,Close Ended Schemes(Income),Nippon India Mutual Fund,Regular,Other,,
131537,INF204KA1UU2,-,Reliance Fixed Horizon Fund XXVII- Series 8,Close Ended Schemes(Income),Nippon India Mutual Fund,Regular,Other,,
131539,INF204KA1US6,-,Reliance Fixed Horizon Fund XXVII- Series 8,Close Ended Schemes(Income),Nippon India Mutual Fund,Regular,Other,,
131592,INF204KA1WJ1,-,Reliance Fixed Horizon Fund XXVII- Series 9,Close Ended Schemes(Income),Nippon India Mutual Fund,Regular,Other,,
131593,INF204KA1WI3,-,Reliance Fixed Horizon Fund XXVII- Series 9,Close Ended Schemes(Income),Nippon India Mutual Fund,Regular,Other,,
131591,INF204KA1WH5,-,Reliance Fixed Horizon Fund XXVII- Series 9,Close Ended Schemes(Income),Nippon India Mutual Fund,Regular,Other,,
131590,INF204KA1WG7,-,Reliance Fixed Horizon Fund XXVII- Series 9,Close Ended Schemes(Income),Nippon India Mutual Fund,Regular,Other,,
134022,INF204KA1H35,-,Reliance Fixed Horizon Fund XXVIII- Series 10,Close Ended Schemes(Income),Nippon India Mutual Fund,Regular,Other,,
134025,INF204KA1H27,-,Reliance Fixed Horizon Fund XXVIII- Series 10,Close Ended Schemes(Income),Nippon India Mutual Fund,Regular,Other,,
134024,INF204KA1H19,-,Reliance Fixed Horizon Fund XXVIII- Series 10,Close Ended Schemes(Income),Nippon India Mutual Fund,Regular,Other,,
134180,INF204KA1J66,-,Reliance Fixed Horizon Fund XXVIII- Series 14,Close Ended Schemes(Income),Nippon India Mutual Fund,Regular,Other,,
134181,INF204KA1J58,-,Reliance Fixed Horizon Fund XXVIII- Series 14,Close Ended Schemes(Income),Nippon India Mutual Fund,Regular,Other,,
134182,INF204KA1J41,-,Reliance Fixed Horizon Fund XXVIII- Series 14,Close Ended Schemes(Income),Nippon India Mutual Fund,Regular,Other,,
134183,INF204KA1J33,-,Reliance Fixed Horizon Fund XXVIII- Series 14,Close Ended Schemes(Income),Nippon India Mutual Fund,Regular,Other,,
134590,INF204KA1V86,-,Reliance Fixed Horizon Fund XXVIII- Series 18,Close Ended Schemes(Income),Nippon India Mutual Fund,Regular,Other,,
134589,INF204KA1V78,-,Reliance Fixed Horizon Fund XXVIII- Series 18,Close Ended Schemes(Income),Nippon India Mutual Fund,Regular,Other,,
134591,INF204KA1V60,-,Reliance Fixed Horizon Fund XXVIII- Series 18,Close Ended Schemes(Income),Nippon India Mutual Fund,Regular,Other,,
134592,INF204KA1V52,-,Reliance Fixed Horizon Fund XXVIII- Series 18,Close Ended Schemes(Income),Nippon India Mutual Fund,Regular,Other,,
134637,INF204KA13A3,-,Reliance Fixed Horizon Fund XXVIII- Series 19,Close Ended Schemes(Income),Nippon India Mutual Fund,Regular,Other,,
134636,INF204KA12A5,-,Reliance Fixed Horizon Fund XXVIII- Series 19,Close Ended Schemes(Income),Nippon India Mutual Fund,Regular,Other,,
134635,INF204KA11A7,-,Reliance Fixed Horizon Fund XXVIII- Series 19,Close Ended Schemes(Income),Nippon India Mutual Fund,Regular,Other,,
133328,INF204KA1ZR7,-,Reliance Fixed Horizon Fund XXVIII- Series 2,Close Ended Schemes(Income),Nippon India Mutual Fund,Regular,Other,,
133327,INF204KA1ZQ9,-,Reliance Fixed Horizon Fund XXVIII- Series 2,Close Ended Schemes(Income),Nippon India Mutual Fund,Regular,Other,,
133329,INF204KA1ZP1,-,Reliance Fixed Horizon Fund XXVIII- Series 2,Close Ended Schemes(Income),Nippon India Mutual Fund,Regular,Other,,
133326,INF204KA1ZO4,-,Reliance Fixed Horizon Fund XXVIII- Series 2,Close Ended Schemes(Income),Nippon India Mutual Fund,Regular,Other,,
133471,INF204KA1B15,-,Reliance Fixed Horizon Fund XXVIII- Series 4,Close Ended Schemes(Income),Nippon India Mutual Fund,Regular,Other,,
133473,INF204KA1A99,-,Reliance Fixed Horizon Fund XXVIII- Series 4,Close Ended Schemes(Income),Nippon India Mutual Fund,Regular,Other,,
133470,INF204KA1A81,-,Reliance Fixed Horizon Fund XXVIII- Series 4,Close Ended Schemes(Income),Nippon India Mutual Fund,Regular,Other,,
133472,INF204KA1B07,-,Reliance Fixed Horizon Fund XXVIII- Series 4,Close Ended Schemes(Income),Nippon India Mutual Fund,Regular,Other,,
133842,INF204KA1E95,-,Reliance Fixed Horizon Fund XXVIII- Series 7,Close Ended Schemes(Income),Nippon India Mutual Fund,Regular,Other,,
133841,INF204KA1E87,-,Reliance Fixed Horizon Fund XXVIII- Series 7,Close Ended Schemes(Income),Nippon India Mutual Fund,Regular,Other,,
133840,INF204KA1E79,-,Reliance Fixed Horizon Fund XXVIII- Series 7,Close Ended Schemes(Income),Nippon India Mutual Fund,Regular,Other,,
136003,INF204KA10U7,-,Reliance Fixed Horizon Fund XXX - Series 1,Close Ended Schemes(Income),Nippon India Mutual Fund,Regular,Other,,
136002,INF204KA12U3,-,Reliance Fixed Horizon Fund XXX - Series 1,Close Ended Schemes(Income),Nippon India Mutual Fund,Regular,Other,,
136000,INF204KA11U5,-,Reliance Fixed Horizon Fund XXX - Series 1,Close Ended Schemes(Income),Nippon India Mutual Fund,Regular,Other,,
136001,INF204KA19T0,-,Reliance Fixed Horizon Fund XXX - Series 1,Close Ended Schemes(Income),Nippon India Mutual Fund,Regular,Other,,
136512,INF204KB1114,-,Reliance Fixed Horizon Fund XXX - Series 13,Close Ended Schemes(Income),Nippon India Mutual Fund,Regular,Other,,
136510,INF204KB1106,-,Reliance Fixed Horizon Fund XXX - Series 13,Close Ended Schemes(Income),Nippon India Mutual Fund,Regular,Other,,
136509,INF204KB1098,-,Reliance Fixed Horizon Fund XXX - Series 13,Close Ended Schemes(Income),Nippon India Mutual Fund,Regular,Other,,
136511,INF204KB1080,-,Reliance Fixed Horizon Fund XXX - Series 13,Close Ended Schemes(Income),Nippon India Mutual Fund,Regular,Other,,
138227,INF204KA19Z7,-,Reliance Fixed Horizon Fund XXX - Series 14,Close Ended Schemes(Income),Nippon India Mutual Fund,Regular,Other,,
138226,INF204KB1031,-,Reliance Fixed Horizon Fund XXX - Series 14,Close Ended Schemes(Income),Nippon India Mutual Fund,Regular,Other,,
138224,INF204KB1023,-,Reliance Fixed Horizon Fund XXX - Series 14,Close Ended Schemes(Income),Nippon India Mutual Fund,Regular,Other,,
138225,INF204KB1015,-,Reliance Fixed Horizon Fund XXX - Series 14,Close Ended Schemes(Income),Nippon India Mutual Fund,Regular,Other,,
136030,INF204KA14U9,-,Reliance Fixed Horizon Fund XXX - Series 2,Close Ended Schemes(Income),Nippon India Mutual Fund,Regular,Other,,
136029,INF204KA13U1,-,Reliance Fixed Horizon Fund XXX - Series 2,Close Ended Schemes(Income),Nippon India Mutual Fund,Regular,Other,,
136028,INF204KA16U4,-,Reliance Fixed Horizon Fund XXX - Series 2,Close Ended Schemes(Income),Nippon India Mutual Fund,Regular,Other,,
136031,INF204KA15U6,-,Reliance Fixed Horizon Fund XXX - Series 2,Close Ended Schemes(Income),Nippon India Mutual Fund,Regular,Other,,
136125,INF204KA18V8,-,Reliance Fixed Horizon Fund XXX - Series 4,Close Ended Schemes(Income),Nippon India Mutual Fund,Regular,Other,,
136127,INF204KA17V0,-,Reliance Fixed Horizon Fund XXX - Series 4,Close Ended Schemes(Income),Nippon India Mutual Fund,Regular,Other,,
136126,INF204KA16V2,-,Reliance Fixed Horizon Fund XXX - Series 4,Close Ended Schemes(Income),Nippon India Mutual Fund,Regular,Other,,
136128,INF204KA15V4,-,Reliance Fixed Horizon Fund XXX - Series 4,Close Ended Schemes(Income),Nippon India Mutual Fund,Regular,Other,,
136435,INF204KA16Y6,-,Reliance Fixed Horizon Fund XXX- Series 10,Close Ended Schemes(Income),Nippon India Mutual Fund,Regular,Other,,
136438,INF204KA15Y8,-,Reliance Fixed Horizon Fund XXX- Series 10,Close Ended Schemes(Income),Nippon India Mutual Fund,Regular,Other,,
136436,INF204KA13Y3,-,Reliance Fixed Horizon Fund XXX- Series 10,Close Ended Schemes(Income),Nippon India Mutual Fund,Regular,Other,,
136450,INF204KA10Z6,-,Reliance Fixed Horizon Fund XXX- Series 11,Close Ended Schemes(Income),Nippon India Mutual Fund,Regular,Other,,
136452,INF204KA19Y0,-,Reliance Fixed Horizon Fund XXX- Series 11,Close Ended Schemes(Income),Nippon India Mutual Fund,Regular,Other,,
136451,INF204KA18Y2,-,Reliance Fixed Horizon Fund XXX- Series 11,Close Ended Schemes(Income),Nippon India Mutual Fund,Regular,Other,,
136449,INF204KA17Y4,-,Reliance Fixed Horizon Fund XXX- Series 11,Close Ended Schemes(Income),Nippon India Mutual Fund,Regular,Other,,
136454,INF204KA14Z8,-,Reliance Fixed Horizon Fund XXX- Series 12,Close Ended Schemes(Income),Nippon India Mutual Fund,Regular,Other,,
136453,INF204KA13Z0,-,Reliance Fixed Horizon Fund XXX- Series 12,Close Ended Schemes(Income),Nippon India Mutual Fund,Regular,Other,,
136456,INF204KA12Z2,-,Reliance Fixed Horizon Fund XXX- Series 12,Close Ended Schemes(Income),Nippon India Mutual Fund,Regular,Other,,
136455,INF204KA11Z4,-,Reliance Fixed Horizon Fund XXX- Series 12,Close Ended Schemes(Income),Nippon India Mutual Fund,Regular,Other,,
139146,INF204KB1197,-,Reliance Fixed Horizon Fund XXX- Series 17,Close Ended Schemes(Income),Nippon India Mutual Fund,Regular,Other,,
139145,INF204KB1189,-,Reliance Fixed Horizon Fund XXX- Series 17,Close Ended Schemes(Income),Nippon India Mutual Fund,Regular,Other,,
139144,INF204KB1171,-,Reliance Fixed Horizon Fund XXX- Series 17,Close Ended Schemes(Income),Nippon India Mutual Fund,Regular,Other,,
139143,INF204KB1163,-,Reliance Fixed Horizon Fund XXX- Series 17,Close Ended Schemes(Income),Nippon India Mutual Fund,Regular,Other,,
139245,INF204KB1270,-,Reliance Fixed Horizon Fund XXX- Series 18,Close Ended Schemes(Income),Nippon India Mutual Fund,Regular,Other,,
139247,INF204KB1262,-,Reliance Fixed Horizon Fund XXX- Series 18,Close Ended Schemes(Income),Nippon India Mutual Fund,Regular,Other,,
139246,INF204KB1254,-,Reliance Fixed Horizon Fund XXX- Series 18,Close Ended Schemes(Income),Nippon India Mutual Fund,Regular,Other,,
139248,INF204KB1247,-,Reliance Fixed Horizon Fund XXX- Series 18,Close Ended Schemes(Income),Nippon India Mutual Fund,Regular,Other,,
139268,INF204KB1353,-,Reliance Fixed Horizon Fund XXX- Series 19,Close Ended Schemes(Income),Nippon India Mutual Fund,Regular,Other,,
139267,INF204KB1346,-,Reliance Fixed Horizon Fund XXX- Series 19,Close Ended Schemes(Income),Nippon India Mutual Fund,Regular,Other,,
139266,INF204KB1338,-,Reliance Fixed Horizon Fund XXX- Series 19,Close Ended Schemes(Income),Nippon India Mutual Fund,Regular,Other,,
139265,INF204KB1320,-,Reliance Fixed Horizon Fund XXX- Series 19,Close Ended Schemes(Income),Nippon India Mutual Fund,Regular,Other,,
139348,INF204KB1478,-,Reliance Fixed Horizon Fund XXX- Series 20,Close Ended Schemes(Income),Nippon India Mutual Fund,Regular,Other,,
139347,INF204KB1460,-,Reliance Fixed Horizon Fund XXX- Series 20,Close Ended Schemes(Income),Nippon India Mutual Fund,Regular,Other,,
139346,INF204KB1452,-,Reliance Fixed Horizon Fund XXX- Series 20,Close Ended Schemes(Income),Nippon India Mutual Fund,Regular,Other,,
139345,INF204KB1445,-,Reliance Fixed Horizon Fund XXX- Series 20,Close Ended Schemes(Income),Nippon India Mutual Fund,Regular,Other,,
136057,INF204KA14V7,-,Reliance Fixed Horizon Fund XXX- Series 3,Close Ended Schemes(Income),Nippon India Mutual Fund,Regular,Other,,
136058,INF204KA13V9,-,Reliance Fixed Horizon Fund XXX- Series 3,Close Ended Schemes(Income),Nippon India Mutual Fund,Regular,Other,,
136059,INF204KA12V1,-,Reliance Fixed Horizon Fund XXX- Series 3,Close Ended Schemes(Income),Nippon India Mutual Fund,Regular,Other,,
136056,INF204KA11V3,-,Reliance Fixed Horizon Fund XXX- Series 3,Close Ended Schemes(Income),Nippon India Mutual Fund,Regular,Other,,
136172,INF204KA12W9,-,Reliance Fixed Horizon Fund XXX- Series 5,Close Ended Schemes(Income),Nippon India Mutual Fund,Regular,Other,,
136173,INF204KA11W1,-,Reliance Fixed Horizon Fund XXX- Series 5,Close Ended Schemes(Income),Nippon India Mutual Fund,Regular,Other,,
136171,INF204KA10W3,-,Reliance Fixed Horizon Fund XXX- Series 5,Close Ended Schemes(Income),Nippon India Mutual Fund,Regular,Other,,
136170,INF204KA19V6,-,Reliance Fixed Horizon Fund XXX- Series 5,Close Ended Schemes(Income),Nippon India Mutual Fund,Regular,Other,,
136234,INF204KA16W0,-,Reliance Fixed Horizon Fund XXX- Series 6,Close Ended Schemes(Income),Nippon India Mutual Fund,Regular,Other,,
136233,INF204KA15W2,-,Reliance Fixed Horizon Fund XXX- Series 6,Close Ended Schemes(Income),Nippon India Mutual Fund,Regular,Other,,
136235,INF204KA13W7,-,Reliance Fixed Horizon Fund XXX- Series 6,Close Ended Schemes(Income),Nippon India Mutual Fund,Regular,Other,,
136311,INF204KA13X5,-,Reliance Fixed Horizon Fund XXX- Series 7,Close Ended Schemes(Income),Nippon India Mutual Fund,Regular,Other,,
136309,INF204KA11X9,-,Reliance Fixed Horizon Fund XXX- Series 7,Close Ended Schemes(Income),Nippon India Mutual Fund,Regular,Other,,
136313,INF204KA18X4,-,Reliance Fixed Horizon Fund XXX- Series 8,Close Ended Schemes(Income),Nippon India Mutual Fund,Regular,Other,,
136315,INF204KA17X6,-,Reliance Fixed Horizon Fund XXX- Series 8,Close Ended Schemes(Income),Nippon India Mutual Fund,Regular,Other,,
136316,INF204KA16X8,-,Reliance Fixed Horizon Fund XXX- Series 8,Close Ended Schemes(Income),Nippon India Mutual Fund,Regular,Other,,
136314,INF204KA15X0,-,Reliance Fixed Horizon Fund XXX- Series 8,Close Ended Schemes(Income),Nippon India Mutual Fund,Regular,Other,,
136330,INF204KA12Y5,-,Reliance Fixed Horizon Fund XXX- Series 9,Close Ended Schemes(Income),Nippon India Mutual Fund,Regular,Other,,
136329,INF204KA11Y7,-,Reliance Fixed Horizon Fund XXX- Series 9,Close Ended Schemes(Income),Nippon India Mutual Fund,Regular,Other,,
136328,INF204KA10Y9,-,Reliance Fixed Horizon Fund XXX- Series 9,Close Ended Schemes(Income),Nippon India Mutual Fund,Regular,Other,,
136327,INF204KA19X2,-,Reliance Fixed Horizon Fund XXX- Series 9,Close Ended Schemes(Income),Nippon India Mutual Fund,Regular,Other,,
139411,INF204KB1635,-,Reliance Fixed Horizon Fund XXXI Series 2,Close Ended Schemes(Income),Nippon India Mutual Fund,Regular,Other,,
139413,INF204KB1627,-,Reliance Fixed Horizon Fund XXXI Series 2,Close Ended Schemes(Income),Nippon India Mutual Fund,Regular,Other,,
139410,INF204KB1619,-,Reliance Fixed Horizon Fund XXXI Series 2,Close Ended Schemes(Income),Nippon India Mutual Fund,Regular,Other,,
139412,INF204KB1601,-,Reliance Fixed Horizon Fund XXXI Series 2,Close Ended Schemes(Income),Nippon India Mutual Fund,Regular,Other,,
139378,INF204KB1593,-,Reliance Fixed Horizon Fund XXXI- Series 1,Close Ended Schemes(Income),Nippon India Mutual Fund,Regular,Other,,
139379,INF204KB1585,-,Reliance Fixed Horizon Fund XXXI- Series 1,Close Ended Schemes(Income),Nippon India Mutual Fund,Regular,Other,,
139376,INF204KB1569,-,Reliance Fixed Horizon Fund XXXI- Series 1,Close Ended Schemes(Income),Nippon India Mutual Fund,Regular,Other,,
139797,INF204KB1CU9,-,Reliance Fixed Horizon Fund XXXI- Series 11,Close Ended Schemes(Income),Nippon India Mutual Fund,Regular,Other,,
139796,INF204KB1CT1,-,Reliance Fixed Horizon Fund XXXI- Series 11,Close Ended Schemes(Income),Nippon India Mutual Fund,Regular,Other,,
139799,INF204KB1CS3,-,Reliance Fixed Horizon Fund XXXI- Series 11,Close Ended Schemes(Income),Nippon India Mutual Fund,Regular,Other,,
139798,INF204KB1CR5,-,Reliance Fixed Horizon Fund XXXI- Series 11,Close Ended Schemes(Income),Nippon India Mutual Fund,Regular,Other,,
139465,INF204KB1791,-,Reliance Fixed Horizon Fund XXXI- Series 4,Close Ended Schemes(Income),Nippon India Mutual Fund,Regular,Other,,
139464,INF204KB1783,-,Reliance Fixed Horizon Fund XXXI- Series 4,Close Ended Schemes(Income),Nippon India Mutual Fund,Regular,Other,,
139463,INF204KB1775,-,Reliance Fixed Horizon Fund XXXI- Series 4,Close Ended Schemes(Income),Nippon India Mutual Fund,Regular,Other,,
139462,INF204KB1767,-,Reliance Fixed Horizon Fund XXXI- Series 4,Close Ended Schemes(Income),Nippon India Mutual Fund,Regular,Other,,
139542,INF204KB1AD9,-,Reliance Fixed Horizon Fund XXXI- Series 5,Close Ended Schemes(Income),Nippon India Mutual Fund,Regular,Other,,
139545,INF204KB1AC1,-,Reliance Fixed Horizon Fund XXXI- Series 5,Close Ended Schemes(Income),Nippon India Mutual Fund,Regular,Other,,
139544,INF204KB1AB3,-,Reliance Fixed Horizon Fund XXXI- Series 5,Close Ended Schemes(Income),Nippon India Mutual Fund,Regular,Other,,
139576,INF204KB1AI8,-,Reliance Fixed Horizon Fund XXXI- Series 6,Close Ended Schemes(Income),Nippon India Mutual Fund,Regular,Other,,
139575,INF204KB1AH0,-,Reliance Fixed Horizon Fund XXXI- Series 6,Close Ended Schemes(Income),Nippon India Mutual Fund,Regular,Other,,
139574,INF204KB1AG2,-,Reliance Fixed Horizon Fund XXXI- Series 6,Close Ended Schemes(Income),Nippon India Mutual Fund,Regular,Other,,
139573,INF204KB1AF4,-,Reliance Fixed Horizon Fund XXXI- Series 6,Close Ended Schemes(Income),Nippon India Mutual Fund,Regular,Other,,
139597,INF204KB1AQ1,-,Reliance Fixed Horizon Fund XXXI- Series 7,Close Ended Schemes(Income),Nippon India Mutual Fund,Regular,Other,,
139596,INF204KB1AP3,-,Reliance Fixed Horizon Fund XXXI- Series 7,Close Ended Schemes(Income),Nippon India Mutual Fund,Regular,Other,,
139595,INF204KB1AO6,-,Reliance Fixed Horizon Fund XXXI- Series 7,Close Ended Schemes(Income),Nippon India Mutual Fund,Regular,Other,,
139594,INF204KB1AN8,-,Reliance Fixed Horizon Fund XXXI- Series 7,Close Ended Schemes(Income),Nippon India Mutual Fund,Regular,Other,,
145156,INF204KB1L29,-,Reliance Fixed Horizon Fund XXXIX- Series 10,Close Ended Schemes(Income),Nippon India Mutual Fund,Regular,Other,,
145158,INF204KB1L37,-,Reliance Fixed Horizon Fund XXXIX- Series 10,Close Ended Schemes(Income),Nippon India Mutual Fund,Regular,Other,,
145155,INF204KB1L11,-,Reliance Fixed Horizon Fund XXXIX- Series 10,Close Ended Schemes(Income),Nippon India Mutual Fund,Regular,Other,,
145157,INF204KB1L03,-,Reliance Fixed Horizon Fund XXXIX- Series 10,Close Ended Schemes(Income),Nippon India Mutual Fund,Regular,Other,,
144776,INF204KB1I16,-,Reliance Fixed Horizon Fund XXXIX- Series 3,Close Ended Schemes(Income),Nippon India Mutual Fund,Regular,Other,,
144775,INF204KB1I08,-,Reliance Fixed Horizon Fund XXXIX- Series 3,Close Ended Schemes(Income),Nippon India Mutual Fund,Regular,Other,,
144774,INF204KB1H90,-,Reliance Fixed Horizon Fund XXXIX- Series 3,Close Ended Schemes(Income),Nippon India Mutual Fund,Regular,Other,,
144773,INF204KB1H82,-,Reliance Fixed Horizon Fund XXXIX- Series 3,Close Ended Schemes(Income),Nippon India Mutual Fund,Regular,Other,,
144939,INF204KB1K12,-,Reliance Fixed Horizon Fund XXXIX- Series 7,Close Ended Schemes(Income),Nippon India Mutual Fund,Regular,Other,,
144938,INF204KB1K04,-,Reliance Fixed Horizon Fund XXXIX- Series 7,Close Ended Schemes(Income),Nippon India Mutual Fund,Regular,Other,,
144937,INF204KB1J80,-,Reliance Fixed Horizon Fund XXXIX- Series 7,Close Ended Schemes(Income),Nippon India Mutual Fund,Regular,Other,,
142516,INF204KB1UT3,-,Reliance Fixed Horizon Fund XXXVI- Series 4,Close Ended Schemes(Income),Nippon India Mutual Fund,Regular,Other,,
142514,INF204KB1US5,-,Reliance Fixed Horizon Fund XXXVI- Series 4,Close Ended Schemes(Income),Nippon India Mutual Fund,Regular,Other,,
142515,INF204KB1UR7,-,Reliance Fixed Horizon Fund XXXVI- Series 4,Close Ended Schemes(Income),Nippon India Mutual Fund,Regular,Other,,
142513,INF204KB1UQ9,-,Reliance Fixed Horizon Fund XXXVI- Series 4,Close Ended Schemes(Income),Nippon India Mutual Fund,Regular,Other,,
143530,INF204KB1XV3,-,Reliance Fixed Horizon Fund XXXVII- Series 11,Close Ended Schemes(Income),Nippon India Mutual Fund,Regular,Other,,
143529,INF204KB1XU5,-,Reliance Fixed Horizon Fund XXXVII- Series 11,Close Ended Schemes(Income),Nippon India Mutual Fund,Regular,Other,,
143531,INF204KB1XT7,-,Reliance Fixed Horizon Fund XXXVII- Series 11,Close Ended Schemes(Income),Nippon India Mutual Fund,Regular,Other,,
143528,INF204KB1XS9,-,Reliance Fixed Horizon Fund XXXVII- Series 11,Close Ended Schemes(Income),Nippon India Mutual Fund,Regular,Other,,
143647,INF204KB1YD9,-,Reliance Fixed Horizon Fund XXXVII- Series 13,Close Ended Schemes(Income),Nippon India Mutual Fund,Regular,Other,,
143648,INF204KB1YC1,-,Reliance Fixed Horizon Fund XXXVII- Series 13,Close Ended Schemes(Income),Nippon India Mutual Fund,Regular,Other,,
143646,INF204KB1YB3,-,Reliance Fixed Horizon Fund XXXVII- Series 13,Close Ended Schemes(Income),Nippon India Mutual Fund,Regular,Other,,
143645,INF204KB1YA5,-,Reliance Fixed Horizon Fund XXXVII- Series 13,Close Ended Schemes(Income),Nippon India Mutual Fund,Regular,Other,,
143292,INF204KB1XF6,-,Reliance Fixed Horizon Fund XXXVII- Series 7,Close Ended Schemes(Income),Nippon India Mutual Fund,Regular,Other,,
143291,INF204KB1XE9,-,Reliance Fixed Horizon Fund XXXVII- Series 7,Close Ended Schemes(Income),Nippon India Mutual Fund,Regular,Other,,
143290,INF204KB1XD1,-,Reliance Fixed Horizon Fund XXXVII- Series 7,Close Ended Schemes(Income),Nippon India Mutual Fund,Regular,Other,,
143293,INF204KB1XC3,-,Reliance Fixed Horizon Fund XXXVII- Series 7,Close Ended Schemes(Income),Nippon India Mutual Fund,Regular,Other,,
143347,INF204KB1XJ8,-,Reliance Fixed Horizon Fund XXXVII- Series 8,Close Ended Schemes(Income),Nippon India Mutual Fund,Regular,Other,,
143348,INF204KB1XI0,-,Reliance Fixed Horizon Fund XXXVII- Series 8,Close Ended Schemes(Income),Nippon India Mutual Fund,Regular,Other,,
143346,INF204KB1XH2,-,Reliance Fixed Horizon Fund XXXVII- Series 8,Close Ended Schemes(Income),Nippon India Mutual Fund,Regular,Other,,
143349,INF204KB1XG4,-,Reliance Fixed Horizon Fund XXXVII- Series 8,Close Ended Schemes(Income),Nippon India Mutual Fund,Regular,Other,,
144593,INF204KB1F76,-,Reliance Fixed Horizon Fund XXXVIII- Series 13,Close Ended Schemes(Income),Nippon India Mutual Fund,Regular,Other,,
144594,INF204KB1F68,-,Reliance Fixed Horizon Fund XXXVIII- Series 13,Close Ended Schemes(Income),Nippon India Mutual Fund,Regular,Other,,
144592,INF204KB1F50,-,Reliance Fixed Horizon Fund XXXVIII- Series 13,Close Ended Schemes(Income),Nippon India Mutual Fund,Regular,Other,,
144595,INF204KB1F43,-,Reliance Fixed Horizon Fund XXXVIII- Series 13,Close Ended Schemes(Income),Nippon India Mutual Fund,Regular,Other,,
144691,INF204KB1G91,-,Reliance Fixed Horizon Fund XXXVIII- Series 15,Close Ended Schemes(Income),Nippon India Mutual Fund,Regular,Other,,
144690,INF204KB1G83,-,Reliance Fixed Horizon Fund XXXVIII- Series 15,Close Ended Schemes(Income),Nippon India Mutual Fund,Regular,Other,,
144689,INF204KB1G75,-,Reliance Fixed Horizon Fund XXXVIII- Series 15,Close Ended Schemes(Income),Nippon India Mutual Fund,Regular,Other,,
144688,INF204KB1G67,-,Reliance Fixed Horizon Fund XXXVIII- Series 15,Close Ended Schemes(Income),Nippon India Mutual Fund,Regular,Other,,
144018,INF204KB1C12,-,Reliance Fixed Horizon Fund XXXVIII- Series 4,Close Ended Schemes(Income),Nippon India Mutual Fund,Regular,Other,,
144017,INF204KB1C04,-,Reliance Fixed Horizon Fund XXXVIII- Series 4,Close Ended Schemes(Income),Nippon India Mutual Fund,Regular,Other,,
144019,INF204KB1B88,-,Reliance Fixed Horizon Fund XXXVIII- Series 4,Close Ended Schemes(Income),Nippon India Mutual Fund,Regular,Other,,
144253,INF204KB1D78,-,Reliance Fixed Horizon Fund XXXVIII- Series 8,Close Ended Schemes(Income),Nippon India Mutual Fund,Regular,Other,,
144252,INF204KB1D60,-,Reliance Fixed Horizon Fund XXXVIII- Series 8,Close Ended Schemes(Income),Nippon India Mutual Fund,Regular,Other,,
144251,INF204KB1D52,-,Reliance Fixed Horizon Fund XXXVIII- Series 8,Close Ended Schemes(Income),Nippon India Mutual Fund,Regular,Other,,
144254,INF204KB1D45,-,Reliance Fixed Horizon Fund XXXVIII- Series 8,Close Ended Schemes(Income),Nippon India Mutual Fund,Regular,Other,,
128967,INF204KA1NE1,-,Reliance Fixed Horizon Fund- XXVI- Series 12,Close Ended Schemes(Income),Nippon India Mutual Fund,Regular,Other,,
128966,INF204KA1ND3,-,Reliance Fixed Horizon Fund- XXVI- Series 12,Close Ended Schemes(Income),Nippon India Mutual Fund,Regular,Other,,
128965,INF204KA1NC5,-,Reliance Fixed Horizon Fund- XXVI- Series 12,Close Ended Schemes(Income),Nippon India Mutual Fund,Regular,Other,,
128964,INF204KA1NB7,-,Reliance Fixed Horizon Fund- XXVI- Series 12,Close Ended Schemes(Income),Nippon India Mutual Fund,Regular,Other,,
129021,INF204KA1NI2,-,Reliance Fixed Horizon Fund- XXVI- Series 13,Close Ended Schemes(Income),Nippon India Mutual Fund,Regular,Other,,
129020,INF204KA1NH4,-,Reliance Fixed Horizon Fund- XXVI- Series 13,Close Ended Schemes(Income),Nippon India Mutual Fund,Regular,Other,,
129019,INF204KA1NG6,-,Reliance Fixed Horizon Fund- XXVI- Series 13,Close Ended Schemes(Income),Nippon India Mutual Fund,Regular,Other,,
129018,INF204KA1NF8,-,Reliance Fixed Horizon Fund- XXVI- Series 13,Close Ended Schemes(Income),Nippon India Mutual Fund,Regular,Other,,
129184,INF204KA1NU7,-,Reliance Fixed Horizon Fund- XXVI- Series 16,Close Ended Schemes(Income),Nippon India Mutual Fund,Regular,Other,,
129186,INF204KA1NT9,-,Reliance Fixed Horizon Fund- XXVI- Series 16,Close Ended Schemes(Income),Nippon India Mutual Fund,Regular,Other,,
129185,INF204KA1NS1,-,Reliance Fixed Horizon Fund- XXVI- Series 16,Close Ended Schemes(Income),Nippon India Mutual Fund,Regular,Other,,
129183,INF204KA1NR3,-,Reliance Fixed Horizon Fund- XXVI- Series 16,Close Ended Schemes(Income),Nippon India Mutual Fund,Regular,Other,,
129418,INF204KA1OF6,-,Reliance Fixed Horizon Fund- XXVI- Series 19,Close Ended Schemes(Income),Nippon India Mutual Fund,Regular,Other,,
129417,INF204KA1OE9,-,Reliance Fixed Horizon Fund- XXVI- Series 19,Close Ended Schemes(Income),Nippon India Mutual Fund,Regular,Other,,
129420,INF204KA1OD1,-,Reliance Fixed Horizon Fund- XXVI- Series 19,Close Ended Schemes(Income),Nippon India Mutual Fund,Regular,Other,,
129521,INF204KA1ON0,-,Reliance Fixed Horizon Fund- XXVI- Series 21,Close Ended Schemes(Income),Nippon India Mutual Fund,Regular,Other,,
129520,INF204KA1OM2,-,Reliance Fixed Horizon Fund- XXVI- Series 21,Close Ended Schemes(Income),Nippon India Mutual Fund,Regular,Other,,
129519,INF204KA1OL4,-,Reliance Fixed Horizon Fund- XXVI- Series 21,Close Ended Schemes(Income),Nippon India Mutual Fund,Regular,Other,,
129682,INF204KA1OZ4,-,Reliance Fixed Horizon Fund- XXVI- Series 23,Close Ended Schemes(Income),Nippon India Mutual Fund,Regular,Other,,
129681,INF204KA1PA4,-,Reliance Fixed Horizon Fund- XXVI- Series 23,Close Ended Schemes(Income),Nippon India Mutual Fund,Regular,Other,,
129679,INF204KA1OY7,-,Reliance Fixed Horizon Fund- XXVI- Series 23,Close Ended Schemes(Income),Nippon India Mutual Fund,Regular,Other,,
129680,INF204KA1OX9,-,Reliance Fixed Horizon Fund- XXVI- Series 23,Close Ended Schemes(Income),Nippon India Mutual Fund,Regular,Other,,
129731,INF204KA11D1,-,Reliance Fixed Horizon Fund- XXVI- Series 25,Close Ended Schemes(Income),Nippon India Mutual Fund,Regular,Other,,
129730,INF204KA10D3,-,Reliance Fixed Horizon Fund- XXVI- Series 25,Close Ended Schemes(Income),Nippon India Mutual Fund,Regular,Other,,
129732,INF204KA19C6,-,Reliance Fixed Horizon Fund- XXVI- Series 25,Close Ended Schemes(Income),Nippon India Mutual Fund,Regular,Other,,
129729,INF204KA12D9,-,Reliance Fixed Horizon Fund- XXVI- Series 25,Close Ended Schemes(Income),Nippon India Mutual Fund,Regular,Other,,
128592,INF204KA1LO4,-,Reliance Fixed Horizon Fund- XXVI- Series 5,Close Ended Schemes(Income),Nippon India Mutual Fund,Regular,Other,,
128591,INF204KA1LN6,-,Reliance Fixed Horizon Fund- XXVI- Series 5,Close Ended Schemes(Income),Nippon India Mutual Fund,Regular,Other,,
128590,INF204KA1LM8,-,Reliance Fixed Horizon Fund- XXVI- Series 5,Close Ended Schemes(Income),Nippon India Mutual Fund,Regular,Other,,
128635,INF204KA1LQ9,-,Reliance Fixed Horizon Fund- XXVI- Series 6,Close Ended Schemes(Income),Nippon India Mutual Fund,Regular,Other,,
128638,INF204KA1LT3,-,Reliance Fixed Horizon Fund- XXVI- Series 6,Close Ended Schemes(Income),Nippon India Mutual Fund,Regular,Other,,
128637,INF204KA1LS5,-,Reliance Fixed Horizon Fund- XXVI- Series 6,Close Ended Schemes(Income),Nippon India Mutual Fund,Regular,Other,,
128686,INF204KA1LX5,-,Reliance Fixed Horizon Fund- XXVI- Series 7,Close Ended Schemes(Income),Nippon India Mutual Fund,Regular,Other,,
128688,INF204KA1LW7,-,Reliance Fixed Horizon Fund- XXVI- Series 7,Close Ended Schemes(Income),Nippon India Mutual Fund,Regular,Other,,
128685,INF204KA1LV9,-,Reliance Fixed Horizon Fund- XXVI- Series 7,Close Ended Schemes(Income),Nippon India Mutual Fund,Regular,Other,,
128687,INF204KA1LU1,-,Reliance Fixed Horizon Fund- XXVI- Series 7,Close Ended Schemes(Income),Nippon India Mutual Fund,Regular,Other,,
128839,INF204KA1MF0,-,Reliance Fixed Horizon Fund- XXVI- Series 8,Close Ended Schemes(Income),Nippon India Mutual Fund,Regular,Other,,
128838,INF204KA1ME3,-,Reliance Fixed Horizon Fund- XXVI- Series 8,Close Ended Schemes(Income),Nippon India Mutual Fund,Regular,Other,,
128837,INF204KA1MD5,-,Reliance Fixed Horizon Fund- XXVI- Series 8,Close Ended Schemes(Income),Nippon India Mutual Fund,Regular,Other,,
128836,INF204KA1MC7,-,Reliance Fixed Horizon Fund- XXVI- Series 8,Close Ended Schemes(Income),Nippon India Mutual Fund,Regular,Other,,
128841,INF204KA1MI4,-,Reliance Fixed Horizon Fund- XXVI- Series 9,Close Ended Schemes(Income),Nippon India Mutual Fund,Regular,Other,,
128840,INF204KA1MH6,-,Reliance Fixed Horizon Fund- XXVI- Series 9,Close Ended Schemes(Income),Nippon India Mutual Fund,Regular,Other,,
128843,INF204KA1MG8,-,Reliance Fixed Horizon Fund- XXVI- Series 9,Close Ended Schemes(Income),Nippon India Mutual Fund,Regular,Other,,
130010,INF204KA1PX6,-,Reliance Fixed Horizon Fund-XXVI-Series 28,Close Ended Schemes(Income),Nippon India Mutual Fund,Regular,Other,,
130012,INF204KA1PW8,-,Reliance Fixed Horizon Fund-XXVI-Series 28,Close Ended Schemes(Income),Nippon India Mutual Fund,Regular,Other,,
130009,INF204KA1PV0,-,Reliance Fixed Horizon Fund-XXVI-Series 28,Close Ended Schemes(Income),Nippon India Mutual Fund,Regular,Other,,
131379,INF204KA1VD6,-,Reliance Interval Fund III- Series 1,Close Ended Schemes(Income),Nippon India Mutual Fund,Regular,Other,,
131381,INF204KA1VB0,-,Reliance Interval Fund III- Series 1,Close Ended Schemes(Income),Nippon India Mutual Fund,Regular,Other,,
121177,INF204K01S33,-,Reliance Yearly Interval Fund - Series 3,Close Ended Schemes(Income),Nippon India Mutual Fund,Regular,Other,,
121178,INF204K01S17,INF204K01S25,Reliance Yearly Interval Fund - Series 3,Close Ended Schemes(Income),Nippon India Mutual Fund,Regular,Other,,
121180,INF204K01S09,-,Reliance Yearly Interval Fund - Series 3,Close Ended Schemes(Income),Nippon India Mutual Fund,Regular,Other,,
122079,INF204K01U21,INF204K01U39,Reliance Yearly Interval Fund - Series 6,Close Ended Schemes(Income),Nippon India Mutual Fund,Regular,Other,,
122081,INF204K01U13,-,Reliance Yearly Interval Fund - Series 6,Close Ended Schemes(Income),Nippon India Mutual Fund,Regular,Other,,
122078,INF204K01T99,INF204K01U05,Reliance Yearly Interval Fund - Series 6,Close Ended Schemes(Income),Nippon India Mutual Fund,Regular,Other,,
122080,INF204K01T81,-,Reliance Yearly Interval Fund - Series 6,Close Ended Schemes(Income),Nippon India Mutual Fund,Regular,Other,,
122225,INF204K01U88,INF204K01U96,Reliance Yearly Interval Fund - Series 7,Close Ended Schemes(Income),Nippon India Mutual Fund,Regular,Other,,
122227,INF204K01U70,-,Reliance Yearly Interval Fund - Series 7,Close Ended Schemes(Income),Nippon India Mutual Fund,Regular,Other,,
122228,INF204K01U54,INF204K01U62,Reliance Yearly Interval Fund - Series 7,Close Ended Schemes(Income),Nippon India Mutual Fund,Regular,Other,,
122226,INF204K01U47,-,Reliance Yearly Interval Fund - Series 7,Close Ended Schemes(Income),Nippon India Mutual Fund,Regular,Other,,
121285,INF204K01T08,INF204K01T16,Reliance Yearly Interval Fund - Serise 4,Close Ended Schemes(Income),Nippon India Mutual Fund,Regular,Other,,
121286,INF204K01S90,-,Reliance Yearly Interval Fund - Serise 4,Close Ended Schemes(Income),Nippon India Mutual Fund,Regular,Other,,
121287,INF204K01S74,INF204K01S82,Reliance Yearly Interval Fund - Serise 4,Close Ended Schemes(Income),Nippon India Mutual Fund,Regular,Other,,
121288,INF204K01S66,-,Reliance Yearly Interval Fund - Serise 4,Close Ended Schemes(Income),Nippon India Mutual Fund,Regular,Other,,
149043,INF200KA1X41,-,SBI Fixed Maturity Plan (FMP) - Series 46 (1850 Days),Close Ended Schemes(Income),SBI Mutual Fund,Regular,Other,,
149044,INF200KA1X58,-,SBI Fixed Maturity Plan (FMP) - Series 46 (1850 Days),Close Ended Schemes(Income),SBI Mutual Fund,Regular,Other,,
149045,INF200KA1X25,-,SBI Fixed Maturity Plan (FMP) - Series 46 (1850 Days),Close Ended Schemes(Income),SBI Mutual Fund,Regular,Other,,
149042,INF200KA1X33,-,SBI Fixed Maturity Plan (FMP) - Series 46 (1850 Days),Close Ended Schemes(Income),SBI Mutual Fund,Regular,Other,,
149822,INF200KA19D2,-,SBI Fixed Maturity Plan (FMP) - Series 59 (1618 Days),Close Ended Schemes(Income),SBI Mutual Fund,Regular,Other,,
149823,INF200KA10E9,-,SBI Fixed Maturity Plan (FMP) - Series 59 (1618 Days),Close Ended Schemes(Income),SBI Mutual Fund,Regular,Other,,
149825,INF200KA17D6,-,SBI Fixed Maturity Plan (FMP) - Series 59 (1618 Days),Close Ended Schemes(Income),SBI Mutual Fund,Regular,Other,,
149824,INF200KA18D4,-,SBI Fixed Maturity Plan (FMP) - Series 59 (1618 Days),Close Ended Schemes(Income),SBI Mutual Fund,Regular,Other,,
150460,INF200KA15M1,-,SBI Fixed Maturity Plan (FMP) - Series 67 (1467 Days),Close Ended Schemes(Income),SBI Mutual Fund,Regular,Other,,
150458,INF200KA16M9,-,SBI Fixed Maturity Plan (FMP) - Series 67 (1467 Days),Close Ended Schemes(Income),SBI Mutual Fund,Regular,Other,,
150461,INF200KA13M6,-,SBI Fixed Maturity Plan (FMP) - Series 67 (1467 Days),Close Ended Schemes(Income),SBI Mutual Fund,Regular,Other,,
150459,INF200KA14M4,-,SBI Fixed Maturity Plan (FMP) - Series 67 (1467 Days),Close Ended Schemes(Income),SBI Mutual Fund,Regular,Other,,
152495,INF277KA1AC4,-,Tata Fixed Maturity Plan Series 61 Scheme A (91 days),Close Ended Schemes(Income),Tata Mutual Fund,Regular,Other,,
152496,INF277KA1AE0,-,Tata Fixed Maturity Plan Series 61 Scheme A (91 days),Close Ended Schemes(Income),Tata Mutual Fund,Regular,Other,,
152498,-,INF277KA1AD2,Tata Fixed Maturity Plan Series 61 Scheme A (91 days),Close Ended Schemes(Income),Tata Mutual Fund,Regular,Other,,
152493,INF277KA1992,-,Tata Fixed Maturity Plan Series 61 Scheme A (91 days),Close Ended Schemes(Income),Tata Mutual Fund,Regular,Other,,
152494,INF277KA1AB6,-,Tata Fixed Maturity Plan Series 61 Scheme A (91 days),Close Ended Schemes(Income),Tata Mutual Fund,Regular,Other,,
152497,-,INF277KA1AA8,Tata Fixed Maturity Plan Series 61 Scheme A (91 days),Close Ended Schemes(Income),Tata Mutual Fund,Regular,Other,,
153163,INF277KA1DE4,-,Tata Fixed Maturity Plan Series 61 Scheme D (91 Days),Close Ended Schemes(Income),Tata Mutual Fund,Regular,Other,,
153164,INF277KA1DF1,-,Tata Fixed Maturity Plan Series 61 Scheme D (91 Days),Close Ended Schemes(Income),Tata Mutual Fund,Regular,Other,,
153166,INF277KA1DG9,-,Tata Fixed Maturity Plan Series 61 Scheme D (91 Days),Close Ended Schemes(Income),Tata Mutual Fund,Regular,Other,,
153165,INF277KA1DD6,-,Tata Fixed Maturity Plan Series 61 Scheme D (91 Days),Close Ended Schemes(Income),Tata Mutual Fund,Regular,Other,,
151620,INF0GCD01651,-,TRUSTMF FIXED MATURITY PLAN -SERIES II (1196 DAYS),Close Ended Schemes(Income),Trust Mutual Fund,Regular,Other,,
151617,INF0GCD01636,-,TRUSTMF FIXED MATURITY PLAN -SERIES II (1196 DAYS),Close Ended Schemes(Income),Trust Mutual Fund,Regular,Other,,
151618,INF0GCD01644,-,TRUSTMF FIXED MATURITY PLAN -SERIES II (1196 DAYS),Close Ended Schemes(Income),Trust Mutual Fund,Regular,Other,,
151622,INF582M01IW0,-,Union Fixed Maturity Plan - Series 13 (1114 Days),Close Ended Schemes(Income),Union Mutual Fund,Regular,Other,,
151624,INF582M01IY6,-,Union Fixed Maturity Plan - Series 13 (1114 Days),Close Ended Schemes(Income),Union Mutual Fund,Regular,Other,,
151623,INF582M01IZ3,-,Union Fixed Maturity Plan - Series 13 (1114 Days),Close Ended Schemes(Income),Union Mutual Fund,Regular,Other,,
141245,INF789FC1TE6,-,UTI - Capital Protection Oriented Scheme - Series IX-I (1467 Days),Close Ended Schemes(Income),UTI Mutual Fund,Regular,Other,,
141243,INF789FC1TC0,-,UTI - Capital Protection Oriented Scheme - Series IX-I (1467 Days),Close Ended Schemes(Income),UTI Mutual Fund,Regular,Other,,
141244,INF789FC1TF3,-,UTI - Capital Protection Oriented Scheme - Series IX-I (1467 Days),Close Ended Schemes(Income),UTI Mutual Fund,Regular,Other,,
141246,INF789FC1TD8,-,UTI - Capital Protection Oriented Scheme - Series IX-I (1467 Days),Close Ended Schemes(Income),UTI Mutual Fund,Regular,Other,,
141463,INF789FC1A04,-,UTI - Capital Protection Oriented Scheme - Series IX-II (1462 Days),Close Ended Schemes(Income),UTI Mutual Fund,Regular,Other,,
141465,INF789FC1ZY1,-,UTI - Capital Protection Oriented Scheme - Series IX-II (1462 Days),Close Ended Schemes(Income),UTI Mutual Fund,Regular,Other,,
141466,INF789FC1A12,-,UTI - Capital Protection Oriented Scheme - Series IX-II (1462 Days),Close Ended Schemes(Income),UTI Mutual Fund,Regular,Other,,
141464,INF789FC1ZZ8,-,UTI - Capital Protection Oriented Scheme - Series IX-II (1462 Days),Close Ended Schemes(Income),UTI Mutual Fund,Regular,Other,,
141701,INF789FC1Q14,-,UTI - Capital Protection Oriented Scheme - Series IX-III (1389 Days),Close Ended Schemes(Income),UTI Mutual Fund,Regular,Other,,
141699,INF789FC1P98,-,UTI - Capital Protection Oriented Scheme - Series IX-III (1389 Days),Close Ended Schemes(Income),UTI Mutual Fund,Regular,Other,,
141700,INF789FC1Q22,-,UTI - Capital Protection Oriented Scheme - Series IX-III (1389 Days),Close Ended Schemes(Income),UTI Mutual Fund,Regular,Other,,
141698,INF789FC1Q06,-,UTI - Capital Protection Oriented Scheme - Series IX-III (1389 Days),Close Ended Schemes(Income),UTI Mutual Fund,Regular,Other,,
139860,INF789FC1DN1,-,UTI - Capital Protection Oriented Scheme - Series VIII-II (1831 Days),Close Ended Schemes(Income),UTI Mutual Fund,Regular,Other,,
139862,INF789FC1DL5,-,UTI - Capital Protection Oriented Scheme - Series VIII-II (1831 Days),Close Ended Schemes(Income),UTI Mutual Fund,Regular,Other,,
139861,INF789FC1DM3,-,UTI - Capital Protection Oriented Scheme - Series VIII-II (1831 Days),Close Ended Schemes(Income),UTI Mutual Fund,Regular,Other,,
139859,INF789FC1DO9,-,UTI - Capital Protection Oriented Scheme - Series VIII-II (1831 Days),Close Ended Schemes(Income),UTI Mutual Fund,Regular,Other,,
139987,INF789FC1EB4,-,UTI - Capital Protection Oriented Scheme - Series VIII-III (1281 Days),Close Ended Schemes(Income),UTI Mutual Fund,Regular,Other,,
139988,INF789FC1DZ5,-,UTI - Capital Protection Oriented Scheme - Series VIII-III (1281 Days),Close Ended Schemes(Income),UTI Mutual Fund,Regular,Other,,
139985,INF789FC1EA6,-,UTI - Capital Protection Oriented Scheme - Series VIII-III (1281 Days),Close Ended Schemes(Income),UTI Mutual Fund,Regular,Other,,
139986,INF789FC1EC2,-,UTI - Capital Protection Oriented Scheme - Series VIII-III (1281 Days),Close Ended Schemes(Income),UTI Mutual Fund,Regular,Other,,
140065,INF789FC1EZ3,-,UTI - Capital Protection Oriented Scheme - Series VIII-IV (1996 Days),Close Ended Schemes(Income),UTI Mutual Fund,Regular,Other,,
140067,INF789FC1EX8,-,UTI - Capital Protection Oriented Scheme - Series VIII-IV (1996 Days),Close Ended Schemes(Income),UTI Mutual Fund,Regular,Other,,
140068,INF789FC1FA3,-,UTI - Capital Protection Oriented Scheme - Series VIII-IV (1996 Days),Close Ended Schemes(Income),UTI Mutual Fund,Regular,Other,,
140066,INF789FC1EY6,-,UTI - Capital Protection Oriented Scheme - Series VIII-IV (1996 Days),Close Ended Schemes(Income),UTI Mutual Fund,Regular,Other,,
143088,INF789FC19P4,-,UTI - Capital Protection Oriented Scheme - Series X-II (1134 Days),Close Ended Schemes(Income),UTI Mutual Fund,Regular,Other,,
143087,INF789FC17P8,-,UTI - Capital Protection Oriented Scheme - Series X-II (1134 Days),Close Ended Schemes(Income),UTI Mutual Fund,Regular,Other,,
143085,INF789FC10Q1,-,UTI - Capital Protection Oriented Scheme - Series X-II (1134 Days),Close Ended Schemes(Income),UTI Mutual Fund,Regular,Other,,
143086,INF789FC18P6,-,UTI - Capital Protection Oriented Scheme - Series X-II (1134 Days),Close Ended Schemes(Income),UTI Mutual Fund,Regular,Other,,
135304,INF789FB1W26,-,UTI - Dual Advantage Fixed Term Fund Series II - I (1998 Days),Close Ended Schemes(Income),UTI Mutual Fund,Regular,Other,,
135302,INF789FB1W34,-,UTI - Dual Advantage Fixed Term Fund Series II - I (1998 Days),Close Ended Schemes(Income),UTI Mutual Fund,Regular,Other,,
135303,INF789FB1W00,-,UTI - Dual Advantage Fixed Term Fund Series II - I (1998 Days),Close Ended Schemes(Income),UTI Mutual Fund,Regular,Other,,
135301,INF789FB1W18,-,UTI - Dual Advantage Fixed Term Fund Series II - I (1998 Days),Close Ended Schemes(Income),UTI Mutual Fund,Regular,Other,,
135358,INF789FB1Z49,-,UTI - Dual Advantage Fixed Term Fund Series II-II (1997 Days),Close Ended Schemes(Income),UTI Mutual Fund,Regular,Other,,
135359,INF789FB1Z56,-,UTI - Dual Advantage Fixed Term Fund Series II-II (1997 Days),Close Ended Schemes(Income),UTI Mutual Fund,Regular,Other,,
135357,INF789FB1Z23,-,UTI - Dual Advantage Fixed Term Fund Series II-II (1997 Days),Close Ended Schemes(Income),UTI Mutual Fund,Regular,Other,,
135360,INF789FB1Z31,-,UTI - Dual Advantage Fixed Term Fund Series II-II (1997 Days),Close Ended Schemes(Income),UTI Mutual Fund,Regular,Other,,
135513,INF789FB13E3,-,UTI - Dual Advantage Fixed Term Fund Series II-III (1998 Days),Close Ended Schemes(Income),UTI Mutual Fund,Regular,Other,,
135512,INF789FB12E5,-,UTI - Dual Advantage Fixed Term Fund Series II-III (1998 Days),Close Ended Schemes(Income),UTI Mutual Fund,Regular,Other,,
135511,INF789FB11E7,-,UTI - Dual Advantage Fixed Term Fund Series II-III (1998 Days),Close Ended Schemes(Income),UTI Mutual Fund,Regular,Other,,
135510,INF789FB10E9,-,UTI - Dual Advantage Fixed Term Fund Series II-III (1998 Days),Close Ended Schemes(Income),UTI Mutual Fund,Regular,Other,,
135863,INF789FB11K4,-,UTI - Dual Advantage Fixed Term Fund Series II-IV (1997 Days),Close Ended Schemes(Income),UTI Mutual Fund,Regular,Other,,
135860,INF789FB19J9,-,UTI - Dual Advantage Fixed Term Fund Series II-IV (1997 Days),Close Ended Schemes(Income),UTI Mutual Fund,Regular,Other,,
135861,INF789FB10K6,-,UTI - Dual Advantage Fixed Term Fund Series II-IV (1997 Days),Close Ended Schemes(Income),UTI Mutual Fund,Regular,Other,,
135862,INF789FB18J1,-,UTI - Dual Advantage Fixed Term Fund Series II-IV (1997 Days),Close Ended Schemes(Income),UTI Mutual Fund,Regular,Other,,
136124,INF789FB13P9,-,UTI - Dual Advantage Fixed Term Fund Series II-V (1997 Days),Close Ended Schemes(Income),UTI Mutual Fund,Regular,Other,,
136122,INF789FB11P3,-,UTI - Dual Advantage Fixed Term Fund Series II-V (1997 Days),Close Ended Schemes(Income),UTI Mutual Fund,Regular,Other,,
136123,INF789FB12P1,-,UTI - Dual Advantage Fixed Term Fund Series II-V (1997 Days),Close Ended Schemes(Income),UTI Mutual Fund,Regular,Other,,
136121,INF789FB10P5,-,UTI - Dual Advantage Fixed Term Fund Series II-V (1997 Days),Close Ended Schemes(Income),UTI Mutual Fund,Regular,Other,,
136419,INF789FB11W9,-,UTI - Dual Advantage Fixed Term Fund Series III-I (1998 Days),Close Ended Schemes(Income),UTI Mutual Fund,Regular,Other,,
136420,INF789FB19V4,-,UTI - Dual Advantage Fixed Term Fund Series III-I (1998 Days),Close Ended Schemes(Income),UTI Mutual Fund,Regular,Other,,
136418,INF789FB10W1,-,UTI - Dual Advantage Fixed Term Fund Series III-I (1998 Days),Close Ended Schemes(Income),UTI Mutual Fund,Regular,Other,,
136417,INF789FB18V6,-,UTI - Dual Advantage Fixed Term Fund Series III-I (1998 Days),Close Ended Schemes(Income),UTI Mutual Fund,Regular,Other,,
140169,INF789FC1GG8,-,UTI - Dual Advantage Fixed Term Fund Series IV-I (1279 Days),Close Ended Schemes(Income),UTI Mutual Fund,Regular,Other,,
140170,INF789FC1GH6,-,UTI - Dual Advantage Fixed Term Fund Series IV-I (1279 Days),Close Ended Schemes(Income),UTI Mutual Fund,Regular,Other,,
140171,INF789FC1GE3,-,UTI - Dual Advantage Fixed Term Fund Series IV-I (1279 Days),Close Ended Schemes(Income),UTI Mutual Fund,Regular,Other,,
140168,INF789FC1GF0,-,UTI - Dual Advantage Fixed Term Fund Series IV-I (1279 Days),Close Ended Schemes(Income),UTI Mutual Fund,Regular,Other,,
140506,INF789FC1HW3,-,UTI - Dual Advantage Fixed Term Fund Series IV-II (1278 Days),Close Ended Schemes(Income),UTI Mutual Fund,Regular,Other,,
140507,INF789FC1HX1,-,UTI - Dual Advantage Fixed Term Fund Series IV-II (1278 Days),Close Ended Schemes(Income),UTI Mutual Fund,Regular,Other,,
140508,INF789FC1HU7,-,UTI - Dual Advantage Fixed Term Fund Series IV-II (1278 Days),Close Ended Schemes(Income),UTI Mutual Fund,Regular,Other,,
140505,INF789FC1HV5,-,UTI - Dual Advantage Fixed Term Fund Series IV-II (1278 Days),Close Ended Schemes(Income),UTI Mutual Fund,Regular,Other,,
140542,INF789FC1IO8,-,UTI - Dual Advantage Fixed Term Fund Series IV-III (1279 Days),Close Ended Schemes(Income),UTI Mutual Fund,Regular,Other,,
140543,INF789FC1IP5,-,UTI - Dual Advantage Fixed Term Fund Series IV-III (1279 Days),Close Ended Schemes(Income),UTI Mutual Fund,Regular,Other,,
140544,INF789FC1IM2,-,UTI - Dual Advantage Fixed Term Fund Series IV-III (1279 Days),Close Ended Schemes(Income),UTI Mutual Fund,Regular,Other,,
140541,INF789FC1IN0,-,UTI - Dual Advantage Fixed Term Fund Series IV-III (1279 Days),Close Ended Schemes(Income),UTI Mutual Fund,Regular,Other,,
140655,INF789FC1IL4,-,UTI - Dual Advantage Fixed Term Fund Series IV-IV (1997 Days),Close Ended Schemes(Income),UTI Mutual Fund,Regular,Other,,
140656,INF789FC1IJ8,-,UTI - Dual Advantage Fixed Term Fund Series IV-IV (1997 Days),Close Ended Schemes(Income),UTI Mutual Fund,Regular,Other,,
140654,INF789FC1IK6,-,UTI - Dual Advantage Fixed Term Fund Series IV-IV (1997 Days),Close Ended Schemes(Income),UTI Mutual Fund,Regular,Other,,
140657,INF789FC1II0,-,UTI - Dual Advantage Fixed Term Fund Series IV-IV (1997 Days),Close Ended Schemes(Income),UTI Mutual Fund,Regular,Other,,
141781,INF789FC1T03,-,UTI - Dual Advantage Fixed Term Fund Series V - I (1103 Days),Close Ended Schemes(Income),UTI Mutual Fund,Regular,Other,,
141780,INF789FC1S95,-,UTI - Dual Advantage Fixed Term Fund Series V - I (1103 Days),Close Ended Schemes(Income),UTI Mutual Fund,Regular,Other,,
141782,INF789FC1S79,-,UTI - Dual Advantage Fixed Term Fund Series V - I (1103 Days),Close Ended Schemes(Income),UTI Mutual Fund,Regular,Other,,
141779,INF789FC1S87,-,UTI - Dual Advantage Fixed Term Fund Series V - I (1103 Days),Close Ended Schemes(Income),UTI Mutual Fund,Regular,Other,,
124596,INF789F01VZ1,-,UTI - FIIF Annual Interval Plan II,Close Ended Schemes(Income),UTI Mutual Fund,Regular,Other,,
106338,INF789F01FM2,-,UTI - FIIF Annual Interval Plan II,Close Ended Schemes(Income),UTI Mutual Fund,Regular,Other,,
124595,INF789F01VX6,INF789F01VY4,UTI - FIIF Annual Interval Plan II,Close Ended Schemes(Income),UTI Mutual Fund,Regular,Other,,
106337,INF789F01FK6,INF789F01FL4,UTI - FIIF Annual Interval Plan II,Close Ended Schemes(Income),UTI Mutual Fund,Regular,Other,,
126030,INF789F01WD6,INF789F01WE4,UTI - FIIF Annual Interval Plan IV,Close Ended Schemes(Income),UTI Mutual Fund,Regular,Other,,
107070,INF789F01FW1,INF789F01FX9,UTI - FIIF Annual Interval Plan IV,Close Ended Schemes(Income),UTI Mutual Fund,Regular,Other,,
126031,INF789F01WF1,-,UTI - FIIF Annual Interval Plan IV,Close Ended Schemes(Income),UTI Mutual Fund,Regular,Other,,
107071,INF789F01FY7,-,UTI - FIIF Annual Interval Plan IV,Close Ended Schemes(Income),UTI Mutual Fund,Regular,Other,,
122641,INF789F01VR8,INF789F01VS6,UTI - FIIF Half Yearly Plan I,Close Ended Schemes(Income),UTI Mutual Fund,Regular,Other,,
107089,INF789F01EY0,INF789F01EZ7,UTI - FIIF Half Yearly Plan I,Close Ended Schemes(Income),UTI Mutual Fund,Regular,Other,,
122642,INF789F01VT4,-,UTI - FIIF Half Yearly Plan I,Close Ended Schemes(Income),UTI Mutual Fund,Regular,Other,,
107088,INF789F01FA7,-,UTI - FIIF Half Yearly Plan I,Close Ended Schemes(Income),UTI Mutual Fund,Regular,Other,,
125952,INF789F01WV8,INF789F01WW6,UTI - FIIF Half Yearly Plan II,Close Ended Schemes(Income),UTI Mutual Fund,Regular,Other,,
107226,INF789F01HG0,INF789F01HH8,UTI - FIIF Half Yearly Plan II,Close Ended Schemes(Income),UTI Mutual Fund,Regular,Other,,
125953,INF789F01WX4,-,UTI - FIIF Half Yearly Plan II,Close Ended Schemes(Income),UTI Mutual Fund,Regular,Other,,
107228,INF789F01HI6,-,UTI - FIIF Half Yearly Plan II,Close Ended Schemes(Income),UTI Mutual Fund,Regular,Other,,
120970,INF789F01VQ0,-,UTI - FIIF Monthly Interval Plan I,Close Ended Schemes(Income),UTI Mutual Fund,Regular,Other,,
106145,INF789F01EU8,-,UTI - FIIF Monthly Interval Plan I,Close Ended Schemes(Income),UTI Mutual Fund,Regular,Other,,
106549,INF789F01EV6,INF789F01EW4,UTI - FIIF Monthly Interval Plan I,Close Ended Schemes(Income),UTI Mutual Fund,Regular,Other,,
120975,INF789F01VO5,INF789F01VP2,UTI - FIIF Monthly Interval Plan I,Close Ended Schemes(Income),UTI Mutual Fund,Regular,Other,,
106146,INF789F01ES2,INF789F01ET0,UTI - FIIF Monthly Interval Plan I,Close Ended Schemes(Income),UTI Mutual Fund,Regular,Other,,
120902,INF789F01VL1,INF789F01VM9,UTI - FIIF Monthly Interval Plan II,Close Ended Schemes(Income),UTI Mutual Fund,Regular,Other,,
107195,INF789F01EM5,INF789F01EN3,UTI - FIIF Monthly Interval Plan II,Close Ended Schemes(Income),UTI Mutual Fund,Regular,Other,,
120903,INF789F01VN7,-,UTI - FIIF Monthly Interval Plan II,Close Ended Schemes(Income),UTI Mutual Fund,Regular,Other,,
107193,INF789F01EO1,-,UTI - FIIF Monthly Interval Plan II,Close Ended Schemes(Income),UTI Mutual Fund,Regular,Other,,
121412,INF789F01WJ3,INF789F01WK1,UTI - FIIF Quarterly Interval Plan III,Close Ended Schemes(Income),UTI Mutual Fund,Regular,Other,,
106365,INF789F01GI8,INF789F01GJ6,UTI - FIIF Quarterly Interval Plan III,Close Ended Schemes(Income),UTI Mutual Fund,Regular,Other,,
121413,INF789F01WL9,-,UTI - FIIF Quarterly Interval Plan III,Close Ended Schemes(Income),UTI Mutual Fund,Regular,Other,,
106366,INF789F01GK4,-,UTI - FIIF Quarterly Interval Plan III,Close Ended Schemes(Income),UTI Mutual Fund,Regular,Other,,
106367,INF789F01GL2,INF789F01GM0,UTI - FIIF Quarterly Interval Plan III,Close Ended Schemes(Income),UTI Mutual Fund,Regular,Other,,
121034,INF789F01WO3,-,UTI - FIIF Sr-2 Quarterly Interval Plan IV,Close Ended Schemes(Income),UTI Mutual Fund,Regular,Other,,
109466,INF789F01GT5,-,UTI - FIIF Sr-2 Quarterly Interval Plan IV,Close Ended Schemes(Income),UTI Mutual Fund,Regular,Other,,
109465,INF789F01GQ1,-,UTI - FIIF Sr-2 Quarterly Interval Plan IV,Close Ended Schemes(Income),UTI Mutual Fund,Regular,Other,,
121033,INF789F01WM7,INF789F01WN5,UTI - FIIF Sr-2 Quarterly Interval Plan IV,Close Ended Schemes(Income),UTI Mutual Fund,Regular,Other,,
109464,INF789F01GO6,INF789F01GP3,UTI - FIIF Sr-2 Quarterly Interval Plan IV,Close Ended Schemes(Income),UTI Mutual Fund,Regular,Other,,
120877,INF789F01VK3,-,UTI - FIIF Sr-2 Quarterly Interval Plan VII,Close Ended Schemes(Income),UTI Mutual Fund,Regular,Other,,
110468,INF789F01EI3,-,UTI - FIIF Sr-2 Quarterly Interval Plan VII,Close Ended Schemes(Income),UTI Mutual Fund,Regular,Other,,
120876,INF789F01VI7,INF789F01VJ5,UTI - FIIF Sr-2 Quarterly Interval Plan VII,Close Ended Schemes(Income),UTI Mutual Fund,Regular,Other,,
110469,INF789F01EG7,INF789F01EH5,UTI - FIIF Sr-2 Quarterly Interval Plan VII,Close Ended Schemes(Income),UTI Mutual Fund,Regular,Other,,
143099,INF789FC13P7,-,UTI - Fixed Term Income fund - Series XXIX - I (1134 DAYS),Close Ended Schemes(Income),UTI Mutual Fund,Regular,Other,,
143108,INF789FC14P5,-,UTI - Fixed Term Income fund - Series XXIX - I (1134 DAYS),Close Ended Schemes(Income),UTI Mutual Fund,Regular,Other,,
143106,INF789FC12P9,-,UTI - Fixed Term Income fund - Series XXIX - I (1134 DAYS),Close Ended Schemes(Income),UTI Mutual Fund,Regular,Other,,
143105,INF789FC18O9,-,UTI - Fixed Term Income fund - Series XXIX - I (1134 DAYS),Close Ended Schemes(Income),UTI Mutual Fund,Regular,Other,,
143102,INF789FC11P1,-,UTI - Fixed Term Income fund - Series XXIX - I (1134 DAYS),Close Ended Schemes(Income),UTI Mutual Fund,Regular,Other,,
143101,INF789FC19O7,-,UTI - Fixed Term Income fund - Series XXIX - I (1134 DAYS),Close Ended Schemes(Income),UTI Mutual Fund,Regular,Other,,
143107,INF789FC17O1,-,UTI - Fixed Term Income fund - Series XXIX - I (1134 DAYS),Close Ended Schemes(Income),UTI Mutual Fund,Regular,Other,,
143100,INF789FC15P2,-,UTI - Fixed Term Income fund - Series XXIX - I (1134 DAYS),Close Ended Schemes(Income),UTI Mutual Fund,Regular,Other,,
143104,INF789FC10P3,-,UTI - Fixed Term Income fund - Series XXIX - I (1134 DAYS),Close Ended Schemes(Income),UTI Mutual Fund,Regular,Other,,
143215,INF789FC17Q6,-,UTI - Fixed Term Income fund - Series XXIX - II (1118 DAYS),Close Ended Schemes(Income),UTI Mutual Fund,Regular,Other,,
143220,INF789FC18Q4,-,UTI - Fixed Term Income fund - Series XXIX - II (1118 DAYS),Close Ended Schemes(Income),UTI Mutual Fund,Regular,Other,,
143209,INF789FC16Q8,-,UTI - Fixed Term Income fund - Series XXIX - II (1118 DAYS),Close Ended Schemes(Income),UTI Mutual Fund,Regular,Other,,
143216,INF789FC12Q7,-,UTI - Fixed Term Income fund - Series XXIX - II (1118 DAYS),Close Ended Schemes(Income),UTI Mutual Fund,Regular,Other,,
143218,INF789FC15Q0,-,UTI - Fixed Term Income fund - Series XXIX - II (1118 DAYS),Close Ended Schemes(Income),UTI Mutual Fund,Regular,Other,,
143217,INF789FC13Q5,-,UTI - Fixed Term Income fund - Series XXIX - II (1118 DAYS),Close Ended Schemes(Income),UTI Mutual Fund,Regular,Other,,
143219,INF789FC11Q9,-,UTI - Fixed Term Income fund - Series XXIX - II (1118 DAYS),Close Ended Schemes(Income),UTI Mutual Fund,Regular,Other,,
143210,INF789FC19Q2,-,UTI - Fixed Term Income fund - Series XXIX - II (1118 DAYS),Close Ended Schemes(Income),UTI Mutual Fund,Regular,Other,,
143221,INF789FC14Q3,-,UTI - Fixed Term Income fund - Series XXIX - II (1118 DAYS),Close Ended Schemes(Income),UTI Mutual Fund,Regular,Other,,
143276,INF789FC17R4,-,UTI - Fixed Term Income fund - Series XXIX - III (1131 DAYS),Close Ended Schemes(Income),UTI Mutual Fund,Regular,Other,,
143282,INF789FC10S7,-,UTI - Fixed Term Income fund - Series XXIX - III (1131 DAYS),Close Ended Schemes(Income),UTI Mutual Fund,Regular,Other,,
143277,INF789FC18R2,-,UTI - Fixed Term Income fund - Series XXIX - III (1131 DAYS),Close Ended Schemes(Income),UTI Mutual Fund,Regular,Other,,
143275,INF789FC16R6,-,UTI - Fixed Term Income fund - Series XXIX - III (1131 DAYS),Close Ended Schemes(Income),UTI Mutual Fund,Regular,Other,,
143283,INF789FC12R5,-,UTI - Fixed Term Income fund - Series XXIX - III (1131 DAYS),Close Ended Schemes(Income),UTI Mutual Fund,Regular,Other,,
143280,INF789FC13R3,-,UTI - Fixed Term Income fund - Series XXIX - III (1131 DAYS),Close Ended Schemes(Income),UTI Mutual Fund,Regular,Other,,
143279,INF789FC11R7,-,UTI - Fixed Term Income fund - Series XXIX - III (1131 DAYS),Close Ended Schemes(Income),UTI Mutual Fund,Regular,Other,,
143274,INF789FC19R0,-,UTI - Fixed Term Income fund - Series XXIX - III (1131 DAYS),Close Ended Schemes(Income),UTI Mutual Fund,Regular,Other,,
143278,INF789FC14R1,-,UTI - Fixed Term Income fund - Series XXIX - III (1131 DAYS),Close Ended Schemes(Income),UTI Mutual Fund,Regular,Other,,
143422,INF789FC10T5,-,UTI - Fixed Term Income fund - Series XXIX - IV (1422 DAYS),Close Ended Schemes(Income),UTI Mutual Fund,Regular,Other,,
143425,INF789FC12S3,-,UTI - Fixed Term Income fund - Series XXIX - IV (1422 DAYS),Close Ended Schemes(Income),UTI Mutual Fund,Regular,Other,,
143360,INF789FC19S8,-,UTI - Fixed Term Income fund - Series XXIX - IV (1422 DAYS),Close Ended Schemes(Income),UTI Mutual Fund,Regular,Other,,
143361,INF789FC14S9,-,UTI - Fixed Term Income fund - Series XXIX - IV (1422 DAYS),Close Ended Schemes(Income),UTI Mutual Fund,Regular,Other,,
143863,INF789FC19X8,-,UTI - Fixed Term Income fund - Series XXIX - IX (1109 DAYS),Close Ended Schemes(Income),UTI Mutual Fund,Regular,Other,,
143866,INF789FC10Y5,-,UTI - Fixed Term Income fund - Series XXIX - IX (1109 DAYS),Close Ended Schemes(Income),UTI Mutual Fund,Regular,Other,,
143867,INF789FC18X0,-,UTI - Fixed Term Income fund - Series XXIX - IX (1109 DAYS),Close Ended Schemes(Income),UTI Mutual Fund,Regular,Other,,
143865,INF789FC14X9,-,UTI - Fixed Term Income fund - Series XXIX - IX (1109 DAYS),Close Ended Schemes(Income),UTI Mutual Fund,Regular,Other,,
143872,INF789FC15X6,-,UTI - Fixed Term Income fund - Series XXIX - IX (1109 DAYS),Close Ended Schemes(Income),UTI Mutual Fund,Regular,Other,,
143871,INF789FC13X1,-,UTI - Fixed Term Income fund - Series XXIX - IX (1109 DAYS),Close Ended Schemes(Income),UTI Mutual Fund,Regular,Other,,
143870,INF789FC11Y3,-,UTI - Fixed Term Income fund - Series XXIX - IX (1109 DAYS),Close Ended Schemes(Income),UTI Mutual Fund,Regular,Other,,
143868,INF789FC16X4,-,UTI - Fixed Term Income fund - Series XXIX - IX (1109 DAYS),Close Ended Schemes(Income),UTI Mutual Fund,Regular,Other,,
143428,INF789FC19T6,-,UTI - Fixed Term Income fund - Series XXIX - V (1113 DAYS),Close Ended Schemes(Income),UTI Mutual Fund,Regular,Other,,
143431,INF789FC12U9,-,UTI - Fixed Term Income fund - Series XXIX - V (1113 DAYS),Close Ended Schemes(Income),UTI Mutual Fund,Regular,Other,,
143430,INF789FC10U3,-,UTI - Fixed Term Income fund - Series XXIX - V (1113 DAYS),Close Ended Schemes(Income),UTI Mutual Fund,Regular,Other,,
143429,INF789FC18T8,-,UTI - Fixed Term Income fund - Series XXIX - V (1113 DAYS),Close Ended Schemes(Income),UTI Mutual Fund,Regular,Other,,
143432,INF789FC14T7,-,UTI - Fixed Term Income fund - Series XXIX - V (1113 DAYS),Close Ended Schemes(Income),UTI Mutual Fund,Regular,Other,,
143434,INF789FC17T0,-,UTI - Fixed Term Income fund - Series XXIX - V (1113 DAYS),Close Ended Schemes(Income),UTI Mutual Fund,Regular,Other,,
143433,INF789FC15T4,-,UTI - Fixed Term Income fund - Series XXIX - V (1113 DAYS),Close Ended Schemes(Income),UTI Mutual Fund,Regular,Other,,
143436,INF789FC13T9,-,UTI - Fixed Term Income fund - Series XXIX - V (1113 DAYS),Close Ended Schemes(Income),UTI Mutual Fund,Regular,Other,,
143437,INF789FC11U1,-,UTI - Fixed Term Income fund - Series XXIX - V (1113 DAYS),Close Ended Schemes(Income),UTI Mutual Fund,Regular,Other,,
143435,INF789FC16T2,-,UTI - Fixed Term Income fund - Series XXIX - V (1113 DAYS),Close Ended Schemes(Income),UTI Mutual Fund,Regular,Other,,
143563,INF789FC19U4,-,UTI - Fixed Term Income fund - Series XXIX - VI (1135 DAYS),Close Ended Schemes(Income),UTI Mutual Fund,Regular,Other,,
143568,INF789FC14U5,-,UTI - Fixed Term Income fund - Series XXIX - VI (1135 DAYS),Close Ended Schemes(Income),UTI Mutual Fund,Regular,Other,,
143562,INF789FC11V9,-,UTI - Fixed Term Income fund - Series XXIX - VI (1135 DAYS),Close Ended Schemes(Income),UTI Mutual Fund,Regular,Other,,
143567,INF789FC16U0,-,UTI - Fixed Term Income fund - Series XXIX - VI (1135 DAYS),Close Ended Schemes(Income),UTI Mutual Fund,Regular,Other,,
143737,INF789FC18V4,-,UTI - Fixed Term Income fund - Series XXIX - VII (1135 DAYS),Close Ended Schemes(Income),UTI Mutual Fund,Regular,Other,,
143740,INF789FC14V3,-,UTI - Fixed Term Income fund - Series XXIX - VII (1135 DAYS),Close Ended Schemes(Income),UTI Mutual Fund,Regular,Other,,
143745,INF789FC13V5,-,UTI - Fixed Term Income fund - Series XXIX - VII (1135 DAYS),Close Ended Schemes(Income),UTI Mutual Fund,Regular,Other,,
143741,INF789FC11W7,-,UTI - Fixed Term Income fund - Series XXIX - VII (1135 DAYS),Close Ended Schemes(Income),UTI Mutual Fund,Regular,Other,,
143744,INF789FC16V8,-,UTI - Fixed Term Income fund - Series XXIX - VII (1135 DAYS),Close Ended Schemes(Income),UTI Mutual Fund,Regular,Other,,
143800,INF789FC19W0,-,UTI - Fixed Term Income fund - Series XXIX - VIII (1127 DAYS),Close Ended Schemes(Income),UTI Mutual Fund,Regular,Other,,
143808,INF789FC12X3,-,UTI - Fixed Term Income fund - Series XXIX - VIII (1127 DAYS),Close Ended Schemes(Income),UTI Mutual Fund,Regular,Other,,
143802,INF789FC10X7,-,UTI - Fixed Term Income fund - Series XXIX - VIII (1127 DAYS),Close Ended Schemes(Income),UTI Mutual Fund,Regular,Other,,
143801,INF789FC18W2,-,UTI - Fixed Term Income fund - Series XXIX - VIII (1127 DAYS),Close Ended Schemes(Income),UTI Mutual Fund,Regular,Other,,
143804,INF789FC14W1,-,UTI - Fixed Term Income fund - Series XXIX - VIII (1127 DAYS),Close Ended Schemes(Income),UTI Mutual Fund,Regular,Other,,
143806,INF789FC17W4,-,UTI - Fixed Term Income fund - Series XXIX - VIII (1127 DAYS),Close Ended Schemes(Income),UTI Mutual Fund,Regular,Other,,
143805,INF789FC13W3,-,UTI - Fixed Term Income fund - Series XXIX - VIII (1127 DAYS),Close Ended Schemes(Income),UTI Mutual Fund,Regular,Other,,
143799,INF789FC11X5,-,UTI - Fixed Term Income fund - Series XXIX - VIII (1127 DAYS),Close Ended Schemes(Income),UTI Mutual Fund,Regular,Other,,
143803,INF789FC16W6,-,UTI - Fixed Term Income fund - Series XXIX - VIII (1127 DAYS),Close Ended Schemes(Income),UTI Mutual Fund,Regular,Other,,
144003,INF789F1A033,-,UTI - Fixed Term Income fund - Series XXIX - XI (1112 DAYS),Close Ended Schemes(Income),UTI Mutual Fund,Regular,Other,,
143999,INF789F1A017,-,UTI - Fixed Term Income fund - Series XXIX - XI (1112 DAYS),Close Ended Schemes(Income),UTI Mutual Fund,Regular,Other,,
143997,INF789F1A025,-,UTI - Fixed Term Income fund - Series XXIX - XI (1112 DAYS),Close Ended Schemes(Income),UTI Mutual Fund,Regular,Other,,
144006,INF789FC16Z9,-,UTI - Fixed Term Income fund - Series XXIX - XI (1112 DAYS),Close Ended Schemes(Income),UTI Mutual Fund,Regular,Other,,
144103,INF789F1A108,-,UTI - Fixed Term Income fund - Series XXIX - XIII (1122 DAYS),Close Ended Schemes(Income),UTI Mutual Fund,Regular,Other,,
144097,INF789F1A116,-,UTI - Fixed Term Income fund - Series XXIX - XIII (1122 DAYS),Close Ended Schemes(Income),UTI Mutual Fund,Regular,Other,,
144095,INF789F1A090,-,UTI - Fixed Term Income fund - Series XXIX - XIII (1122 DAYS),Close Ended Schemes(Income),UTI Mutual Fund,Regular,Other,,
144102,INF789F1A058,-,UTI - Fixed Term Income fund - Series XXIX - XIII (1122 DAYS),Close Ended Schemes(Income),UTI Mutual Fund,Regular,Other,,
144100,INF789F1A082,-,UTI - Fixed Term Income fund - Series XXIX - XIII (1122 DAYS),Close Ended Schemes(Income),UTI Mutual Fund,Regular,Other,,
144099,INF789F1A066,-,UTI - Fixed Term Income fund - Series XXIX - XIII (1122 DAYS),Close Ended Schemes(Income),UTI Mutual Fund,Regular,Other,,
144104,INF789F1A041,-,UTI - Fixed Term Income fund - Series XXIX - XIII (1122 DAYS),Close Ended Schemes(Income),UTI Mutual Fund,Regular,Other,,
144096,INF789F1A124,-,UTI - Fixed Term Income fund - Series XXIX - XIII (1122 DAYS),Close Ended Schemes(Income),UTI Mutual Fund,Regular,Other,,
144098,INF789F1A074,-,UTI - Fixed Term Income fund - Series XXIX - XIII (1122 DAYS),Close Ended Schemes(Income),UTI Mutual Fund,Regular,Other,,
144202,INF789F1A298,-,UTI - Fixed Term Income fund - Series XXIX - XIV (1131 DAYS),Close Ended Schemes(Income),UTI Mutual Fund,Regular,Other,,
144209,INF789F1A264,-,UTI - Fixed Term Income fund - Series XXIX - XIV (1131 DAYS),Close Ended Schemes(Income),UTI Mutual Fund,Regular,Other,,
144201,INF789F1A322,-,UTI - Fixed Term Income fund - Series XXIX - XIV (1131 DAYS),Close Ended Schemes(Income),UTI Mutual Fund,Regular,Other,,
144206,INF789F1A272,-,UTI - Fixed Term Income fund - Series XXIX - XIV (1131 DAYS),Close Ended Schemes(Income),UTI Mutual Fund,Regular,Other,,
144227,INF789F1A413,-,UTI - Fixed Term Income fund - Series XXIX - XV (1124 DAYS),Close Ended Schemes(Income),UTI Mutual Fund,Regular,Other,,
144231,INF789F1A371,-,UTI - Fixed Term Income fund - Series XXIX - XV (1124 DAYS),Close Ended Schemes(Income),UTI Mutual Fund,Regular,Other,,
144573,INF789F1A694,-,UTI - Fixed Term Income fund - Series XXX - I (1104 DAYS),Close Ended Schemes(Income),UTI Mutual Fund,Regular,Other,,
144572,INF789F1A678,-,UTI - Fixed Term Income fund - Series XXX - I (1104 DAYS),Close Ended Schemes(Income),UTI Mutual Fund,Regular,Other,,
144575,INF789F1A637,-,UTI - Fixed Term Income fund - Series XXX - I (1104 DAYS),Close Ended Schemes(Income),UTI Mutual Fund,Regular,Other,,
144577,INF789F1A660,-,UTI - Fixed Term Income fund - Series XXX - I (1104 DAYS),Close Ended Schemes(Income),UTI Mutual Fund,Regular,Other,,
144576,INF789F1A645,-,UTI - Fixed Term Income fund - Series XXX - I (1104 DAYS),Close Ended Schemes(Income),UTI Mutual Fund,Regular,Other,,
144579,INF789F1A629,-,UTI - Fixed Term Income fund - Series XXX - I (1104 DAYS),Close Ended Schemes(Income),UTI Mutual Fund,Regular,Other,,
144571,INF789F1A702,-,UTI - Fixed Term Income fund - Series XXX - I (1104 DAYS),Close Ended Schemes(Income),UTI Mutual Fund,Regular,Other,,
144574,INF789F1A652,-,UTI - Fixed Term Income fund - Series XXX - I (1104 DAYS),Close Ended Schemes(Income),UTI Mutual Fund,Regular,Other,,
144659,INF789F1A926,-,UTI - Fixed Term Income fund - Series XXX - II (1107 DAYS),Close Ended Schemes(Income),UTI Mutual Fund,Regular,Other,,
144661,INF789F1A868,-,UTI - Fixed Term Income fund - Series XXX - II (1107 DAYS),Close Ended Schemes(Income),UTI Mutual Fund,Regular,Other,,
144666,INF789F1A942,-,UTI - Fixed Term Income fund - Series XXX - II (1107 DAYS),Close Ended Schemes(Income),UTI Mutual Fund,Regular,Other,,
144663,INF789F1A892,-,UTI - Fixed Term Income fund - Series XXX - II (1107 DAYS),Close Ended Schemes(Income),UTI Mutual Fund,Regular,Other,,
144731,INF789F1AAC3,-,UTI - Fixed Term Income Fund Series XXX-III (1106 Days),Close Ended Schemes(Income),UTI Mutual Fund,Regular,Other,,
144732,INF789F1AAF6,-,UTI - Fixed Term Income Fund Series XXX-III (1106 Days),Close Ended Schemes(Income),UTI Mutual Fund,Regular,Other,,
144736,INF789F1AAE9,-,UTI - Fixed Term Income Fund Series XXX-III (1106 Days),Close Ended Schemes(Income),UTI Mutual Fund,Regular,Other,,
144739,INF789F1AAD1,-,UTI - Fixed Term Income Fund Series XXX-III (1106 Days),Close Ended Schemes(Income),UTI Mutual Fund,Regular,Other,,
144738,INF789F1AAB5,-,UTI - Fixed Term Income Fund Series XXX-III (1106 Days),Close Ended Schemes(Income),UTI Mutual Fund,Regular,Other,,
144734,INF789F1A975,-,UTI - Fixed Term Income Fund Series XXX-III (1106 Days),Close Ended Schemes(Income),UTI Mutual Fund,Regular,Other,,
144740,INF789F1AAA7,-,UTI - Fixed Term Income Fund Series XXX-III (1106 Days),Close Ended Schemes(Income),UTI Mutual Fund,Regular,Other,,
144733,INF789F1A991,-,UTI - Fixed Term Income Fund Series XXX-III (1106 Days),Close Ended Schemes(Income),UTI Mutual Fund,Regular,Other,,
144737,INF789F1A983,-,UTI - Fixed Term Income Fund Series XXX-III (1106 Days),Close Ended Schemes(Income),UTI Mutual Fund,Regular,Other,,
144735,INF789F1A967,-,UTI - Fixed Term Income Fund Series XXX-III (1106 Days),Close Ended Schemes(Income),UTI Mutual Fund,Regular,Other,,
144954,INF789F1AAL4,-,UTI - Fixed Term Income Fund Series XXX-IV (1125 Days),Close Ended Schemes(Income),UTI Mutual Fund,Regular,Other,,
144956,INF789F1AAG4,-,UTI - Fixed Term Income Fund Series XXX-IV (1125 Days),Close Ended Schemes(Income),UTI Mutual Fund,Regular,Other,,
144955,INF789F1AAN0,-,UTI - Fixed Term Income Fund Series XXX-IV (1125 Days),Close Ended Schemes(Income),UTI Mutual Fund,Regular,Other,,
144950,INF789F1AAP5,-,UTI - Fixed Term Income Fund Series XXX-IV (1125 Days),Close Ended Schemes(Income),UTI Mutual Fund,Regular,Other,,
144949,INF789F1AAO8,-,UTI - Fixed Term Income Fund Series XXX-IV (1125 Days),Close Ended Schemes(Income),UTI Mutual Fund,Regular,Other,,
144948,INF789F1AAM2,-,UTI - Fixed Term Income Fund Series XXX-IV (1125 Days),Close Ended Schemes(Income),UTI Mutual Fund,Regular,Other,,
144951,INF789F1AAI0,-,UTI - Fixed Term Income Fund Series XXX-IV (1125 Days),Close Ended Schemes(Income),UTI Mutual Fund,Regular,Other,,
144957,INF789F1AAK6,-,UTI - Fixed Term Income Fund Series XXX-IV (1125 Days),Close Ended Schemes(Income),UTI Mutual Fund,Regular,Other,,
144953,INF789F1AAJ8,-,UTI - Fixed Term Income Fund Series XXX-IV (1125 Days),Close Ended Schemes(Income),UTI Mutual Fund,Regular,Other,,
144952,INF789F1AAH2,-,UTI - Fixed Term Income Fund Series XXX-IV (1125 Days),Close Ended Schemes(Income),UTI Mutual Fund,Regular,Other,,
145339,INF789F1ABZ2,-,UTI - Fixed Term Income Fund Series XXX-IX (1266 Days),Close Ended Schemes(Income),UTI Mutual Fund,Regular,Other,,
145334,INF789F1ABU3,-,UTI - Fixed Term Income Fund Series XXX-IX (1266 Days),Close Ended Schemes(Income),UTI Mutual Fund,Regular,Other,,
145341,INF789F1ACC9,-,UTI - Fixed Term Income Fund Series XXX-IX (1266 Days),Close Ended Schemes(Income),UTI Mutual Fund,Regular,Other,,
145340,INF789F1ACA3,-,UTI - Fixed Term Income Fund Series XXX-IX (1266 Days),Close Ended Schemes(Income),UTI Mutual Fund,Regular,Other,,
145337,INF789F1ABW9,-,UTI - Fixed Term Income Fund Series XXX-IX (1266 Days),Close Ended Schemes(Income),UTI Mutual Fund,Regular,Other,,
145336,INF789F1ABY5,-,UTI - Fixed Term Income Fund Series XXX-IX (1266 Days),Close Ended Schemes(Income),UTI Mutual Fund,Regular,Other,,
145335,INF789F1ABX7,-,UTI - Fixed Term Income Fund Series XXX-IX (1266 Days),Close Ended Schemes(Income),UTI Mutual Fund,Regular,Other,,
145338,INF789F1ABV1,-,UTI - Fixed Term Income Fund Series XXX-IX (1266 Days),Close Ended Schemes(Income),UTI Mutual Fund,Regular,Other,,
145009,INF789F1AAV3,-,UTI - Fixed Term Income Fund Series XXX-V (1135 Days),Close Ended Schemes(Income),UTI Mutual Fund,Regular,Other,,
145016,INF789F1AAQ3,-,UTI - Fixed Term Income Fund Series XXX-V (1135 Days),Close Ended Schemes(Income),UTI Mutual Fund,Regular,Other,,
145010,INF789F1AAY7,-,UTI - Fixed Term Income Fund Series XXX-V (1135 Days),Close Ended Schemes(Income),UTI Mutual Fund,Regular,Other,,
145014,INF789F1AAR1,-,UTI - Fixed Term Income Fund Series XXX-V (1135 Days),Close Ended Schemes(Income),UTI Mutual Fund,Regular,Other,,
145145,INF789F1ABF4,-,UTI - Fixed Term Income Fund Series XXX-VI (1107 Days),Close Ended Schemes(Income),UTI Mutual Fund,Regular,Other,,
145153,INF789F1ABA5,-,UTI - Fixed Term Income Fund Series XXX-VI (1107 Days),Close Ended Schemes(Income),UTI Mutual Fund,Regular,Other,,
145146,INF789F1ABH0,-,UTI - Fixed Term Income Fund Series XXX-VI (1107 Days),Close Ended Schemes(Income),UTI Mutual Fund,Regular,Other,,
145154,INF789F1ABI8,-,UTI - Fixed Term Income Fund Series XXX-VI (1107 Days),Close Ended Schemes(Income),UTI Mutual Fund,Regular,Other,,
145152,INF789F1ABG2,-,UTI - Fixed Term Income Fund Series XXX-VI (1107 Days),Close Ended Schemes(Income),UTI Mutual Fund,Regular,Other,,
145148,INF789F1ABC1,-,UTI - Fixed Term Income Fund Series XXX-VI (1107 Days),Close Ended Schemes(Income),UTI Mutual Fund,Regular,Other,,
145150,INF789F1ABD9,-,UTI - Fixed Term Income Fund Series XXX-VI (1107 Days),Close Ended Schemes(Income),UTI Mutual Fund,Regular,Other,,
145149,INF789F1ABB3,-,UTI - Fixed Term Income Fund Series XXX-VI (1107 Days),Close Ended Schemes(Income),UTI Mutual Fund,Regular,Other,,
145329,INF789F1ACJ4,-,UTI - Fixed Term Income Fund Series XXX-VIII (1286 Days),Close Ended Schemes(Income),UTI Mutual Fund,Regular,Other,,
145325,INF789F1ACE5,-,UTI - Fixed Term Income Fund Series XXX-VIII (1286 Days),Close Ended Schemes(Income),UTI Mutual Fund,Regular,Other,,
145415,INF789F1ADL8,-,UTI - Fixed Term Income Fund Series XXX-X (1267 Days),Close Ended Schemes(Income),UTI Mutual Fund,Regular,Other,,
145419,INF789F1ADG8,-,UTI - Fixed Term Income Fund Series XXX-X (1267 Days),Close Ended Schemes(Income),UTI Mutual Fund,Regular,Other,,
145422,INF789F1ADM6,-,UTI - Fixed Term Income Fund Series XXX-X (1267 Days),Close Ended Schemes(Income),UTI Mutual Fund,Regular,Other,,
145423,INF789F1ADI4,-,UTI - Fixed Term Income Fund Series XXX-X (1267 Days),Close Ended Schemes(Income),UTI Mutual Fund,Regular,Other,,
145424,INF789F1ADH6,-,UTI - Fixed Term Income Fund Series XXX-X (1267 Days),Close Ended Schemes(Income),UTI Mutual Fund,Regular,Other,,
145505,INF789F1ADV7,-,UTI - Fixed Term Income Fund Series XXX-XI (1246 Days),Close Ended Schemes(Income),UTI Mutual Fund,Regular,Other,,
145512,INF789F1ADQ7,-,UTI - Fixed Term Income Fund Series XXX-XI (1246 Days),Close Ended Schemes(Income),UTI Mutual Fund,Regular,Other,,
145506,INF789F1ADX3,-,UTI - Fixed Term Income Fund Series XXX-XI (1246 Days),Close Ended Schemes(Income),UTI Mutual Fund,Regular,Other,,
145511,INF789F1ADZ8,-,UTI - Fixed Term Income Fund Series XXX-XI (1246 Days),Close Ended Schemes(Income),UTI Mutual Fund,Regular,Other,,
145507,INF789F1ADY1,-,UTI - Fixed Term Income Fund Series XXX-XI (1246 Days),Close Ended Schemes(Income),UTI Mutual Fund,Regular,Other,,
145513,INF789F1ADW5,-,UTI - Fixed Term Income Fund Series XXX-XI (1246 Days),Close Ended Schemes(Income),UTI Mutual Fund,Regular,Other,,
145508,INF789F1ADS3,-,UTI - Fixed Term Income Fund Series XXX-XI (1246 Days),Close Ended Schemes(Income),UTI Mutual Fund,Regular,Other,,
145514,INF789F1ADU9,-,UTI - Fixed Term Income Fund Series XXX-XI (1246 Days),Close Ended Schemes(Income),UTI Mutual Fund,Regular,Other,,
145510,INF789F1ADR5,-,UTI - Fixed Term Income Fund Series XXX-XI (1246 Days),Close Ended Schemes(Income),UTI Mutual Fund,Regular,Other,,
145553,INF789F1AEF8,-,UTI - Fixed Term Income Fund Series XXX-XII (1254 Days),Close Ended Schemes(Income),UTI Mutual Fund,Regular,Other,,
145555,INF789F1AEA9,-,UTI - Fixed Term Income Fund Series XXX-XII (1254 Days),Close Ended Schemes(Income),UTI Mutual Fund,Regular,Other,,
145556,INF789F1AEC5,-,UTI - Fixed Term Income Fund Series XXX-XII (1254 Days),Close Ended Schemes(Income),UTI Mutual Fund,Regular,Other,,
145558,INF789F1AEE1,-,UTI - Fixed Term Income Fund Series XXX-XII (1254 Days),Close Ended Schemes(Income),UTI Mutual Fund,Regular,Other,,
145557,INF789F1AED3,-,UTI - Fixed Term Income Fund Series XXX-XII (1254 Days),Close Ended Schemes(Income),UTI Mutual Fund,Regular,Other,,
145561,INF789F1AEB7,-,UTI - Fixed Term Income Fund Series XXX-XII (1254 Days),Close Ended Schemes(Income),UTI Mutual Fund,Regular,Other,,
145654,INF789F1AEP7,-,UTI - Fixed Term Income Fund Series XXX-XIII (1224 Days),Close Ended Schemes(Income),UTI Mutual Fund,Regular,Other,,
145650,INF789F1AEK8,-,UTI - Fixed Term Income Fund Series XXX-XIII (1224 Days),Close Ended Schemes(Income),UTI Mutual Fund,Regular,Other,,
145655,INF789F1AER3,-,UTI - Fixed Term Income Fund Series XXX-XIII (1224 Days),Close Ended Schemes(Income),UTI Mutual Fund,Regular,Other,,
145653,INF789F1AES1,-,UTI - Fixed Term Income Fund Series XXX-XIII (1224 Days),Close Ended Schemes(Income),UTI Mutual Fund,Regular,Other,,
145651,INF789F1AEM4,-,UTI - Fixed Term Income Fund Series XXX-XIII (1224 Days),Close Ended Schemes(Income),UTI Mutual Fund,Regular,Other,,
145658,INF789F1AEO0,-,UTI - Fixed Term Income Fund Series XXX-XIII (1224 Days),Close Ended Schemes(Income),UTI Mutual Fund,Regular,Other,,
145657,INF789F1AEN2,-,UTI - Fixed Term Income Fund Series XXX-XIII (1224 Days),Close Ended Schemes(Income),UTI Mutual Fund,Regular,Other,,
145652,INF789F1AEL6,-,UTI - Fixed Term Income Fund Series XXX-XIII (1224 Days),Close Ended Schemes(Income),UTI Mutual Fund,Regular,Other,,
145838,INF789F1AEZ6,-,UTI - Fixed Term Income Fund Series XXX-XIV (1209 Days),Close Ended Schemes(Income),UTI Mutual Fund,Regular,Other,,
145842,INF789F1AEU7,-,UTI - Fixed Term Income Fund Series XXX-XIV (1209 Days),Close Ended Schemes(Income),UTI Mutual Fund,Regular,Other,,
145835,INF789F1AFB4,-,UTI - Fixed Term Income Fund Series XXX-XIV (1209 Days),Close Ended Schemes(Income),UTI Mutual Fund,Regular,Other,,
145840,INF789F1AFC2,-,UTI - Fixed Term Income Fund Series XXX-XIV (1209 Days),Close Ended Schemes(Income),UTI Mutual Fund,Regular,Other,,
145839,INF789F1AFA6,-,UTI - Fixed Term Income Fund Series XXX-XIV (1209 Days),Close Ended Schemes(Income),UTI Mutual Fund,Regular,Other,,
145836,INF789F1AEW3,-,UTI - Fixed Term Income Fund Series XXX-XIV (1209 Days),Close Ended Schemes(Income),UTI Mutual Fund,Regular,Other,,
145837,INF789F1AEY9,-,UTI - Fixed Term Income Fund Series XXX-XIV (1209 Days),Close Ended Schemes(Income),UTI Mutual Fund,Regular,Other,,
145844,INF789F1AEX1,-,UTI - Fixed Term Income Fund Series XXX-XIV (1209 Days),Close Ended Schemes(Income),UTI Mutual Fund,Regular,Other,,
145843,INF789F1AEV5,-,UTI - Fixed Term Income Fund Series XXX-XIV (1209 Days),Close Ended Schemes(Income),UTI Mutual Fund,Regular,Other,,
145845,INF789F1AFJ7,-,UTI - Fixed Term Income Fund Series XXX-XV (1223 Days),Close Ended Schemes(Income),UTI Mutual Fund,Regular,Other,,
145848,INF789F1AFE8,-,UTI - Fixed Term Income Fund Series XXX-XV (1223 Days),Close Ended Schemes(Income),UTI Mutual Fund,Regular,Other,,
145851,INF789F1AFF5,-,UTI - Fixed Term Income Fund Series XXX-XV (1223 Days),Close Ended Schemes(Income),UTI Mutual Fund,Regular,Other,,
145939,INF789F1AFT6,-,UTI - Fixed Term Income Fund Series XXXI-I (1209 Days),Close Ended Schemes(Income),UTI Mutual Fund,Regular,Other,,
145940,INF789F1AFO7,-,UTI - Fixed Term Income Fund Series XXXI-I (1209 Days),Close Ended Schemes(Income),UTI Mutual Fund,Regular,Other,,
145941,INF789F1AFU4,-,UTI - Fixed Term Income Fund Series XXXI-I (1209 Days),Close Ended Schemes(Income),UTI Mutual Fund,Regular,Other,,
145936,INF789F1AFR0,-,UTI - Fixed Term Income Fund Series XXXI-I (1209 Days),Close Ended Schemes(Income),UTI Mutual Fund,Regular,Other,,
145935,INF789F1AFP4,-,UTI - Fixed Term Income Fund Series XXXI-I (1209 Days),Close Ended Schemes(Income),UTI Mutual Fund,Regular,Other,,
146037,INF789F1AGE6,-,UTI - Fixed Term Income Fund Series XXXI-II (1222 Days),Close Ended Schemes(Income),UTI Mutual Fund,Regular,Other,,
146031,INF789F1AFY6,-,UTI - Fixed Term Income Fund Series XXXI-II (1222 Days),Close Ended Schemes(Income),UTI Mutual Fund,Regular,Other,,
146039,INF789F1AGG1,-,UTI - Fixed Term Income Fund Series XXXI-II (1222 Days),Close Ended Schemes(Income),UTI Mutual Fund,Regular,Other,,
146036,INF789F1AGI7,-,UTI - Fixed Term Income Fund Series XXXI-II (1222 Days),Close Ended Schemes(Income),UTI Mutual Fund,Regular,Other,,
146040,INF789F1AGH9,-,UTI - Fixed Term Income Fund Series XXXI-II (1222 Days),Close Ended Schemes(Income),UTI Mutual Fund,Regular,Other,,
146033,INF789F1AGF3,-,UTI - Fixed Term Income Fund Series XXXI-II (1222 Days),Close Ended Schemes(Income),UTI Mutual Fund,Regular,Other,,
146035,INF789F1AGB2,-,UTI - Fixed Term Income Fund Series XXXI-II (1222 Days),Close Ended Schemes(Income),UTI Mutual Fund,Regular,Other,,
146032,INF789F1AGD8,-,UTI - Fixed Term Income Fund Series XXXI-II (1222 Days),Close Ended Schemes(Income),UTI Mutual Fund,Regular,Other,,
146034,INF789F1AGC0,-,UTI - Fixed Term Income Fund Series XXXI-II (1222 Days),Close Ended Schemes(Income),UTI Mutual Fund,Regular,Other,,
146038,INF789F1AFZ3,-,UTI - Fixed Term Income Fund Series XXXI-II (1222 Days),Close Ended Schemes(Income),UTI Mutual Fund,Regular,Other,,
146245,INF789F1AGS6,-,UTI - Fixed Term Income Fund Series XXXI-III (1174 Days),Close Ended Schemes(Income),UTI Mutual Fund,Regular,Other,,
146247,INF789F1AGN7,-,UTI - Fixed Term Income Fund Series XXXI-III (1174 Days),Close Ended Schemes(Income),UTI Mutual Fund,Regular,Other,,
146246,INF789F1AGU2,-,UTI - Fixed Term Income Fund Series XXXI-III (1174 Days),Close Ended Schemes(Income),UTI Mutual Fund,Regular,Other,,
146243,INF789F1AGV0,-,UTI - Fixed Term Income Fund Series XXXI-III (1174 Days),Close Ended Schemes(Income),UTI Mutual Fund,Regular,Other,,
146239,INF789F1AGT4,-,UTI - Fixed Term Income Fund Series XXXI-III (1174 Days),Close Ended Schemes(Income),UTI Mutual Fund,Regular,Other,,
146248,INF789F1AGP2,-,UTI - Fixed Term Income Fund Series XXXI-III (1174 Days),Close Ended Schemes(Income),UTI Mutual Fund,Regular,Other,,
146244,INF789F1AGR8,-,UTI - Fixed Term Income Fund Series XXXI-III (1174 Days),Close Ended Schemes(Income),UTI Mutual Fund,Regular,Other,,
146242,INF789F1AGQ0,-,UTI - Fixed Term Income Fund Series XXXI-III (1174 Days),Close Ended Schemes(Income),UTI Mutual Fund,Regular,Other,,
146241,INF789F1AGO5,-,UTI - Fixed Term Income Fund Series XXXI-III (1174 Days),Close Ended Schemes(Income),UTI Mutual Fund,Regular,Other,,
146261,INF789F1AHB0,-,UTI - Fixed Term Income Fund Series XXXI-IV (1204 Days),Close Ended Schemes(Income),UTI Mutual Fund,Regular,Other,,
146264,INF789F1AGX6,-,UTI - Fixed Term Income Fund Series XXXI-IV (1204 Days),Close Ended Schemes(Income),UTI Mutual Fund,Regular,Other,,
146262,INF789F1AHD6,-,UTI - Fixed Term Income Fund Series XXXI-IV (1204 Days),Close Ended Schemes(Income),UTI Mutual Fund,Regular,Other,,
146263,INF789F1AHF1,-,UTI - Fixed Term Income Fund Series XXXI-IV (1204 Days),Close Ended Schemes(Income),UTI Mutual Fund,Regular,Other,,
146268,INF789F1AHE4,-,UTI - Fixed Term Income Fund Series XXXI-IV (1204 Days),Close Ended Schemes(Income),UTI Mutual Fund,Regular,Other,,
146270,INF789F1AHC8,-,UTI - Fixed Term Income Fund Series XXXI-IV (1204 Days),Close Ended Schemes(Income),UTI Mutual Fund,Regular,Other,,
146269,INF789F1AGY4,-,UTI - Fixed Term Income Fund Series XXXI-IV (1204 Days),Close Ended Schemes(Income),UTI Mutual Fund,Regular,Other,,
146266,INF789F1AGZ1,-,UTI - Fixed Term Income Fund Series XXXI-IV (1204 Days),Close Ended Schemes(Income),UTI Mutual Fund,Regular,Other,,
146265,INF789F1AHG9,-,UTI - Fixed Term Income Fund Series XXXI-IV (1204 Days),Close Ended Schemes(Income),UTI Mutual Fund,Regular,Other,,
146863,INF789F1AJB6,-,UTI - Fixed Term Income Fund Series XXXI-IX (1168 Days),Close Ended Schemes(Income),UTI Mutual Fund,Regular,Other,,
146862,INF789F1AIW4,-,UTI - Fixed Term Income Fund Series XXXI-IX (1168 Days),Close Ended Schemes(Income),UTI Mutual Fund,Regular,Other,,
146864,INF789F1AJD2,-,UTI - Fixed Term Income Fund Series XXXI-IX (1168 Days),Close Ended Schemes(Income),UTI Mutual Fund,Regular,Other,,
146859,INF789F1AJF7,-,UTI - Fixed Term Income Fund Series XXXI-IX (1168 Days),Close Ended Schemes(Income),UTI Mutual Fund,Regular,Other,,
146858,INF789F1AJE0,-,UTI - Fixed Term Income Fund Series XXXI-IX (1168 Days),Close Ended Schemes(Income),UTI Mutual Fund,Regular,Other,,
146857,INF789F1AJC4,-,UTI - Fixed Term Income Fund Series XXXI-IX (1168 Days),Close Ended Schemes(Income),UTI Mutual Fund,Regular,Other,,
146860,INF789F1AIY0,-,UTI - Fixed Term Income Fund Series XXXI-IX (1168 Days),Close Ended Schemes(Income),UTI Mutual Fund,Regular,Other,,
146865,INF789F1AIZ7,-,UTI - Fixed Term Income Fund Series XXXI-IX (1168 Days),Close Ended Schemes(Income),UTI Mutual Fund,Regular,Other,,
146861,INF789F1AIX2,-,UTI - Fixed Term Income Fund Series XXXI-IX (1168 Days),Close Ended Schemes(Income),UTI Mutual Fund,Regular,Other,,
146475,INF789F1AHM7,-,UTI - Fixed Term Income Fund Series XXXI-V (1174 Days),Close Ended Schemes(Income),UTI Mutual Fund,Regular,Other,,
146478,INF789F1AHH7,-,UTI - Fixed Term Income Fund Series XXXI-V (1174 Days),Close Ended Schemes(Income),UTI Mutual Fund,Regular,Other,,
146482,INF789F1AHO3,-,UTI - Fixed Term Income Fund Series XXXI-V (1174 Days),Close Ended Schemes(Income),UTI Mutual Fund,Regular,Other,,
146476,INF789F1AHQ8,-,UTI - Fixed Term Income Fund Series XXXI-V (1174 Days),Close Ended Schemes(Income),UTI Mutual Fund,Regular,Other,,
146484,INF789F1AHP0,-,UTI - Fixed Term Income Fund Series XXXI-V (1174 Days),Close Ended Schemes(Income),UTI Mutual Fund,Regular,Other,,
146481,INF789F1AHN5,-,UTI - Fixed Term Income Fund Series XXXI-V (1174 Days),Close Ended Schemes(Income),UTI Mutual Fund,Regular,Other,,
146479,INF789F1AHJ3,-,UTI - Fixed Term Income Fund Series XXXI-V (1174 Days),Close Ended Schemes(Income),UTI Mutual Fund,Regular,Other,,
146480,INF789F1AHK1,-,UTI - Fixed Term Income Fund Series XXXI-V (1174 Days),Close Ended Schemes(Income),UTI Mutual Fund,Regular,Other,,
146477,INF789F1AHI5,-,UTI - Fixed Term Income Fund Series XXXI-V (1174 Days),Close Ended Schemes(Income),UTI Mutual Fund,Regular,Other,,
146538,INF789F1AHX4,-,UTI - Fixed Term Income Fund Series XXXI-VI (1167 Days),Close Ended Schemes(Income),UTI Mutual Fund,Regular,Other,,
146539,INF789F1AHS4,-,UTI - Fixed Term Income Fund Series XXXI-VI (1167 Days),Close Ended Schemes(Income),UTI Mutual Fund,Regular,Other,,
146541,INF789F1AHZ9,-,UTI - Fixed Term Income Fund Series XXXI-VI (1167 Days),Close Ended Schemes(Income),UTI Mutual Fund,Regular,Other,,
146540,INF789F1AIB8,-,UTI - Fixed Term Income Fund Series XXXI-VI (1167 Days),Close Ended Schemes(Income),UTI Mutual Fund,Regular,Other,,
146537,INF789F1AIA0,-,UTI - Fixed Term Income Fund Series XXXI-VI (1167 Days),Close Ended Schemes(Income),UTI Mutual Fund,Regular,Other,,
146536,INF789F1AHY2,-,UTI - Fixed Term Income Fund Series XXXI-VI (1167 Days),Close Ended Schemes(Income),UTI Mutual Fund,Regular,Other,,
146544,INF789F1AHT2,-,UTI - Fixed Term Income Fund Series XXXI-VI (1167 Days),Close Ended Schemes(Income),UTI Mutual Fund,Regular,Other,,
146608,INF789F1AIH5,-,UTI - Fixed Term Income Fund Series XXXI-VII (1155 Days),Close Ended Schemes(Income),UTI Mutual Fund,Regular,Other,,
146613,INF789F1AIC6,-,UTI - Fixed Term Income Fund Series XXXI-VII (1155 Days),Close Ended Schemes(Income),UTI Mutual Fund,Regular,Other,,
146609,INF789F1AIJ1,-,UTI - Fixed Term Income Fund Series XXXI-VII (1155 Days),Close Ended Schemes(Income),UTI Mutual Fund,Regular,Other,,
146611,INF789F1AIK9,-,UTI - Fixed Term Income Fund Series XXXI-VII (1155 Days),Close Ended Schemes(Income),UTI Mutual Fund,Regular,Other,,
146610,INF789F1AII3,-,UTI - Fixed Term Income Fund Series XXXI-VII (1155 Days),Close Ended Schemes(Income),UTI Mutual Fund,Regular,Other,,
146614,INF789F1AIE2,-,UTI - Fixed Term Income Fund Series XXXI-VII (1155 Days),Close Ended Schemes(Income),UTI Mutual Fund,Regular,Other,,
146615,INF789F1AIG7,-,UTI - Fixed Term Income Fund Series XXXI-VII (1155 Days),Close Ended Schemes(Income),UTI Mutual Fund,Regular,Other,,
146617,INF789F1AIF9,-,UTI - Fixed Term Income Fund Series XXXI-VII (1155 Days),Close Ended Schemes(Income),UTI Mutual Fund,Regular,Other,,
146616,INF789F1AID4,-,UTI - Fixed Term Income Fund Series XXXI-VII (1155 Days),Close Ended Schemes(Income),UTI Mutual Fund,Regular,Other,,
146706,INF789F1AIU8,-,UTI - Fixed Term Income Fund Series XXXI-VIII (1153 Days),Close Ended Schemes(Income),UTI Mutual Fund,Regular,Other,,
146709,INF789F1AIP8,-,UTI - Fixed Term Income Fund Series XXXI-VIII (1153 Days),Close Ended Schemes(Income),UTI Mutual Fund,Regular,Other,,
146715,INF789F1AIS2,-,UTI - Fixed Term Income Fund Series XXXI-VIII (1153 Days),Close Ended Schemes(Income),UTI Mutual Fund,Regular,Other,,
146708,INF789F1AIV6,-,UTI - Fixed Term Income Fund Series XXXI-VIII (1153 Days),Close Ended Schemes(Income),UTI Mutual Fund,Regular,Other,,
146713,INF789F1AIT0,-,UTI - Fixed Term Income Fund Series XXXI-VIII (1153 Days),Close Ended Schemes(Income),UTI Mutual Fund,Regular,Other,,
146707,INF789F1AIR4,-,UTI - Fixed Term Income Fund Series XXXI-VIII (1153 Days),Close Ended Schemes(Income),UTI Mutual Fund,Regular,Other,,
146714,INF789F1AIQ6,-,UTI - Fixed Term Income Fund Series XXXI-VIII (1153 Days),Close Ended Schemes(Income),UTI Mutual Fund,Regular,Other,,
146711,INF789F1AIM5,-,UTI - Fixed Term Income Fund Series XXXI-VIII (1153 Days),Close Ended Schemes(Income),UTI Mutual Fund,Regular,Other,,
146872,INF789F1AJL5,-,UTI - Fixed Term Income Fund Series XXXI-X (1168 Days),Close Ended Schemes(Income),UTI Mutual Fund,Regular,Other,,
146876,INF789F1AJG5,-,UTI - Fixed Term Income Fund Series XXXI-X (1168 Days),Close Ended Schemes(Income),UTI Mutual Fund,Regular,Other,,
146874,INF789F1AJN1,-,UTI - Fixed Term Income Fund Series XXXI-X (1168 Days),Close Ended Schemes(Income),UTI Mutual Fund,Regular,Other,,
146873,INF789F1AJO9,-,UTI - Fixed Term Income Fund Series XXXI-X (1168 Days),Close Ended Schemes(Income),UTI Mutual Fund,Regular,Other,,
146867,INF789F1AJM3,-,UTI - Fixed Term Income Fund Series XXXI-X (1168 Days),Close Ended Schemes(Income),UTI Mutual Fund,Regular,Other,,
146871,INF789F1AJH3,-,UTI - Fixed Term Income Fund Series XXXI-X (1168 Days),Close Ended Schemes(Income),UTI Mutual Fund,Regular,Other,,
146987,INF789F1AJV4,-,UTI - Fixed Term Income Fund Series XXXI-XI (1169 Days),Close Ended Schemes(Income),UTI Mutual Fund,Regular,Other,,
146990,INF789F1AJQ4,-,UTI - Fixed Term Income Fund Series XXXI-XI (1169 Days),Close Ended Schemes(Income),UTI Mutual Fund,Regular,Other,,
146995,INF789F1AJX0,-,UTI - Fixed Term Income Fund Series XXXI-XI (1169 Days),Close Ended Schemes(Income),UTI Mutual Fund,Regular,Other,,
146989,INF789F1AJY8,-,UTI - Fixed Term Income Fund Series XXXI-XI (1169 Days),Close Ended Schemes(Income),UTI Mutual Fund,Regular,Other,,
146988,INF789F1AJW2,-,UTI - Fixed Term Income Fund Series XXXI-XI (1169 Days),Close Ended Schemes(Income),UTI Mutual Fund,Regular,Other,,
146996,INF789F1AJS0,-,UTI - Fixed Term Income Fund Series XXXI-XI (1169 Days),Close Ended Schemes(Income),UTI Mutual Fund,Regular,Other,,
146994,INF789F1AJT8,-,UTI - Fixed Term Income Fund Series XXXI-XI (1169 Days),Close Ended Schemes(Income),UTI Mutual Fund,Regular,Other,,
146991,INF789F1AJR2,-,UTI - Fixed Term Income Fund Series XXXI-XI (1169 Days),Close Ended Schemes(Income),UTI Mutual Fund,Regular,Other,,
147071,INF789F1AKF5,-,UTI - Fixed Term Income Fund Series XXXI-XII (1148 Days),Close Ended Schemes(Income),UTI Mutual Fund,Regular,Other,,
147076,INF789F1AKA6,-,UTI - Fixed Term Income Fund Series XXXI-XII (1148 Days),Close Ended Schemes(Income),UTI Mutual Fund,Regular,Other,,
147072,INF789F1AKH1,-,UTI - Fixed Term Income Fund Series XXXI-XII (1148 Days),Close Ended Schemes(Income),UTI Mutual Fund,Regular,Other,,
147073,INF789F1AKG3,-,UTI - Fixed Term Income Fund Series XXXI-XII (1148 Days),Close Ended Schemes(Income),UTI Mutual Fund,Regular,Other,,
147077,INF789F1AKC2,-,UTI - Fixed Term Income Fund Series XXXI-XII (1148 Days),Close Ended Schemes(Income),UTI Mutual Fund,Regular,Other,,
147079,INF789F1AKD0,-,UTI - Fixed Term Income Fund Series XXXI-XII (1148 Days),Close Ended Schemes(Income),UTI Mutual Fund,Regular,Other,,
147078,INF789F1AKB4,-,UTI - Fixed Term Income Fund Series XXXI-XII (1148 Days),Close Ended Schemes(Income),UTI Mutual Fund,Regular,Other,,
147165,INF789F1AKP4,-,UTI - Fixed Term Income Fund Series XXXI-XIII (1127 Days),Close Ended Schemes(Income),UTI Mutual Fund,Regular,Other,,
147168,INF789F1AKK5,-,UTI - Fixed Term Income Fund Series XXXI-XIII (1127 Days),Close Ended Schemes(Income),UTI Mutual Fund,Regular,Other,,
147166,INF789F1AKR0,-,UTI - Fixed Term Income Fund Series XXXI-XIII (1127 Days),Close Ended Schemes(Income),UTI Mutual Fund,Regular,Other,,
147172,INF789F1AKQ2,-,UTI - Fixed Term Income Fund Series XXXI-XIII (1127 Days),Close Ended Schemes(Income),UTI Mutual Fund,Regular,Other,,
147174,INF789F1AKN9,-,UTI - Fixed Term Income Fund Series XXXI-XIII (1127 Days),Close Ended Schemes(Income),UTI Mutual Fund,Regular,Other,,
147169,INF789F1AKL3,-,UTI - Fixed Term Income Fund Series XXXI-XIII (1127 Days),Close Ended Schemes(Income),UTI Mutual Fund,Regular,Other,,
147255,INF789F1AKZ3,-,UTI - Fixed Term Income Fund Series XXXI-XIV (1111 Days),Close Ended Schemes(Income),UTI Mutual Fund,Regular,Other,,
147257,INF789F1AKU4,-,UTI - Fixed Term Income Fund Series XXXI-XIV (1111 Days),Close Ended Schemes(Income),UTI Mutual Fund,Regular,Other,,
147259,INF789F1ALC0,-,UTI - Fixed Term Income Fund Series XXXI-XIV (1111 Days),Close Ended Schemes(Income),UTI Mutual Fund,Regular,Other,,
147256,INF789F1ALA4,-,UTI - Fixed Term Income Fund Series XXXI-XIV (1111 Days),Close Ended Schemes(Income),UTI Mutual Fund,Regular,Other,,
147261,INF789F1AKW0,-,UTI - Fixed Term Income Fund Series XXXI-XIV (1111 Days),Close Ended Schemes(Income),UTI Mutual Fund,Regular,Other,,
147263,INF789F1AKY6,-,UTI - Fixed Term Income Fund Series XXXI-XIV (1111 Days),Close Ended Schemes(Income),UTI Mutual Fund,Regular,Other,,
147264,INF789F1AKX8,-,UTI - Fixed Term Income Fund Series XXXI-XIV (1111 Days),Close Ended Schemes(Income),UTI Mutual Fund,Regular,Other,,
147262,INF789F1AKV2,-,UTI - Fixed Term Income Fund Series XXXI-XIV (1111 Days),Close Ended Schemes(Income),UTI Mutual Fund,Regular,Other,,
147322,INF789F1ALJ5,-,UTI - Fixed Term Income Fund Series XXXI-XV (1099 Days),Close Ended Schemes(Income),UTI Mutual Fund,Regular,Other,,
147328,INF789F1ALE6,-,UTI - Fixed Term Income Fund Series XXXI-XV (1099 Days),Close Ended Schemes(Income),UTI Mutual Fund,Regular,Other,,
147321,INF789F1ALL1,-,UTI - Fixed Term Income Fund Series XXXI-XV (1099 Days),Close Ended Schemes(Income),UTI Mutual Fund,Regular,Other,,
147324,INF789F1ALM9,-,UTI - Fixed Term Income Fund Series XXXI-XV (1099 Days),Close Ended Schemes(Income),UTI Mutual Fund,Regular,Other,,
147323,INF789F1ALK3,-,UTI - Fixed Term Income Fund Series XXXI-XV (1099 Days),Close Ended Schemes(Income),UTI Mutual Fund,Regular,Other,,
147329,INF789F1ALG1,-,UTI - Fixed Term Income Fund Series XXXI-XV (1099 Days),Close Ended Schemes(Income),UTI Mutual Fund,Regular,Other,,
147327,INF789F1ALI7,-,UTI - Fixed Term Income Fund Series XXXI-XV (1099 Days),Close Ended Schemes(Income),UTI Mutual Fund,Regular,Other,,
147326,INF789F1ALH9,-,UTI - Fixed Term Income Fund Series XXXI-XV (1099 Days),Close Ended Schemes(Income),UTI Mutual Fund,Regular,Other,,
147330,INF789F1ALF3,-,UTI - Fixed Term Income Fund Series XXXI-XV (1099 Days),Close Ended Schemes(Income),UTI Mutual Fund,Regular,Other,,
147363,INF789F1ALT4,-,UTI - Fixed Term Income Fund Series XXXII-I(1126 Days),Close Ended Schemes(Income),UTI Mutual Fund,Regular,Other,,
147364,INF789F1ALO5,-,UTI - Fixed Term Income Fund Series XXXII-I(1126 Days),Close Ended Schemes(Income),UTI Mutual Fund,Regular,Other,,
147362,INF789F1ALV0,-,UTI - Fixed Term Income Fund Series XXXII-I(1126 Days),Close Ended Schemes(Income),UTI Mutual Fund,Regular,Other,,
147369,INF789F1ALX6,-,UTI - Fixed Term Income Fund Series XXXII-I(1126 Days),Close Ended Schemes(Income),UTI Mutual Fund,Regular,Other,,
147365,INF789F1ALW8,-,UTI - Fixed Term Income Fund Series XXXII-I(1126 Days),Close Ended Schemes(Income),UTI Mutual Fund,Regular,Other,,
147367,INF789F1ALU2,-,UTI - Fixed Term Income Fund Series XXXII-I(1126 Days),Close Ended Schemes(Income),UTI Mutual Fund,Regular,Other,,
147361,INF789F1ALQ0,-,UTI - Fixed Term Income Fund Series XXXII-I(1126 Days),Close Ended Schemes(Income),UTI Mutual Fund,Regular,Other,,
147366,INF789F1ALR8,-,UTI - Fixed Term Income Fund Series XXXII-I(1126 Days),Close Ended Schemes(Income),UTI Mutual Fund,Regular,Other,,
147368,INF789F1ALP2,-,UTI - Fixed Term Income Fund Series XXXII-I(1126 Days),Close Ended Schemes(Income),UTI Mutual Fund,Regular,Other,,
147411,INF789F1AMD6,-,UTI - Fixed Term Income Fund Series XXXII-II(1111 Days),Close Ended Schemes(Income),UTI Mutual Fund,Regular,Other,,
147420,INF789F1ALY4,-,UTI - Fixed Term Income Fund Series XXXII-II(1111 Days),Close Ended Schemes(Income),UTI Mutual Fund,Regular,Other,,
147414,INF789F1AMF1,-,UTI - Fixed Term Income Fund Series XXXII-II(1111 Days),Close Ended Schemes(Income),UTI Mutual Fund,Regular,Other,,
147415,INF789F1AMH7,-,UTI - Fixed Term Income Fund Series XXXII-II(1111 Days),Close Ended Schemes(Income),UTI Mutual Fund,Regular,Other,,
147412,INF789F1AME4,-,UTI - Fixed Term Income Fund Series XXXII-II(1111 Days),Close Ended Schemes(Income),UTI Mutual Fund,Regular,Other,,
147416,INF789F1AMA2,-,UTI - Fixed Term Income Fund Series XXXII-II(1111 Days),Close Ended Schemes(Income),UTI Mutual Fund,Regular,Other,,
147419,INF789F1AMC8,-,UTI - Fixed Term Income Fund Series XXXII-II(1111 Days),Close Ended Schemes(Income),UTI Mutual Fund,Regular,Other,,
147418,INF789F1AMB0,-,UTI - Fixed Term Income Fund Series XXXII-II(1111 Days),Close Ended Schemes(Income),UTI Mutual Fund,Regular,Other,,
147417,INF789F1ALZ1,-,UTI - Fixed Term Income Fund Series XXXII-II(1111 Days),Close Ended Schemes(Income),UTI Mutual Fund,Regular,Other,,
148197,INF789F1ARA1,-,UTI - Fixed Term Income Fund Series XXXIII-I (1135 Days),Close Ended Schemes(Income),UTI Mutual Fund,Regular,Other,,
148205,INF789F1AQV9,-,UTI - Fixed Term Income Fund Series XXXIII-I (1135 Days),Close Ended Schemes(Income),UTI Mutual Fund,Regular,Other,,
148198,INF789F1AQY3,-,UTI - Fixed Term Income Fund Series XXXIII-I (1135 Days),Close Ended Schemes(Income),UTI Mutual Fund,Regular,Other,,
148200,INF789F1ARB9,-,UTI - Fixed Term Income Fund Series XXXIII-I (1135 Days),Close Ended Schemes(Income),UTI Mutual Fund,Regular,Other,,
148199,INF789F1AQZ0,-,UTI - Fixed Term Income Fund Series XXXIII-I (1135 Days),Close Ended Schemes(Income),UTI Mutual Fund,Regular,Other,,
148196,INF789F1AQX5,-,UTI - Fixed Term Income Fund Series XXXIII-I (1135 Days),Close Ended Schemes(Income),UTI Mutual Fund,Regular,Other,,
148204,INF789F1AQT3,-,UTI - Fixed Term Income Fund Series XXXIII-I (1135 Days),Close Ended Schemes(Income),UTI Mutual Fund,Regular,Other,,
148203,INF789F1AQU1,-,UTI - Fixed Term Income Fund Series XXXIII-I (1135 Days),Close Ended Schemes(Income),UTI Mutual Fund,Regular,Other,,
148202,INF789F1AQS5,-,UTI - Fixed Term Income Fund Series XXXIII-I (1135 Days),Close Ended Schemes(Income),UTI Mutual Fund,Regular,Other,,
141175,INF789FC1MV5,-,UTI - FTIF - Series XXVI - Plan IX(1113 Days),Close Ended Schemes(Income),UTI Mutual Fund,Regular,Other,,
141176,INF789FC1NB5,-,UTI - FTIF - Series XXVI - Plan IX(1113 Days),Close Ended Schemes(Income),UTI Mutual Fund,Regular,Other,,
141168,INF789FC1NA7,-,UTI - FTIF - Series XXVI - Plan IX(1113 Days),Close Ended Schemes(Income),UTI Mutual Fund,Regular,Other,,
141167,INF789FC1MU7,-,UTI - FTIF - Series XXVI - Plan IX(1113 Days),Close Ended Schemes(Income),UTI Mutual Fund,Regular,Other,,
141169,INF789FC1MZ6,-,UTI - FTIF - Series XXVI - Plan IX(1113 Days),Close Ended Schemes(Income),UTI Mutual Fund,Regular,Other,,
141170,INF789FC1MX1,-,UTI - FTIF - Series XXVI - Plan IX(1113 Days),Close Ended Schemes(Income),UTI Mutual Fund,Regular,Other,,
141173,INF789FC1ND1,-,UTI - FTIF - Series XXVI - Plan IX(1113 Days),Close Ended Schemes(Income),UTI Mutual Fund,Regular,Other,,
141174,INF789FC1NC3,-,UTI - FTIF - Series XXVI - Plan IX(1113 Days),Close Ended Schemes(Income),UTI Mutual Fund,Regular,Other,,
141171,INF789FC1MY9,-,UTI - FTIF - Series XXVI - Plan IX(1113 Days),Close Ended Schemes(Income),UTI Mutual Fund,Regular,Other,,
141201,INF789FC1NF6,-,UTI - FTIF - Series XXVI - Plan X (1107 Days),Close Ended Schemes(Income),UTI Mutual Fund,Regular,Other,,
141200,INF789FC1NG4,-,UTI - FTIF - Series XXVI - Plan X (1107 Days),Close Ended Schemes(Income),UTI Mutual Fund,Regular,Other,,
141193,INF789FC1NL4,-,UTI - FTIF - Series XXVI - Plan X (1107 Days),Close Ended Schemes(Income),UTI Mutual Fund,Regular,Other,,
141194,INF789FC1NK6,-,UTI - FTIF - Series XXVI - Plan X (1107 Days),Close Ended Schemes(Income),UTI Mutual Fund,Regular,Other,,
141199,INF789FC1NE9,-,UTI - FTIF - Series XXVI - Plan X (1107 Days),Close Ended Schemes(Income),UTI Mutual Fund,Regular,Other,,
141196,INF789FC1NJ8,-,UTI - FTIF - Series XXVI - Plan X (1107 Days),Close Ended Schemes(Income),UTI Mutual Fund,Regular,Other,,
141195,INF789FC1NN0,-,UTI - FTIF - Series XXVI - Plan X (1107 Days),Close Ended Schemes(Income),UTI Mutual Fund,Regular,Other,,
141197,INF789FC1NM2,-,UTI - FTIF - Series XXVI - Plan X (1107 Days),Close Ended Schemes(Income),UTI Mutual Fund,Regular,Other,,
141198,INF789FC1NI0,-,UTI - FTIF - Series XXVI - Plan X (1107 Days),Close Ended Schemes(Income),UTI Mutual Fund,Regular,Other,,
141242,INF789FC1ST6,-,UTI - FTIF - Series XXVI - Plan XI (1105 Days),Close Ended Schemes(Income),UTI Mutual Fund,Regular,Other,,
141233,INF789FC1SU4,-,UTI - FTIF - Series XXVI - Plan XI (1105 Days),Close Ended Schemes(Income),UTI Mutual Fund,Regular,Other,,
141236,INF789FC1SZ3,-,UTI - FTIF - Series XXVI - Plan XI (1105 Days),Close Ended Schemes(Income),UTI Mutual Fund,Regular,Other,,
141238,INF789FC1SY6,-,UTI - FTIF - Series XXVI - Plan XI (1105 Days),Close Ended Schemes(Income),UTI Mutual Fund,Regular,Other,,
141237,INF789FC1SS8,-,UTI - FTIF - Series XXVI - Plan XI (1105 Days),Close Ended Schemes(Income),UTI Mutual Fund,Regular,Other,,
141234,INF789FC1SX8,-,UTI - FTIF - Series XXVI - Plan XI (1105 Days),Close Ended Schemes(Income),UTI Mutual Fund,Regular,Other,,
141235,INF789FC1SV2,-,UTI - FTIF - Series XXVI - Plan XI (1105 Days),Close Ended Schemes(Income),UTI Mutual Fund,Regular,Other,,
141240,INF789FC1TB2,-,UTI - FTIF - Series XXVI - Plan XI (1105 Days),Close Ended Schemes(Income),UTI Mutual Fund,Regular,Other,,
141239,INF789FC1TA4,-,UTI - FTIF - Series XXVI - Plan XI (1105 Days),Close Ended Schemes(Income),UTI Mutual Fund,Regular,Other,,
141241,INF789FC1SW0,-,UTI - FTIF - Series XXVI - Plan XI (1105 Days),Close Ended Schemes(Income),UTI Mutual Fund,Regular,Other,,
141292,INF789FC1TM9,-,UTI - FTIF - Series XXVI - Plan XII (1096 Days),Close Ended Schemes(Income),UTI Mutual Fund,Regular,Other,,
141287,INF789FC1TH9,-,UTI - FTIF - Series XXVI - Plan XII (1096 Days),Close Ended Schemes(Income),UTI Mutual Fund,Regular,Other,,
141293,INF789FC1TI7,-,UTI - FTIF - Series XXVI - Plan XII (1096 Days),Close Ended Schemes(Income),UTI Mutual Fund,Regular,Other,,
141296,INF789FC1TN7,-,UTI - FTIF - Series XXVI - Plan XII (1096 Days),Close Ended Schemes(Income),UTI Mutual Fund,Regular,Other,,
141288,INF789FC1TG1,-,UTI - FTIF - Series XXVI - Plan XII (1096 Days),Close Ended Schemes(Income),UTI Mutual Fund,Regular,Other,,
141290,INF789FC1TL1,-,UTI - FTIF - Series XXVI - Plan XII (1096 Days),Close Ended Schemes(Income),UTI Mutual Fund,Regular,Other,,
141289,INF789FC1TP2,-,UTI - FTIF - Series XXVI - Plan XII (1096 Days),Close Ended Schemes(Income),UTI Mutual Fund,Regular,Other,,
141291,INF789FC1TO5,-,UTI - FTIF - Series XXVI - Plan XII (1096 Days),Close Ended Schemes(Income),UTI Mutual Fund,Regular,Other,,
141295,INF789FC1TK3,-,UTI - FTIF - Series XXVI - Plan XII (1096 Days),Close Ended Schemes(Income),UTI Mutual Fund,Regular,Other,,
141308,INF789FC1TR8,-,UTI - FTIF - Series XXVI - Plan XIII (1124 Days),Close Ended Schemes(Income),UTI Mutual Fund,Regular,Other,,
141307,INF789FC1TX6,-,UTI - FTIF - Series XXVI - Plan XIII (1124 Days),Close Ended Schemes(Income),UTI Mutual Fund,Regular,Other,,
141309,INF789FC1TW8,-,UTI - FTIF - Series XXVI - Plan XIII (1124 Days),Close Ended Schemes(Income),UTI Mutual Fund,Regular,Other,,
141315,INF789FC1TQ0,-,UTI - FTIF - Series XXVI - Plan XIII (1124 Days),Close Ended Schemes(Income),UTI Mutual Fund,Regular,Other,,
141313,INF789FC1TV0,-,UTI - FTIF - Series XXVI - Plan XIII (1124 Days),Close Ended Schemes(Income),UTI Mutual Fund,Regular,Other,,
141312,INF789FC1TT4,-,UTI - FTIF - Series XXVI - Plan XIII (1124 Days),Close Ended Schemes(Income),UTI Mutual Fund,Regular,Other,,
141311,INF789FC1TZ1,-,UTI - FTIF - Series XXVI - Plan XIII (1124 Days),Close Ended Schemes(Income),UTI Mutual Fund,Regular,Other,,
141314,INF789FC1TY4,-,UTI - FTIF - Series XXVI - Plan XIII (1124 Days),Close Ended Schemes(Income),UTI Mutual Fund,Regular,Other,,
141316,INF789FC1TU2,-,UTI - FTIF - Series XXVI - Plan XIII (1124 Days),Close Ended Schemes(Income),UTI Mutual Fund,Regular,Other,,
141394,INF789FC1ZP9,-,UTI - FTIF - Series XXVI - Plan XIV (1105 Days),Close Ended Schemes(Income),UTI Mutual Fund,Regular,Other,,
141395,INF789FC1ZQ7,-,UTI - FTIF - Series XXVI - Plan XIV (1105 Days),Close Ended Schemes(Income),UTI Mutual Fund,Regular,Other,,
141402,INF789FC1ZV7,-,UTI - FTIF - Series XXVI - Plan XIV (1105 Days),Close Ended Schemes(Income),UTI Mutual Fund,Regular,Other,,
141396,INF789FC1ZU9,-,UTI - FTIF - Series XXVI - Plan XIV (1105 Days),Close Ended Schemes(Income),UTI Mutual Fund,Regular,Other,,
141397,INF789FC1ZO2,-,UTI - FTIF - Series XXVI - Plan XIV (1105 Days),Close Ended Schemes(Income),UTI Mutual Fund,Regular,Other,,
141398,INF789FC1ZT1,-,UTI - FTIF - Series XXVI - Plan XIV (1105 Days),Close Ended Schemes(Income),UTI Mutual Fund,Regular,Other,,
141399,INF789FC1ZR5,-,UTI - FTIF - Series XXVI - Plan XIV (1105 Days),Close Ended Schemes(Income),UTI Mutual Fund,Regular,Other,,
141400,INF789FC1ZX3,-,UTI - FTIF - Series XXVI - Plan XIV (1105 Days),Close Ended Schemes(Income),UTI Mutual Fund,Regular,Other,,
141403,INF789FC1ZW5,-,UTI - FTIF - Series XXVI - Plan XIV (1105 Days),Close Ended Schemes(Income),UTI Mutual Fund,Regular,Other,,
141401,INF789FC1ZS3,-,UTI - FTIF - Series XXVI - Plan XIV (1105 Days),Close Ended Schemes(Income),UTI Mutual Fund,Regular,Other,,
141453,INF789FC1A38,-,UTI - FTIF - Series XXVI - Plan XV (1097 Days),Close Ended Schemes(Income),UTI Mutual Fund,Regular,Other,,
141452,INF789FC1A95,-,UTI - FTIF - Series XXVI - Plan XV (1097 Days),Close Ended Schemes(Income),UTI Mutual Fund,Regular,Other,,
141455,INF789FC1A87,-,UTI - FTIF - Series XXVI - Plan XV (1097 Days),Close Ended Schemes(Income),UTI Mutual Fund,Regular,Other,,
141454,INF789FC1A20,-,UTI - FTIF - Series XXVI - Plan XV (1097 Days),Close Ended Schemes(Income),UTI Mutual Fund,Regular,Other,,
141456,INF789FC1A79,-,UTI - FTIF - Series XXVI - Plan XV (1097 Days),Close Ended Schemes(Income),UTI Mutual Fund,Regular,Other,,
141451,INF789FC1A53,-,UTI - FTIF - Series XXVI - Plan XV (1097 Days),Close Ended Schemes(Income),UTI Mutual Fund,Regular,Other,,
141449,INF789FC1B11,-,UTI - FTIF - Series XXVI - Plan XV (1097 Days),Close Ended Schemes(Income),UTI Mutual Fund,Regular,Other,,
141450,INF789FC1B03,-,UTI - FTIF - Series XXVI - Plan XV (1097 Days),Close Ended Schemes(Income),UTI Mutual Fund,Regular,Other,,
141457,INF789FC1A61,-,UTI - FTIF - Series XXVI - Plan XV (1097 Days),Close Ended Schemes(Income),UTI Mutual Fund,Regular,Other,,
141478,INF789FC1K93,-,UTI - FTIF - Series XXVII - Plan I (1113 Days),Close Ended Schemes(Income),UTI Mutual Fund,Regular,Other,,
141480,INF789FC1L01,-,UTI - FTIF - Series XXVII - Plan I (1113 Days),Close Ended Schemes(Income),UTI Mutual Fund,Regular,Other,,
141485,INF789FC1L50,-,UTI - FTIF - Series XXVII - Plan I (1113 Days),Close Ended Schemes(Income),UTI Mutual Fund,Regular,Other,,
141479,INF789FC1L43,-,UTI - FTIF - Series XXVII - Plan I (1113 Days),Close Ended Schemes(Income),UTI Mutual Fund,Regular,Other,,
141486,INF789FC1K85,-,UTI - FTIF - Series XXVII - Plan I (1113 Days),Close Ended Schemes(Income),UTI Mutual Fund,Regular,Other,,
141482,INF789FC1L35,-,UTI - FTIF - Series XXVII - Plan I (1113 Days),Close Ended Schemes(Income),UTI Mutual Fund,Regular,Other,,
141484,INF789FC1L19,-,UTI - FTIF - Series XXVII - Plan I (1113 Days),Close Ended Schemes(Income),UTI Mutual Fund,Regular,Other,,
141481,INF789FC1L76,-,UTI - FTIF - Series XXVII - Plan I (1113 Days),Close Ended Schemes(Income),UTI Mutual Fund,Regular,Other,,
141487,INF789FC1L68,-,UTI - FTIF - Series XXVII - Plan I (1113 Days),Close Ended Schemes(Income),UTI Mutual Fund,Regular,Other,,
141483,INF789FC1L27,-,UTI - FTIF - Series XXVII - Plan I (1113 Days),Close Ended Schemes(Income),UTI Mutual Fund,Regular,Other,,
141531,INF789FC1L92,-,UTI - FTIF - Series XXVII - Plan II (1161 Days),Close Ended Schemes(Income),UTI Mutual Fund,Regular,Other,,
141534,INF789FC1M59,-,UTI - FTIF - Series XXVII - Plan II (1161 Days),Close Ended Schemes(Income),UTI Mutual Fund,Regular,Other,,
141532,INF789FC1L84,-,UTI - FTIF - Series XXVII - Plan II (1161 Days),Close Ended Schemes(Income),UTI Mutual Fund,Regular,Other,,
141537,INF789FC1M34,-,UTI - FTIF - Series XXVII - Plan II (1161 Days),Close Ended Schemes(Income),UTI Mutual Fund,Regular,Other,,
141539,INF789FC1M18,-,UTI - FTIF - Series XXVII - Plan II (1161 Days),Close Ended Schemes(Income),UTI Mutual Fund,Regular,Other,,
141536,INF789FC1M75,-,UTI - FTIF - Series XXVII - Plan II (1161 Days),Close Ended Schemes(Income),UTI Mutual Fund,Regular,Other,,
141540,INF789FC1M67,-,UTI - FTIF - Series XXVII - Plan II (1161 Days),Close Ended Schemes(Income),UTI Mutual Fund,Regular,Other,,
141538,INF789FC1M26,-,UTI - FTIF - Series XXVII - Plan II (1161 Days),Close Ended Schemes(Income),UTI Mutual Fund,Regular,Other,,
141570,INF789FC1M91,-,UTI - FTIF - Series XXVII - Plan III (1096 Days),Close Ended Schemes(Income),UTI Mutual Fund,Regular,Other,,
141572,INF789FC1N58,-,UTI - FTIF - Series XXVII - Plan III (1096 Days),Close Ended Schemes(Income),UTI Mutual Fund,Regular,Other,,
141571,INF789FC1N41,-,UTI - FTIF - Series XXVII - Plan III (1096 Days),Close Ended Schemes(Income),UTI Mutual Fund,Regular,Other,,
141569,INF789FC1M83,-,UTI - FTIF - Series XXVII - Plan III (1096 Days),Close Ended Schemes(Income),UTI Mutual Fund,Regular,Other,,
141576,INF789FC1N33,-,UTI - FTIF - Series XXVII - Plan III (1096 Days),Close Ended Schemes(Income),UTI Mutual Fund,Regular,Other,,
141573,INF789FC1N74,-,UTI - FTIF - Series XXVII - Plan III (1096 Days),Close Ended Schemes(Income),UTI Mutual Fund,Regular,Other,,
141574,INF789FC1N66,-,UTI - FTIF - Series XXVII - Plan III (1096 Days),Close Ended Schemes(Income),UTI Mutual Fund,Regular,Other,,
141577,INF789FC1N25,-,UTI - FTIF - Series XXVII - Plan III (1096 Days),Close Ended Schemes(Income),UTI Mutual Fund,Regular,Other,,
141621,INF789FC1O08,-,UTI - FTIF - Series XXVII - Plan IV (1113 Days),Close Ended Schemes(Income),UTI Mutual Fund,Regular,Other,,
141622,INF789FC1O16,-,UTI - FTIF - Series XXVII - Plan IV (1113 Days),Close Ended Schemes(Income),UTI Mutual Fund,Regular,Other,,
141620,INF789FC1O65,-,UTI - FTIF - Series XXVII - Plan IV (1113 Days),Close Ended Schemes(Income),UTI Mutual Fund,Regular,Other,,
141626,INF789FC1O57,-,UTI - FTIF - Series XXVII - Plan IV (1113 Days),Close Ended Schemes(Income),UTI Mutual Fund,Regular,Other,,
141627,INF789FC1N90,-,UTI - FTIF - Series XXVII - Plan IV (1113 Days),Close Ended Schemes(Income),UTI Mutual Fund,Regular,Other,,
141629,INF789FC1O81,-,UTI - FTIF - Series XXVII - Plan IV (1113 Days),Close Ended Schemes(Income),UTI Mutual Fund,Regular,Other,,
141623,INF789FC1O40,-,UTI - FTIF - Series XXVII - Plan IV (1113 Days),Close Ended Schemes(Income),UTI Mutual Fund,Regular,Other,,
141625,INF789FC1O24,-,UTI - FTIF - Series XXVII - Plan IV (1113 Days),Close Ended Schemes(Income),UTI Mutual Fund,Regular,Other,,
141624,INF789FC1O73,-,UTI - FTIF - Series XXVII - Plan IV (1113 Days),Close Ended Schemes(Income),UTI Mutual Fund,Regular,Other,,
141628,INF789FC1O32,-,UTI - FTIF - Series XXVII - Plan IV (1113 Days),Close Ended Schemes(Income),UTI Mutual Fund,Regular,Other,,
141718,INF789FC1O99,-,UTI - FTIF - Series XXVII - Plan V (1097 Days),Close Ended Schemes(Income),UTI Mutual Fund,Regular,Other,,
141715,INF789FC1P23,-,UTI - FTIF - Series XXVII - Plan V (1097 Days),Close Ended Schemes(Income),UTI Mutual Fund,Regular,Other,,
141710,INF789FC1P07,-,UTI - FTIF - Series XXVII - Plan V (1097 Days),Close Ended Schemes(Income),UTI Mutual Fund,Regular,Other,,
141717,INF789FC1P15,-,UTI - FTIF - Series XXVII - Plan V (1097 Days),Close Ended Schemes(Income),UTI Mutual Fund,Regular,Other,,
141716,INF789FC1P64,-,UTI - FTIF - Series XXVII - Plan V (1097 Days),Close Ended Schemes(Income),UTI Mutual Fund,Regular,Other,,
141711,INF789FC1P56,-,UTI - FTIF - Series XXVII - Plan V (1097 Days),Close Ended Schemes(Income),UTI Mutual Fund,Regular,Other,,
141712,INF789FC1P49,-,UTI - FTIF - Series XXVII - Plan V (1097 Days),Close Ended Schemes(Income),UTI Mutual Fund,Regular,Other,,
141719,INF789FC1P80,-,UTI - FTIF - Series XXVII - Plan V (1097 Days),Close Ended Schemes(Income),UTI Mutual Fund,Regular,Other,,
141714,INF789FC1P72,-,UTI - FTIF - Series XXVII - Plan V (1097 Days),Close Ended Schemes(Income),UTI Mutual Fund,Regular,Other,,
141713,INF789FC1P31,-,UTI - FTIF - Series XXVII - Plan V (1097 Days),Close Ended Schemes(Income),UTI Mutual Fund,Regular,Other,,
141748,INF789FC1R39,-,UTI - FTIF - Series XXVII - Plan VI (1113 Days),Close Ended Schemes(Income),UTI Mutual Fund,Regular,Other,,
141750,INF789FC1R62,-,UTI - FTIF - Series XXVII - Plan VI (1113 Days),Close Ended Schemes(Income),UTI Mutual Fund,Regular,Other,,
141757,INF789FC1R54,-,UTI - FTIF - Series XXVII - Plan VI (1113 Days),Close Ended Schemes(Income),UTI Mutual Fund,Regular,Other,,
141756,INF789FC1R47,-,UTI - FTIF - Series XXVII - Plan VI (1113 Days),Close Ended Schemes(Income),UTI Mutual Fund,Regular,Other,,
141749,INF789FC1R21,-,UTI - FTIF - Series XXVII - Plan VI (1113 Days),Close Ended Schemes(Income),UTI Mutual Fund,Regular,Other,,
141752,INF789FC1Q89,-,UTI - FTIF - Series XXVII - Plan VI (1113 Days),Close Ended Schemes(Income),UTI Mutual Fund,Regular,Other,,
141754,INF789FC1R13,-,UTI - FTIF - Series XXVII - Plan VI (1113 Days),Close Ended Schemes(Income),UTI Mutual Fund,Regular,Other,,
141751,INF789FC1R05,-,UTI - FTIF - Series XXVII - Plan VI (1113 Days),Close Ended Schemes(Income),UTI Mutual Fund,Regular,Other,,
141753,INF789FC1Q97,-,UTI - FTIF - Series XXVII - Plan VI (1113 Days),Close Ended Schemes(Income),UTI Mutual Fund,Regular,Other,,
141755,INF789FC1Q71,-,UTI - FTIF - Series XXVII - Plan VI (1113 Days),Close Ended Schemes(Income),UTI Mutual Fund,Regular,Other,,
141769,INF789FC1S38,-,UTI - FTIF - Series XXVII - Plan VII (1104 Days),Close Ended Schemes(Income),UTI Mutual Fund,Regular,Other,,
141778,INF789FC1S53,-,UTI - FTIF - Series XXVII - Plan VII (1104 Days),Close Ended Schemes(Income),UTI Mutual Fund,Regular,Other,,
141771,INF789FC1S46,-,UTI - FTIF - Series XXVII - Plan VII (1104 Days),Close Ended Schemes(Income),UTI Mutual Fund,Regular,Other,,
141770,INF789FC1S20,-,UTI - FTIF - Series XXVII - Plan VII (1104 Days),Close Ended Schemes(Income),UTI Mutual Fund,Regular,Other,,
141776,INF789FC1R88,-,UTI - FTIF - Series XXVII - Plan VII (1104 Days),Close Ended Schemes(Income),UTI Mutual Fund,Regular,Other,,
141777,INF789FC1S12,-,UTI - FTIF - Series XXVII - Plan VII (1104 Days),Close Ended Schemes(Income),UTI Mutual Fund,Regular,Other,,
141775,INF789FC1S04,-,UTI - FTIF - Series XXVII - Plan VII (1104 Days),Close Ended Schemes(Income),UTI Mutual Fund,Regular,Other,,
141773,INF789FC1R96,-,UTI - FTIF - Series XXVII - Plan VII (1104 Days),Close Ended Schemes(Income),UTI Mutual Fund,Regular,Other,,
141774,INF789FC1R70,-,UTI - FTIF - Series XXVII - Plan VII (1104 Days),Close Ended Schemes(Income),UTI Mutual Fund,Regular,Other,,
139393,INF789FC1AD8,-,UTI - FTIF Series XXIV - XIV (1831 Days),Close Ended Schemes(Income),UTI Mutual Fund,Regular,Other,,
139397,INF789FC1972,-,UTI - FTIF Series XXIV - XIV (1831 Days),Close Ended Schemes(Income),UTI Mutual Fund,Regular,Other,,
139400,INF789FC1AC0,-,UTI - FTIF Series XXIV - XIV (1831 Days),Close Ended Schemes(Income),UTI Mutual Fund,Regular,Other,,
139402,INF789FC1AA4,-,UTI - FTIF Series XXIV - XIV (1831 Days),Close Ended Schemes(Income),UTI Mutual Fund,Regular,Other,,
139401,INF789FC1AF3,-,UTI - FTIF Series XXIV - XIV (1831 Days),Close Ended Schemes(Income),UTI Mutual Fund,Regular,Other,,
139398,INF789FC1AB2,-,UTI - FTIF Series XXIV - XIV (1831 Days),Close Ended Schemes(Income),UTI Mutual Fund,Regular,Other,,
139399,INF789FC1AE6,-,UTI - FTIF Series XXIV - XIV (1831 Days),Close Ended Schemes(Income),UTI Mutual Fund,Regular,Other,,
139395,INF789FC1AG1,-,UTI - FTIF Series XXIV - XIV (1831 Days),Close Ended Schemes(Income),UTI Mutual Fund,Regular,Other,,
140126,INF789FC1FQ9,-,UTI - FTIF Series XXV-Plan-X (1229 Days),Close Ended Schemes(Income),UTI Mutual Fund,Regular,Other,,
140130,INF789FC1FW7,-,UTI - FTIF Series XXV-Plan-X (1229 Days),Close Ended Schemes(Income),UTI Mutual Fund,Regular,Other,,
140121,INF789FC1FP1,-,UTI - FTIF Series XXV-Plan-X (1229 Days),Close Ended Schemes(Income),UTI Mutual Fund,Regular,Other,,
140128,INF789FC1FU1,-,UTI - FTIF Series XXV-Plan-X (1229 Days),Close Ended Schemes(Income),UTI Mutual Fund,Regular,Other,,
140125,INF789FC1FS5,-,UTI - FTIF Series XXV-Plan-X (1229 Days),Close Ended Schemes(Income),UTI Mutual Fund,Regular,Other,,
140123,INF789FC1FY3,-,UTI - FTIF Series XXV-Plan-X (1229 Days),Close Ended Schemes(Income),UTI Mutual Fund,Regular,Other,,
140129,INF789FC1FX5,-,UTI - FTIF Series XXV-Plan-X (1229 Days),Close Ended Schemes(Income),UTI Mutual Fund,Regular,Other,,
140124,INF789FC1FT3,-,UTI - FTIF Series XXV-Plan-X (1229 Days),Close Ended Schemes(Income),UTI Mutual Fund,Regular,Other,,
140375,INF789FC1GJ2,-,UTI - FTIF Series XXV-Plan-XI (1211 Days),Close Ended Schemes(Income),UTI Mutual Fund,Regular,Other,,
140367,INF789FC1GK0,-,UTI - FTIF Series XXV-Plan-XI (1211 Days),Close Ended Schemes(Income),UTI Mutual Fund,Regular,Other,,
140373,INF789FC1GP9,-,UTI - FTIF Series XXV-Plan-XI (1211 Days),Close Ended Schemes(Income),UTI Mutual Fund,Regular,Other,,
140374,INF789FC1GO2,-,UTI - FTIF Series XXV-Plan-XI (1211 Days),Close Ended Schemes(Income),UTI Mutual Fund,Regular,Other,,
140376,INF789FC1GI4,-,UTI - FTIF Series XXV-Plan-XI (1211 Days),Close Ended Schemes(Income),UTI Mutual Fund,Regular,Other,,
140369,INF789FC1GN4,-,UTI - FTIF Series XXV-Plan-XI (1211 Days),Close Ended Schemes(Income),UTI Mutual Fund,Regular,Other,,
140372,INF789FC1GL8,-,UTI - FTIF Series XXV-Plan-XI (1211 Days),Close Ended Schemes(Income),UTI Mutual Fund,Regular,Other,,
140368,INF789FC1GR5,-,UTI - FTIF Series XXV-Plan-XI (1211 Days),Close Ended Schemes(Income),UTI Mutual Fund,Regular,Other,,
140371,INF789FC1GQ7,-,UTI - FTIF Series XXV-Plan-XI (1211 Days),Close Ended Schemes(Income),UTI Mutual Fund,Regular,Other,,
140370,INF789FC1GM6,-,UTI - FTIF Series XXV-Plan-XI (1211 Days),Close Ended Schemes(Income),UTI Mutual Fund,Regular,Other,,
140416,INF789FC1GW5,-,UTI - FTIF Series XXV-Plan-XII (1198 Days),Close Ended Schemes(Income),UTI Mutual Fund,Regular,Other,,
140415,INF789FC1GT1,-,UTI - FTIF Series XXV-Plan-XII (1198 Days),Close Ended Schemes(Income),UTI Mutual Fund,Regular,Other,,
140419,INF789FC1GZ8,-,UTI - FTIF Series XXV-Plan-XII (1198 Days),Close Ended Schemes(Income),UTI Mutual Fund,Regular,Other,,
140423,INF789FC1GY1,-,UTI - FTIF Series XXV-Plan-XII (1198 Days),Close Ended Schemes(Income),UTI Mutual Fund,Regular,Other,,
140421,INF789FC1GS3,-,UTI - FTIF Series XXV-Plan-XII (1198 Days),Close Ended Schemes(Income),UTI Mutual Fund,Regular,Other,,
140424,INF789FC1GX3,-,UTI - FTIF Series XXV-Plan-XII (1198 Days),Close Ended Schemes(Income),UTI Mutual Fund,Regular,Other,,
140418,INF789FC1GV7,-,UTI - FTIF Series XXV-Plan-XII (1198 Days),Close Ended Schemes(Income),UTI Mutual Fund,Regular,Other,,
140420,INF789FC1HB7,-,UTI - FTIF Series XXV-Plan-XII (1198 Days),Close Ended Schemes(Income),UTI Mutual Fund,Regular,Other,,
140417,INF789FC1HA9,-,UTI - FTIF Series XXV-Plan-XII (1198 Days),Close Ended Schemes(Income),UTI Mutual Fund,Regular,Other,,
140471,INF789FC1HH4,-,UTI - FTIF Series XXVI-Plan-I (1182 Days),Close Ended Schemes(Income),UTI Mutual Fund,Regular,Other,,
140468,INF789FC1HI2,-,UTI - FTIF Series XXVI-Plan-I (1182 Days),Close Ended Schemes(Income),UTI Mutual Fund,Regular,Other,,
140466,INF789FC1HN2,-,UTI - FTIF Series XXVI-Plan-I (1182 Days),Close Ended Schemes(Income),UTI Mutual Fund,Regular,Other,,
140474,INF789FC1HM4,-,UTI - FTIF Series XXVI-Plan-I (1182 Days),Close Ended Schemes(Income),UTI Mutual Fund,Regular,Other,,
140470,INF789FC1HG6,-,UTI - FTIF Series XXVI-Plan-I (1182 Days),Close Ended Schemes(Income),UTI Mutual Fund,Regular,Other,,
140469,INF789FC1HL6,-,UTI - FTIF Series XXVI-Plan-I (1182 Days),Close Ended Schemes(Income),UTI Mutual Fund,Regular,Other,,
140473,INF789FC1HJ0,-,UTI - FTIF Series XXVI-Plan-I (1182 Days),Close Ended Schemes(Income),UTI Mutual Fund,Regular,Other,,
140475,INF789FC1HP7,-,UTI - FTIF Series XXVI-Plan-I (1182 Days),Close Ended Schemes(Income),UTI Mutual Fund,Regular,Other,,
140467,INF789FC1HO0,-,UTI - FTIF Series XXVI-Plan-I (1182 Days),Close Ended Schemes(Income),UTI Mutual Fund,Regular,Other,,
140472,INF789FC1HK8,-,UTI - FTIF Series XXVI-Plan-I (1182 Days),Close Ended Schemes(Income),UTI Mutual Fund,Regular,Other,,
140525,INF789FC1HZ6,-,UTI - FTIF Series XXVI-Plan-II (1176 Days),Close Ended Schemes(Income),UTI Mutual Fund,Regular,Other,,
140519,INF789FC1IA7,-,UTI - FTIF Series XXVI-Plan-II (1176 Days),Close Ended Schemes(Income),UTI Mutual Fund,Regular,Other,,
140524,INF789FC1IF6,-,UTI - FTIF Series XXVI-Plan-II (1176 Days),Close Ended Schemes(Income),UTI Mutual Fund,Regular,Other,,
140521,INF789FC1IE9,-,UTI - FTIF Series XXVI-Plan-II (1176 Days),Close Ended Schemes(Income),UTI Mutual Fund,Regular,Other,,
140518,INF789FC1HY9,-,UTI - FTIF Series XXVI-Plan-II (1176 Days),Close Ended Schemes(Income),UTI Mutual Fund,Regular,Other,,
140526,INF789FC1ID1,-,UTI - FTIF Series XXVI-Plan-II (1176 Days),Close Ended Schemes(Income),UTI Mutual Fund,Regular,Other,,
140522,INF789FC1IB5,-,UTI - FTIF Series XXVI-Plan-II (1176 Days),Close Ended Schemes(Income),UTI Mutual Fund,Regular,Other,,
140520,INF789FC1IH2,-,UTI - FTIF Series XXVI-Plan-II (1176 Days),Close Ended Schemes(Income),UTI Mutual Fund,Regular,Other,,
140523,INF789FC1IG4,-,UTI - FTIF Series XXVI-Plan-II (1176 Days),Close Ended Schemes(Income),UTI Mutual Fund,Regular,Other,,
140527,INF789FC1IC3,-,UTI - FTIF Series XXVI-Plan-II (1176 Days),Close Ended Schemes(Income),UTI Mutual Fund,Regular,Other,,
140635,INF789FC1IX9,-,UTI - FTIF Series XXVI-Plan-III (1169 Days),Close Ended Schemes(Income),UTI Mutual Fund,Regular,Other,,
140636,INF789FC1IQ3,-,UTI - FTIF Series XXVI-Plan-III (1169 Days),Close Ended Schemes(Income),UTI Mutual Fund,Regular,Other,,
140641,INF789FC1IV3,-,UTI - FTIF Series XXVI-Plan-III (1169 Days),Close Ended Schemes(Income),UTI Mutual Fund,Regular,Other,,
140643,INF789FC1IT7,-,UTI - FTIF Series XXVI-Plan-III (1169 Days),Close Ended Schemes(Income),UTI Mutual Fund,Regular,Other,,
140640,INF789FC1IZ4,-,UTI - FTIF Series XXVI-Plan-III (1169 Days),Close Ended Schemes(Income),UTI Mutual Fund,Regular,Other,,
140644,INF789FC1IY7,-,UTI - FTIF Series XXVI-Plan-III (1169 Days),Close Ended Schemes(Income),UTI Mutual Fund,Regular,Other,,
140642,INF789FC1IU5,-,UTI - FTIF Series XXVI-Plan-III (1169 Days),Close Ended Schemes(Income),UTI Mutual Fund,Regular,Other,,
140853,INF789FC1JL2,-,UTI - FTIF Series XXVI-Plan-V (1160 Days),Close Ended Schemes(Income),UTI Mutual Fund,Regular,Other,,
140858,INF789FC1JM0,-,UTI - FTIF Series XXVI-Plan-V (1160 Days),Close Ended Schemes(Income),UTI Mutual Fund,Regular,Other,,
140857,INF789FC1JR9,-,UTI - FTIF Series XXVI-Plan-V (1160 Days),Close Ended Schemes(Income),UTI Mutual Fund,Regular,Other,,
140856,INF789FC1JQ1,-,UTI - FTIF Series XXVI-Plan-V (1160 Days),Close Ended Schemes(Income),UTI Mutual Fund,Regular,Other,,
140854,INF789FC1JK4,-,UTI - FTIF Series XXVI-Plan-V (1160 Days),Close Ended Schemes(Income),UTI Mutual Fund,Regular,Other,,
140860,INF789FC1JP3,-,UTI - FTIF Series XXVI-Plan-V (1160 Days),Close Ended Schemes(Income),UTI Mutual Fund,Regular,Other,,
140855,INF789FC1JT5,-,UTI - FTIF Series XXVI-Plan-V (1160 Days),Close Ended Schemes(Income),UTI Mutual Fund,Regular,Other,,
140861,INF789FC1JS7,-,UTI - FTIF Series XXVI-Plan-V (1160 Days),Close Ended Schemes(Income),UTI Mutual Fund,Regular,Other,,
140859,INF789FC1JO6,-,UTI - FTIF Series XXVI-Plan-V (1160 Days),Close Ended Schemes(Income),UTI Mutual Fund,Regular,Other,,
140969,INF789FC1JV1,-,UTI - FTIF Series XXVI-Plan-VI (1146 Days),Close Ended Schemes(Income),UTI Mutual Fund,Regular,Other,,
140964,INF789FC1KB1,-,UTI - FTIF Series XXVI-Plan-VI (1146 Days),Close Ended Schemes(Income),UTI Mutual Fund,Regular,Other,,
140971,INF789FC1KA3,-,UTI - FTIF Series XXVI-Plan-VI (1146 Days),Close Ended Schemes(Income),UTI Mutual Fund,Regular,Other,,
140970,INF789FC1JU3,-,UTI - FTIF Series XXVI-Plan-VI (1146 Days),Close Ended Schemes(Income),UTI Mutual Fund,Regular,Other,,
140967,INF789FC1JX7,-,UTI - FTIF Series XXVI-Plan-VI (1146 Days),Close Ended Schemes(Income),UTI Mutual Fund,Regular,Other,,
140968,INF789FC1KD7,-,UTI - FTIF Series XXVI-Plan-VI (1146 Days),Close Ended Schemes(Income),UTI Mutual Fund,Regular,Other,,
140966,INF789FC1KC9,-,UTI - FTIF Series XXVI-Plan-VI (1146 Days),Close Ended Schemes(Income),UTI Mutual Fund,Regular,Other,,
140973,INF789FC1JY5,-,UTI - FTIF Series XXVI-Plan-VI (1146 Days),Close Ended Schemes(Income),UTI Mutual Fund,Regular,Other,,
141012,INF789FC1KF2,-,UTI - FTIF Series XXVI-Plan-VII (1140 Days),Close Ended Schemes(Income),UTI Mutual Fund,Regular,Other,,
141013,INF789FC1KL0,-,UTI - FTIF Series XXVI-Plan-VII (1140 Days),Close Ended Schemes(Income),UTI Mutual Fund,Regular,Other,,
141014,INF789FC1KK2,-,UTI - FTIF Series XXVI-Plan-VII (1140 Days),Close Ended Schemes(Income),UTI Mutual Fund,Regular,Other,,
141008,INF789FC1KE5,-,UTI - FTIF Series XXVI-Plan-VII (1140 Days),Close Ended Schemes(Income),UTI Mutual Fund,Regular,Other,,
141017,INF789FC1KJ4,-,UTI - FTIF Series XXVI-Plan-VII (1140 Days),Close Ended Schemes(Income),UTI Mutual Fund,Regular,Other,,
141016,INF789FC1KH8,-,UTI - FTIF Series XXVI-Plan-VII (1140 Days),Close Ended Schemes(Income),UTI Mutual Fund,Regular,Other,,
141015,INF789FC1KN6,-,UTI - FTIF Series XXVI-Plan-VII (1140 Days),Close Ended Schemes(Income),UTI Mutual Fund,Regular,Other,,
141011,INF789FC1KM8,-,UTI - FTIF Series XXVI-Plan-VII (1140 Days),Close Ended Schemes(Income),UTI Mutual Fund,Regular,Other,,
141010,INF789FC1KI6,-,UTI - FTIF Series XXVI-Plan-VII (1140 Days),Close Ended Schemes(Income),UTI Mutual Fund,Regular,Other,,
141119,INF789FC1ML6,-,UTI - FTIF Series XXVI-Plan-VIII (1154 Days),Close Ended Schemes(Income),UTI Mutual Fund,Regular,Other,,
141114,INF789FC1MM4,-,UTI - FTIF Series XXVI-Plan-VIII (1154 Days),Close Ended Schemes(Income),UTI Mutual Fund,Regular,Other,,
141111,INF789FC1MR3,-,UTI - FTIF Series XXVI-Plan-VIII (1154 Days),Close Ended Schemes(Income),UTI Mutual Fund,Regular,Other,,
141113,INF789FC1MQ5,-,UTI - FTIF Series XXVI-Plan-VIII (1154 Days),Close Ended Schemes(Income),UTI Mutual Fund,Regular,Other,,
141112,INF789FC1MK8,-,UTI - FTIF Series XXVI-Plan-VIII (1154 Days),Close Ended Schemes(Income),UTI Mutual Fund,Regular,Other,,
141116,INF789FC1MP7,-,UTI - FTIF Series XXVI-Plan-VIII (1154 Days),Close Ended Schemes(Income),UTI Mutual Fund,Regular,Other,,
141115,INF789FC1MT9,-,UTI - FTIF Series XXVI-Plan-VIII (1154 Days),Close Ended Schemes(Income),UTI Mutual Fund,Regular,Other,,
141117,INF789FC1MS1,-,UTI - FTIF Series XXVI-Plan-VIII (1154 Days),Close Ended Schemes(Income),UTI Mutual Fund,Regular,Other,,
141120,INF789FC1MO0,-,UTI - FTIF Series XXVI-Plan-VIII (1154 Days),Close Ended Schemes(Income),UTI Mutual Fund,Regular,Other,,
141843,INF789FC1V33,-,UTI - FTIF SERIES XXVII - PLAN IX (1160 DAYS),Close Ended Schemes(Income),UTI Mutual Fund,Regular,Other,,
141845,INF789FC1V09,-,UTI - FTIF SERIES XXVII - PLAN IX (1160 DAYS),Close Ended Schemes(Income),UTI Mutual Fund,Regular,Other,,
141850,INF789FC1U83,-,UTI - FTIF SERIES XXVII - PLAN IX (1160 DAYS),Close Ended Schemes(Income),UTI Mutual Fund,Regular,Other,,
141822,INF789FC1U18,-,UTI - FTIF SERIES XXVII - PLAN VIII (1117 DAYS),Close Ended Schemes(Income),UTI Mutual Fund,Regular,Other,,
141821,INF789FC1U34,-,UTI - FTIF SERIES XXVII - PLAN VIII (1117 DAYS),Close Ended Schemes(Income),UTI Mutual Fund,Regular,Other,,
141816,INF789FC1U26,-,UTI - FTIF SERIES XXVII - PLAN VIII (1117 DAYS),Close Ended Schemes(Income),UTI Mutual Fund,Regular,Other,,
141815,INF789FC1U00,-,UTI - FTIF SERIES XXVII - PLAN VIII (1117 DAYS),Close Ended Schemes(Income),UTI Mutual Fund,Regular,Other,,
141824,INF789FC1T60,-,UTI - FTIF SERIES XXVII - PLAN VIII (1117 DAYS),Close Ended Schemes(Income),UTI Mutual Fund,Regular,Other,,
141820,INF789FC1T94,-,UTI - FTIF SERIES XXVII - PLAN VIII (1117 DAYS),Close Ended Schemes(Income),UTI Mutual Fund,Regular,Other,,
141818,INF789FC1T86,-,UTI - FTIF SERIES XXVII - PLAN VIII (1117 DAYS),Close Ended Schemes(Income),UTI Mutual Fund,Regular,Other,,
141823,INF789FC1T78,-,UTI - FTIF SERIES XXVII - PLAN VIII (1117 DAYS),Close Ended Schemes(Income),UTI Mutual Fund,Regular,Other,,
141819,INF789FC1T52,-,UTI - FTIF SERIES XXVII - PLAN VIII (1117 DAYS),Close Ended Schemes(Income),UTI Mutual Fund,Regular,Other,,
141906,INF789FC1W57,-,UTI - FTIF SERIES XXVII - PLAN X (1118 DAYS),Close Ended Schemes(Income),UTI Mutual Fund,Regular,Other,,
141899,INF789FC1W73,-,UTI - FTIF SERIES XXVII - PLAN X (1118 DAYS),Close Ended Schemes(Income),UTI Mutual Fund,Regular,Other,,
141900,INF789FC1W65,-,UTI - FTIF SERIES XXVII - PLAN X (1118 DAYS),Close Ended Schemes(Income),UTI Mutual Fund,Regular,Other,,
141904,INF789FC1W40,-,UTI - FTIF SERIES XXVII - PLAN X (1118 DAYS),Close Ended Schemes(Income),UTI Mutual Fund,Regular,Other,,
141901,INF789FC1W08,-,UTI - FTIF SERIES XXVII - PLAN X (1118 DAYS),Close Ended Schemes(Income),UTI Mutual Fund,Regular,Other,,
141903,INF789FC1W32,-,UTI - FTIF SERIES XXVII - PLAN X (1118 DAYS),Close Ended Schemes(Income),UTI Mutual Fund,Regular,Other,,
141907,INF789FC1W24,-,UTI - FTIF SERIES XXVII - PLAN X (1118 DAYS),Close Ended Schemes(Income),UTI Mutual Fund,Regular,Other,,
141902,INF789FC1W16,-,UTI - FTIF SERIES XXVII - PLAN X (1118 DAYS),Close Ended Schemes(Income),UTI Mutual Fund,Regular,Other,,
141905,INF789FC1V90,-,UTI - FTIF SERIES XXVII - PLAN X (1118 DAYS),Close Ended Schemes(Income),UTI Mutual Fund,Regular,Other,,
141945,INF789FC1X98,-,UTI - FTIF SERIES XXVIII - PLAN I (1230 DAYS),Close Ended Schemes(Income),UTI Mutual Fund,Regular,Other,,
141940,INF789FC1X80,-,UTI - FTIF SERIES XXVIII - PLAN I (1230 DAYS),Close Ended Schemes(Income),UTI Mutual Fund,Regular,Other,,
141943,INF789FC1X49,-,UTI - FTIF SERIES XXVIII - PLAN I (1230 DAYS),Close Ended Schemes(Income),UTI Mutual Fund,Regular,Other,,
141944,INF789FC1X72,-,UTI - FTIF SERIES XXVIII - PLAN I (1230 DAYS),Close Ended Schemes(Income),UTI Mutual Fund,Regular,Other,,
141948,INF789FC1X56,-,UTI - FTIF SERIES XXVIII - PLAN I (1230 DAYS),Close Ended Schemes(Income),UTI Mutual Fund,Regular,Other,,
141942,INF789FC1X31,-,UTI - FTIF SERIES XXVIII - PLAN I (1230 DAYS),Close Ended Schemes(Income),UTI Mutual Fund,Regular,Other,,
141939,INF789FC1Y14,-,UTI - FTIF SERIES XXVIII - PLAN I (1230 DAYS),Close Ended Schemes(Income),UTI Mutual Fund,Regular,Other,,
141947,INF789FC1X64,-,UTI - FTIF SERIES XXVIII - PLAN I (1230 DAYS),Close Ended Schemes(Income),UTI Mutual Fund,Regular,Other,,
142026,INF789FC1Y48,-,UTI - FTIF SERIES XXVIII - PLAN II (1210 DAYS),Close Ended Schemes(Income),UTI Mutual Fund,Regular,Other,,
142029,INF789FC1Y71,-,UTI - FTIF SERIES XXVIII - PLAN II (1210 DAYS),Close Ended Schemes(Income),UTI Mutual Fund,Regular,Other,,
142028,INF789FC1Y55,-,UTI - FTIF SERIES XXVIII - PLAN II (1210 DAYS),Close Ended Schemes(Income),UTI Mutual Fund,Regular,Other,,
142027,INF789FC1Y30,-,UTI - FTIF SERIES XXVIII - PLAN II (1210 DAYS),Close Ended Schemes(Income),UTI Mutual Fund,Regular,Other,,
142033,INF789FC1Y97,-,UTI - FTIF SERIES XXVIII - PLAN II (1210 DAYS),Close Ended Schemes(Income),UTI Mutual Fund,Regular,Other,,
142032,INF789FC1Z21,-,UTI - FTIF SERIES XXVIII - PLAN II (1210 DAYS),Close Ended Schemes(Income),UTI Mutual Fund,Regular,Other,,
142034,INF789FC1Z05,-,UTI - FTIF SERIES XXVIII - PLAN II (1210 DAYS),Close Ended Schemes(Income),UTI Mutual Fund,Regular,Other,,
142031,INF789FC1Y89,-,UTI - FTIF SERIES XXVIII - PLAN II (1210 DAYS),Close Ended Schemes(Income),UTI Mutual Fund,Regular,Other,,
142025,INF789FC1Y63,-,UTI - FTIF SERIES XXVIII - PLAN II (1210 DAYS),Close Ended Schemes(Income),UTI Mutual Fund,Regular,Other,,
142030,INF789FC1Z13,-,UTI - FTIF SERIES XXVIII - PLAN II (1210 DAYS),Close Ended Schemes(Income),UTI Mutual Fund,Regular,Other,,
142094,INF789FC19A6,-,UTI - FTIF SERIES XXVIII - PLAN III (1203 DAYS),Close Ended Schemes(Income),UTI Mutual Fund,Regular,Other,,
142096,INF789FC12B9,-,UTI - FTIF SERIES XXVIII - PLAN III (1203 DAYS),Close Ended Schemes(Income),UTI Mutual Fund,Regular,Other,,
142099,INF789FC10B3,-,UTI - FTIF SERIES XXVIII - PLAN III (1203 DAYS),Close Ended Schemes(Income),UTI Mutual Fund,Regular,Other,,
142095,INF789FC18A8,-,UTI - FTIF SERIES XXVIII - PLAN III (1203 DAYS),Close Ended Schemes(Income),UTI Mutual Fund,Regular,Other,,
142098,INF789FC14A7,-,UTI - FTIF SERIES XXVIII - PLAN III (1203 DAYS),Close Ended Schemes(Income),UTI Mutual Fund,Regular,Other,,
142102,INF789FC17A0,-,UTI - FTIF SERIES XXVIII - PLAN III (1203 DAYS),Close Ended Schemes(Income),UTI Mutual Fund,Regular,Other,,
142101,INF789FC15A4,-,UTI - FTIF SERIES XXVIII - PLAN III (1203 DAYS),Close Ended Schemes(Income),UTI Mutual Fund,Regular,Other,,
142100,INF789FC13A9,-,UTI - FTIF SERIES XXVIII - PLAN III (1203 DAYS),Close Ended Schemes(Income),UTI Mutual Fund,Regular,Other,,
142093,INF789FC11B1,-,UTI - FTIF SERIES XXVIII - PLAN III (1203 DAYS),Close Ended Schemes(Income),UTI Mutual Fund,Regular,Other,,
142097,INF789FC16A2,-,UTI - FTIF SERIES XXVIII - PLAN III (1203 DAYS),Close Ended Schemes(Income),UTI Mutual Fund,Regular,Other,,
142201,INF789FC13C5,-,UTI - FTIF SERIES XXVIII - PLAN IV (1204 DAYS),Close Ended Schemes(Income),UTI Mutual Fund,Regular,Other,,
142208,INF789FC18B6,-,UTI - FTIF SERIES XXVIII - PLAN IV (1204 DAYS),Close Ended Schemes(Income),UTI Mutual Fund,Regular,Other,,
142526,INF789FC17H5,-,UTI - FTIF SERIES XXVIII - PLAN IX (1168 DAYS),Close Ended Schemes(Income),UTI Mutual Fund,Regular,Other,,
142525,INF789FC15I7,-,UTI - FTIF SERIES XXVIII - PLAN IX (1168 DAYS),Close Ended Schemes(Income),UTI Mutual Fund,Regular,Other,,
142519,INF789FC10I8,-,UTI - FTIF SERIES XXVIII - PLAN IX (1168 DAYS),Close Ended Schemes(Income),UTI Mutual Fund,Regular,Other,,
142227,INF789FC11D7,-,UTI - FTIF SERIES XXVIII - PLAN V (1190 DAYS),Close Ended Schemes(Income),UTI Mutual Fund,Regular,Other,,
142219,INF789FC12D5,-,UTI - FTIF SERIES XXVIII - PLAN V (1190 DAYS),Close Ended Schemes(Income),UTI Mutual Fund,Regular,Other,,
142220,INF789FC10D9,-,UTI - FTIF SERIES XXVIII - PLAN V (1190 DAYS),Close Ended Schemes(Income),UTI Mutual Fund,Regular,Other,,
142226,INF789FC16C8,-,UTI - FTIF SERIES XXVIII - PLAN V (1190 DAYS),Close Ended Schemes(Income),UTI Mutual Fund,Regular,Other,,
142223,INF789FC17C6,-,UTI - FTIF SERIES XXVIII - PLAN V (1190 DAYS),Close Ended Schemes(Income),UTI Mutual Fund,Regular,Other,,
142224,INF789FC15C0,-,UTI - FTIF SERIES XXVIII - PLAN V (1190 DAYS),Close Ended Schemes(Income),UTI Mutual Fund,Regular,Other,,
142225,INF789FC13D3,-,UTI - FTIF SERIES XXVIII - PLAN V (1190 DAYS),Close Ended Schemes(Income),UTI Mutual Fund,Regular,Other,,
142222,INF789FC18C4,-,UTI - FTIF SERIES XXVIII - PLAN V (1190 DAYS),Close Ended Schemes(Income),UTI Mutual Fund,Regular,Other,,
142275,INF789FC18E0,-,UTI - FTIF SERIES XXVIII - PLAN VI (1190 DAYS),Close Ended Schemes(Income),UTI Mutual Fund,Regular,Other,,
142272,INF789FC14E9,-,UTI - FTIF SERIES XXVIII - PLAN VI (1190 DAYS),Close Ended Schemes(Income),UTI Mutual Fund,Regular,Other,,
142277,INF789FC19D0,-,UTI - FTIF SERIES XXVIII - PLAN VI (1190 DAYS),Close Ended Schemes(Income),UTI Mutual Fund,Regular,Other,,
142268,INF789FC17E2,-,UTI - FTIF SERIES XXVIII - PLAN VI (1190 DAYS),Close Ended Schemes(Income),UTI Mutual Fund,Regular,Other,,
142269,INF789FC12E3,-,UTI - FTIF SERIES XXVIII - PLAN VI (1190 DAYS),Close Ended Schemes(Income),UTI Mutual Fund,Regular,Other,,
142320,INF789FC15F3,-,UTI - FTIF SERIES XXVIII - PLAN VII (1169 DAYS),Close Ended Schemes(Income),UTI Mutual Fund,Regular,Other,,
142322,INF789FC18F7,-,UTI - FTIF SERIES XXVIII - PLAN VII (1169 DAYS),Close Ended Schemes(Income),UTI Mutual Fund,Regular,Other,,
142321,INF789FC16F1,-,UTI - FTIF SERIES XXVIII - PLAN VII (1169 DAYS),Close Ended Schemes(Income),UTI Mutual Fund,Regular,Other,,
142329,INF789FC14F6,-,UTI - FTIF SERIES XXVIII - PLAN VII (1169 DAYS),Close Ended Schemes(Income),UTI Mutual Fund,Regular,Other,,
142328,INF789FC10F4,-,UTI - FTIF SERIES XXVIII - PLAN VII (1169 DAYS),Close Ended Schemes(Income),UTI Mutual Fund,Regular,Other,,
142323,INF789FC13F8,-,UTI - FTIF SERIES XXVIII - PLAN VII (1169 DAYS),Close Ended Schemes(Income),UTI Mutual Fund,Regular,Other,,
142325,INF789FC11F2,-,UTI - FTIF SERIES XXVIII - PLAN VII (1169 DAYS),Close Ended Schemes(Income),UTI Mutual Fund,Regular,Other,,
142324,INF789FC19E8,-,UTI - FTIF SERIES XXVIII - PLAN VII (1169 DAYS),Close Ended Schemes(Income),UTI Mutual Fund,Regular,Other,,
142326,INF789FC17F9,-,UTI - FTIF SERIES XXVIII - PLAN VII (1169 DAYS),Close Ended Schemes(Income),UTI Mutual Fund,Regular,Other,,
142327,INF789FC12F0,-,UTI - FTIF SERIES XXVIII - PLAN VII (1169 DAYS),Close Ended Schemes(Income),UTI Mutual Fund,Regular,Other,,
142362,INF789FC18G5,-,UTI - FTIF SERIES XXVIII - PLAN VIII (1171 DAYS),Close Ended Schemes(Income),UTI Mutual Fund,Regular,Other,,
142367,INF789FC15G1,-,UTI - FTIF SERIES XXVIII - PLAN VIII (1171 DAYS),Close Ended Schemes(Income),UTI Mutual Fund,Regular,Other,,
142366,INF789FC13G6,-,UTI - FTIF SERIES XXVIII - PLAN VIII (1171 DAYS),Close Ended Schemes(Income),UTI Mutual Fund,Regular,Other,,
142361,INF789FC11H8,-,UTI - FTIF SERIES XXVIII - PLAN VIII (1171 DAYS),Close Ended Schemes(Income),UTI Mutual Fund,Regular,Other,,
142365,INF789FC16G9,-,UTI - FTIF SERIES XXVIII - PLAN VIII (1171 DAYS),Close Ended Schemes(Income),UTI Mutual Fund,Regular,Other,,
142576,INF789FC16J3,-,UTI - FTIF SERIES XXVIII - PLAN X (1153 DAYS),Close Ended Schemes(Income),UTI Mutual Fund,Regular,Other,,
142573,INF789FC14J8,-,UTI - FTIF SERIES XXVIII - PLAN X (1153 DAYS),Close Ended Schemes(Income),UTI Mutual Fund,Regular,Other,,
142572,INF789FC12J2,-,UTI - FTIF SERIES XXVIII - PLAN X (1153 DAYS),Close Ended Schemes(Income),UTI Mutual Fund,Regular,Other,,
142580,INF789FC18I1,-,UTI - FTIF SERIES XXVIII - PLAN X (1153 DAYS),Close Ended Schemes(Income),UTI Mutual Fund,Regular,Other,,
142574,INF789FC19I9,-,UTI - FTIF SERIES XXVIII - PLAN X (1153 DAYS),Close Ended Schemes(Income),UTI Mutual Fund,Regular,Other,,
142577,INF789FC17I3,-,UTI - FTIF SERIES XXVIII - PLAN X (1153 DAYS),Close Ended Schemes(Income),UTI Mutual Fund,Regular,Other,,
142578,INF789FC15J5,-,UTI - FTIF SERIES XXVIII - PLAN X (1153 DAYS),Close Ended Schemes(Income),UTI Mutual Fund,Regular,Other,,
142579,INF789FC10J6,-,UTI - FTIF SERIES XXVIII - PLAN X (1153 DAYS),Close Ended Schemes(Income),UTI Mutual Fund,Regular,Other,,
142790,INF789FC13K8,-,UTI - FTIF SERIES XXVIII - PLAN XI (1161 DAYS),Close Ended Schemes(Income),UTI Mutual Fund,Regular,Other,,
142795,INF789FC18J9,-,UTI - FTIF SERIES XXVIII - PLAN XI (1161 DAYS),Close Ended Schemes(Income),UTI Mutual Fund,Regular,Other,,
142798,INF789FC11K2,-,UTI - FTIF SERIES XXVIII - PLAN XI (1161 DAYS),Close Ended Schemes(Income),UTI Mutual Fund,Regular,Other,,
142792,INF789FC19J7,-,UTI - FTIF SERIES XXVIII - PLAN XI (1161 DAYS),Close Ended Schemes(Income),UTI Mutual Fund,Regular,Other,,
142796,INF789FC17J1,-,UTI - FTIF SERIES XXVIII - PLAN XI (1161 DAYS),Close Ended Schemes(Income),UTI Mutual Fund,Regular,Other,,
142789,INF789FC15K3,-,UTI - FTIF SERIES XXVIII - PLAN XI (1161 DAYS),Close Ended Schemes(Income),UTI Mutual Fund,Regular,Other,,
142794,INF789FC10K4,-,UTI - FTIF SERIES XXVIII - PLAN XI (1161 DAYS),Close Ended Schemes(Income),UTI Mutual Fund,Regular,Other,,
142811,INF789FC14L4,-,UTI - FTIF SERIES XXVIII - PLAN XII (1154 DAYS),Close Ended Schemes(Income),UTI Mutual Fund,Regular,Other,,
142814,INF789FC18K7,-,UTI - FTIF SERIES XXVIII - PLAN XII (1154 DAYS),Close Ended Schemes(Income),UTI Mutual Fund,Regular,Other,,
142812,INF789FC19K5,-,UTI - FTIF SERIES XXVIII - PLAN XII (1154 DAYS),Close Ended Schemes(Income),UTI Mutual Fund,Regular,Other,,
142808,INF789FC17K9,-,UTI - FTIF SERIES XXVIII - PLAN XII (1154 DAYS),Close Ended Schemes(Income),UTI Mutual Fund,Regular,Other,,
142813,INF789FC15L1,-,UTI - FTIF SERIES XXVIII - PLAN XII (1154 DAYS),Close Ended Schemes(Income),UTI Mutual Fund,Regular,Other,,
142807,INF789FC10L2,-,UTI - FTIF SERIES XXVIII - PLAN XII (1154 DAYS),Close Ended Schemes(Income),UTI Mutual Fund,Regular,Other,,
142844,INF789FC13M4,-,UTI - FTIF SERIES XXVIII - PLAN XIII (1134 DAYS),Close Ended Schemes(Income),UTI Mutual Fund,Regular,Other,,
142847,INF789FC16M7,-,UTI - FTIF SERIES XXVIII - PLAN XIII (1134 DAYS),Close Ended Schemes(Income),UTI Mutual Fund,Regular,Other,,
142846,INF789FC14M2,-,UTI - FTIF SERIES XXVIII - PLAN XIII (1134 DAYS),Close Ended Schemes(Income),UTI Mutual Fund,Regular,Other,,
142845,INF789FC12M6,-,UTI - FTIF SERIES XXVIII - PLAN XIII (1134 DAYS),Close Ended Schemes(Income),UTI Mutual Fund,Regular,Other,,
142849,INF789FC18L5,-,UTI - FTIF SERIES XXVIII - PLAN XIII (1134 DAYS),Close Ended Schemes(Income),UTI Mutual Fund,Regular,Other,,
142850,INF789FC11M8,-,UTI - FTIF SERIES XXVIII - PLAN XIII (1134 DAYS),Close Ended Schemes(Income),UTI Mutual Fund,Regular,Other,,
142852,INF789FC19L3,-,UTI - FTIF SERIES XXVIII - PLAN XIII (1134 DAYS),Close Ended Schemes(Income),UTI Mutual Fund,Regular,Other,,
142851,INF789FC17L7,-,UTI - FTIF SERIES XXVIII - PLAN XIII (1134 DAYS),Close Ended Schemes(Income),UTI Mutual Fund,Regular,Other,,
142815,INF789FC15M9,-,UTI - FTIF SERIES XXVIII - PLAN XIII (1134 DAYS),Close Ended Schemes(Income),UTI Mutual Fund,Regular,Other,,
142848,INF789FC10M0,-,UTI - FTIF SERIES XXVIII - PLAN XIII (1134 DAYS),Close Ended Schemes(Income),UTI Mutual Fund,Regular,Other,,
143047,INF789FC17M5,-,UTI - FTIF SERIES XXVIII - PLAN XIV (1147 DAYS),Close Ended Schemes(Income),UTI Mutual Fund,Regular,Other,,
143039,INF789FC15N7,-,UTI - FTIF SERIES XXVIII - PLAN XIV (1147 DAYS),Close Ended Schemes(Income),UTI Mutual Fund,Regular,Other,,
143044,INF789FC10N8,-,UTI - FTIF SERIES XXVIII - PLAN XIV (1147 DAYS),Close Ended Schemes(Income),UTI Mutual Fund,Regular,Other,,
125077,INF789F01WC8,-,UTI Annual Interval Fund - II,Close Ended Schemes(Income),UTI Mutual Fund,Regular,Other,,
125078,INF789F01WA2,INF789F01WB0,UTI Annual Interval Fund - II,Close Ended Schemes(Income),UTI Mutual Fund,Regular,Other,,
106707,INF789F01FS9,-,UTI Annual Interval Fund - II,Close Ended Schemes(Income),UTI Mutual Fund,Regular,Other,,
106706,INF789F01FQ3,INF789F01FR1,UTI Annual Interval Fund - II,Close Ended Schemes(Income),UTI Mutual Fund,Regular,Other,,
106709,INF789F01FV3,-,UTI Annual Interval Fund - II,Close Ended Schemes(Income),UTI Mutual Fund,Regular,Other,,
150835,INF789F1AWI4,-,UTI Fixed Term Income Fund - Series XXXV-I (1260Days),Close Ended Schemes(Income),UTI Mutual Fund,Regular,Other,,
150833,INF789F1AWK0,-,UTI Fixed Term Income Fund - Series XXXV-I (1260Days),Close Ended Schemes(Income),UTI Mutual Fund,Regular,Other,,
150837,INF789F1AWJ2,-,UTI Fixed Term Income Fund - Series XXXV-I (1260Days),Close Ended Schemes(Income),UTI Mutual Fund,Regular,Other,,
150834,INF789F1AWH6,-,UTI Fixed Term Income Fund - Series XXXV-I (1260Days),Close Ended Schemes(Income),UTI Mutual Fund,Regular,Other,,
150831,INF789F1AWD5,-,UTI Fixed Term Income Fund - Series XXXV-I (1260Days),Close Ended Schemes(Income),UTI Mutual Fund,Regular,Other,,
150832,INF789F1AWG8,-,UTI Fixed Term Income Fund - Series XXXV-I (1260Days),Close Ended Schemes(Income),UTI Mutual Fund,Regular,Other,,
150828,INF789F1AWF0,-,UTI Fixed Term Income Fund - Series XXXV-I (1260Days),Close Ended Schemes(Income),UTI Mutual Fund,Regular,Other,,
150829,INF789F1AWE3,-,UTI Fixed Term Income Fund - Series XXXV-I (1260Days),Close Ended Schemes(Income),UTI Mutual Fund,Regular,Other,,
150830,INF789F1AWC7,-,UTI Fixed Term Income Fund - Series XXXV-I (1260Days),Close Ended Schemes(Income),UTI Mutual Fund,Regular,Other,,
150965,INF789F1AWS3,-,UTI Fixed Term Income Fund - Series XXXV-II (1223 Days),Close Ended Schemes(Income),UTI Mutual Fund,Regular,Other,,
150970,INF789F1AWV7,-,UTI Fixed Term Income Fund - Series XXXV-II (1223 Days),Close Ended Schemes(Income),UTI Mutual Fund,Regular,Other,,
150963,INF789F1AWU9,-,UTI Fixed Term Income Fund - Series XXXV-II (1223 Days),Close Ended Schemes(Income),UTI Mutual Fund,Regular,Other,,
150966,INF789F1AWT1,-,UTI Fixed Term Income Fund - Series XXXV-II (1223 Days),Close Ended Schemes(Income),UTI Mutual Fund,Regular,Other,,
150964,INF789F1AWR5,-,UTI Fixed Term Income Fund - Series XXXV-II (1223 Days),Close Ended Schemes(Income),UTI Mutual Fund,Regular,Other,,
150967,INF789F1AWN4,-,UTI Fixed Term Income Fund - Series XXXV-II (1223 Days),Close Ended Schemes(Income),UTI Mutual Fund,Regular,Other,,
150968,INF789F1AWQ7,-,UTI Fixed Term Income Fund - Series XXXV-II (1223 Days),Close Ended Schemes(Income),UTI Mutual Fund,Regular,Other,,
150971,INF789F1AWP9,-,UTI Fixed Term Income Fund - Series XXXV-II (1223 Days),Close Ended Schemes(Income),UTI Mutual Fund,Regular,Other,,
150969,INF789F1AWO2,-,UTI Fixed Term Income Fund - Series XXXV-II (1223 Days),Close Ended Schemes(Income),UTI Mutual Fund,Regular,Other,,
150972,INF789F1AWM6,-,UTI Fixed Term Income Fund - Series XXXV-II (1223 Days),Close Ended Schemes(Income),UTI Mutual Fund,Regular,Other,,
151334,INF789F1AXF8,-,UTI Fixed Term Income Fund - Series XXXV-III (1176 Days),Close Ended Schemes(Income),UTI Mutual Fund,Regular,Other,,
151341,INF789F1AXH4,-,UTI Fixed Term Income Fund - Series XXXV-III (1176 Days),Close Ended Schemes(Income),UTI Mutual Fund,Regular,Other,,
151335,INF789F1AXG6,-,UTI Fixed Term Income Fund - Series XXXV-III (1176 Days),Close Ended Schemes(Income),UTI Mutual Fund,Regular,Other,,
151333,INF789F1AXE1,-,UTI Fixed Term Income Fund - Series XXXV-III (1176 Days),Close Ended Schemes(Income),UTI Mutual Fund,Regular,Other,,
151339,INF789F1AXJ0,-,UTI Fixed Term Income Fund - Series XXXV-III (1176 Days),Close Ended Schemes(Income),UTI Mutual Fund,Regular,Other,,
151332,INF789F1AXD3,-,UTI Fixed Term Income Fund - Series XXXV-III (1176 Days),Close Ended Schemes(Income),UTI Mutual Fund,Regular,Other,,
151338,INF789F1AXC5,-,UTI Fixed Term Income Fund - Series XXXV-III (1176 Days),Close Ended Schemes(Income),UTI Mutual Fund,Regular,Other,,
151331,INF789F1AXA9,-,UTI Fixed Term Income Fund - Series XXXV-III (1176 Days),Close Ended Schemes(Income),UTI Mutual Fund,Regular,Other,,
122152,INF789F01WG9,INF789F01WH7,UTI Quarterly Interval Fund - I,Close Ended Schemes(Income),UTI Mutual Fund,Regular,Other,,
106060,INF789F01GE7,-,UTI Quarterly Interval Fund - I,Close Ended Schemes(Income),UTI Mutual Fund,Regular,Other,,
106057,INF789F01GC1,INF789F01GD9,UTI Quarterly Interval Fund - I,Close Ended Schemes(Income),UTI Mutual Fund,Regular,Other,,
122165,INF789F01WI5,-,UTI Quarterly Interval Fund - I,Close Ended Schemes(Income),UTI Mutual Fund,Regular,Other,,
121182,INF789F01WR6,-,UTI Quarterly Interval Fund - II,Close Ended Schemes(Income),UTI Mutual Fund,Regular,Other,,
121181,INF789F01WP0,INF789F01WQ8,UTI Quarterly Interval Fund - II,Close Ended Schemes(Income),UTI Mutual Fund,Regular,Other,,
109617,INF789F01GW9,-,UTI Quarterly Interval Fund - II,Close Ended Schemes(Income),UTI Mutual Fund,Regular,Other,,
109618,INF789F01GU3,INF789F01GV1,UTI Quarterly Interval Fund - II,Close Ended Schemes(Income),UTI Mutual Fund,Regular,Other,,
121722,INF789F01WU0,-,UTI Quarterly Interval Fund - III,Close Ended Schemes(Income),UTI Mutual Fund,Regular,Other,,
121721,INF789F01WS4,INF789F01WT2,UTI Quarterly Interval Fund - III,Close Ended Schemes(Income),UTI Mutual Fund,Regular,Other,,
110024,INF789F01HC9,-,UTI Quarterly Interval Fund - III,Close Ended Schemes(Income),UTI Mutual Fund,Regular,Other,,
110021,INF789F01HA3,INF789F01HB1,UTI Quarterly Interval Fund - III,Close Ended Schemes(Income),UTI Mutual Fund,Regular,Other,,
