scheme_code,scheme_name,category,plan,has_nav,nav_start,nav_end,nav_days,has_peer_stats,has_ter
130947,ICICI Prudential Corporate Bond Fund,Open Ended Schemes(Debt Scheme - Corporate Bond Fund),Regular,True,2014-11-05,2020-04-24,1315.0,False,False
111988,ICICI Prudential Corporate Bond Fund,Open Ended Schemes(Debt Scheme - Corporate Bond Fund),Regular,True,2009-07-30,2022-09-16,3113.0,False,False
120695,ICICI Prudential Corporate Bond Fund,Open Ended Schemes(Debt Scheme - Corporate Bond Fund),Regular,True,2013-01-03,2022-09-16,2342.0,False,False
120696,ICICI Prudential Corporate Bond Fund,Open Ended Schemes(Debt Scheme - Corporate Bond Fund),Regular,True,2013-01-16,2022-09-16,2333.0,False,False
131152,ICICI Prudential Corporate Bond Fund,Open Ended Schemes(Debt Scheme - Corporate Bond Fund),Regular,True,2014-11-05,2022-09-16,1903.0,False,False
120693,ICICI Prudential Corporate Bond Fund,Open Ended Schemes(Debt Scheme - Corporate Bond Fund),Regular,True,2013-01-03,2022-09-16,2342.0,False,False
111990,ICICI Prudential Corporate Bond Fund,Open Ended Schemes(Debt Scheme - Corporate Bond Fund),Regular,True,2009-10-22,2022-09-16,2560.0,False,False
131151,ICICI Prudential Corporate Bond Fund,Open Ended Schemes(Debt Scheme - Corporate Bond Fund),Regular,True,2015-08-10,2022-09-16,1717.0,False,False
111982,ICICI Prudential Corporate Bond Fund,Open Ended Schemes(Debt Scheme - Corporate Bond Fund),Regular,False,,,,False,False
111985,ICICI Prudential Corporate Bond Fund,Open Ended Schemes(Debt Scheme - Corporate Bond Fund),Regular,False,,,,False,False
111989,ICICI Prudential Corporate Bond Fund,Open Ended Schemes(Debt Scheme - Corporate Bond Fund),Regular,False,,,,False,False
111976,ICICI Prudential Corporate Bond Fund,Open Ended Schemes(Debt Scheme - Corporate Bond Fund),Regular,False,,,,False,False
111978,ICICI Prudential Corporate Bond Fund,Open Ended Schemes(Debt Scheme - Corporate Bond Fund),Regular,False,,,,False,False
111972,ICICI Prudential Corporate Bond Fund,Open Ended Schemes(Debt Scheme - Corporate Bond Fund),Regular,False,,,,False,False
111979,ICICI Prudential Corporate Bond Fund,Open Ended Schemes(Debt Scheme - Corporate Bond Fund),Regular,False,,,,False,False
111980,ICICI Prudential Corporate Bond Fund,Open Ended Schemes(Debt Scheme - Corporate Bond Fund),Regular,False,,,,False,False
111977,ICICI Prudential Corporate Bond Fund,Open Ended Schemes(Debt Scheme - Corporate Bond Fund),Regular,False,,,,False,False
138323,PGIM India Corporate Bond Fund,Open Ended Schemes(Debt Scheme - Corporate Bond Fund),Regular,False,,,,False,True
138336,PGIM India Corporate Bond Fund,Open Ended Schemes(Debt Scheme - Corporate Bond Fund),Regular,False,,,,False,True
138324,PGIM India Corporate Bond Fund,Open Ended Schemes(Debt Scheme - Corporate Bond Fund),Regular,False,,,,False,True
138333,PGIM India Corporate Bond Fund,Open Ended Schemes(Debt Scheme - Corporate Bond Fund),Regular,False,,,,False,True
138334,PGIM India Corporate Bond Fund,Open Ended Schemes(Debt Scheme - Corporate Bond Fund),Regular,False,,,,False,True
148085,UTI - Bond Fund ( Segregated - 17022020 ),Open Ended Schemes(Debt Scheme - Corporate Bond Fund),Regular,False,,,,False,False
148086,UTI - Bond Fund ( Segregated - 17022020 ),Open Ended Schemes(Debt Scheme - Corporate Bond Fund),Regular,False,,,,False,False
148076,UTI - Bond Fund ( Segregated - 17022020 ),Open Ended Schemes(Debt Scheme - Corporate Bond Fund),Regular,False,,,,False,False
148090,UTI - Bond Fund ( Segregated - 17022020 ),Open Ended Schemes(Debt Scheme - Corporate Bond Fund),Regular,False,,,,False,False
148091,UTI - Bond Fund ( Segregated - 17022020 ),Open Ended Schemes(Debt Scheme - Corporate Bond Fund),Regular,False,,,,False,False
148092,UTI - Bond Fund ( Segregated - 17022020 ),Open Ended Schemes(Debt Scheme - Corporate Bond Fund),Regular,False,,,,False,False
148075,UTI - Bond Fund ( Segregated - 17022020 ),Open Ended Schemes(Debt Scheme - Corporate Bond Fund),Regular,False,,,,False,False
148088,UTI - Bond Fund ( Segregated - 17022020 ),Open Ended Schemes(Debt Scheme - Corporate Bond Fund),Regular,False,,,,False,False
148087,UTI - Bond Fund ( Segregated - 17022020 ),Open Ended Schemes(Debt Scheme - Corporate Bond Fund),Regular,False,,,,False,False
148089,UTI - Bond Fund ( Segregated - 17022020 ),Open Ended Schemes(Debt Scheme - Corporate Bond Fund),Regular,False,,,,False,False
134384,Aditya Birla Sun Life Credit Risk Fund,Open Ended Schemes(Debt Scheme - Credit Risk Fund),Regular,False,,,,False,False
116153,Franklin India Credit Risk Fund (No. of segregated portfolios-3),Open Ended Schemes(Debt Scheme - Credit Risk Fund),Regular,False,,,,False,False
116154,Franklin India Credit Risk Fund (No. of segregated portfolios-3),Open Ended Schemes(Debt Scheme - Credit Risk Fund),Regular,False,,,,False,False
147957,Franklin India Credit Risk Fund (No. of segregated portfolios-3),Open Ended Schemes(Debt Scheme - Credit Risk Fund),Regular,False,,,,False,False
147954,Franklin India Credit Risk Fund (No. of segregated portfolios-3),Open Ended Schemes(Debt Scheme - Credit Risk Fund),Regular,False,,,,False,False
147959,Franklin India Credit Risk Fund (No. of segregated portfolios-3),Open Ended Schemes(Debt Scheme - Credit Risk Fund),Regular,False,,,,False,False
147961,Franklin India Credit Risk Fund (No. of segregated portfolios-3),Open Ended Schemes(Debt Scheme - Credit Risk Fund),Regular,False,,,,False,False
134342,ICICI Prudential Credit Risk Fund,Open Ended Schemes(Debt Scheme - Credit Risk Fund),Regular,False,,,,False,False
130943,ICICI Prudential Credit Risk Fund,Open Ended Schemes(Debt Scheme - Credit Risk Fund),Regular,False,,,,False,False
134341,ICICI Prudential Credit Risk Fund,Open Ended Schemes(Debt Scheme - Credit Risk Fund),Regular,False,,,,False,False
120710,ICICI Prudential Credit Risk Fund,Open Ended Schemes(Debt Scheme - Credit Risk Fund),Regular,False,,,,False,False
130944,ICICI Prudential Credit Risk Fund,Open Ended Schemes(Debt Scheme - Credit Risk Fund),Regular,False,,,,False,False
114241,ICICI Prudential Credit Risk Fund,Open Ended Schemes(Debt Scheme - Credit Risk Fund),Regular,False,,,,False,False
148239,UTI - Credit Risk Fund (Segregated - 06032020),Open Ended Schemes(Debt Scheme - Credit Risk Fund),Regular,False,,,,False,False
148241,UTI - Credit Risk Fund (Segregated - 06032020),Open Ended Schemes(Debt Scheme - Credit Risk Fund),Regular,False,,,,False,False
148242,UTI - Credit Risk Fund (Segregated - 06032020),Open Ended Schemes(Debt Scheme - Credit Risk Fund),Regular,False,,,,False,False
148238,UTI - Credit Risk Fund (Segregated - 06032020),Open Ended Schemes(Debt Scheme - Credit Risk Fund),Regular,False,,,,False,False
148240,UTI - Credit Risk Fund (Segregated - 06032020),Open Ended Schemes(Debt Scheme - Credit Risk Fund),Regular,False,,,,False,False
148245,UTI - Credit Risk Fund (Segregated - 06032020),Open Ended Schemes(Debt Scheme - Credit Risk Fund),Regular,False,,,,False,False
148234,UTI - Credit Risk Fund (Segregated - 06032020),Open Ended Schemes(Debt Scheme - Credit Risk Fund),Regular,False,,,,False,False
148236,UTI - Credit Risk Fund (Segregated - 06032020),Open Ended Schemes(Debt Scheme - Credit Risk Fund),Regular,False,,,,False,False
148237,UTI - Credit Risk Fund (Segregated - 06032020),Open Ended Schemes(Debt Scheme - Credit Risk Fund),Regular,False,,,,False,False
148235,UTI - Credit Risk Fund (Segregated - 06032020),Open Ended Schemes(Debt Scheme - Credit Risk Fund),Regular,False,,,,False,False
148244,UTI - Credit Risk Fund (Segregated - 06032020),Open Ended Schemes(Debt Scheme - Credit Risk Fund),Regular,False,,,,False,False
148243,UTI - Credit Risk Fund (Segregated - 06032020),Open Ended Schemes(Debt Scheme - Credit Risk Fund),Regular,False,,,,False,False
148432,UTI - Credit Risk Fund (Segregated - 07072020),Open Ended Schemes(Debt Scheme - Credit Risk Fund),Regular,False,,,,False,False
148427,UTI - Credit Risk Fund (Segregated - 07072020),Open Ended Schemes(Debt Scheme - Credit Risk Fund),Regular,False,,,,False,False
148429,UTI - Credit Risk Fund (Segregated - 07072020),Open Ended Schemes(Debt Scheme - Credit Risk Fund),Regular,False,,,,False,False
148430,UTI - Credit Risk Fund (Segregated - 07072020),Open Ended Schemes(Debt Scheme - Credit Risk Fund),Regular,False,,,,False,False
148431,UTI - Credit Risk Fund (Segregated - 07072020),Open Ended Schemes(Debt Scheme - Credit Risk Fund),Regular,False,,,,False,False
148428,UTI - Credit Risk Fund (Segregated - 07072020),Open Ended Schemes(Debt Scheme - Credit Risk Fund),Regular,False,,,,False,False
148420,UTI - Credit Risk Fund (Segregated - 07072020),Open Ended Schemes(Debt Scheme - Credit Risk Fund),Regular,False,,,,False,False
148426,UTI - Credit Risk Fund (Segregated - 07072020),Open Ended Schemes(Debt Scheme - Credit Risk Fund),Regular,False,,,,False,False
148425,UTI - Credit Risk Fund (Segregated - 07072020),Open Ended Schemes(Debt Scheme - Credit Risk Fund),Regular,False,,,,False,False
148424,UTI - Credit Risk Fund (Segregated - 07072020),Open Ended Schemes(Debt Scheme - Credit Risk Fund),Regular,False,,,,False,False
148423,UTI - Credit Risk Fund (Segregated - 07072020),Open Ended Schemes(Debt Scheme - Credit Risk Fund),Regular,False,,,,False,False
148422,UTI - Credit Risk Fund (Segregated - 07072020),Open Ended Schemes(Debt Scheme - Credit Risk Fund),Regular,False,,,,False,False
147659,UTi - Credit Risk Fund (Segregated - 13092019),Open Ended Schemes(Debt Scheme - Credit Risk Fund),Regular,False,,,,False,False
147656,UTi - Credit Risk Fund (Segregated - 13092019),Open Ended Schemes(Debt Scheme - Credit Risk Fund),Regular,False,,,,False,False
147651,UTi - Credit Risk Fund (Segregated - 13092019),Open Ended Schemes(Debt Scheme - Credit Risk Fund),Regular,False,,,,False,False
147660,UTi - Credit Risk Fund (Segregated - 13092019),Open Ended Schemes(Debt Scheme - Credit Risk Fund),Regular,False,,,,False,False
147653,UTi - Credit Risk Fund (Segregated - 13092019),Open Ended Schemes(Debt Scheme - Credit Risk Fund),Regular,False,,,,False,False
147655,UTi - Credit Risk Fund (Segregated - 13092019),Open Ended Schemes(Debt Scheme - Credit Risk Fund),Regular,False,,,,False,False
147657,UTi - Credit Risk Fund (Segregated - 13092019),Open Ended Schemes(Debt Scheme - Credit Risk Fund),Regular,False,,,,False,False
147654,UTi - Credit Risk Fund (Segregated - 13092019),Open Ended Schemes(Debt Scheme - Credit Risk Fund),Regular,False,,,,False,False
147650,UTi - Credit Risk Fund (Segregated - 13092019),Open Ended Schemes(Debt Scheme - Credit Risk Fund),Regular,False,,,,False,False
147658,UTi - Credit Risk Fund (Segregated - 13092019),Open Ended Schemes(Debt Scheme - Credit Risk Fund),Regular,False,,,,False,False
147652,UTi - Credit Risk Fund (Segregated - 13092019),Open Ended Schemes(Debt Scheme - Credit Risk Fund),Regular,False,,,,False,False
147649,UTi - Credit Risk Fund (Segregated - 13092019),Open Ended Schemes(Debt Scheme - Credit Risk Fund),Regular,False,,,,False,False
148147,UTI - Credit Risk Fund (Segregated - 17022019),Open Ended Schemes(Debt Scheme - Credit Risk Fund),Regular,False,,,,False,False
148146,UTI - Credit Risk Fund (Segregated - 17022019),Open Ended Schemes(Debt Scheme - Credit Risk Fund),Regular,False,,,,False,False
148156,UTI - Credit Risk Fund (Segregated - 17022019),Open Ended Schemes(Debt Scheme - Credit Risk Fund),Regular,False,,,,False,False
148151,UTI - Credit Risk Fund (Segregated - 17022019),Open Ended Schemes(Debt Scheme - Credit Risk Fund),Regular,False,,,,False,False
148145,UTI - Credit Risk Fund (Segregated - 17022019),Open Ended Schemes(Debt Scheme - Credit Risk Fund),Regular,False,,,,False,False
148154,UTI - Credit Risk Fund (Segregated - 17022019),Open Ended Schemes(Debt Scheme - Credit Risk Fund),Regular,False,,,,False,False
148150,UTI - Credit Risk Fund (Segregated - 17022019),Open Ended Schemes(Debt Scheme - Credit Risk Fund),Regular,False,,,,False,False
148155,UTI - Credit Risk Fund (Segregated - 17022019),Open Ended Schemes(Debt Scheme - Credit Risk Fund),Regular,False,,,,False,False
148149,UTI - Credit Risk Fund (Segregated - 17022019),Open Ended Schemes(Debt Scheme - Credit Risk Fund),Regular,False,,,,False,False
148152,UTI - Credit Risk Fund (Segregated - 17022019),Open Ended Schemes(Debt Scheme - Credit Risk Fund),Regular,False,,,,False,False
148153,UTI - Credit Risk Fund (Segregated - 17022019),Open Ended Schemes(Debt Scheme - Credit Risk Fund),Regular,False,,,,False,False
148148,UTI - Credit Risk Fund (Segregated - 17022019),Open Ended Schemes(Debt Scheme - Credit Risk Fund),Regular,False,,,,False,False
100498,Franklin India Dynamic Accrual Fund (No. of segregated portfolios- 3),Open Ended Schemes(Debt Scheme - Dynamic Bond),Regular,False,,,,False,False
147983,Franklin India Dynamic Accrual Fund (No. of segregated portfolios- 3),Open Ended Schemes(Debt Scheme - Dynamic Bond),Regular,False,,,,False,False
147981,Franklin India Dynamic Accrual Fund (No. of segregated portfolios- 3),Open Ended Schemes(Debt Scheme - Dynamic Bond),Regular,False,,,,False,False
147985,Franklin India Dynamic Accrual Fund (No. of segregated portfolios- 3),Open Ended Schemes(Debt Scheme - Dynamic Bond),Regular,False,,,,False,False
147987,Franklin India Dynamic Accrual Fund (No. of segregated portfolios- 3),Open Ended Schemes(Debt Scheme - Dynamic Bond),Regular,False,,,,False,False
100499,Franklin India Dynamic Accrual Fund (No. of segregated portfolios- 3),Open Ended Schemes(Debt Scheme - Dynamic Bond),Regular,False,,,,False,False
148118,UTI - Dynamic Bond Fund ( Segregated - 17022020),Open Ended Schemes(Debt Scheme - Dynamic Bond),Regular,False,,,,False,False
148117,UTI - Dynamic Bond Fund ( Segregated - 17022020),Open Ended Schemes(Debt Scheme - Dynamic Bond),Regular,False,,,,False,False
148125,UTI - Dynamic Bond Fund ( Segregated - 17022020),Open Ended Schemes(Debt Scheme - Dynamic Bond),Regular,False,,,,False,False
148124,UTI - Dynamic Bond Fund ( Segregated - 17022020),Open Ended Schemes(Debt Scheme - Dynamic Bond),Regular,False,,,,False,False
148120,UTI - Dynamic Bond Fund ( Segregated - 17022020),Open Ended Schemes(Debt Scheme - Dynamic Bond),Regular,False,,,,False,False
148121,UTI - Dynamic Bond Fund ( Segregated - 17022020),Open Ended Schemes(Debt Scheme - Dynamic Bond),Regular,False,,,,False,False
148122,UTI - Dynamic Bond Fund ( Segregated - 17022020),Open Ended Schemes(Debt Scheme - Dynamic Bond),Regular,False,,,,False,False
148123,UTI - Dynamic Bond Fund ( Segregated - 17022020),Open Ended Schemes(Debt Scheme - Dynamic Bond),Regular,False,,,,False,False
148119,UTI - Dynamic Bond Fund ( Segregated - 17022020),Open Ended Schemes(Debt Scheme - Dynamic Bond),Regular,False,,,,False,False
148126,UTI - Dynamic Bond Fund ( Segregated - 17022020),Open Ended Schemes(Debt Scheme - Dynamic Bond),Regular,False,,,,False,False
130903,ICICI Prudential Gilt Fund,Open Ended Schemes(Debt Scheme - Gilt Fund),Regular,False,,,,False,False
130955,ICICI Prudential Gilt Fund,Open Ended Schemes(Debt Scheme - Gilt Fund),Regular,False,,,,False,False
130902,ICICI Prudential Gilt Fund,Open Ended Schemes(Debt Scheme - Gilt Fund),Regular,False,,,,False,False
120607,ICICI Prudential Gilt Fund,Open Ended Schemes(Debt Scheme - Gilt Fund),Regular,False,,,,False,False
120608,ICICI Prudential Gilt Fund,Open Ended Schemes(Debt Scheme - Gilt Fund),Regular,False,,,,False,False
120609,ICICI Prudential Gilt Fund,Open Ended Schemes(Debt Scheme - Gilt Fund),Regular,False,,,,False,False
130956,ICICI Prudential Gilt Fund,Open Ended Schemes(Debt Scheme - Gilt Fund),Regular,False,,,,False,False
100370,ICICI Prudential Gilt Fund,Open Ended Schemes(Debt Scheme - Gilt Fund),Regular,False,,,,False,False
100371,ICICI Prudential Gilt Fund,Open Ended Schemes(Debt Scheme - Gilt Fund),Regular,False,,,,False,False
100372,ICICI Prudential Gilt Fund,Open Ended Schemes(Debt Scheme - Gilt Fund),Regular,False,,,,False,False
138471,PGIM India Gilt Fund,Open Ended Schemes(Debt Scheme - Gilt Fund),Regular,False,,,,False,False
138476,PGIM India Gilt Fund,Open Ended Schemes(Debt Scheme - Gilt Fund),Regular,False,,,,False,False
138475,PGIM India Gilt Fund,Open Ended Schemes(Debt Scheme - Gilt Fund),Regular,False,,,,False,False
100041,Aditya Birla Sun Life Liquid Fund,Open Ended Schemes(Debt Scheme - Liquid Fund),Regular,False,,,,False,False
100048,Aditya Birla Sun Life Liquid Fund,Open Ended Schemes(Debt Scheme - Liquid Fund),Regular,False,,,,False,False
100044,Aditya Birla Sun Life Liquid Fund,Open Ended Schemes(Debt Scheme - Liquid Fund),Regular,False,,,,False,False
108694,BANDHAN LIQUID Fund,Open Ended Schemes(Debt Scheme - Liquid Fund),Regular,False,,,,False,False
139582,BANDHAN LIQUID Fund,Open Ended Schemes(Debt Scheme - Liquid Fund),Regular,False,,,,False,False
139583,BANDHAN LIQUID Fund,Open Ended Schemes(Debt Scheme - Liquid Fund),Regular,False,,,,False,False
139584,BANDHAN LIQUID Fund,Open Ended Schemes(Debt Scheme - Liquid Fund),Regular,False,,,,False,False
139585,BANDHAN LIQUID Fund,Open Ended Schemes(Debt Scheme - Liquid Fund),Regular,False,,,,False,False
141887,BANK OF INDIA LIQUID FUND,Open Ended Schemes(Debt Scheme - Liquid Fund),Regular,False,,,,False,False
141889,BANK OF INDIA LIQUID FUND,Open Ended Schemes(Debt Scheme - Liquid Fund),Regular,False,,,,False,False
141888,BANK OF INDIA LIQUID FUND,Open Ended Schemes(Debt Scheme - Liquid Fund),Regular,False,,,,False,False
141890,BANK OF INDIA LIQUID FUND,Open Ended Schemes(Debt Scheme - Liquid Fund),Regular,False,,,,False,False
140189,Edelweiss Liquid Fund,Open Ended Schemes(Debt Scheme - Liquid Fund),Regular,False,,,,False,False
140176,Edelweiss Liquid Fund,Open Ended Schemes(Debt Scheme - Liquid Fund),Regular,False,,,,False,False
140178,Edelweiss Liquid Fund,Open Ended Schemes(Debt Scheme - Liquid Fund),Regular,False,,,,False,False
140177,Edelweiss Liquid Fund,Open Ended Schemes(Debt Scheme - Liquid Fund),Regular,False,,,,False,False
140180,Edelweiss Liquid Fund,Open Ended Schemes(Debt Scheme - Liquid Fund),Regular,False,,,,False,False
100878,HDFC Liquid Fund,Open Ended Schemes(Debt Scheme - Liquid Fund),Regular,False,,,,False,False
100881,HDFC Liquid Fund,Open Ended Schemes(Debt Scheme - Liquid Fund),Regular,False,,,,False,False
100872,HDFC Liquid Fund,Open Ended Schemes(Debt Scheme - Liquid Fund),Regular,False,,,,False,False
100357,ICICI Prudential Liquid Fund,Open Ended Schemes(Debt Scheme - Liquid Fund),Regular,False,,,,False,False
100359,ICICI Prudential Liquid Fund,Open Ended Schemes(Debt Scheme - Liquid Fund),Regular,False,,,,False,False
130933,ICICI Prudential Liquid Fund -,Open Ended Schemes(Debt Scheme - Liquid Fund),Regular,False,,,,False,False
120198,ICICI Prudential Liquid Fund -,Open Ended Schemes(Debt Scheme - Liquid Fund),Regular,False,,,,False,False
120187,ICICI Prudential Liquid Fund -,Open Ended Schemes(Debt Scheme - Liquid Fund),Regular,False,,,,False,False
120189,ICICI Prudential Liquid Fund -,Open Ended Schemes(Debt Scheme - Liquid Fund),Regular,False,,,,False,False
120196,ICICI Prudential Liquid Fund -,Open Ended Schemes(Debt Scheme - Liquid Fund),Regular,False,,,,False,False
130934,ICICI Prudential Liquid Fund -,Open Ended Schemes(Debt Scheme - Liquid Fund),Regular,False,,,,False,False
104308,ICICI Prudential Liquid Fund -,Open Ended Schemes(Debt Scheme - Liquid Fund),Regular,False,,,,False,False
103344,ICICI Prudential Liquid Fund -,Open Ended Schemes(Debt Scheme - Liquid Fund),Regular,False,,,,False,False
139434,ICICI Prudential Liquid Fund -,Open Ended Schemes(Debt Scheme - Liquid Fund),Regular,False,,,,False,False
139432,ICICI Prudential Liquid Fund -,Open Ended Schemes(Debt Scheme - Liquid Fund),Regular,False,,,,False,False
139433,ICICI Prudential Liquid Fund -,Open Ended Schemes(Debt Scheme - Liquid Fund),Regular,False,,,,False,False
139431,ICICI Prudential Liquid Fund -,Open Ended Schemes(Debt Scheme - Liquid Fund),Regular,False,,,,False,False
103341,ICICI Prudential Liquid Fund -,Open Ended Schemes(Debt Scheme - Liquid Fund),Regular,False,,,,False,False
112119,ICICI Prudential Liquid Fund -,Open Ended Schemes(Debt Scheme - Liquid Fund),Regular,False,,,,False,False
101748,ICICI Prudential Liquid Fund-,Open Ended Schemes(Debt Scheme - Liquid Fund),Regular,False,,,,False,False
101753,ICICI Prudential Liquid Fund-,Open Ended Schemes(Debt Scheme - Liquid Fund),Regular,False,,,,False,False
101754,ICICI Prudential Liquid Fund-,Open Ended Schemes(Debt Scheme - Liquid Fund),Regular,False,,,,False,False
101750,ICICI Prudential Liquid Fund-,Open Ended Schemes(Debt Scheme - Liquid Fund),Regular,False,,,,False,False
101755,ICICI Prudential Liquid Fund-,Open Ended Schemes(Debt Scheme - Liquid Fund),Regular,False,,,,False,False
101752,ICICI Prudential Liquid Fund-,Open Ended Schemes(Debt Scheme - Liquid Fund),Regular,False,,,,False,False
101751,ICICI Prudential Liquid Fund-,Open Ended Schemes(Debt Scheme - Liquid Fund),Regular,False,,,,False,False
145834,Motilal Oswal Liquid Fund,Open Ended Schemes(Debt Scheme - Liquid Fund),Regular,False,,,,False,False
145946,Motilal Oswal Liquid Fund,Open Ended Schemes(Debt Scheme - Liquid Fund),Regular,False,,,,False,False
147442,Motilal Oswal Liquid Fund,Open Ended Schemes(Debt Scheme - Liquid Fund),Regular,False,,,,False,False
147441,Motilal Oswal Liquid Fund,Open Ended Schemes(Debt Scheme - Liquid Fund),Regular,False,,,,False,False
147443,Motilal Oswal Liquid Fund,Open Ended Schemes(Debt Scheme - Liquid Fund),Regular,False,,,,False,False
147444,Motilal Oswal Liquid Fund,Open Ended Schemes(Debt Scheme - Liquid Fund),Regular,False,,,,False,False
146218,Motilal Oswal Liquid Fund,Open Ended Schemes(Debt Scheme - Liquid Fund),Regular,False,,,,False,False
146226,Motilal Oswal Liquid Fund,Open Ended Schemes(Debt Scheme - Liquid Fund),Regular,False,,,,False,False
146223,Motilal Oswal Liquid Fund,Open Ended Schemes(Debt Scheme - Liquid Fund),Regular,False,,,,False,False
146228,Motilal Oswal Liquid Fund,Open Ended Schemes(Debt Scheme - Liquid Fund),Regular,False,,,,False,False
146229,Motilal Oswal Liquid Fund,Open Ended Schemes(Debt Scheme - Liquid Fund),Regular,False,,,,False,False
146227,Motilal Oswal Liquid Fund,Open Ended Schemes(Debt Scheme - Liquid Fund),Regular,False,,,,False,False
146230,Motilal Oswal Liquid Fund,Open Ended Schemes(Debt Scheme - Liquid Fund),Regular,False,,,,False,False
146220,Motilal Oswal Liquid Fund,Open Ended Schemes(Debt Scheme - Liquid Fund),Regular,False,,,,False,False
146222,Motilal Oswal Liquid Fund,Open Ended Schemes(Debt Scheme - Liquid Fund),Regular,False,,,,False,False
146224,Motilal Oswal Liquid Fund,Open Ended Schemes(Debt Scheme - Liquid Fund),Regular,False,,,,False,False
119164,Navi Liquid Fund,Open Ended Schemes(Debt Scheme - Liquid Fund),Regular,False,,,,False,False
138306,PGIM India Liquid Fund,Open Ended Schemes(Debt Scheme - Liquid Fund),Regular,False,,,,False,False
138305,PGIM India Liquid Fund,Open Ended Schemes(Debt Scheme - Liquid Fund),Regular,False,,,,False,False
138302,PGIM India Liquid Fund,Open Ended Schemes(Debt Scheme - Liquid Fund),Regular,False,,,,False,False
138296,PGIM India Liquid Fund,Open Ended Schemes(Debt Scheme - Liquid Fund),Regular,False,,,,False,False
138300,PGIM India Liquid Fund,Open Ended Schemes(Debt Scheme - Liquid Fund),Regular,False,,,,False,False
138303,PGIM India Liquid Fund,Open Ended Schemes(Debt Scheme - Liquid Fund),Regular,False,,,,False,False
138294,PGIM India Liquid Fund,Open Ended Schemes(Debt Scheme - Liquid Fund),Regular,False,,,,False,False
138284,PGIM India Liquid Fund,Open Ended Schemes(Debt Scheme - Liquid Fund),Regular,False,,,,False,False
138292,PGIM India Liquid Fund,Open Ended Schemes(Debt Scheme - Liquid Fund),Regular,False,,,,False,False
138278,PGIM India Liquid Fund,Open Ended Schemes(Debt Scheme - Liquid Fund),Regular,False,,,,False,False
138283,PGIM India Liquid Fund,Open Ended Schemes(Debt Scheme - Liquid Fund),Regular,False,,,,False,False
138282,PGIM India Liquid Fund,Open Ended Schemes(Debt Scheme - Liquid Fund),Regular,False,,,,False,False
138304,PGIM India Liquid Fund,Open Ended Schemes(Debt Scheme - Liquid Fund),Regular,False,,,,False,False
138286,PGIM India Liquid Fund,Open Ended Schemes(Debt Scheme - Liquid Fund),Regular,False,,,,False,False
138280,PGIM India Liquid Fund,Open Ended Schemes(Debt Scheme - Liquid Fund),Regular,False,,,,False,False
138279,PGIM India Liquid Fund,Open Ended Schemes(Debt Scheme - Liquid Fund),Regular,False,,,,False,False
138281,PGIM India Liquid Fund,Open Ended Schemes(Debt Scheme - Liquid Fund),Regular,False,,,,False,False
152299,Quantum Liquid Fund,Open Ended Schemes(Debt Scheme - Liquid Fund),Regular,False,,,,False,False
152298,Quantum Liquid Fund,Open Ended Schemes(Debt Scheme - Liquid Fund),Regular,False,,,,False,False
152301,Quantum Liquid Fund,Open Ended Schemes(Debt Scheme - Liquid Fund),Regular,False,,,,False,False
152300,Quantum Liquid Fund,Open Ended Schemes(Debt Scheme - Liquid Fund),Regular,False,,,,False,False
149745,Sundaram Liquid Fund (Formerly Known as Principal Cash Management Fund),Open Ended Schemes(Debt Scheme - Liquid Fund),Regular,False,,,,False,False
104240,Taurus Liquid Fund,Open Ended Schemes(Debt Scheme - Liquid Fund),Regular,False,,,,False,False
104241,Taurus Liquid Fund,Open Ended Schemes(Debt Scheme - Liquid Fund),Regular,False,,,,False,False
142345,Union Liquid Fund,Open Ended Schemes(Debt Scheme - Liquid Fund),Regular,False,,,,False,False
142344,Union Liquid Fund,Open Ended Schemes(Debt Scheme - Liquid Fund),Regular,False,,,,False,False
142343,Union Liquid Fund,Open Ended Schemes(Debt Scheme - Liquid Fund),Regular,False,,,,False,False
142342,Union Liquid Fund,Open Ended Schemes(Debt Scheme - Liquid Fund),Regular,False,,,,False,False
101642,ICICI Prudential Long Term Bond Fund-,Open Ended Schemes(Debt Scheme - Long Duration Fund),Regular,False,,,,False,False
101643,ICICI Prudential Long Term Bond Fund-,Open Ended Schemes(Debt Scheme - Long Duration Fund),Regular,False,,,,False,False
113135,Franklin India Low Duration Fund (No. of Segregated Portfolios-2),Open Ended Schemes(Debt Scheme - Low Duration Fund),Regular,False,,,,False,False
100503,Franklin India Low Duration Fund (No. of Segregated Portfolios-2),Open Ended Schemes(Debt Scheme - Low Duration Fund),Regular,False,,,,False,False
100504,Franklin India Low Duration Fund (No. of Segregated Portfolios-2),Open Ended Schemes(Debt Scheme - Low Duration Fund),Regular,False,,,,False,False
147994,Franklin India Low Duration Fund (No. of Segregated Portfolios-2),Open Ended Schemes(Debt Scheme - Low Duration Fund),Regular,False,,,,False,False
147990,Franklin India Low Duration Fund (No. of Segregated Portfolios-2),Open Ended Schemes(Debt Scheme - Low Duration Fund),Regular,False,,,,False,False
147992,Franklin India Low Duration Fund (No. of Segregated Portfolios-2),Open Ended Schemes(Debt Scheme - Low Duration Fund),Regular,False,,,,False,False
147999,Franklin India Low Duration Fund (No. of Segregated Portfolios-2),Open Ended Schemes(Debt Scheme - Low Duration Fund),Regular,False,,,,False,False
148000,Franklin India Low Duration Fund (No. of Segregated Portfolios-2),Open Ended Schemes(Debt Scheme - Low Duration Fund),Regular,False,,,,False,False
118554,Franklin India Income Opportunities Fund (no. of segregated portfolios- 2),Open Ended Schemes(Debt Scheme - Medium Duration Fund),Regular,False,,,,False,False
118555,Franklin India Income Opportunities Fund (no. of segregated portfolios- 2),Open Ended Schemes(Debt Scheme - Medium Duration Fund),Regular,False,,,,False,False
112304,Franklin India Income Opportunities Fund (no. of segregated portfolios- 2),Open Ended Schemes(Debt Scheme - Medium Duration Fund),Regular,False,,,,False,False
112305,Franklin India Income Opportunities Fund (no. of segregated portfolios- 2),Open Ended Schemes(Debt Scheme - Medium Duration Fund),Regular,False,,,,False,False
147965,Franklin India Income Opportunities Fund (no. of segregated portfolios- 2),Open Ended Schemes(Debt Scheme - Medium Duration Fund),Regular,False,,,,False,False
147963,Franklin India Income Opportunities Fund (no. of segregated portfolios- 2),Open Ended Schemes(Debt Scheme - Medium Duration Fund),Regular,False,,,,False,False
147964,Franklin India Income Opportunities Fund (no. of segregated portfolios- 2),Open Ended Schemes(Debt Scheme - Medium Duration Fund),Regular,False,,,,False,False
147962,Franklin India Income Opportunities Fund (no. of segregated portfolios- 2),Open Ended Schemes(Debt Scheme - Medium Duration Fund),Regular,False,,,,False,False
147967,Franklin India Income Opportunities Fund (no. of segregated portfolios- 2),Open Ended Schemes(Debt Scheme - Medium Duration Fund),Regular,False,,,,False,False
147969,Franklin India Income Opportunities Fund (no. of segregated portfolios- 2),Open Ended Schemes(Debt Scheme - Medium Duration Fund),Regular,False,,,,False,False
147966,Franklin India Income Opportunities Fund (no. of segregated portfolios- 2),Open Ended Schemes(Debt Scheme - Medium Duration Fund),Regular,False,,,,False,False
147968,Franklin India Income Opportunities Fund (no. of segregated portfolios- 2),Open Ended Schemes(Debt Scheme - Medium Duration Fund),Regular,False,,,,False,False
101703,Tata Medium Term Fund,Open Ended Schemes(Debt Scheme - Medium Duration Fund),Regular,False,,,,False,False
119126,Tata Medium Term Fund,Open Ended Schemes(Debt Scheme - Medium Duration Fund),Regular,False,,,,False,False
119127,Tata Medium Term Fund,Open Ended Schemes(Debt Scheme - Medium Duration Fund),Regular,False,,,,False,False
101605,Tata Medium Term Fund,Open Ended Schemes(Debt Scheme - Medium Duration Fund),Regular,False,,,,False,False
148248,UTI - Medium Term Fund ( Segregated - 06032020),Open Ended Schemes(Debt Scheme - Medium Duration Fund),Regular,False,,,,False,False
148249,UTI - Medium Term Fund ( Segregated - 06032020),Open Ended Schemes(Debt Scheme - Medium Duration Fund),Regular,False,,,,False,False
148257,UTI - Medium Term Fund ( Segregated - 06032020),Open Ended Schemes(Debt Scheme - Medium Duration Fund),Regular,False,,,,False,False
148256,UTI - Medium Term Fund ( Segregated - 06032020),Open Ended Schemes(Debt Scheme - Medium Duration Fund),Regular,False,,,,False,False
148250,UTI - Medium Term Fund ( Segregated - 06032020),Open Ended Schemes(Debt Scheme - Medium Duration Fund),Regular,False,,,,False,False
148255,UTI - Medium Term Fund ( Segregated - 06032020),Open Ended Schemes(Debt Scheme - Medium Duration Fund),Regular,False,,,,False,False
148247,UTI - Medium Term Fund ( Segregated - 06032020),Open Ended Schemes(Debt Scheme - Medium Duration Fund),Regular,False,,,,False,False
148254,UTI - Medium Term Fund ( Segregated - 06032020),Open Ended Schemes(Debt Scheme - Medium Duration Fund),Regular,False,,,,False,False
148252,UTI - Medium Term Fund ( Segregated - 06032020),Open Ended Schemes(Debt Scheme - Medium Duration Fund),Regular,False,,,,False,False
148251,UTI - Medium Term Fund ( Segregated - 06032020),Open Ended Schemes(Debt Scheme - Medium Duration Fund),Regular,False,,,,False,False
148246,UTI - Medium Term Fund ( Segregated - 06032020),Open Ended Schemes(Debt Scheme - Medium Duration Fund),Regular,False,,,,False,False
148253,UTI - Medium Term Fund ( Segregated - 06032020),Open Ended Schemes(Debt Scheme - Medium Duration Fund),Regular,False,,,,False,False
148439,UTI - Medium Term Fund (Segregated - 07072020),Open Ended Schemes(Debt Scheme - Medium Duration Fund),Regular,False,,,,False,False
148442,UTI - Medium Term Fund (Segregated - 07072020),Open Ended Schemes(Debt Scheme - Medium Duration Fund),Regular,False,,,,False,False
148443,UTI - Medium Term Fund (Segregated - 07072020),Open Ended Schemes(Debt Scheme - Medium Duration Fund),Regular,False,,,,False,False
148441,UTI - Medium Term Fund (Segregated - 07072020),Open Ended Schemes(Debt Scheme - Medium Duration Fund),Regular,False,,,,False,False
148440,UTI - Medium Term Fund (Segregated - 07072020),Open Ended Schemes(Debt Scheme - Medium Duration Fund),Regular,False,,,,False,False
148438,UTI - Medium Term Fund (Segregated - 07072020),Open Ended Schemes(Debt Scheme - Medium Duration Fund),Regular,False,,,,False,False
148421,UTI - Medium Term Fund (Segregated - 07072020),Open Ended Schemes(Debt Scheme - Medium Duration Fund),Regular,False,,,,False,False
148434,UTI - Medium Term Fund (Segregated - 07072020),Open Ended Schemes(Debt Scheme - Medium Duration Fund),Regular,False,,,,False,False
148433,UTI - Medium Term Fund (Segregated - 07072020),Open Ended Schemes(Debt Scheme - Medium Duration Fund),Regular,False,,,,False,False
148437,UTI - Medium Term Fund (Segregated - 07072020),Open Ended Schemes(Debt Scheme - Medium Duration Fund),Regular,False,,,,False,False
148435,UTI - Medium Term Fund (Segregated - 07072020),Open Ended Schemes(Debt Scheme - Medium Duration Fund),Regular,False,,,,False,False
148436,UTI - Medium Term Fund (Segregated - 07072020),Open Ended Schemes(Debt Scheme - Medium Duration Fund),Regular,False,,,,False,False
148136,UTI - Medium Term Fund (Segregated - 17022020),Open Ended Schemes(Debt Scheme - Medium Duration Fund),Regular,False,,,,False,False
148138,UTI - Medium Term Fund (Segregated - 17022020),Open Ended Schemes(Debt Scheme - Medium Duration Fund),Regular,False,,,,False,False
148129,UTI - Medium Term Fund (Segregated - 17022020),Open Ended Schemes(Debt Scheme - Medium Duration Fund),Regular,False,,,,False,False
148135,UTI - Medium Term Fund (Segregated - 17022020),Open Ended Schemes(Debt Scheme - Medium Duration Fund),Regular,False,,,,False,False
148134,UTI - Medium Term Fund (Segregated - 17022020),Open Ended Schemes(Debt Scheme - Medium Duration Fund),Regular,False,,,,False,False
148137,UTI - Medium Term Fund (Segregated - 17022020),Open Ended Schemes(Debt Scheme - Medium Duration Fund),Regular,False,,,,False,False
148131,UTI - Medium Term Fund (Segregated - 17022020),Open Ended Schemes(Debt Scheme - Medium Duration Fund),Regular,False,,,,False,False
148128,UTI - Medium Term Fund (Segregated - 17022020),Open Ended Schemes(Debt Scheme - Medium Duration Fund),Regular,False,,,,False,False
148127,UTI - Medium Term Fund (Segregated - 17022020),Open Ended Schemes(Debt Scheme - Medium Duration Fund),Regular,False,,,,False,False
148133,UTI - Medium Term Fund (Segregated - 17022020),Open Ended Schemes(Debt Scheme - Medium Duration Fund),Regular,False,,,,False,False
148132,UTI - Medium Term Fund (Segregated - 17022020),Open Ended Schemes(Debt Scheme - Medium Duration Fund),Regular,False,,,,False,False
148130,UTI - Medium Term Fund (Segregated - 17022020),Open Ended Schemes(Debt Scheme - Medium Duration Fund),Regular,False,,,,False,False
111718,BANK OF INDIA CONSERVATIVE HYBRID FUND,Open Ended Schemes(Debt Scheme - Medium to Long Duration Fund),Regular,False,,,,False,False
111715,BANK OF INDIA CONSERVATIVE HYBRID FUND,Open Ended Schemes(Debt Scheme - Medium to Long Duration Fund),Regular,False,,,,False,False
111717,BANK OF INDIA CONSERVATIVE HYBRID FUND,Open Ended Schemes(Debt Scheme - Medium to Long Duration Fund),Regular,False,,,,False,False
140230,Edelweiss Money Market Fund,Open Ended Schemes(Debt Scheme - Money Market Fund),Regular,False,,,,False,False
101359,Franklin India Money Market Fund,Open Ended Schemes(Debt Scheme - Money Market Fund),Regular,False,,,,False,False
130946,ICICI Prudential Money Market Fund,Open Ended Schemes(Debt Scheme - Money Market Fund),Regular,False,,,,False,False
130945,ICICI Prudential Money Market Fund,Open Ended Schemes(Debt Scheme - Money Market Fund),Regular,False,,,,False,False
115328,ICICI Prudential Money Market Fund,Open Ended Schemes(Debt Scheme - Money Market Fund),Regular,False,,,,False,False
120210,ICICI Prudential Money Market Fund,Open Ended Schemes(Debt Scheme - Money Market Fund),Regular,False,,,,False,False
120213,ICICI Prudential Money Market Fund,Open Ended Schemes(Debt Scheme - Money Market Fund),Regular,False,,,,False,False
101221,ICICI Prudential Money Market Fund,Open Ended Schemes(Debt Scheme - Money Market Fund),Regular,False,,,,False,False
103637,ICICI Prudential Money Market Fund - Cash Option,Open Ended Schemes(Debt Scheme - Money Market Fund),Regular,False,,,,False,False
103636,ICICI Prudential Money Market Fund - Cash Option,Open Ended Schemes(Debt Scheme - Money Market Fund),Regular,False,,,,False,False
143602,JM Money Market Fund,Open Ended Schemes(Debt Scheme - Money Market Fund),Regular,False,,,,False,False
143597,JM Money Market Fund,Open Ended Schemes(Debt Scheme - Money Market Fund),Regular,False,,,,False,False
143599,JM Money Market Fund,Open Ended Schemes(Debt Scheme - Money Market Fund),Regular,False,,,,False,False
143592,JM Money Market Fund,Open Ended Schemes(Debt Scheme - Money Market Fund),Regular,False,,,,False,False
143595,JM Money Market Fund,Open Ended Schemes(Debt Scheme - Money Market Fund),Regular,False,,,,False,False
143601,JM Money Market Fund,Open Ended Schemes(Debt Scheme - Money Market Fund),Regular,False,,,,False,False
143594,JM Money Market Fund,Open Ended Schemes(Debt Scheme - Money Market Fund),Regular,False,,,,False,False
143596,JM Money Market Fund,Open Ended Schemes(Debt Scheme - Money Market Fund),Regular,False,,,,False,False
143598,JM Money Market Fund,Open Ended Schemes(Debt Scheme - Money Market Fund),Regular,False,,,,False,False
143600,JM Money Market Fund,Open Ended Schemes(Debt Scheme - Money Market Fund),Regular,False,,,,False,False
149412,BANK OF INDIA OVERNIGHT FUND,Open Ended Schemes(Debt Scheme - Overnight Fund),Regular,False,,,,False,False
149414,BANK OF INDIA OVERNIGHT FUND,Open Ended Schemes(Debt Scheme - Overnight Fund),Regular,False,,,,False,False
149415,BANK OF INDIA OVERNIGHT FUND,Open Ended Schemes(Debt Scheme - Overnight Fund),Regular,False,,,,False,False
149413,BANK OF INDIA OVERNIGHT FUND,Open Ended Schemes(Debt Scheme - Overnight Fund),Regular,False,,,,False,False
149313,DSP Overnight Fund,Open Ended Schemes(Debt Scheme - Overnight Fund),Regular,False,,,,False,False
149312,DSP Overnight Fund,Open Ended Schemes(Debt Scheme - Overnight Fund),Regular,False,,,,False,False
149311,DSP Overnight Fund,Open Ended Schemes(Debt Scheme - Overnight Fund),Regular,False,,,,False,False
149310,DSP Overnight Fund,Open Ended Schemes(Debt Scheme - Overnight Fund),Regular,False,,,,False,False
149476,Edelweiss Overnight Fund,Open Ended Schemes(Debt Scheme - Overnight Fund),Regular,False,,,,False,False
149477,Edelweiss Overnight Fund,Open Ended Schemes(Debt Scheme - Overnight Fund),Regular,False,,,,False,False
149479,Edelweiss Overnight Fund,Open Ended Schemes(Debt Scheme - Overnight Fund),Regular,False,,,,False,False
149478,Edelweiss Overnight Fund,Open Ended Schemes(Debt Scheme - Overnight Fund),Regular,False,,,,False,False
145546,ICICI Prudential Overnight Fund,Open Ended Schemes(Debt Scheme - Overnight Fund),Regular,False,,,,False,False
145550,ICICI Prudential Overnight Fund,Open Ended Schemes(Debt Scheme - Overnight Fund),Regular,False,,,,False,False
145541,ICICI Prudential Overnight Fund,Open Ended Schemes(Debt Scheme - Overnight Fund),Regular,False,,,,False,False
145545,ICICI Prudential Overnight Fund,Open Ended Schemes(Debt Scheme - Overnight Fund),Regular,False,,,,False,False
145542,ICICI Prudential Overnight Fund,Open Ended Schemes(Debt Scheme - Overnight Fund),Regular,False,,,,False,False
145544,ICICI Prudential Overnight Fund,Open Ended Schemes(Debt Scheme - Overnight Fund),Regular,False,,,,False,False
145540,ICICI Prudential Overnight Fund,Open Ended Schemes(Debt Scheme - Overnight Fund),Regular,False,,,,False,False
145549,ICICI Prudential Overnight Fund,Open Ended Schemes(Debt Scheme - Overnight Fund),Regular,False,,,,False,False
145548,ICICI Prudential Overnight Fund,Open Ended Schemes(Debt Scheme - Overnight Fund),Regular,False,,,,False,False
145543,ICICI Prudential Overnight Fund,Open Ended Schemes(Debt Scheme - Overnight Fund),Regular,False,,,,False,False
149471,Mahindra Manulife Overnight Fund,Open Ended Schemes(Debt Scheme - Overnight Fund),Regular,False,,,,False,False
149470,Mahindra Manulife Overnight Fund,Open Ended Schemes(Debt Scheme - Overnight Fund),Regular,False,,,,False,False
149451,Union Overnight Fund,Open Ended Schemes(Debt Scheme - Overnight Fund),Regular,False,,,,False,False
149452,Union Overnight Fund,Open Ended Schemes(Debt Scheme - Overnight Fund),Regular,False,,,,False,False
149453,Union Overnight Fund,Open Ended Schemes(Debt Scheme - Overnight Fund),Regular,False,,,,False,False
149454,Union Overnight Fund,Open Ended Schemes(Debt Scheme - Overnight Fund),Regular,False,,,,False,False
101236,Franklin India Short-Term Income Plan (no. of segregated portfolios- 3),Open Ended Schemes(Debt Scheme - Short Duration Fund),Regular,False,,,,False,False
101238,Franklin India Short-Term Income Plan (no. of segregated portfolios- 3),Open Ended Schemes(Debt Scheme - Short Duration Fund),Regular,False,,,,False,False
101242,Franklin India Short-Term Income Plan (no. of segregated portfolios- 3),Open Ended Schemes(Debt Scheme - Short Duration Fund),Regular,False,,,,False,False
148013,Franklin India Short-Term Income Plan (no. of segregated portfolios- 3),Open Ended Schemes(Debt Scheme - Short Duration Fund),Regular,False,,,,False,False
148010,Franklin India Short-Term Income Plan (no. of segregated portfolios- 3),Open Ended Schemes(Debt Scheme - Short Duration Fund),Regular,False,,,,False,False
148004,Franklin India Short-Term Income Plan (no. of segregated portfolios- 3),Open Ended Schemes(Debt Scheme - Short Duration Fund),Regular,False,,,,False,False
148009,Franklin India Short-Term Income Plan (no. of segregated portfolios- 3),Open Ended Schemes(Debt Scheme - Short Duration Fund),Regular,False,,,,False,False
148003,Franklin India Short-Term Income Plan (no. of segregated portfolios- 3),Open Ended Schemes(Debt Scheme - Short Duration Fund),Regular,False,,,,False,False
148007,Franklin India Short-Term Income Plan (no. of segregated portfolios- 3),Open Ended Schemes(Debt Scheme - Short Duration Fund),Regular,False,,,,False,False
148011,Franklin India Short-Term Income Plan (no. of segregated portfolios- 3),Open Ended Schemes(Debt Scheme - Short Duration Fund),Regular,False,,,,False,False
148012,Franklin India Short-Term Income Plan (no. of segregated portfolios- 3),Open Ended Schemes(Debt Scheme - Short Duration Fund),Regular,False,,,,False,False
148014,Franklin India Short-Term Income Plan (no. of segregated portfolios- 3),Open Ended Schemes(Debt Scheme - Short Duration Fund),Regular,False,,,,False,False
148008,Franklin India Short-Term Income Plan (no. of segregated portfolios- 3),Open Ended Schemes(Debt Scheme - Short Duration Fund),Regular,False,,,,False,False
148002,Franklin India Short-Term Income Plan (no. of segregated portfolios- 3),Open Ended Schemes(Debt Scheme - Short Duration Fund),Regular,False,,,,False,False
148001,Franklin India Short-Term Income Plan (no. of segregated portfolios- 3),Open Ended Schemes(Debt Scheme - Short Duration Fund),Regular,False,,,,False,False
148005,Franklin India Short-Term Income Plan (no. of segregated portfolios- 3),Open Ended Schemes(Debt Scheme - Short Duration Fund),Regular,False,,,,False,False
101232,Franklin India Short-Term Income Plan (no. of segregated portfolios- 3),Open Ended Schemes(Debt Scheme - Short Duration Fund),Regular,False,,,,False,False
101244,Franklin India Short-Term Income Plan (no. of segregated portfolios- 3),Open Ended Schemes(Debt Scheme - Short Duration Fund),Regular,False,,,,False,False
101246,Franklin India Short-Term Income Plan (no. of segregated portfolios- 3),Open Ended Schemes(Debt Scheme - Short Duration Fund),Regular,False,,,,False,False
148006,Franklin India Short-Term Income Plan (no. of segregated portfolios- 3),Open Ended Schemes(Debt Scheme - Short Duration Fund),Regular,False,,,,False,False
101237,Franklin India Short-Term Income Plan (no. of segregated portfolios- 3),Open Ended Schemes(Debt Scheme - Short Duration Fund),Regular,False,,,,False,False
122674,ICICI Prudential Short Term Fund,Open Ended Schemes(Debt Scheme - Short Duration Fund),Regular,False,,,,False,False
122909,ICICI Prudential Short Term Fund,Open Ended Schemes(Debt Scheme - Short Duration Fund),Regular,False,,,,False,False
131478,ICICI Prudential Short Term Fund,Open Ended Schemes(Debt Scheme - Short Duration Fund),Regular,False,,,,False,False
120753,ICICI Prudential Short Term Fund,Open Ended Schemes(Debt Scheme - Short Duration Fund),Regular,False,,,,False,False
131479,ICICI Prudential Short Term Fund,Open Ended Schemes(Debt Scheme - Short Duration Fund),Regular,False,,,,False,False
101759,ICICI Prudential Short Term Fund,Open Ended Schemes(Debt Scheme - Short Duration Fund),Regular,False,,,,False,False
101229,ICICI Prudential Short Term Fund-,Open Ended Schemes(Debt Scheme - Short Duration Fund),Regular,False,,,,False,False
101231,ICICI Prudential Short Term Fund-,Open Ended Schemes(Debt Scheme - Short Duration Fund),Regular,False,,,,False,False
101230,ICICI Prudential Short Term Fund-,Open Ended Schemes(Debt Scheme - Short Duration Fund),Regular,False,,,,False,False
115103,JM Short Term Fund..,Open Ended Schemes(Debt Scheme - Short Duration Fund),Regular,False,,,,False,False
101524,JM Short Term Fund..,Open Ended Schemes(Debt Scheme - Short Duration Fund),Regular,False,,,,False,False
101521,JM Short Term Fund..,Open Ended Schemes(Debt Scheme - Short Duration Fund),Regular,False,,,,False,False
115090,JM Short Term Fund..,Open Ended Schemes(Debt Scheme - Short Duration Fund),Regular,False,,,,False,False
101519,JM Short Term Fund..,Open Ended Schemes(Debt Scheme - Short Duration Fund),Regular,False,,,,False,False
101520,JM Short Term Fund..,Open Ended Schemes(Debt Scheme - Short Duration Fund),Regular,False,,,,False,False
107248,Franklin India Ultra Short Bond Fund (no. of segregated portfolio-1),Open Ended Schemes(Debt Scheme - Ultra Short Duration Fund),Regular,False,,,,False,False
109574,Franklin India Ultra Short Bond Fund (no. of segregated portfolio-1),Open Ended Schemes(Debt Scheme - Ultra Short Duration Fund),Regular,False,,,,False,False
107251,Franklin India Ultra Short Bond Fund (no. of segregated portfolio-1),Open Ended Schemes(Debt Scheme - Ultra Short Duration Fund),Regular,False,,,,False,False
107247,Franklin India Ultra Short Bond Fund (no. of segregated portfolio-1),Open Ended Schemes(Debt Scheme - Ultra Short Duration Fund),Regular,False,,,,False,False
107252,Franklin India Ultra Short Bond Fund (no. of segregated portfolio-1),Open Ended Schemes(Debt Scheme - Ultra Short Duration Fund),Regular,False,,,,False,False
109575,Franklin India Ultra Short Bond Fund (no. of segregated portfolio-1),Open Ended Schemes(Debt Scheme - Ultra Short Duration Fund),Regular,False,,,,False,False
107249,Franklin India Ultra Short Bond Fund (no. of segregated portfolio-1),Open Ended Schemes(Debt Scheme - Ultra Short Duration Fund),Regular,False,,,,False,False
107250,Franklin India Ultra Short Bond Fund (no. of segregated portfolio-1),Open Ended Schemes(Debt Scheme - Ultra Short Duration Fund),Regular,False,,,,False,False
109576,Franklin India Ultra Short Bond Fund (no. of segregated portfolio-1),Open Ended Schemes(Debt Scheme - Ultra Short Duration Fund),Regular,False,,,,False,False
147975,Franklin India Ultra Short Bond Fund (no. of segregated portfolio-1),Open Ended Schemes(Debt Scheme - Ultra Short Duration Fund),Regular,False,,,,False,False
147976,Franklin India Ultra Short Bond Fund (no. of segregated portfolio-1),Open Ended Schemes(Debt Scheme - Ultra Short Duration Fund),Regular,False,,,,False,False
147980,Franklin India Ultra Short Bond Fund (no. of segregated portfolio-1),Open Ended Schemes(Debt Scheme - Ultra Short Duration Fund),Regular,False,,,,False,False
147979,Franklin India Ultra Short Bond Fund (no. of segregated portfolio-1),Open Ended Schemes(Debt Scheme - Ultra Short Duration Fund),Regular,False,,,,False,False
147977,Franklin India Ultra Short Bond Fund (no. of segregated portfolio-1),Open Ended Schemes(Debt Scheme - Ultra Short Duration Fund),Regular,False,,,,False,False
147971,Franklin India Ultra Short Bond Fund (no. of segregated portfolio-1),Open Ended Schemes(Debt Scheme - Ultra Short Duration Fund),Regular,False,,,,False,False
147974,Franklin India Ultra Short Bond Fund (no. of segregated portfolio-1),Open Ended Schemes(Debt Scheme - Ultra Short Duration Fund),Regular,False,,,,False,False
147973,Franklin India Ultra Short Bond Fund (no. of segregated portfolio-1),Open Ended Schemes(Debt Scheme - Ultra Short Duration Fund),Regular,False,,,,False,False
147978,Franklin India Ultra Short Bond Fund (no. of segregated portfolio-1),Open Ended Schemes(Debt Scheme - Ultra Short Duration Fund),Regular,False,,,,False,False
147970,Franklin India Ultra Short Bond Fund (no. of segregated portfolio-1),Open Ended Schemes(Debt Scheme - Ultra Short Duration Fund),Regular,False,,,,False,False
147972,Franklin India Ultra Short Bond Fund (no. of segregated portfolio-1),Open Ended Schemes(Debt Scheme - Ultra Short Duration Fund),Regular,False,,,,False,False
120678,ICICI Prudential Ultra Short term Fund,Open Ended Schemes(Debt Scheme - Ultra Short Duration Fund),Regular,False,,,,False,False
145401,ICICI Prudential Ultra Short term Fund,Open Ended Schemes(Debt Scheme - Ultra Short Duration Fund),Regular,False,,,,False,False
130942,ICICI Prudential Ultra Short term Fund,Open Ended Schemes(Debt Scheme - Ultra Short Duration Fund),Regular,False,,,,False,False
145403,ICICI Prudential Ultra Short term Fund,Open Ended Schemes(Debt Scheme - Ultra Short Duration Fund),Regular,False,,,,False,False
115093,ICICI Prudential Ultra Short term Fund,Open Ended Schemes(Debt Scheme - Ultra Short Duration Fund),Regular,False,,,,False,False
122316,JM Ultra Short Duration Fund,Open Ended Schemes(Debt Scheme - Ultra Short Duration Fund),Regular,False,,,,False,False
120457,JM Ultra Short Duration Fund,Open Ended Schemes(Debt Scheme - Ultra Short Duration Fund),Regular,False,,,,False,False
120458,JM Ultra Short Duration Fund,Open Ended Schemes(Debt Scheme - Ultra Short Duration Fund),Regular,False,,,,False,False
120454,JM Ultra Short Duration Fund,Open Ended Schemes(Debt Scheme - Ultra Short Duration Fund),Regular,False,,,,False,False
120455,JM Ultra Short Duration Fund,Open Ended Schemes(Debt Scheme - Ultra Short Duration Fund),Regular,False,,,,False,False
122317,JM Ultra Short Duration Fund,Open Ended Schemes(Debt Scheme - Ultra Short Duration Fund),Regular,False,,,,False,False
104272,JM Ultra Short Duration Fund,Open Ended Schemes(Debt Scheme - Ultra Short Duration Fund),Regular,False,,,,False,False
106101,JM Ultra Short Duration Fund,Open Ended Schemes(Debt Scheme - Ultra Short Duration Fund),Regular,False,,,,False,False
104271,JM Ultra Short Duration Fund,Open Ended Schemes(Debt Scheme - Ultra Short Duration Fund),Regular,False,,,,False,False
106104,JM Ultra Short Duration Fund,Open Ended Schemes(Debt Scheme - Ultra Short Duration Fund),Regular,False,,,,False,False
110575,Kotak Treasury Advantage,Open Ended Schemes(Debt Scheme - Ultra Short Duration Fund),Regular,False,,,,False,False
119749,Kotak Treasury Advantage,Open Ended Schemes(Debt Scheme - Ultra Short Duration Fund),Regular,False,,,,False,False
124303,Motilal Oswal Ultra Short Term Fund,Open Ended Schemes(Debt Scheme - Ultra Short Duration Fund),Regular,False,,,,False,False
118929,HDFC Long Term Advantage Plan,Open Ended Schemes(Equity Scheme - ELSS),Regular,False,,,,False,False
100998,HDFC Long Term Advantage Plan,Open Ended Schemes(Equity Scheme - ELSS),Regular,False,,,,False,False
118928,HDFC Long Term Advantage Plan,Open Ended Schemes(Equity Scheme - ELSS),Regular,False,,,,False,False
100997,HDFC Long Term Advantage Plan,Open Ended Schemes(Equity Scheme - ELSS),Regular,False,,,,False,False
135653,Navi ELSS Tax Saver Fund,Open Ended Schemes(Equity Scheme - ELSS),Regular,False,,,,False,False
135652,Navi ELSS Tax Saver Fund,Open Ended Schemes(Equity Scheme - ELSS),Regular,False,,,,False,False
135654,Navi ELSS Tax Saver Fund,Open Ended Schemes(Equity Scheme - ELSS),Regular,False,,,,False,False
135655,Navi ELSS Tax Saver Fund,Open Ended Schemes(Equity Scheme - ELSS),Regular,False,,,,False,False
110599,BANK OF INDIA LARGE & MID CAP FUND,Open Ended Schemes(Equity Scheme - Large & Mid Cap Fund),Regular,False,,,,False,False
110601,BANK OF INDIA LARGE & MID CAP FUND,Open Ended Schemes(Equity Scheme - Large & Mid Cap Fund),Regular,False,,,,False,False
110604,BANK OF INDIA LARGE & MID CAP FUND,Open Ended Schemes(Equity Scheme - Large & Mid Cap Fund),Regular,False,,,,False,False
110608,BANK OF INDIA LARGE & MID CAP FUND,Open Ended Schemes(Equity Scheme - Large & Mid Cap Fund),Regular,False,,,,False,False
147706,Motilal Oswal Large and Midcap Fund,Open Ended Schemes(Equity Scheme - Large & Mid Cap Fund),Regular,False,,,,False,False
119527,Aditya Birla Sun Life Large Cap Fund,Open Ended Schemes(Equity Scheme - Large Cap Fund),Regular,False,,,,False,False
111938,Edelweiss Large Cap Fund,Open Ended Schemes(Equity Scheme - Large Cap Fund),Regular,False,,,,False,False
111939,Edelweiss Large Cap Fund,Open Ended Schemes(Equity Scheme - Large Cap Fund),Regular,False,,,,False,False
111935,Edelweiss Large Cap Fund,Open Ended Schemes(Equity Scheme - Large Cap Fund),Regular,False,,,,False,False
111937,Edelweiss Large Cap Fund,Open Ended Schemes(Equity Scheme - Large Cap Fund),Regular,False,,,,False,False
108467,ICICI Prudential Large Cap Fund (erstwhile Bluechip Fund),Open Ended Schemes(Equity Scheme - Large Cap Fund),Regular,False,,,,False,False
152354,Motilal Oswal Large Cap Fund,Open Ended Schemes(Equity Scheme - Large Cap Fund),Regular,False,,,,False,False
152351,Motilal Oswal Large Cap Fund,Open Ended Schemes(Equity Scheme - Large Cap Fund),Regular,False,,,,False,False
152352,Motilal Oswal Large Cap Fund,Open Ended Schemes(Equity Scheme - Large Cap Fund),Regular,False,,,,False,False
152353,Motilal Oswal Large Cap Fund,Open Ended Schemes(Equity Scheme - Large Cap Fund),Regular,False,,,,False,False
138311,PGIM India Large Cap Fund,Open Ended Schemes(Equity Scheme - Large Cap Fund),Regular,False,,,,False,False
138314,PGIM India Large Cap Fund,Open Ended Schemes(Equity Scheme - Large Cap Fund),Regular,False,,,,False,False
138310,PGIM India Large Cap Fund,Open Ended Schemes(Equity Scheme - Large Cap Fund),Regular,False,,,,False,False
138309,PGIM India Large Cap Fund,Open Ended Schemes(Equity Scheme - Large Cap Fund),Regular,False,,,,False,False
127044,Motilal Oswal Midcap Fund,Open Ended Schemes(Equity Scheme - Mid Cap Fund),Regular,False,,,,False,False
127042,Motilal Oswal Midcap Fund,Open Ended Schemes(Equity Scheme - Mid Cap Fund),Regular,False,,,,False,False
127040,Motilal Oswal Midcap Fund,Open Ended Schemes(Equity Scheme - Mid Cap Fund),Regular,False,,,,False,False
127039,Motilal Oswal Midcap Fund,Open Ended Schemes(Equity Scheme - Mid Cap Fund),Regular,False,,,,False,False
152650,Motilal Oswal Multi Cap Fund,Open Ended Schemes(Equity Scheme - Multi Cap Fund),Regular,False,,,,False,False
152649,Motilal Oswal Multi Cap Fund,Open Ended Schemes(Equity Scheme - Multi Cap Fund),Regular,False,,,,False,False
152651,Motilal Oswal Multi Cap Fund,Open Ended Schemes(Equity Scheme - Multi Cap Fund),Regular,False,,,,False,False
152652,Motilal Oswal Multi Cap Fund,Open Ended Schemes(Equity Scheme - Multi Cap Fund),Regular,False,,,,False,False
119576,Aditya Birla Sun Life Commodity Equities Fund - Global Agri Plan,Open Ended Schemes(Equity Scheme - Sectoral/ Thematic),Regular,False,,,,False,False
111349,Aditya Birla Sun Life Commodity Equities Fund - Global Agri Plan,Open Ended Schemes(Equity Scheme - Sectoral/ Thematic),Regular,False,,,,False,False
119575,Aditya Birla Sun Life Commodity Equities Fund - Global Agri Plan,Open Ended Schemes(Equity Scheme - Sectoral/ Thematic),Regular,False,,,,False,False
111348,Aditya Birla Sun Life Commodity Equities Fund - Global Agri Plan,Open Ended Schemes(Equity Scheme - Sectoral/ Thematic),Regular,False,,,,False,False
119519,Aditya Birla Sun Life International Equity Fund Plan B,Open Ended Schemes(Equity Scheme - Sectoral/ Thematic),Regular,False,,,,False,False
119518,Aditya Birla Sun Life International Equity Fund Plan B,Open Ended Schemes(Equity Scheme - Sectoral/ Thematic),Regular,False,,,,False,False
106876,Aditya Birla Sun Life International Equity Fund Plan B,Open Ended Schemes(Equity Scheme - Sectoral/ Thematic),Regular,False,,,,False,False
106875,Aditya Birla Sun Life International Equity Fund Plan B,Open Ended Schemes(Equity Scheme - Sectoral/ Thematic),Regular,False,,,,False,False
152796,Motilal Oswal Business Cycle Fund,Open Ended Schemes(Equity Scheme - Sectoral/ Thematic),Regular,False,,,,False,False
152797,Motilal Oswal Business Cycle Fund,Open Ended Schemes(Equity Scheme - Sectoral/ Thematic),Regular,False,,,,False,False
152794,Motilal Oswal Business Cycle Fund,Open Ended Schemes(Equity Scheme - Sectoral/ Thematic),Regular,False,,,,False,False
152795,Motilal Oswal Business Cycle Fund,Open Ended Schemes(Equity Scheme - Sectoral/ Thematic),Regular,False,,,,False,False
153913,Motilal Oswal Consumption Fund,Open Ended Schemes(Equity Scheme - Sectoral/ Thematic),Regular,False,,,,False,False
153914,Motilal Oswal Consumption Fund,Open Ended Schemes(Equity Scheme - Sectoral/ Thematic),Regular,False,,,,False,False
153915,Motilal Oswal Consumption Fund,Open Ended Schemes(Equity Scheme - Sectoral/ Thematic),Regular,False,,,,False,False
152762,Motilal Oswal Manufacturing Fund,Open Ended Schemes(Equity Scheme - Sectoral/ Thematic),Regular,False,,,,False,False
152760,Motilal Oswal Manufacturing Fund,Open Ended Schemes(Equity Scheme - Sectoral/ Thematic),Regular,False,,,,False,False
152761,Motilal Oswal Manufacturing Fund,Open Ended Schemes(Equity Scheme - Sectoral/ Thematic),Regular,False,,,,False,False
152763,Motilal Oswal Manufacturing Fund,Open Ended Schemes(Equity Scheme - Sectoral/ Thematic),Regular,False,,,,False,False
113373,Sundaram Consumption Fund (Formerly Known as Sundaram Rural and Consumption Fund),Open Ended Schemes(Equity Scheme - Sectoral/ Thematic),Regular,False,,,,False,False
109061,Sundaram Financial Services Opportunities Fund,Open Ended Schemes(Equity Scheme - Sectoral/ Thematic),Regular,False,,,,False,False
109060,Sundaram Financial Services Opportunities Fund,Open Ended Schemes(Equity Scheme - Sectoral/ Thematic),Regular,False,,,,False,False
119659,Aditya Birla Sun Life Value Fund,Open Ended Schemes(Equity Scheme - Value Fund),Regular,False,,,,False,False
111709,BANK OF INDIA ELSS TAX SAVER FUND,Open Ended Schemes(Equity Schemes - ELSS- Tax Saver Fund),Regular,False,,,,False,False
111711,BANK OF INDIA ELSS TAX SAVER FUND,Open Ended Schemes(Equity Schemes - ELSS- Tax Saver Fund),Regular,False,,,,False,False
151130,HSBC Small Cap Fund,Open Ended Schemes(Equity Schemes - Small Cap Fund),Regular,False,,,,False,False
151132,HSBC Small Cap Fund,Open Ended Schemes(Equity Schemes - Small Cap Fund),Regular,False,,,,False,False
151133,HSBC Small Cap Fund,Open Ended Schemes(Equity Schemes - Small Cap Fund),Regular,False,,,,False,False
151131,HSBC Small Cap Fund,Open Ended Schemes(Equity Schemes - Small Cap Fund),Regular,False,,,,False,False
106821,ICICI Prudential Small Cap Fund,Open Ended Schemes(Equity Schemes - Small Cap Fund),Regular,False,,,,False,False
151533,Aditya Birla Sun Life CRISIL Liquid Overnight ETF,Open Ended Schemes(Exchange Traded Funds (ETFs) - Debt ETF),Regular,False,,,,False,False
154593,DSP NIFTY 10 YR BENCHMARK G-SEC ETF,Open Ended Schemes(Exchange Traded Funds (ETFs) - Debt ETF),Regular,False,,,,False,False
152891,Groww Nifty 1D Rate Liquid ETF,Open Ended Schemes(Exchange Traded Funds (ETFs) - Debt ETF),Regular,False,,,,False,False
153045,Mirae Asset Nifty 1D Rate Liquid ETF - Growth,Open Ended Schemes(Exchange Traded Funds (ETFs) - Debt ETF),Regular,True,2024-11-08,2026-09-27,619.0,True,False
151908,Mirae Asset Nifty 1D Rate Liquid ETF-IDCW,Open Ended Schemes(Exchange Traded Funds (ETFs) - Debt ETF),Regular,True,2023-07-28,2026-09-27,1020.0,False,False
151695,Mirae Asset Nifty 8-13 yr G-Sec ETF,Open Ended Schemes(Exchange Traded Funds (ETFs) - Debt ETF),Regular,False,,,,False,False
139581,Aditya Birla Sun Life BSE Sensex ETF,Open Ended Schemes(Exchange Traded Funds (ETFs) - Equity ETF),Regular,False,,,,False,False
154224,Aditya Birla Sun Life BSE Top 10 Banks ETF,Open Ended Schemes(Exchange Traded Funds (ETFs) - Equity ETF),Regular,False,,,,False,False
115127,Aditya Birla Sun Life Gold ETF,Open Ended Schemes(Exchange Traded Funds (ETFs) - Equity ETF),Regular,False,,,,False,False
154220,Aditya Birla Sun Life MSCI India ETF,Open Ended Schemes(Exchange Traded Funds (ETFs) - Equity ETF),Regular,False,,,,False,False
150497,Aditya Birla Sun Life Nifty 200 Quality 30 ETF,Open Ended Schemes(Exchange Traded Funds (ETFs) - Equity ETF),Regular,False,,,,False,False
115512,Aditya Birla Sun Life Nifty 50 ETF,Open Ended Schemes(Exchange Traded Funds (ETFs) - Equity ETF),Regular,False,,,,False,False
147735,ADITYA BIRLA SUN LIFE NIFTY BANK ETF,Open Ended Schemes(Exchange Traded Funds (ETFs) - Equity ETF),Regular,False,,,,False,False
149262,Aditya Birla Sun Life Nifty Healthcare ETF,Open Ended Schemes(Exchange Traded Funds (ETFs) - Equity ETF),Regular,False,,,,False,False
149293,Aditya Birla Sun Life Nifty IT ETF,Open Ended Schemes(Exchange Traded Funds (ETFs) - Equity ETF),Regular,False,,,,False,False
145881,Aditya Birla Sun Life Nifty Next 50 ETF,Open Ended Schemes(Exchange Traded Funds (ETFs) - Equity ETF),Regular,False,,,,False,False
152620,Aditya Birla Sun Life Nifty PSE ETF,Open Ended Schemes(Exchange Traded Funds (ETFs) - Equity ETF),Regular,False,,,,False,False
149779,Aditya Birla Sun Life Silver ETF,Open Ended Schemes(Exchange Traded Funds (ETFs) - Equity ETF),Regular,False,,,,False,False
151585,Axis BSE Sensex ETF,Open Ended Schemes(Exchange Traded Funds (ETFs) - Equity ETF),Regular,False,,,,False,False
141545,Axis Nifty 50 ETF,Open Ended Schemes(Exchange Traded Funds (ETFs) - Equity ETF),Regular,False,,,,False,False
148559,Axis NIFTY Bank ETF,Open Ended Schemes(Exchange Traded Funds (ETFs) - Equity ETF),Regular,False,,,,False,False
154627,Axis Nifty Energy ETF,Open Ended Schemes(Exchange Traded Funds (ETFs) - Equity ETF),Regular,False,,,,False,False
148934,Axis NIFTY Healthcare ETF,Open Ended Schemes(Exchange Traded Funds (ETFs) - Equity ETF),Regular,False,,,,False,False
149156,Axis NIFTY India Consumption ETF,Open Ended Schemes(Exchange Traded Funds (ETFs) - Equity ETF),Regular,False,,,,False,False
148799,Axis NIFTY IT ETF,Open Ended Schemes(Exchange Traded Funds (ETFs) - Equity ETF),Regular,False,,,,False,False
153414,Axis Nifty500 Value 50 ETF,Open Ended Schemes(Exchange Traded Funds (ETFs) - Equity ETF),Regular,False,,,,False,False
154492,Bajaj Finserv BSE Top 10 Banks ETF,Open Ended Schemes(Exchange Traded Funds (ETFs) - Equity ETF),Regular,False,,,,False,False
154528,DSP BSE MidSmall Private Banks ETF,Open Ended Schemes(Exchange Traded Funds (ETFs) - Equity ETF),Regular,False,,,,False,False
154535,Edelweiss BSE LargeMid (60:40) Stable dividend 50 ETF,Open Ended Schemes(Exchange Traded Funds (ETFs) - Equity ETF),Regular,True,2026-08-03,2026-09-25,39.0,False,False
154524,Edelweiss BSE Top 10 Bank ETF,Open Ended Schemes(Exchange Traded Funds (ETFs) - Equity ETF),Regular,False,,,,False,False
154461,Edelweiss Nifty Metal ETF,Open Ended Schemes(Exchange Traded Funds (ETFs) - Equity ETF),Regular,False,,,,False,False
154504,HDFC Nifty Metal ETF,Open Ended Schemes(Exchange Traded Funds (ETFs) - Equity ETF),Regular,False,,,,False,False
154550,JioBlackRock Nifty 50 ETF,Open Ended Schemes(Exchange Traded Funds (ETFs) - Equity ETF),Regular,False,,,,False,False
154491,Kotak Nifty Private Bank ETF,Open Ended Schemes(Exchange Traded Funds (ETFs) - Equity ETF),Regular,False,,,,False,False
106929,Kotak Nifty PSU Bank ETF,Open Ended Schemes(Exchange Traded Funds (ETFs) - Equity ETF),Regular,False,,,,False,False
153379,Mirae Asset BSE 200 Equal Weight ETF,Open Ended Schemes(Exchange Traded Funds (ETFs) - Equity ETF),Regular,False,,,,False,False
154061,Mirae Asset BSE 500 Dividend Leaders 50 ETF,Open Ended Schemes(Exchange Traded Funds (ETFs) - Equity ETF),Regular,True,2025-12-16,2026-09-25,194.0,False,False
154182,Mirae Asset BSE India Defence ETF,Open Ended Schemes(Exchange Traded Funds (ETFs) - Equity ETF),Regular,False,,,,False,False
154626,Mirae Asset BSE LargeMid (60:40) Stable Dividend 50 ETF,Open Ended Schemes(Exchange Traded Funds (ETFs) - Equity ETF),Regular,True,2026-08-17,2026-09-25,29.0,False,False
154471,Mirae Asset BSE Midcap 150 Momentum 30 ETF,Open Ended Schemes(Exchange Traded Funds (ETFs) - Equity ETF),Regular,False,,,,False,False
153384,Mirae Asset BSE Select IPO ETF,Open Ended Schemes(Exchange Traded Funds (ETFs) - Equity ETF),Regular,False,,,,False,False
152097,Mirae Asset BSE Sensex ETF,Open Ended Schemes(Exchange Traded Funds (ETFs) - Equity ETF),Regular,False,,,,False,False
148572,Mirae Asset Nifty 100 ESG Sector Leaders ETF,Open Ended Schemes(Exchange Traded Funds (ETFs) - Equity ETF),Regular,False,,,,False,False
151604,Mirae Asset Nifty 100 Low Volatility 30 ETF,Open Ended Schemes(Exchange Traded Funds (ETFs) - Equity ETF),Regular,False,,,,False,False
152134,Mirae Asset Nifty 200 Alpha 30 ETF,Open Ended Schemes(Exchange Traded Funds (ETFs) - Equity ETF),Regular,False,,,,False,False
145633,Mirae Asset Nifty 50 ETF,Open Ended Schemes(Exchange Traded Funds (ETFs) - Equity ETF),Regular,False,,,,False,False
154169,Mirae Asset Nifty 500 Healthcare ETF,Open Ended Schemes(Exchange Traded Funds (ETFs) - Equity ETF),Regular,False,,,,False,False
154299,Mirae Asset Nifty 500 Value 50 ETF,Open Ended Schemes(Exchange Traded Funds (ETFs) - Equity ETF),Regular,False,,,,False,False
151857,Mirae Asset Nifty Bank ETF,Open Ended Schemes(Exchange Traded Funds (ETFs) - Equity ETF),Regular,False,,,,False,False
153945,Mirae Asset Nifty Energy ETF,Open Ended Schemes(Exchange Traded Funds (ETFs) - Equity ETF),Regular,False,,,,False,False
152715,Mirae Asset Nifty EV and New Age Automotive ETF,Open Ended Schemes(Exchange Traded Funds (ETFs) - Equity ETF),Regular,False,,,,False,False
149105,Mirae Asset Nifty Financial Services ETF,Open Ended Schemes(Exchange Traded Funds (ETFs) - Equity ETF),Regular,False,,,,False,False
154181,Mirae Asset Nifty India Infrastructure & Logistics ETF,Open Ended Schemes(Exchange Traded Funds (ETFs) - Equity ETF),Regular,False,,,,False,False
153642,Mirae Asset Nifty India Internet ETF,Open Ended Schemes(Exchange Traded Funds (ETFs) - Equity ETF),Regular,False,,,,False,False
149786,Mirae Asset Nifty India Manufacturing ETF,Open Ended Schemes(Exchange Traded Funds (ETFs) - Equity ETF),Regular,False,,,,False,False
153191,Mirae Asset Nifty India New Age Consumption ETF,Open Ended Schemes(Exchange Traded Funds (ETFs) - Equity ETF),Regular,False,,,,False,False
152155,Mirae Asset Nifty IT ETF,Open Ended Schemes(Exchange Traded Funds (ETFs) - Equity ETF),Regular,False,,,,False,False
152924,Mirae Asset Nifty Metal ETF,Open Ended Schemes(Exchange Traded Funds (ETFs) - Equity ETF),Regular,False,,,,False,False
149918,Mirae Asset Nifty Midcap 150 ETF,Open Ended Schemes(Exchange Traded Funds (ETFs) - Equity ETF),Regular,False,,,,False,False
152634,Mirae Asset Nifty MidSmallcap400 Momentum Quality 100 ETF,Open Ended Schemes(Exchange Traded Funds (ETFs) - Equity ETF),Regular,False,,,,False,False
147906,Mirae Asset Nifty Next 50 ETF,Open Ended Schemes(Exchange Traded Funds (ETFs) - Equity ETF),Regular,False,,,,False,False
152929,Mirae Asset Nifty PSU Bank ETF,Open Ended Schemes(Exchange Traded Funds (ETFs) - Equity ETF),Regular,False,,,,False,False
153946,Mirae Asset Nifty Smallcap 250 ETF,Open Ended Schemes(Exchange Traded Funds (ETFs) - Equity ETF),Regular,False,,,,False,False
152455,Mirae Asset Nifty Smallcap 250 Momentum Quality 100 ETF,Open Ended Schemes(Exchange Traded Funds (ETFs) - Equity ETF),Regular,False,,,,False,False
154060,Mirae Asset Nifty Top 20 Equal Weight ETF,Open Ended Schemes(Exchange Traded Funds (ETFs) - Equity ETF),Regular,False,,,,False,False
153519,Mirae Asset Nifty50 Equal Weight ETF,Open Ended Schemes(Exchange Traded Funds (ETFs) - Equity ETF),Regular,False,,,,False,False
152811,Mirae Asset Nifty500 Multicap 50:25:25 ETF,Open Ended Schemes(Exchange Traded Funds (ETFs) - Equity ETF),Regular,False,,,,False,False
149169,Mirae Asset S&P 500 Top 50 ETF,Open Ended Schemes(Exchange Traded Funds (ETFs) - Equity ETF),Regular,False,,,,False,False
154551,Motilal Oswal Nifty Metal ETF,Open Ended Schemes(Exchange Traded Funds (ETFs) - Equity ETF),Regular,False,,,,False,False
154552,Motilal Oswal Nifty Oil & Gas ETF,Open Ended Schemes(Exchange Traded Funds (ETFs) - Equity ETF),Regular,False,,,,False,False
154698,UTI BSE India Sector Leaders Exchange Traded Fund,Open Ended Schemes(Exchange Traded Funds (ETFs) - Equity ETF),Regular,False,,,,False,False
154602,UTI Nifty 500 Exchange Traded Fund,Open Ended Schemes(Exchange Traded Funds (ETFs) - Equity ETF),Regular,False,,,,False,False
149379,Mirae Asset Hang Seng TECH ETF,Open Ended Schemes(Exchange Traded Funds (ETFs) - ETFs investing overseas),Regular,False,,,,False,False
148927,Mirae Asset NYSE FANG+ ETF,Open Ended Schemes(Exchange Traded Funds (ETFs) - ETFs investing overseas),Regular,False,,,,False,False
113434,Axis Gold ETF,Open Ended Schemes(Exchange Traded Funds (ETFs) - Gold ETF),Regular,False,,,,False,False
151737,DSP Gold ETF,Open Ended Schemes(Exchange Traded Funds (ETFs) - Gold ETF),Regular,False,,,,False,False
152957,Groww Gold ETF,Open Ended Schemes(Exchange Traded Funds (ETFs) - Gold ETF),Regular,False,,,,False,False
151416,Mirae Asset Gold ETF,Open Ended Schemes(Exchange Traded Funds (ETFs) - Gold ETF),Regular,False,,,,False,False
154497,Mirae Asset Nifty200 Momentum 30 Plus 8-13 yr G-Sec 50:50 ETF,Open Ended Schemes(Exchange Traded Funds (ETFs) - Hybrid ETF),Regular,False,,,,False,False
154199,Groww BSE Hospitals ETF,Open Ended Schemes(Exchange Traded Funds (ETFs) - Other ETF),Regular,False,,,,False,True
153744,Groww BSE Power ETF,Open Ended Schemes(Exchange Traded Funds (ETFs) - Other ETF),Regular,False,,,,False,False
153329,Groww Nifty 200 ETF,Open Ended Schemes(Exchange Traded Funds (ETFs) - Other ETF),Regular,False,,,,False,False
153699,Groww Nifty 50 ETF,Open Ended Schemes(Exchange Traded Funds (ETFs) - Other ETF),Regular,False,,,,False,False
153583,Groww Nifty 500 Low Volatility 50 ETF,Open Ended Schemes(Exchange Traded Funds (ETFs) - Other ETF),Regular,False,,,,False,False
153452,Groww Nifty 500 Momentum 50 ETF,Open Ended Schemes(Exchange Traded Funds (ETFs) - Other ETF),Regular,False,,,,False,False
153907,Groww Nifty Capital Markets ETF,Open Ended Schemes(Exchange Traded Funds (ETFs) - Other ETF),Regular,False,,,,False,False
154476,Groww Nifty Cements ETF,Open Ended Schemes(Exchange Traded Funds (ETFs) - Other ETF),Regular,False,,,,False,False
154111,Groww Nifty Chemicals ETF,Open Ended Schemes(Exchange Traded Funds (ETFs) - Other ETF),Regular,False,,,,False,False
152764,Groww Nifty EV & New Age Automotive ETF,Open Ended Schemes(Exchange Traded Funds (ETFs) - Other ETF),Regular,False,,,,False,False
152845,Groww Nifty India Defence ETF,Open Ended Schemes(Exchange Traded Funds (ETFs) - Other ETF),Regular,False,,,,False,False
153625,Groww Nifty India Internet ETF,Open Ended Schemes(Exchange Traded Funds (ETFs) - Other ETF),Regular,False,,,,False,False
153229,Groww Nifty India Railways PSU ETF,Open Ended Schemes(Exchange Traded Funds (ETFs) - Other ETF),Regular,False,,,,False,False
154034,Groww Nifty Metal ETF,Open Ended Schemes(Exchange Traded Funds (ETFs) - Other ETF),Regular,False,,,,False,False
153940,Groww Nifty Midcap 150 ETF,Open Ended Schemes(Exchange Traded Funds (ETFs) - Other ETF),Regular,False,,,,False,False
153785,Groww Nifty Next 50 ETF,Open Ended Schemes(Exchange Traded Funds (ETFs) - Other ETF),Regular,False,,,,False,False
154345,Groww Nifty Private Bank ETF,Open Ended Schemes(Exchange Traded Funds (ETFs) - Other ETF),Regular,False,,,,False,False
154163,Groww Nifty PSE ETF,Open Ended Schemes(Exchange Traded Funds (ETFs) - Other ETF),Regular,False,,,,False,False
154277,Groww Nifty PSU Bank ETF,Open Ended Schemes(Exchange Traded Funds (ETFs) - Other ETF),Regular,False,,,,False,False
153899,Groww Nifty Realty ETF,Open Ended Schemes(Exchange Traded Funds (ETFs) - Other ETF),Regular,False,,,,False,False
153923,Groww Nifty Smallcap 250 ETF,Open Ended Schemes(Exchange Traded Funds (ETFs) - Other ETF),Regular,False,,,,False,False
154384,Groww Nifty Smallcap 250 Momentum Quality 100 ETF,Open Ended Schemes(Exchange Traded Funds (ETFs) - Other ETF),Regular,False,,,,False,False
154503,ICICI Prudential BSE Insurance ETF,Open Ended Schemes(Exchange Traded Funds (ETFs) - Other ETF),Regular,False,,,,False,False
150610,Axis Silver ETF,Open Ended Schemes(Exchange Traded Funds (ETFs) - Silver ETF),Regular,False,,,,False,False
150523,DSP Silver ETF,Open Ended Schemes(Exchange Traded Funds (ETFs) - Silver ETF),Regular,False,,,,False,False
153524,Groww Silver ETF,Open Ended Schemes(Exchange Traded Funds (ETFs) - Silver ETF),Regular,False,,,,False,False
151779,Mirae Asset Silver ETF,Open Ended Schemes(Exchange Traded Funds (ETFs) - Silver ETF),Regular,False,,,,False,False
154661,ICICI Prudential Dynamic Asset Allocation Passive FOF,Open Ended Schemes(Fund of Funds Scheme (Domestic) - Fund of Funds Scheme (Domestic)),Regular,False,,,,False,False
154662,ICICI Prudential Dynamic Asset Allocation Passive FOF,Open Ended Schemes(Fund of Funds Scheme (Domestic) - Fund of Funds Scheme (Domestic)),Regular,False,,,,False,False
120606,ICICI Prudential Gilt Fund Investment Plan PF Option,Open Ended Schemes(Gilt),Regular,False,,,,False,False
120605,ICICI Prudential Gilt Fund Investment Plan PF Option,Open Ended Schemes(Gilt),Regular,False,,,,False,False
102060,ICICI Prudential Gilt Fund Investment Plan PF Option,Open Ended Schemes(Gilt),Regular,False,,,,False,False
118019,ICICI Prudential Gilt Fund Investment Plan PF Option,Open Ended Schemes(Gilt),Regular,False,,,,False,False
130901,ICICI Prudential Gilt Fund Investment Plan PF Option,Open Ended Schemes(Gilt),Regular,False,,,,False,False
130954,ICICI Prudential Gilt Fund Investment Plan PF Option,Open Ended Schemes(Gilt),Regular,False,,,,False,False
120612,ICICI Prudential Gilt Fund Treasury Plan PF Option,Open Ended Schemes(Gilt),Regular,False,,,,False,False
120610,ICICI Prudential Gilt Fund Treasury Plan PF Option,Open Ended Schemes(Gilt),Regular,False,,,,False,False
120611,ICICI Prudential Gilt Fund Treasury Plan PF Option,Open Ended Schemes(Gilt),Regular,False,,,,False,False
102248,ICICI Prudential Gilt Fund Treasury Plan PF Option,Open Ended Schemes(Gilt),Regular,False,,,,False,False
118023,ICICI Prudential Gilt Fund Treasury Plan PF Option,Open Ended Schemes(Gilt),Regular,False,,,,False,False
118022,ICICI Prudential Gilt Fund Treasury Plan PF Option,Open Ended Schemes(Gilt),Regular,False,,,,False,False
130905,ICICI Prudential Gilt Fund Treasury Plan PF Option,Open Ended Schemes(Gilt),Regular,False,,,,False,False
103028,ICICI Prudential Blended Plan A,Open Ended Schemes(Growth),Regular,False,,,,False,False
130949,ICICI Prudential Blended Plan A,Open Ended Schemes(Growth),Regular,False,,,,False,False
103027,ICICI Prudential Blended Plan A,Open Ended Schemes(Growth),Regular,False,,,,False,False
120311,ICICI Prudential Blended Plan A,Open Ended Schemes(Growth),Regular,False,,,,False,False
120310,ICICI Prudential Blended Plan A,Open Ended Schemes(Growth),Regular,False,,,,False,False
112013,Edelweiss Aggressive Hybrid Fund,Open Ended Schemes(Hybrid Scheme - Aggressive Hybrid Fund),Regular,False,,,,False,False
112012,Edelweiss Aggressive Hybrid Fund,Open Ended Schemes(Hybrid Scheme - Aggressive Hybrid Fund),Regular,False,,,,False,False
143186,Navi Aggressive Hybrid Fund,Open Ended Schemes(Hybrid Scheme - Aggressive Hybrid Fund),Regular,False,,,,False,True
138385,PGIM India Aggressive Hybrid Equity Fund,Open Ended Schemes(Hybrid Scheme - Aggressive Hybrid Fund),Regular,False,,,,False,True
142422,PGIM India Aggressive Hybrid Equity Fund,Open Ended Schemes(Hybrid Scheme - Aggressive Hybrid Fund),Regular,False,,,,False,True
142421,PGIM India Aggressive Hybrid Equity Fund,Open Ended Schemes(Hybrid Scheme - Aggressive Hybrid Fund),Regular,False,,,,False,True
138384,PGIM India Aggressive Hybrid Equity Fund,Open Ended Schemes(Hybrid Scheme - Aggressive Hybrid Fund),Regular,False,,,,False,True
138383,PGIM India Aggressive Hybrid Equity Fund,Open Ended Schemes(Hybrid Scheme - Aggressive Hybrid Fund),Regular,False,,,,False,True
139823,PGIM India Aggressive Hybrid Equity Fund,Open Ended Schemes(Hybrid Scheme - Aggressive Hybrid Fund),Regular,False,,,,False,True
139822,PGIM India Aggressive Hybrid Equity Fund,Open Ended Schemes(Hybrid Scheme - Aggressive Hybrid Fund),Regular,False,,,,False,True
108844,BANDHAN Arbitrage Fund,Open Ended Schemes(Hybrid Scheme - Arbitrage Fund),Regular,False,,,,False,False
108846,BANDHAN Arbitrage Fund,Open Ended Schemes(Hybrid Scheme - Arbitrage Fund),Regular,False,,,,False,False
130208,Edelweiss Arbitrage Fund,Open Ended Schemes(Hybrid Scheme - Arbitrage Fund),Regular,False,,,,False,False
138880,PGIM India Arbitrage Fund,Open Ended Schemes(Hybrid Scheme - Arbitrage Fund),Regular,False,,,,False,True
138875,PGIM India Arbitrage Fund,Open Ended Schemes(Hybrid Scheme - Arbitrage Fund),Regular,False,,,,False,True
142424,PGIM India Arbitrage Fund,Open Ended Schemes(Hybrid Scheme - Arbitrage Fund),Regular,False,,,,False,True
138878,PGIM India Arbitrage Fund,Open Ended Schemes(Hybrid Scheme - Arbitrage Fund),Regular,False,,,,False,True
138879,PGIM India Arbitrage Fund,Open Ended Schemes(Hybrid Scheme - Arbitrage Fund),Regular,False,,,,False,True
138877,PGIM India Arbitrage Fund,Open Ended Schemes(Hybrid Scheme - Arbitrage Fund),Regular,False,,,,False,True
138885,PGIM India Arbitrage Fund,Open Ended Schemes(Hybrid Scheme - Arbitrage Fund),Regular,False,,,,False,True
138876,PGIM India Arbitrage Fund,Open Ended Schemes(Hybrid Scheme - Arbitrage Fund),Regular,False,,,,False,True
138884,PGIM India Arbitrage Fund,Open Ended Schemes(Hybrid Scheme - Arbitrage Fund),Regular,False,,,,False,True
148297,Franklin India Conservative Hybrid Fund,Open Ended Schemes(Hybrid Scheme - Conservative Hybrid Fund),Regular,False,,,,False,False
148299,Franklin India Conservative Hybrid Fund,Open Ended Schemes(Hybrid Scheme - Conservative Hybrid Fund),Regular,False,,,,False,False
148300,Franklin India Conservative Hybrid Fund,Open Ended Schemes(Hybrid Scheme - Conservative Hybrid Fund),Regular,False,,,,False,False
148106,UTI - Regular Saving Fund (Segregated - 17022020),Open Ended Schemes(Hybrid Scheme - Conservative Hybrid Fund),Regular,False,,,,False,False
148112,UTI - Regular Saving Fund (Segregated - 17022020),Open Ended Schemes(Hybrid Scheme - Conservative Hybrid Fund),Regular,False,,,,False,False
148105,UTI - Regular Saving Fund (Segregated - 17022020),Open Ended Schemes(Hybrid Scheme - Conservative Hybrid Fund),Regular,False,,,,False,False
148108,UTI - Regular Saving Fund (Segregated - 17022020),Open Ended Schemes(Hybrid Scheme - Conservative Hybrid Fund),Regular,False,,,,False,False
148115,UTI - Regular Saving Fund (Segregated - 17022020),Open Ended Schemes(Hybrid Scheme - Conservative Hybrid Fund),Regular,False,,,,False,False
148109,UTI - Regular Saving Fund (Segregated - 17022020),Open Ended Schemes(Hybrid Scheme - Conservative Hybrid Fund),Regular,False,,,,False,False
148111,UTI - Regular Saving Fund (Segregated - 17022020),Open Ended Schemes(Hybrid Scheme - Conservative Hybrid Fund),Regular,False,,,,False,False
148104,UTI - Regular Saving Fund (Segregated - 17022020),Open Ended Schemes(Hybrid Scheme - Conservative Hybrid Fund),Regular,False,,,,False,False
152469,Parag Parikh Dynamic Asset Allocation Fund,Open Ended Schemes(Hybrid Scheme - Dynamic Asset Allocation or Balanced Advantage),Regular,False,,,,False,True
152467,Parag Parikh Dynamic Asset Allocation Fund,Open Ended Schemes(Hybrid Scheme - Dynamic Asset Allocation or Balanced Advantage),Regular,False,,,,False,True
108993,BANDHAN EQUITY SAVINGS FUND,Open Ended Schemes(Hybrid Scheme - Equity Savings),Regular,False,,,,False,False
108994,BANDHAN EQUITY SAVINGS FUND,Open Ended Schemes(Hybrid Scheme - Equity Savings),Regular,False,,,,False,False
140350,Edelweiss Equity Savings Fund,Open Ended Schemes(Hybrid Scheme - Equity Savings),Regular,False,,,,False,False
140352,Edelweiss Equity Savings Fund,Open Ended Schemes(Hybrid Scheme - Equity Savings),Regular,False,,,,False,False
142427,PGIM India Equity Savings Fund,Open Ended Schemes(Hybrid Scheme - Equity Savings),Regular,False,,,,False,False
138378,PGIM India Equity Savings Fund,Open Ended Schemes(Hybrid Scheme - Equity Savings),Regular,False,,,,False,False
142428,PGIM India Equity Savings Fund,Open Ended Schemes(Hybrid Scheme - Equity Savings),Regular,False,,,,False,False
138370,PGIM India Equity Savings Fund,Open Ended Schemes(Hybrid Scheme - Equity Savings),Regular,False,,,,False,False
142426,PGIM India Equity Savings Fund,Open Ended Schemes(Hybrid Scheme - Equity Savings),Regular,False,,,,False,False
133401,JM Aggressive Hybrid Fund,Open Ended Schemes(Hybrid Schemes - Aggressive Hybrid Fund),Regular,False,,,,False,True
133409,JM Aggressive Hybrid Fund,Open Ended Schemes(Hybrid Schemes - Aggressive Hybrid Fund),Regular,False,,,,False,True
133411,JM Aggressive Hybrid Fund,Open Ended Schemes(Hybrid Schemes - Aggressive Hybrid Fund),Regular,False,,,,False,True
133407,JM Aggressive Hybrid Fund,Open Ended Schemes(Hybrid Schemes - Aggressive Hybrid Fund),Regular,False,,,,False,True
133400,JM Aggressive Hybrid Fund,Open Ended Schemes(Hybrid Schemes - Aggressive Hybrid Fund),Regular,False,,,,False,True
133403,JM Aggressive Hybrid Fund,Open Ended Schemes(Hybrid Schemes - Aggressive Hybrid Fund),Regular,False,,,,False,True
133410,JM Aggressive Hybrid Fund,Open Ended Schemes(Hybrid Schemes - Aggressive Hybrid Fund),Regular,False,,,,False,True
104684,ICICI Prudential Arbitrage Fund,Open Ended Schemes(Hybrid Schemes - Arbitrage Fund),Regular,False,,,,False,False
130898,ICICI Prudential Arbitrage Fund,Open Ended Schemes(Hybrid Schemes - Arbitrage Fund),Regular,False,,,,False,False
130951,ICICI Prudential Arbitrage Fund,Open Ended Schemes(Hybrid Schemes - Arbitrage Fund),Regular,False,,,,False,False
133397,JM Arbitrage Fund,Open Ended Schemes(Hybrid Schemes - Arbitrage Fund),Regular,False,,,,False,True
133398,JM Arbitrage Fund,Open Ended Schemes(Hybrid Schemes - Arbitrage Fund),Regular,False,,,,False,True
133394,JM Arbitrage Fund,Open Ended Schemes(Hybrid Schemes - Arbitrage Fund),Regular,False,,,,False,True
133399,JM Arbitrage Fund,Open Ended Schemes(Hybrid Schemes - Arbitrage Fund),Regular,False,,,,False,True
133396,JM Arbitrage Fund,Open Ended Schemes(Hybrid Schemes - Arbitrage Fund),Regular,False,,,,False,True
154629,UTI Balanced Hybrid Fund,Open Ended Schemes(Hybrid Schemes - Balanced Hybrid Fund),Regular,False,,,,False,False
154628,UTI Balanced Hybrid Fund,Open Ended Schemes(Hybrid Schemes - Balanced Hybrid Fund),Regular,False,,,,False,False
154630,UTI Balanced Hybrid Fund,Open Ended Schemes(Hybrid Schemes - Balanced Hybrid Fund),Regular,False,,,,False,False
154631,UTI Balanced Hybrid Fund,Open Ended Schemes(Hybrid Schemes - Balanced Hybrid Fund),Regular,False,,,,False,False
123183,ICICI Prudential Conservative Hybrid Fund,Open Ended Schemes(Hybrid Schemes - Conservative Hybrid Fund),Regular,False,,,,False,False
128110,ICICI Prudential Conservative Hybrid Fund,Open Ended Schemes(Hybrid Schemes - Conservative Hybrid Fund),Regular,False,,,,False,False
115269,ICICI Prudential Multi Asset Allocation Fund,Open Ended Schemes(Hybrid Schemes - Multi Asset Allocation Fund),Regular,False,,,,False,False
104898,ICICI Prudential Multi Asset Allocation Fund,Open Ended Schemes(Hybrid Schemes - Multi Asset Allocation Fund),Regular,False,,,,False,False
103062,ICICI Prudential Blended Plan B,Open Ended Schemes(Income),Regular,False,,,,False,False
103061,ICICI Prudential Blended Plan B,Open Ended Schemes(Income),Regular,False,,,,False,False
114376,ICICI Prudential Blended Plan B,Open Ended Schemes(Income),Regular,False,,,,False,False
114238,ICICI Prudential Blended Plan B,Open Ended Schemes(Income),Regular,False,,,,False,False
120302,ICICI Prudential Blended Plan B,Open Ended Schemes(Income),Regular,False,,,,False,False
120300,ICICI Prudential Blended Plan B,Open Ended Schemes(Income),Regular,False,,,,False,False
120301,ICICI Prudential Blended Plan B,Open Ended Schemes(Income),Regular,False,,,,False,False
131150,ICICI Prudential Blended Plan B,Open Ended Schemes(Income),Regular,False,,,,False,False
123542,ICICI Prudential Blended Plan B,Open Ended Schemes(Income),Regular,False,,,,False,False
131149,ICICI Prudential Blended Plan B,Open Ended Schemes(Income),Regular,False,,,,False,False
132979,ICICI Prudential Blended Plan B,Open Ended Schemes(Income),Regular,False,,,,False,False
120303,ICICI Prudential Blended Plan B,Open Ended Schemes(Income),Regular,False,,,,False,False
101098,ICICI Prudential Child Care -Study Plan,Open Ended Schemes(Income),Regular,False,,,,False,False
120691,ICICI Prudential Child Care -Study Plan,Open Ended Schemes(Income),Regular,False,,,,False,False
131621,ICICI Prudential Dynamic Bond Fund,Open Ended Schemes(Income),Regular,False,,,,False,False
122613,ICICI Prudential Dynamic Bond Fund,Open Ended Schemes(Income),Regular,False,,,,False,False
113055,ICICI Prudential Dynamic Bond Fund,Open Ended Schemes(Income),Regular,False,,,,False,False
120584,ICICI Prudential Dynamic Bond Fund,Open Ended Schemes(Income),Regular,False,,,,False,False
120582,ICICI Prudential Dynamic Bond Fund,Open Ended Schemes(Income),Regular,False,,,,False,False
120581,ICICI Prudential Dynamic Bond Fund,Open Ended Schemes(Income),Regular,False,,,,False,False
120580,ICICI Prudential Dynamic Bond Fund,Open Ended Schemes(Income),Regular,False,,,,False,False
131620,ICICI Prudential Dynamic Bond Fund,Open Ended Schemes(Income),Regular,False,,,,False,False
131199,ICICI Prudential Dynamic Bond Fund,Open Ended Schemes(Income),Regular,False,,,,False,False
120583,ICICI Prudential Dynamic Bond Fund,Open Ended Schemes(Income),Regular,False,,,,False,False
111996,ICICI Prudential Dynamic Bond Fund,Open Ended Schemes(Income),Regular,False,,,,False,False
112005,ICICI Prudential Dynamic Bond Fund,Open Ended Schemes(Income),Regular,False,,,,False,False
111997,ICICI Prudential Dynamic Bond Fund,Open Ended Schemes(Income),Regular,False,,,,False,False
112002,ICICI Prudential Dynamic Bond Fund,Open Ended Schemes(Income),Regular,False,,,,False,False
111998,ICICI Prudential Dynamic Bond Fund,Open Ended Schemes(Income),Regular,False,,,,False,False
106290,ICICI Prudential Interval Fund - Annual Interval Plan - I,Open Ended Schemes(Income),Regular,False,,,,False,False
106292,ICICI Prudential Interval Fund - Annual Interval Plan - I,Open Ended Schemes(Income),Regular,False,,,,False,False
130958,ICICI Prudential Interval Fund - Annual Interval Plan - I,Open Ended Schemes(Income),Regular,False,,,,False,False
106291,ICICI Prudential Interval Fund - Annual Interval Plan - I,Open Ended Schemes(Income),Regular,False,,,,False,False
120625,ICICI Prudential Interval Fund - Annual Interval Plan - I,Open Ended Schemes(Income),Regular,False,,,,False,False
106293,ICICI Prudential Interval Fund - Annual Interval Plan - I,Open Ended Schemes(Income),Regular,False,,,,False,False
106762,ICICI Prudential Interval Fund - Annual Interval Plan - II,Open Ended Schemes(Income),Regular,False,,,,False,False
106763,ICICI Prudential Interval Fund - Annual Interval Plan - II,Open Ended Schemes(Income),Regular,False,,,,False,False
120627,ICICI Prudential Interval Fund - Annual Interval Plan - II,Open Ended Schemes(Income),Regular,False,,,,False,False
106760,ICICI Prudential Interval Fund - Annual Interval Plan - II,Open Ended Schemes(Income),Regular,False,,,,False,False
106761,ICICI Prudential Interval Fund - Annual Interval Plan - II,Open Ended Schemes(Income),Regular,False,,,,False,False
106778,ICICI Prudential Interval Fund - Annual Interval Plan - III,Open Ended Schemes(Income),Regular,False,,,,False,False
106777,ICICI Prudential Interval Fund - Annual Interval Plan - III,Open Ended Schemes(Income),Regular,False,,,,False,False
120629,ICICI Prudential Interval Fund - Annual Interval Plan - III,Open Ended Schemes(Income),Regular,False,,,,False,False
106780,ICICI Prudential Interval Fund - Annual Interval Plan - III,Open Ended Schemes(Income),Regular,False,,,,False,False
106779,ICICI Prudential Interval Fund - Annual Interval Plan - III,Open Ended Schemes(Income),Regular,False,,,,False,False
106832,ICICI Prudential Interval Fund - Annual Interval Plan - IV,Open Ended Schemes(Income),Regular,False,,,,False,False
106833,ICICI Prudential Interval Fund - Annual Interval Plan - IV,Open Ended Schemes(Income),Regular,False,,,,False,False
106830,ICICI Prudential Interval Fund - Annual Interval Plan - IV,Open Ended Schemes(Income),Regular,False,,,,False,False
120631,ICICI Prudential Interval Fund - Annual Interval Plan - IV,Open Ended Schemes(Income),Regular,False,,,,False,False
106831,ICICI Prudential Interval Fund - Annual Interval Plan - IV,Open Ended Schemes(Income),Regular,False,,,,False,False
105650,ICICI Prudential Interval Fund - Monthly Interval Plan - I,Open Ended Schemes(Income),Regular,False,,,,False,False
105651,ICICI Prudential Interval Fund - Monthly Interval Plan - I,Open Ended Schemes(Income),Regular,False,,,,False,False
120635,ICICI Prudential Interval Fund - Monthly Interval Plan - I,Open Ended Schemes(Income),Regular,False,,,,False,False
120636,ICICI Prudential Interval Fund - Monthly Interval Plan - I,Open Ended Schemes(Income),Regular,False,,,,False,False
109680,ICICI Prudential Interval Fund - Monthly Interval Plan - I,Open Ended Schemes(Income),Regular,False,,,,False,False
109679,ICICI Prudential Interval Fund - Monthly Interval Plan - I,Open Ended Schemes(Income),Regular,False,,,,False,False
105711,ICICI Prudential Interval Fund - Quarterly Interval Plan - I,Open Ended Schemes(Income),Regular,False,,,,False,False
105710,ICICI Prudential Interval Fund - Quarterly Interval Plan - I,Open Ended Schemes(Income),Regular,False,,,,False,False
115763,ICICI Prudential Interval Fund - Quarterly Interval Plan - I,Open Ended Schemes(Income),Regular,False,,,,False,False
120638,ICICI Prudential Interval Fund - Quarterly Interval Plan - I,Open Ended Schemes(Income),Regular,False,,,,False,False
120637,ICICI Prudential Interval Fund - Quarterly Interval Plan - I,Open Ended Schemes(Income),Regular,False,,,,False,False
111405,ICICI Prudential Interval Fund - Quarterly Interval Plan - I,Open Ended Schemes(Income),Regular,False,,,,False,False
111406,ICICI Prudential Interval Fund - Quarterly Interval Plan - I,Open Ended Schemes(Income),Regular,False,,,,False,False
124214,ICICI Prudential Interval Fund - Quarterly Interval Plan - I,Open Ended Schemes(Income),Regular,False,,,,False,False
105907,ICICI Prudential Interval Fund - Quarterly Interval Plan - II,Open Ended Schemes(Income),Regular,False,,,,False,False
105908,ICICI Prudential Interval Fund - Quarterly Interval Plan - II,Open Ended Schemes(Income),Regular,False,,,,False,False
120639,ICICI Prudential Interval Fund - Quarterly Interval Plan - II,Open Ended Schemes(Income),Regular,False,,,,False,False
110203,ICICI Prudential Interval Fund - Quarterly Interval Plan - II,Open Ended Schemes(Income),Regular,False,,,,False,False
110204,ICICI Prudential Interval Fund - Quarterly Interval Plan - II,Open Ended Schemes(Income),Regular,False,,,,False,False
127399,ICICI Prudential Interval Fund - Quarterly Interval Plan - III,Open Ended Schemes(Income),Regular,False,,,,False,False
106141,ICICI Prudential Interval Fund - Quarterly Interval Plan - III,Open Ended Schemes(Income),Regular,False,,,,False,False
106142,ICICI Prudential Interval Fund - Quarterly Interval Plan - III,Open Ended Schemes(Income),Regular,False,,,,False,False
120654,ICICI Prudential Interval Fund - Quarterly Interval Plan - III,Open Ended Schemes(Income),Regular,False,,,,False,False
120655,ICICI Prudential Interval Fund - Quarterly Interval Plan - III,Open Ended Schemes(Income),Regular,False,,,,False,False
110556,ICICI Prudential Interval Fund - Quarterly Interval Plan - III,Open Ended Schemes(Income),Regular,False,,,,False,False
110555,ICICI Prudential Interval Fund - Quarterly Interval Plan - III,Open Ended Schemes(Income),Regular,False,,,,False,False
121129,ICICI Prudential Interval Fund - Series VI - Annual Interval Plan - A,Open Ended Schemes(Income),Regular,False,,,,False,False
121127,ICICI Prudential Interval Fund - Series VI - Annual Interval Plan - A,Open Ended Schemes(Income),Regular,False,,,,False,False
121126,ICICI Prudential Interval Fund - Series VI - Annual Interval Plan - A,Open Ended Schemes(Income),Regular,False,,,,False,False
121364,ICICI Prudential Interval Fund - Series VI - Annual Interval Plan - C,Open Ended Schemes(Income),Regular,False,,,,False,False
121362,ICICI Prudential Interval Fund - Series VI - Annual Interval Plan - C,Open Ended Schemes(Income),Regular,False,,,,False,False
121441,ICICI Prudential Interval Fund - Series VI - Annual Interval Plan - D,Open Ended Schemes(Income),Regular,False,,,,False,False
121440,ICICI Prudential Interval Fund - Series VI - Annual Interval Plan - D,Open Ended Schemes(Income),Regular,False,,,,False,False
121442,ICICI Prudential Interval Fund - Series VI - Annual Interval Plan - D,Open Ended Schemes(Income),Regular,False,,,,False,False
127238,ICICI Prudential Interval Fund - Series VII - Annual Interval Plan - C,Open Ended Schemes(Income),Regular,False,,,,False,False
127236,ICICI Prudential Interval Fund - Series VII - Annual Interval Plan - C,Open Ended Schemes(Income),Regular,False,,,,False,False
127235,ICICI Prudential Interval Fund - Series VII - Annual Interval Plan - C,Open Ended Schemes(Income),Regular,False,,,,False,False
123597,ICICI Prudential Interval Fund II - Quarterly Interval Plan - A,Open Ended Schemes(Income),Regular,False,,,,False,False
106828,ICICI Prudential Interval Fund II - Quarterly Interval Plan - A,Open Ended Schemes(Income),Regular,False,,,,False,False
106829,ICICI Prudential Interval Fund II - Quarterly Interval Plan - A,Open Ended Schemes(Income),Regular,False,,,,False,False
123645,ICICI Prudential Interval Fund II - Quarterly Interval Plan - A,Open Ended Schemes(Income),Regular,False,,,,False,False
120641,ICICI Prudential Interval Fund II - Quarterly Interval Plan - A,Open Ended Schemes(Income),Regular,False,,,,False,False
120642,ICICI Prudential Interval Fund II - Quarterly Interval Plan - A,Open Ended Schemes(Income),Regular,False,,,,False,False
110664,ICICI Prudential Interval Fund II - Quarterly Interval Plan - A,Open Ended Schemes(Income),Regular,False,,,,False,False
110663,ICICI Prudential Interval Fund II - Quarterly Interval Plan - A,Open Ended Schemes(Income),Regular,False,,,,False,False
117368,ICICI Prudential Interval Fund II - Quarterly Interval Plan - A,Open Ended Schemes(Income),Regular,False,,,,False,False
106885,ICICI Prudential Interval Fund II - Quarterly Interval Plan - B,Open Ended Schemes(Income),Regular,False,,,,False,False
106886,ICICI Prudential Interval Fund II - Quarterly Interval Plan - B,Open Ended Schemes(Income),Regular,False,,,,False,False
120644,ICICI Prudential Interval Fund II - Quarterly Interval Plan - B,Open Ended Schemes(Income),Regular,False,,,,False,False
120643,ICICI Prudential Interval Fund II - Quarterly Interval Plan - B,Open Ended Schemes(Income),Regular,False,,,,False,False
111317,ICICI Prudential Interval Fund II - Quarterly Interval Plan - B,Open Ended Schemes(Income),Regular,False,,,,False,False
111316,ICICI Prudential Interval Fund II - Quarterly Interval Plan - B,Open Ended Schemes(Income),Regular,False,,,,False,False
118037,ICICI Prudential Interval Fund II - Quarterly Interval Plan - B,Open Ended Schemes(Income),Regular,False,,,,False,False
106977,ICICI Prudential Interval Fund II - Quarterly Interval Plan - C,Open Ended Schemes(Income),Regular,False,,,,False,False
106976,ICICI Prudential Interval Fund II - Quarterly Interval Plan - C,Open Ended Schemes(Income),Regular,False,,,,False,False
120647,ICICI Prudential Interval Fund II - Quarterly Interval Plan - C,Open Ended Schemes(Income),Regular,False,,,,False,False
120646,ICICI Prudential Interval Fund II - Quarterly Interval Plan - C,Open Ended Schemes(Income),Regular,False,,,,False,False
120648,ICICI Prudential Interval Fund II - Quarterly Interval Plan - C,Open Ended Schemes(Income),Regular,False,,,,False,False
109855,ICICI Prudential Interval Fund II - Quarterly Interval Plan - C,Open Ended Schemes(Income),Regular,False,,,,False,False
109854,ICICI Prudential Interval Fund II - Quarterly Interval Plan - C,Open Ended Schemes(Income),Regular,False,,,,False,False
118235,ICICI Prudential Interval Fund II - Quarterly Interval Plan - C,Open Ended Schemes(Income),Regular,False,,,,False,False
107138,ICICI Prudential Interval Fund II - Quarterly Interval Plan - D,Open Ended Schemes(Income),Regular,False,,,,False,False
107139,ICICI Prudential Interval Fund II - Quarterly Interval Plan - D,Open Ended Schemes(Income),Regular,False,,,,False,False
120651,ICICI Prudential Interval Fund II - Quarterly Interval Plan - D,Open Ended Schemes(Income),Regular,False,,,,False,False
120650,ICICI Prudential Interval Fund II - Quarterly Interval Plan - D,Open Ended Schemes(Income),Regular,False,,,,False,False
120649,ICICI Prudential Interval Fund II - Quarterly Interval Plan - D,Open Ended Schemes(Income),Regular,False,,,,False,False
110014,ICICI Prudential Interval Fund II - Quarterly Interval Plan - D,Open Ended Schemes(Income),Regular,False,,,,False,False
110013,ICICI Prudential Interval Fund II - Quarterly Interval Plan - D,Open Ended Schemes(Income),Regular,False,,,,False,False
114929,ICICI Prudential Interval Fund II - Quarterly Interval Plan - D,Open Ended Schemes(Income),Regular,False,,,,False,False
107309,ICICI Prudential Interval Fund II - Quarterly Interval Plan - F,Open Ended Schemes(Income),Regular,False,,,,False,False
107310,ICICI Prudential Interval Fund II - Quarterly Interval Plan - F,Open Ended Schemes(Income),Regular,False,,,,False,False
120653,ICICI Prudential Interval Fund II - Quarterly Interval Plan - F,Open Ended Schemes(Income),Regular,False,,,,False,False
120652,ICICI Prudential Interval Fund II - Quarterly Interval Plan - F,Open Ended Schemes(Income),Regular,False,,,,False,False
123055,ICICI Prudential Interval Fund II - Quarterly Interval Plan - F,Open Ended Schemes(Income),Regular,False,,,,False,False
110384,ICICI Prudential Interval Fund II - Quarterly Interval Plan - F,Open Ended Schemes(Income),Regular,False,,,,False,False
110383,ICICI Prudential Interval Fund II - Quarterly Interval Plan - F,Open Ended Schemes(Income),Regular,False,,,,False,False
115927,ICICI Prudential Interval Fund II - Quarterly Interval Plan - F,Open Ended Schemes(Income),Regular,False,,,,False,False
110345,ICICI Prudential Interval Fund IV - Quarterly Interval Plan B,Open Ended Schemes(Income),Regular,False,,,,False,False
110348,ICICI Prudential Interval Fund IV - Quarterly Interval Plan B,Open Ended Schemes(Income),Regular,False,,,,False,False
120624,ICICI Prudential Interval Fund IV - Quarterly Interval Plan B,Open Ended Schemes(Income),Regular,False,,,,False,False
120623,ICICI Prudential Interval Fund IV - Quarterly Interval Plan B,Open Ended Schemes(Income),Regular,False,,,,False,False
120811,ICICI Prudential Interval Fund IV - Quarterly Interval Plan B,Open Ended Schemes(Income),Regular,False,,,,False,False
110346,ICICI Prudential Interval Fund IV - Quarterly Interval Plan B,Open Ended Schemes(Income),Regular,False,,,,False,False
110347,ICICI Prudential Interval Fund IV - Quarterly Interval Plan B,Open Ended Schemes(Income),Regular,False,,,,False,False
115022,ICICI Prudential Interval Fund Quarterly Interval Plan - II Quarterly Dividend Payout,Open Ended Schemes(Income),Regular,True,2011-03-17,2012-09-20,84.0,False,False
110048,ICICI Prudential Interval Fund V - Monthly Interval Plan A,Open Ended Schemes(Income),Regular,False,,,,False,False
110047,ICICI Prudential Interval Fund V - Monthly Interval Plan A,Open Ended Schemes(Income),Regular,False,,,,False,False
120660,ICICI Prudential Interval Fund V - Monthly Interval Plan A,Open Ended Schemes(Income),Regular,False,,,,False,False
120661,ICICI Prudential Interval Fund V - Monthly Interval Plan A,Open Ended Schemes(Income),Regular,False,,,,False,False
110046,ICICI Prudential Interval Fund V - Monthly Interval Plan A,Open Ended Schemes(Income),Regular,False,,,,False,False
110045,ICICI Prudential Interval Fund V - Monthly Interval Plan A,Open Ended Schemes(Income),Regular,False,,,,False,False
120669,ICICI Prudential MIP,Open Ended Schemes(Income),Regular,False,,,,False,False
120667,ICICI Prudential MIP,Open Ended Schemes(Income),Regular,False,,,,False,False
120666,ICICI Prudential MIP,Open Ended Schemes(Income),Regular,False,,,,False,False
120668,ICICI Prudential MIP,Open Ended Schemes(Income),Regular,False,,,,False,False
130940,ICICI Prudential MIP,Open Ended Schemes(Income),Regular,False,,,,False,False
100955,ICICI Prudential MIP,Open Ended Schemes(Income),Regular,False,,,,False,False
100953,ICICI Prudential MIP,Open Ended Schemes(Income),Regular,False,,,,False,False
100954,ICICI Prudential MIP,Open Ended Schemes(Income),Regular,False,,,,False,False
100952,ICICI Prudential MIP,Open Ended Schemes(Income),Regular,False,,,,False,False
131059,ICICI Prudential 10 year Constant Maturity Gilt Fund,Open Ended Schemes(Income/Debt Oriented Schemes - 10-year Constant Maturity Gilt Fund),Regular,False,,,,False,True
131056,ICICI Prudential 10 year Constant Maturity Gilt Fund,Open Ended Schemes(Income/Debt Oriented Schemes - 10-year Constant Maturity Gilt Fund),Regular,False,,,,False,True
131055,ICICI Prudential 10 year Constant Maturity Gilt Fund,Open Ended Schemes(Income/Debt Oriented Schemes - 10-year Constant Maturity Gilt Fund),Regular,False,,,,False,True
131053,ICICI Prudential 10 year Constant Maturity Gilt Fund,Open Ended Schemes(Income/Debt Oriented Schemes - 10-year Constant Maturity Gilt Fund),Regular,False,,,,False,True
131058,ICICI Prudential 10 year Constant Maturity Gilt Fund,Open Ended Schemes(Income/Debt Oriented Schemes - 10-year Constant Maturity Gilt Fund),Regular,False,,,,False,True
131062,ICICI Prudential 10 year Constant Maturity Gilt Fund,Open Ended Schemes(Income/Debt Oriented Schemes - 10-year Constant Maturity Gilt Fund),Regular,False,,,,False,True
130897,ICICI Prudential Banking and PSU Debt Fund,Open Ended Schemes(Income/Debt Oriented Schemes - Banking and PSU Debt Fund),Regular,False,,,,False,False
130950,ICICI Prudential Banking and PSU Debt Fund,Open Ended Schemes(Income/Debt Oriented Schemes - Banking and PSU Debt Fund),Regular,False,,,,False,False
131148,ICICI Prudential Banking and PSU Debt Fund,Open Ended Schemes(Income/Debt Oriented Schemes - Banking and PSU Debt Fund),Regular,False,,,,False,False
131147,ICICI Prudential Banking and PSU Debt Fund,Open Ended Schemes(Income/Debt Oriented Schemes - Banking and PSU Debt Fund),Regular,False,,,,False,False
113247,ICICI Prudential Banking and PSU Debt Fund,Open Ended Schemes(Income/Debt Oriented Schemes - Banking and PSU Debt Fund),Regular,False,,,,False,False
113242,ICICI Prudential Banking and PSU Debt Fund,Open Ended Schemes(Income/Debt Oriented Schemes - Banking and PSU Debt Fund),Regular,False,,,,False,False
113243,ICICI Prudential Banking and PSU Debt Fund,Open Ended Schemes(Income/Debt Oriented Schemes - Banking and PSU Debt Fund),Regular,False,,,,False,False
100781,Sundaram Banking and PSU Debt Fund (Formerly Known as Sundaram Banking and PSU Fund),Open Ended Schemes(Income/Debt Oriented Schemes - Banking and PSU Debt Fund),Regular,False,,,,False,True
100780,Sundaram Banking and PSU Debt Fund (Formerly Known as Sundaram Banking and PSU Fund),Open Ended Schemes(Income/Debt Oriented Schemes - Banking and PSU Debt Fund),Regular,False,,,,False,True
150230,BARODA BNP PARIBAS CORPORATE BOND FUND,Open Ended Schemes(Income/Debt Oriented Schemes - Corporate Bond Fund),Regular,False,,,,False,False
150229,BARODA BNP PARIBAS CORPORATE BOND FUND,Open Ended Schemes(Income/Debt Oriented Schemes - Corporate Bond Fund),Regular,False,,,,False,False
150231,BARODA BNP PARIBAS CORPORATE BOND FUND,Open Ended Schemes(Income/Debt Oriented Schemes - Corporate Bond Fund),Regular,False,,,,False,False
150228,BARODA BNP PARIBAS CORPORATE BOND FUND,Open Ended Schemes(Income/Debt Oriented Schemes - Corporate Bond Fund),Regular,False,,,,False,False
119289,Franklin India Corporate Bond Fund,Open Ended Schemes(Income/Debt Oriented Schemes - Corporate Bond Fund),Regular,False,,,,False,False
100532,Franklin India Corporate Bond Fund,Open Ended Schemes(Income/Debt Oriented Schemes - Corporate Bond Fund),Regular,False,,,,False,False
133770,Kotak Corporate Bond Fund,Open Ended Schemes(Income/Debt Oriented Schemes - Corporate Bond Fund),Regular,False,,,,False,False
133772,Kotak Corporate Bond Fund,Open Ended Schemes(Income/Debt Oriented Schemes - Corporate Bond Fund),Regular,False,,,,False,False
133779,Kotak Corporate Bond Fund,Open Ended Schemes(Income/Debt Oriented Schemes - Corporate Bond Fund),Regular,False,,,,False,False
133771,Kotak Corporate Bond Fund,Open Ended Schemes(Income/Debt Oriented Schemes - Corporate Bond Fund),Regular,False,,,,False,False
133783,Kotak Corporate Bond Fund,Open Ended Schemes(Income/Debt Oriented Schemes - Corporate Bond Fund),Regular,False,,,,False,False
133776,Kotak Corporate Bond Fund,Open Ended Schemes(Income/Debt Oriented Schemes - Corporate Bond Fund),Regular,False,,,,False,False
133786,Kotak Corporate Bond Fund,Open Ended Schemes(Income/Debt Oriented Schemes - Corporate Bond Fund),Regular,False,,,,False,False
150172,Baroda BNP Paribas Dynamic Term Fund,Open Ended Schemes(Income/Debt Oriented Schemes - Dynamic Term Fund),Regular,False,,,,False,False
130937,ICICI Prudential Dynamic Term Fund,Open Ended Schemes(Income/Debt Oriented Schemes - Dynamic Term Fund),Regular,False,,,,False,False
130938,ICICI Prudential Dynamic Term Fund,Open Ended Schemes(Income/Debt Oriented Schemes - Dynamic Term Fund),Regular,False,,,,False,False
112094,ICICI Prudential Dynamic Term Fund,Open Ended Schemes(Income/Debt Oriented Schemes - Dynamic Term Fund),Regular,False,,,,False,False
113220,ICICI Prudential Dynamic Term Fund,Open Ended Schemes(Income/Debt Oriented Schemes - Dynamic Term Fund),Regular,False,,,,False,False
101350,ICICI Prudential Dynamic Term Fund,Open Ended Schemes(Income/Debt Oriented Schemes - Dynamic Term Fund),Regular,False,,,,False,False
113417,ICICI Prudential Dynamic Term Fund,Open Ended Schemes(Income/Debt Oriented Schemes - Dynamic Term Fund),Regular,False,,,,False,False
122323,JM Dynamic Term Fund,Open Ended Schemes(Income/Debt Oriented Schemes - Dynamic Term Fund),Regular,False,,,,False,True
133389,JM Dynamic Term Fund,Open Ended Schemes(Income/Debt Oriented Schemes - Dynamic Term Fund),Regular,False,,,,False,True
101807,JM Dynamic Term Fund,Open Ended Schemes(Income/Debt Oriented Schemes - Dynamic Term Fund),Regular,False,,,,False,True
122315,JM Dynamic Term Fund,Open Ended Schemes(Income/Debt Oriented Schemes - Dynamic Term Fund),Regular,False,,,,False,True
133388,JM Dynamic Term Fund,Open Ended Schemes(Income/Debt Oriented Schemes - Dynamic Term Fund),Regular,False,,,,False,True
105638,JM Dynamic Term Fund,Open Ended Schemes(Income/Debt Oriented Schemes - Dynamic Term Fund),Regular,False,,,,False,True
101808,JM Dynamic Term Fund,Open Ended Schemes(Income/Debt Oriented Schemes - Dynamic Term Fund),Regular,False,,,,False,True
120085,PGIM India Dynamic Term Fund,Open Ended Schemes(Income/Debt Oriented Schemes - Dynamic Term Fund),Regular,False,,,,False,False
116483,PGIM India Dynamic Term Fund,Open Ended Schemes(Income/Debt Oriented Schemes - Dynamic Term Fund),Regular,False,,,,False,False
122260,PGIM India Dynamic Term Fund,Open Ended Schemes(Income/Debt Oriented Schemes - Dynamic Term Fund),Regular,False,,,,False,False
130899,ICICI Prudential Floating Interest Rates Fund,Open Ended Schemes(Income/Debt Oriented Schemes - Floating Interest Rates Fund),Regular,False,,,,False,False
120427,ICICI Prudential Floating Interest Rates Fund,Open Ended Schemes(Income/Debt Oriented Schemes - Floating Interest Rates Fund),Regular,False,,,,False,False
122607,ICICI Prudential Floating Interest Rates Fund,Open Ended Schemes(Income/Debt Oriented Schemes - Floating Interest Rates Fund),Regular,False,,,,False,False
125216,ICICI Prudential Floating Interest Rates Fund,Open Ended Schemes(Income/Debt Oriented Schemes - Floating Interest Rates Fund),Regular,False,,,,False,False
101803,ICICI Prudential Floating Interest Rates Fund,Open Ended Schemes(Income/Debt Oriented Schemes - Floating Interest Rates Fund),Regular,False,,,,False,False
122606,ICICI Prudential Floating Interest Rates Fund,Open Ended Schemes(Income/Debt Oriented Schemes - Floating Interest Rates Fund),Regular,False,,,,False,False
122891,ICICI Prudential Floating Interest Rates Fund,Open Ended Schemes(Income/Debt Oriented Schemes - Floating Interest Rates Fund),Regular,False,,,,False,False
101800,ICICI Prudential Floating Interest Rates Fund,Open Ended Schemes(Income/Debt Oriented Schemes - Floating Interest Rates Fund),Regular,False,,,,False,False
101796,ICICI Prudential Floating Interest Rates Fund,Open Ended Schemes(Income/Debt Oriented Schemes - Floating Interest Rates Fund),Regular,False,,,,False,False
101795,ICICI Prudential Floating Interest Rates Fund,Open Ended Schemes(Income/Debt Oriented Schemes - Floating Interest Rates Fund),Regular,False,,,,False,False
111544,ICICI Prudential Floating Interest Rates Fund,Open Ended Schemes(Income/Debt Oriented Schemes - Floating Interest Rates Fund),Regular,False,,,,False,False
101799,ICICI Prudential Floating Interest Rates Fund,Open Ended Schemes(Income/Debt Oriented Schemes - Floating Interest Rates Fund),Regular,False,,,,False,False
101794,ICICI Prudential Floating Interest Rates Fund,Open Ended Schemes(Income/Debt Oriented Schemes - Floating Interest Rates Fund),Regular,False,,,,False,False
101793,ICICI Prudential Floating Interest Rates Fund,Open Ended Schemes(Income/Debt Oriented Schemes - Floating Interest Rates Fund),Regular,False,,,,False,False
111543,ICICI Prudential Floating Interest Rates Fund,Open Ended Schemes(Income/Debt Oriented Schemes - Floating Interest Rates Fund),Regular,False,,,,False,False
101801,ICICI Prudential Floating Interest Rates Fund,Open Ended Schemes(Income/Debt Oriented Schemes - Floating Interest Rates Fund),Regular,False,,,,False,False
101798,ICICI Prudential Floating Interest Rates Fund,Open Ended Schemes(Income/Debt Oriented Schemes - Floating Interest Rates Fund),Regular,False,,,,False,False
101797,ICICI Prudential Floating Interest Rates Fund,Open Ended Schemes(Income/Debt Oriented Schemes - Floating Interest Rates Fund),Regular,False,,,,False,False
111546,ICICI Prudential Floating Interest Rates Fund,Open Ended Schemes(Income/Debt Oriented Schemes - Floating Interest Rates Fund),Regular,False,,,,False,False
100319,LIC MF Gilt Fund,Open Ended Schemes(Income/Debt Oriented Schemes - Gilt Fund),Regular,False,,,,False,False
100318,LIC MF Gilt Fund,Open Ended Schemes(Income/Debt Oriented Schemes - Gilt Fund),Regular,False,,,,False,False
102046,Tata Gilt Fund,Open Ended Schemes(Income/Debt Oriented Schemes - Gilt Fund),Regular,False,,,,False,False
101945,Tata Gilt Fund,Open Ended Schemes(Income/Debt Oriented Schemes - Gilt Fund),Regular,False,,,,False,False
112712,Axis Liquid Fund,Open Ended Schemes(Income/Debt Oriented Schemes - Liquid Fund),Regular,False,,,,False,False
112713,Axis Liquid Fund,Open Ended Schemes(Income/Debt Oriented Schemes - Liquid Fund),Regular,False,,,,False,False
112714,Axis Liquid Fund,Open Ended Schemes(Income/Debt Oriented Schemes - Liquid Fund),Regular,False,,,,False,False
112715,Axis Liquid Fund,Open Ended Schemes(Income/Debt Oriented Schemes - Liquid Fund),Regular,False,,,,False,False
139344,BARODA BNP PARIBAS LIQUID FUND,Open Ended Schemes(Income/Debt Oriented Schemes - Liquid Fund),Regular,False,,,,False,False
116803,BARODA BNP PARIBAS LIQUID FUND,Open Ended Schemes(Income/Debt Oriented Schemes - Liquid Fund),Regular,False,,,,False,False
142248,BARODA BNP PARIBAS LIQUID FUND,Open Ended Schemes(Income/Debt Oriented Schemes - Liquid Fund),Regular,False,,,,False,False
142246,BARODA BNP PARIBAS LIQUID FUND,Open Ended Schemes(Income/Debt Oriented Schemes - Liquid Fund),Regular,False,,,,False,False
142245,BARODA BNP PARIBAS LIQUID FUND,Open Ended Schemes(Income/Debt Oriented Schemes - Liquid Fund),Regular,False,,,,False,False
142247,BARODA BNP PARIBAS LIQUID FUND,Open Ended Schemes(Income/Debt Oriented Schemes - Liquid Fund),Regular,False,,,,False,False
101408,BARODA BNP PARIBAS LIQUID FUND,Open Ended Schemes(Income/Debt Oriented Schemes - Liquid Fund),Regular,False,,,,False,False
101407,BARODA BNP PARIBAS LIQUID FUND,Open Ended Schemes(Income/Debt Oriented Schemes - Liquid Fund),Regular,False,,,,False,False
101409,BARODA BNP PARIBAS LIQUID FUND,Open Ended Schemes(Income/Debt Oriented Schemes - Liquid Fund),Regular,False,,,,False,False
120410,JM Liquid Fund,Open Ended Schemes(Income/Debt Oriented Schemes - Liquid Fund),Regular,False,,,,False,False
148415,JM Liquid Fund,Open Ended Schemes(Income/Debt Oriented Schemes - Liquid Fund),Regular,False,,,,False,False
139258,JM Liquid Fund,Open Ended Schemes(Income/Debt Oriented Schemes - Liquid Fund),Regular,False,,,,False,False
139260,JM Liquid Fund,Open Ended Schemes(Income/Debt Oriented Schemes - Liquid Fund),Regular,False,,,,False,False
139257,JM Liquid Fund,Open Ended Schemes(Income/Debt Oriented Schemes - Liquid Fund),Regular,False,,,,False,False
139259,JM Liquid Fund,Open Ended Schemes(Income/Debt Oriented Schemes - Liquid Fund),Regular,False,,,,False,False
154605,Kotak Liquid Fund,Open Ended Schemes(Income/Debt Oriented Schemes - Liquid Fund),Regular,False,,,,False,False
139540,Mahindra Manulife Liquid Fund,Open Ended Schemes(Income/Debt Oriented Schemes - Liquid Fund),Regular,False,,,,False,False
139539,Mahindra Manulife Liquid Fund,Open Ended Schemes(Income/Debt Oriented Schemes - Liquid Fund),Regular,False,,,,False,False
131623,ICICI Prudential Long Term Fund,Open Ended Schemes(Income/Debt Oriented Schemes - Long Term Fund),Regular,False,,,,False,False
122673,ICICI Prudential Long Term Fund,Open Ended Schemes(Income/Debt Oriented Schemes - Long Term Fund),Regular,False,,,,False,False
120748,ICICI Prudential Long Term Fund,Open Ended Schemes(Income/Debt Oriented Schemes - Long Term Fund),Regular,False,,,,False,False
100364,ICICI Prudential Long Term Fund,Open Ended Schemes(Income/Debt Oriented Schemes - Long Term Fund),Regular,False,,,,False,False
131622,ICICI Prudential Long Term Fund,Open Ended Schemes(Income/Debt Oriented Schemes - Long Term Fund),Regular,False,,,,False,False
100366,ICICI Prudential Long Term Fund,Open Ended Schemes(Income/Debt Oriented Schemes - Long Term Fund),Regular,False,,,,False,False
132981,ICICI Prudential Medium Term Fund,Open Ended Schemes(Income/Debt Oriented Schemes - Medium Term Fund),Regular,False,,,,False,False
130935,ICICI Prudential Medium Term Fund,Open Ended Schemes(Income/Debt Oriented Schemes - Medium Term Fund),Regular,False,,,,False,False
120672,ICICI Prudential Medium Term Fund,Open Ended Schemes(Income/Debt Oriented Schemes - Medium Term Fund),Regular,False,,,,False,False
130936,ICICI Prudential Medium Term Fund,Open Ended Schemes(Income/Debt Oriented Schemes - Medium Term Fund),Regular,False,,,,False,False
117330,ICICI Prudential Medium Term Fund,Open Ended Schemes(Income/Debt Oriented Schemes - Medium Term Fund),Regular,False,,,,False,False
132982,ICICI Prudential Medium Term Fund,Open Ended Schemes(Income/Debt Oriented Schemes - Medium Term Fund),Regular,False,,,,False,False
113080,ICICI Prudential Medium Term Fund,Open Ended Schemes(Income/Debt Oriented Schemes - Medium Term Fund),Regular,False,,,,False,False
117706,ICICI Prudential Medium Term Fund,Open Ended Schemes(Income/Debt Oriented Schemes - Medium Term Fund),Regular,False,,,,False,False
113138,ICICI Prudential Medium Term Fund,Open Ended Schemes(Income/Debt Oriented Schemes - Medium Term Fund),Regular,False,,,,False,False
113136,ICICI Prudential Medium Term Fund,Open Ended Schemes(Income/Debt Oriented Schemes - Medium Term Fund),Regular,False,,,,False,False
102743,ICICI Prudential Medium Term Fund,Open Ended Schemes(Income/Debt Oriented Schemes - Medium Term Fund),Regular,False,,,,False,False
100608,Sundaram Medium Term Fund (Formerly Known as Sundaram Medium Duration Fund),Open Ended Schemes(Income/Debt Oriented Schemes - Medium Term Fund),Regular,False,,,,False,False
111777,Aditya Birla Sun Life Medium to Long Term Fund,Open Ended Schemes(Income/Debt Oriented Schemes - Medium to Long Term Fund),Regular,False,,,,False,False
130932,ICICI Prudential Medium to Long Term Fund,Open Ended Schemes(Income/Debt Oriented Schemes - Medium to Long Term Fund),Regular,False,,,,False,False
109742,ICICI Prudential Medium to Long Term Fund,Open Ended Schemes(Income/Debt Oriented Schemes - Medium to Long Term Fund),Regular,False,,,,False,False
109744,ICICI Prudential Medium to Long Term Fund,Open Ended Schemes(Income/Debt Oriented Schemes - Medium to Long Term Fund),Regular,False,,,,False,False
109745,ICICI Prudential Medium to Long Term Fund,Open Ended Schemes(Income/Debt Oriented Schemes - Medium to Long Term Fund),Regular,False,,,,False,False
120428,JM Medium to Long Term Fund,Open Ended Schemes(Income/Debt Oriented Schemes - Medium to Long Term Fund),Regular,False,,,,False,False
100291,Kotak Medium to Long Term Fund,Open Ended Schemes(Income/Debt Oriented Schemes - Medium to Long Term Fund),Regular,False,,,,False,False
100292,Kotak Medium to Long Term Fund,Open Ended Schemes(Income/Debt Oriented Schemes - Medium to Long Term Fund),Regular,False,,,,False,False
101972,Aditya Birla Sun Life Money Market Fund,Open Ended Schemes(Income/Debt Oriented Schemes - Money Market Fund),Regular,False,,,,False,False
149988,Baroda BNP Paribas Overnight Fund,Open Ended Schemes(Income/Debt Oriented Schemes - Overnight Fund),Regular,False,,,,False,False
149991,Baroda BNP Paribas Overnight Fund,Open Ended Schemes(Income/Debt Oriented Schemes - Overnight Fund),Regular,False,,,,False,False
149990,Baroda BNP Paribas Overnight Fund,Open Ended Schemes(Income/Debt Oriented Schemes - Overnight Fund),Regular,False,,,,False,False
149989,Baroda BNP Paribas Overnight Fund,Open Ended Schemes(Income/Debt Oriented Schemes - Overnight Fund),Regular,False,,,,False,False
149394,Groww Overnight Fund,Open Ended Schemes(Income/Debt Oriented Schemes - Overnight Fund),Regular,False,,,,False,False
149393,Groww Overnight Fund,Open Ended Schemes(Income/Debt Oriented Schemes - Overnight Fund),Regular,False,,,,False,False
149396,Groww Overnight Fund,Open Ended Schemes(Income/Debt Oriented Schemes - Overnight Fund),Regular,False,,,,False,False
149395,Groww Overnight Fund,Open Ended Schemes(Income/Debt Oriented Schemes - Overnight Fund),Regular,False,,,,False,False
150501,HSBC Overnight Fund,Open Ended Schemes(Income/Debt Oriented Schemes - Overnight Fund),Regular,False,,,,False,False
150500,HSBC Overnight Fund,Open Ended Schemes(Income/Debt Oriented Schemes - Overnight Fund),Regular,False,,,,False,False
150502,HSBC Overnight Fund,Open Ended Schemes(Income/Debt Oriented Schemes - Overnight Fund),Regular,False,,,,False,False
154070,JioBlackRock Overnight Fund,Open Ended Schemes(Income/Debt Oriented Schemes - Overnight Fund),Regular,False,,,,False,False
152116,NJ Overnight Fund,Open Ended Schemes(Income/Debt Oriented Schemes - Overnight Fund),Regular,False,,,,False,False
153021,Samco Overnight Fund,Open Ended Schemes(Income/Debt Oriented Schemes - Overnight Fund),Regular,False,,,,False,False
108716,Bandhan Short Term Fund,Open Ended Schemes(Income/Debt Oriented Schemes - Short Term Fund),Regular,False,,,,False,False
108714,Bandhan Short Term Fund,Open Ended Schemes(Income/Debt Oriented Schemes - Short Term Fund),Regular,False,,,,False,False
108717,Bandhan Short Term Fund,Open Ended Schemes(Income/Debt Oriented Schemes - Short Term Fund),Regular,False,,,,False,False
108718,Bandhan Short Term Fund,Open Ended Schemes(Income/Debt Oriented Schemes - Short Term Fund),Regular,False,,,,False,False
108719,Bandhan Short Term Fund,Open Ended Schemes(Income/Debt Oriented Schemes - Short Term Fund),Regular,False,,,,False,False
108720,Bandhan Short Term Fund,Open Ended Schemes(Income/Debt Oriented Schemes - Short Term Fund),Regular,False,,,,False,False
108715,Bandhan Short Term Fund,Open Ended Schemes(Income/Debt Oriented Schemes - Short Term Fund),Regular,False,,,,False,False
154679,Baroda BNP Paribas Short Term Fund (the scheme has 2 segregated portfolios),Open Ended Schemes(Income/Debt Oriented Schemes - Short Term Fund),Regular,False,,,,False,False
154680,Baroda BNP Paribas Short Term Fund (the scheme has 2 segregated portfolios),Open Ended Schemes(Income/Debt Oriented Schemes - Short Term Fund),Regular,False,,,,False,False
154682,Baroda BNP Paribas Short Term Fund (the scheme has 2 segregated portfolios),Open Ended Schemes(Income/Debt Oriented Schemes - Short Term Fund),Regular,False,,,,False,False
154683,Baroda BNP Paribas Short Term Fund (the scheme has 2 segregated portfolios),Open Ended Schemes(Income/Debt Oriented Schemes - Short Term Fund),Regular,False,,,,False,False
154684,Baroda BNP Paribas Short Term Fund (the scheme has 2 segregated portfolios),Open Ended Schemes(Income/Debt Oriented Schemes - Short Term Fund),Regular,False,,,,False,False
154685,Baroda BNP Paribas Short Term Fund (the scheme has 2 segregated portfolios),Open Ended Schemes(Income/Debt Oriented Schemes - Short Term Fund),Regular,False,,,,False,False
151063,HSBC Short Term Fund,Open Ended Schemes(Income/Debt Oriented Schemes - Short Term Fund),Regular,False,,,,False,False
151062,HSBC Short Term Fund,Open Ended Schemes(Income/Debt Oriented Schemes - Short Term Fund),Regular,False,,,,False,False
151070,HSBC Short Term Fund,Open Ended Schemes(Income/Debt Oriented Schemes - Short Term Fund),Regular,False,,,,False,False
151067,HSBC Short Term Fund,Open Ended Schemes(Income/Debt Oriented Schemes - Short Term Fund),Regular,False,,,,False,False
151068,HSBC Short Term Fund,Open Ended Schemes(Income/Debt Oriented Schemes - Short Term Fund),Regular,False,,,,False,False
151069,HSBC Short Term Fund,Open Ended Schemes(Income/Debt Oriented Schemes - Short Term Fund),Regular,False,,,,False,False
151071,HSBC Short Term Fund,Open Ended Schemes(Income/Debt Oriented Schemes - Short Term Fund),Regular,False,,,,False,False
151065,HSBC Short Term Fund,Open Ended Schemes(Income/Debt Oriented Schemes - Short Term Fund),Regular,False,,,,False,False
151064,HSBC Short Term Fund,Open Ended Schemes(Income/Debt Oriented Schemes - Short Term Fund),Regular,False,,,,False,False
120469,JM Short Term Fund-closed,Open Ended Schemes(Income/Debt Oriented Schemes - Short Term Fund),Regular,False,,,,False,False
120470,JM Short Term Fund-closed,Open Ended Schemes(Income/Debt Oriented Schemes - Short Term Fund),Regular,False,,,,False,False
120471,JM Short Term Fund-closed,Open Ended Schemes(Income/Debt Oriented Schemes - Short Term Fund),Regular,False,,,,False,False
112016,Aditya Birla Sun Life Ultra Short Term Fund,Open Ended Schemes(Income/Debt Oriented Schemes - Ultra Short Term Fund),Regular,False,,,,False,False
147910,HSBC Ultra Short Term Fund,Open Ended Schemes(Income/Debt Oriented Schemes - Ultra Short Term Fund),Regular,False,,,,False,False
147908,HSBC Ultra Short Term Fund,Open Ended Schemes(Income/Debt Oriented Schemes - Ultra Short Term Fund),Regular,False,,,,False,False
147915,HSBC Ultra Short Term Fund,Open Ended Schemes(Income/Debt Oriented Schemes - Ultra Short Term Fund),Regular,False,,,,False,False
147912,HSBC Ultra Short Term Fund,Open Ended Schemes(Income/Debt Oriented Schemes - Ultra Short Term Fund),Regular,False,,,,False,False
147909,HSBC Ultra Short Term Fund,Open Ended Schemes(Income/Debt Oriented Schemes - Ultra Short Term Fund),Regular,False,,,,False,False
147907,HSBC Ultra Short Term Fund,Open Ended Schemes(Income/Debt Oriented Schemes - Ultra Short Term Fund),Regular,False,,,,False,False
147916,HSBC Ultra Short Term Fund,Open Ended Schemes(Income/Debt Oriented Schemes - Ultra Short Term Fund),Regular,False,,,,False,False
147911,HSBC Ultra Short Term Fund,Open Ended Schemes(Income/Debt Oriented Schemes - Ultra Short Term Fund),Regular,False,,,,False,False
138368,PGIM India Ultra Short Term Fund,Open Ended Schemes(Income/Debt Oriented Schemes - Ultra Short Term Fund),Regular,False,,,,False,False
138354,PGIM India Ultra Short Term Fund,Open Ended Schemes(Income/Debt Oriented Schemes - Ultra Short Term Fund),Regular,False,,,,False,False
138345,PGIM India Ultra Short Term Fund,Open Ended Schemes(Income/Debt Oriented Schemes - Ultra Short Term Fund),Regular,False,,,,False,False
138367,PGIM India Ultra Short Term Fund,Open Ended Schemes(Income/Debt Oriented Schemes - Ultra Short Term Fund),Regular,False,,,,False,False
138360,PGIM India Ultra Short Term Fund,Open Ended Schemes(Income/Debt Oriented Schemes - Ultra Short Term Fund),Regular,False,,,,False,False
138363,PGIM India Ultra Short Term Fund,Open Ended Schemes(Income/Debt Oriented Schemes - Ultra Short Term Fund),Regular,False,,,,False,False
138357,PGIM India Ultra Short Term Fund,Open Ended Schemes(Income/Debt Oriented Schemes - Ultra Short Term Fund),Regular,False,,,,False,False
138366,PGIM India Ultra Short Term Fund,Open Ended Schemes(Income/Debt Oriented Schemes - Ultra Short Term Fund),Regular,False,,,,False,False
138364,PGIM India Ultra Short Term Fund,Open Ended Schemes(Income/Debt Oriented Schemes - Ultra Short Term Fund),Regular,False,,,,False,False
138349,PGIM India Ultra Short Term Fund,Open Ended Schemes(Income/Debt Oriented Schemes - Ultra Short Term Fund),Regular,False,,,,False,False
138365,PGIM India Ultra Short Term Fund,Open Ended Schemes(Income/Debt Oriented Schemes - Ultra Short Term Fund),Regular,False,,,,False,False
138353,PGIM India Ultra Short Term Fund,Open Ended Schemes(Income/Debt Oriented Schemes - Ultra Short Term Fund),Regular,False,,,,False,False
138346,PGIM India Ultra Short Term Fund,Open Ended Schemes(Income/Debt Oriented Schemes - Ultra Short Term Fund),Regular,False,,,,False,False
138338,PGIM India Ultra Short Term Fund,Open Ended Schemes(Income/Debt Oriented Schemes - Ultra Short Term Fund),Regular,False,,,,False,False
138337,PGIM India Ultra Short Term Fund,Open Ended Schemes(Income/Debt Oriented Schemes - Ultra Short Term Fund),Regular,False,,,,False,False
138340,PGIM India Ultra Short Term Fund,Open Ended Schemes(Income/Debt Oriented Schemes - Ultra Short Term Fund),Regular,False,,,,False,False
138339,PGIM India Ultra Short Term Fund,Open Ended Schemes(Income/Debt Oriented Schemes - Ultra Short Term Fund),Regular,False,,,,False,False
150163,BARODA BNP PARIBAS ULTRA SHORT TO SHORT TERM FUND,Open Ended Schemes(Income/Debt Oriented Schemes - Ultra Short to Short Term Fund),Regular,False,,,,False,False
150160,BARODA BNP PARIBAS ULTRA SHORT TO SHORT TERM FUND,Open Ended Schemes(Income/Debt Oriented Schemes - Ultra Short to Short Term Fund),Regular,False,,,,False,False
150162,BARODA BNP PARIBAS ULTRA SHORT TO SHORT TERM FUND,Open Ended Schemes(Income/Debt Oriented Schemes - Ultra Short to Short Term Fund),Regular,False,,,,False,False
150161,BARODA BNP PARIBAS ULTRA SHORT TO SHORT TERM FUND,Open Ended Schemes(Income/Debt Oriented Schemes - Ultra Short to Short Term Fund),Regular,False,,,,False,False
105547,HDFC Ultra Short to Short Term Fund,Open Ended Schemes(Income/Debt Oriented Schemes - Ultra Short to Short Term Fund),Regular,False,,,,False,False
105546,HDFC Ultra Short to Short Term Fund,Open Ended Schemes(Income/Debt Oriented Schemes - Ultra Short to Short Term Fund),Regular,False,,,,False,False
105545,HDFC Ultra Short to Short Term Fund,Open Ended Schemes(Income/Debt Oriented Schemes - Ultra Short to Short Term Fund),Regular,False,,,,False,False
105544,HDFC Ultra Short to Short Term Fund,Open Ended Schemes(Income/Debt Oriented Schemes - Ultra Short to Short Term Fund),Regular,False,,,,False,False
130900,ICICI Prudential Ultra Short to Short Term Fund,Open Ended Schemes(Income/Debt Oriented Schemes - Ultra Short to Short Term Fund),Regular,False,,,,False,False
130952,ICICI Prudential Ultra Short to Short Term Fund,Open Ended Schemes(Income/Debt Oriented Schemes - Ultra Short to Short Term Fund),Regular,False,,,,False,False
111795,ICICI Prudential Ultra Short to Short Term Fund,Open Ended Schemes(Income/Debt Oriented Schemes - Ultra Short to Short Term Fund),Regular,False,,,,False,False
111794,ICICI Prudential Ultra Short to Short Term Fund,Open Ended Schemes(Income/Debt Oriented Schemes - Ultra Short to Short Term Fund),Regular,False,,,,False,False
111793,ICICI Prudential Ultra Short to Short Term Fund,Open Ended Schemes(Income/Debt Oriented Schemes - Ultra Short to Short Term Fund),Regular,False,,,,False,False
120738,UTI Ultra Short to Short Term Fund,Open Ended Schemes(Income/Debt Oriented Schemes - Ultra Short to Short Term Fund),Regular,False,,,,False,False
154604,UTI Nifty 500 Index Fund,Open Ended Schemes(Index Funds - Equity Funds),Regular,False,,,,False,False
154603,UTI Nifty 500 Index Fund,Open Ended Schemes(Index Funds - Equity Funds),Regular,False,,,,False,False
154578,ICICI Prudential Life Cycle Fund 2036,Open Ended Schemes(Life Cycle Funds - Life Cycle Fund with Maturity of 10 Years),Regular,False,,,,False,False
154577,ICICI Prudential Life Cycle Fund 2036,Open Ended Schemes(Life Cycle Funds - Life Cycle Fund with Maturity of 10 Years),Regular,False,,,,False,False
154580,ICICI Prudential Life Cycle Fund 2041,Open Ended Schemes(Life Cycle Funds - Life Cycle Fund with Maturity of 15 Years),Regular,False,,,,False,False
154579,ICICI Prudential Life Cycle Fund 2041,Open Ended Schemes(Life Cycle Funds - Life Cycle Fund with Maturity of 15 Years),Regular,False,,,,False,False
154564,ICICI Prudential Life Cycle Fund 2031,Open Ended Schemes(Life Cycle Funds - Life Cycle Fund with Maturity of 5 Years),Regular,False,,,,False,False
154563,ICICI Prudential Life Cycle Fund 2031,Open Ended Schemes(Life Cycle Funds - Life Cycle Fund with Maturity of 5 Years),Regular,False,,,,False,False
139619,Taurus Investor Education Pool (Greater than 3 yrs),Open Ended Schemes(Money Market),Regular,False,,,,False,False
139618,Taurus Investor Education Pool (Greater than 3 yrs),Open Ended Schemes(Money Market),Regular,False,,,,False,False
139617,Taurus Unclaimed Dividend & Redemption Liability (Less than 3 yrs),Open Ended Schemes(Money Market),Regular,True,2018-07-03,2026-09-25,2026.0,False,False
148747,Motilal Oswal Multi Asset Passive Fund of Fund,Open Ended Schemes(Other Scheme - FoF Domestic),Regular,False,,,,False,False
148748,Motilal Oswal Multi Asset Passive Fund of Fund,Open Ended Schemes(Other Scheme - FoF Domestic),Regular,False,,,,False,False
154239,Motilal Oswal Multi Factor Passive Fund of Funds,Open Ended Schemes(Other Scheme - FoF Domestic),Regular,False,,,,False,False
154238,Motilal Oswal Multi Factor Passive Fund of Funds,Open Ended Schemes(Other Scheme - FoF Domestic),Regular,False,,,,False,False
145552,Motilal Oswal Nasdaq 100 Fund of Fund,Open Ended Schemes(Other Scheme - FoF Domestic),Regular,False,,,,False,False
145551,Motilal Oswal Nasdaq 100 Fund of Fund,Open Ended Schemes(Other Scheme - FoF Domestic),Regular,False,,,,False,False
132010,Aditya Birla Sun Life Global Excellence Equity Fund Of Fund,Open Ended Schemes(Other Scheme - FoF Overseas),Regular,False,,,,False,False
149180,HDFC Developed World Overseas Equity Passive FOF,Open Ended Schemes(Other Scheme - FoF Overseas),Regular,False,,,,False,False
149181,HDFC Developed World Overseas Equity Passive FOF,Open Ended Schemes(Other Scheme - FoF Overseas),Regular,False,,,,False,False
133832,Kotak US Equity Fund,Open Ended Schemes(Other Scheme - FoF Overseas),Regular,False,,,,False,False
133831,Kotak US Equity Fund,Open Ended Schemes(Other Scheme - FoF Overseas),Regular,False,,,,False,False
133830,Kotak US Equity Fund,Open Ended Schemes(Other Scheme - FoF Overseas),Regular,False,,,,False,False
133833,Kotak US Equity Fund,Open Ended Schemes(Other Scheme - FoF Overseas),Regular,False,,,,False,False
133814,Kotak World Gold Fund,Open Ended Schemes(Other Scheme - FoF Overseas),Regular,False,,,,False,False
133815,Kotak World Gold Fund,Open Ended Schemes(Other Scheme - FoF Overseas),Regular,False,,,,False,False
133817,Kotak World Gold Fund,Open Ended Schemes(Other Scheme - FoF Overseas),Regular,False,,,,False,False
133816,Kotak World Gold Fund,Open Ended Schemes(Other Scheme - FoF Overseas),Regular,False,,,,False,False
149910,Navi NASDAQ100 US Specific Equity Passive FOF,Open Ended Schemes(Other Scheme - FoF Overseas),Regular,False,,,,False,False
149911,Navi NASDAQ100 US Specific Equity Passive FOF,Open Ended Schemes(Other Scheme - FoF Overseas),Regular,False,,,,False,False
149830,Navi Total Stock Market US Specific Equity Passive FoF,Open Ended Schemes(Other Scheme - FoF Overseas),Regular,False,,,,False,False
149831,Navi Total Stock Market US Specific Equity Passive FoF,Open Ended Schemes(Other Scheme - FoF Overseas),Regular,False,,,,False,False
138457,PGIM India Emerging Markets Equity Fund of Fund,Open Ended Schemes(Other Scheme - FoF Overseas),Regular,False,,,,False,False
138454,PGIM India Emerging Markets Equity Fund of Fund,Open Ended Schemes(Other Scheme - FoF Overseas),Regular,False,,,,False,False
138525,PGIM India Global Equity Opportunities Fund of Fund,Open Ended Schemes(Other Scheme - FoF Overseas),Regular,False,,,,False,False
138527,PGIM India Global Equity Opportunities Fund of Fund,Open Ended Schemes(Other Scheme - FoF Overseas),Regular,False,,,,False,False
138524,PGIM India Global Equity Opportunities Fund of Fund,Open Ended Schemes(Other Scheme - FoF Overseas),Regular,False,,,,False,False
149300,PGIM India Global Select Real Estate Securities Fund of Fund,Open Ended Schemes(Other Scheme - FoF Overseas),Regular,False,,,,False,False
149301,PGIM India Global Select Real Estate Securities Fund of Fund,Open Ended Schemes(Other Scheme - FoF Overseas),Regular,False,,,,False,False
152193,Edelweiss Gold ETF,Open Ended Schemes(Other Scheme - Gold ETF),Regular,False,,,,False,False
113049,HDFC Gold ETF,Open Ended Schemes(Other Scheme - Gold ETF),Regular,False,,,,False,False
113076,ICICI Prudential Gold ETF,Open Ended Schemes(Other Scheme - Gold ETF),Regular,False,,,,False,False
106193,KOTAK GOLD ETF,Open Ended Schemes(Other Scheme - Gold ETF),Regular,False,,,,False,False
151961,LIC MF Gold Exchange Traded Fund,Open Ended Schemes(Other Scheme - Gold ETF),Regular,False,,,,False,False
153780,Motilal Oswal Gold ETF,Open Ended Schemes(Other Scheme - Gold ETF),Regular,False,,,,False,False
107693,Quantum Gold ETF,Open Ended Schemes(Other Scheme - Gold ETF),Regular,False,,,,False,False
152284,Tata Gold Exchange Traded Fund,Open Ended Schemes(Other Scheme - Gold ETF),Regular,False,,,,False,False
150938,Aditya Birla Sun Life Crisil IBX 60:40 SDL+ AAA PSU APR 2026 Index Fund,Open Ended Schemes(Other Scheme - Index Funds),Regular,False,,,,False,False
150939,Aditya Birla Sun Life Crisil IBX 60:40 SDL+ AAA PSU APR 2026 Index Fund,Open Ended Schemes(Other Scheme - Index Funds),Regular,False,,,,False,False
150936,Aditya Birla Sun Life Crisil IBX 60:40 SDL+ AAA PSU APR 2026 Index Fund,Open Ended Schemes(Other Scheme - Index Funds),Regular,False,,,,False,False
150937,Aditya Birla Sun Life Crisil IBX 60:40 SDL+ AAA PSU APR 2026 Index Fund,Open Ended Schemes(Other Scheme - Index Funds),Regular,False,,,,False,False
150699,Aditya Birla Sun Life Crisil IBX Gilt-April 2026 Index Fund,Open Ended Schemes(Other Scheme - Index Funds),Regular,False,,,,False,False
150701,Aditya Birla Sun Life Crisil IBX Gilt-April 2026 Index Fund,Open Ended Schemes(Other Scheme - Index Funds),Regular,False,,,,False,False
150700,Aditya Birla Sun Life Crisil IBX Gilt-April 2026 Index Fund,Open Ended Schemes(Other Scheme - Index Funds),Regular,False,,,,False,False
150663,Aditya Birla Sun Life Nifty SDL SEP 2025 Index Fund,Open Ended Schemes(Other Scheme - Index Funds),Regular,False,,,,False,False
150664,Aditya Birla Sun Life Nifty SDL SEP 2025 Index Fund,Open Ended Schemes(Other Scheme - Index Funds),Regular,False,,,,False,False
150665,Aditya Birla Sun Life Nifty SDL SEP 2025 Index Fund,Open Ended Schemes(Other Scheme - Index Funds),Regular,False,,,,False,False
150667,Aditya Birla Sun Life Nifty SDL SEP 2025 Index Fund,Open Ended Schemes(Other Scheme - Index Funds),Regular,False,,,,False,False
153235,ICICI Prudential CRISIL-IBX AAA Bond Financial Services Index -Dec 2026 Fund,Open Ended Schemes(Other Scheme - Index Funds),Regular,False,,,,False,False
153234,ICICI Prudential CRISIL-IBX AAA Bond Financial Services Index -Dec 2026 Fund,Open Ended Schemes(Other Scheme - Index Funds),Regular,False,,,,False,False
153237,ICICI Prudential CRISIL-IBX AAA Bond Financial Services Index -Dec 2026 Fund,Open Ended Schemes(Other Scheme - Index Funds),Regular,False,,,,False,False
153236,ICICI Prudential CRISIL-IBX AAA Bond Financial Services Index -Dec 2026 Fund,Open Ended Schemes(Other Scheme - Index Funds),Regular,False,,,,False,False
149226,ICICI Prudential Nifty PSU Bond Plus SDL Sep 2027 40:60 Index Fund,Open Ended Schemes(Other Scheme - Index Funds),Regular,False,,,,False,False
149225,ICICI Prudential Nifty PSU Bond Plus SDL Sep 2027 40:60 Index Fund,Open Ended Schemes(Other Scheme - Index Funds),Regular,False,,,,False,False
149223,ICICI Prudential Nifty PSU Bond Plus SDL Sep 2027 40:60 Index Fund,Open Ended Schemes(Other Scheme - Index Funds),Regular,False,,,,False,False
149222,ICICI Prudential Nifty PSU Bond Plus SDL Sep 2027 40:60 Index Fund,Open Ended Schemes(Other Scheme - Index Funds),Regular,False,,,,False,False
154365,Motilal Oswal BSE Clean Environment Index Fund,Open Ended Schemes(Other Scheme - Index Funds),Regular,False,,,,False,False
150518,Motilal Oswal BSE Enhanced Value Index Fund,Open Ended Schemes(Other Scheme - Index Funds),Regular,False,,,,False,False
150519,Motilal Oswal BSE Enhanced Value Index Fund,Open Ended Schemes(Other Scheme - Index Funds),Regular,False,,,,False,False
150443,Motilal Oswal BSE Financials ex Bank 30 Index Fund,Open Ended Schemes(Other Scheme - Index Funds),Regular,False,,,,False,False
150444,Motilal Oswal BSE Financials ex Bank 30 Index Fund,Open Ended Schemes(Other Scheme - Index Funds),Regular,False,,,,False,False
149919,Motilal Oswal BSE Low Volatility Index Fund,Open Ended Schemes(Other Scheme - Index Funds),Regular,False,,,,False,False
149920,Motilal Oswal BSE Low Volatility Index Fund,Open Ended Schemes(Other Scheme - Index Funds),Regular,False,,,,False,False
154377,Motilal Oswal BSE Midcap 150 Momentum 30 Index Fund,Open Ended Schemes(Other Scheme - Index Funds),Regular,False,,,,False,False
154378,Motilal Oswal BSE Midcap 150 Momentum 30 Index Fund,Open Ended Schemes(Other Scheme - Index Funds),Regular,False,,,,False,False
150521,Motilal Oswal BSE Quality Index Fund,Open Ended Schemes(Other Scheme - Index Funds),Regular,False,,,,False,False
150522,Motilal Oswal BSE Quality Index Fund,Open Ended Schemes(Other Scheme - Index Funds),Regular,False,,,,False,False
149799,Motilal Oswal Nifty 200 Momentum 30 Index Fund,Open Ended Schemes(Other Scheme - Index Funds),Regular,False,,,,False,False
153029,Motilal Oswal Nifty MidSmall IT and Telecom Index Fund,Open Ended Schemes(Other Scheme - Index Funds),Regular,False,,,,False,False
149892,Navi Nifty Midcap 150 Index Fund,Open Ended Schemes(Other Scheme - Index Funds),Regular,False,,,,False,False
149893,Navi Nifty Midcap 150 Index Fund,Open Ended Schemes(Other Scheme - Index Funds),Regular,False,,,,False,False
151364,UTI NIFTY SDL Plus AAA PSU Bond Apr 2026 75:25 Index Fund,Open Ended Schemes(Other Scheme - Index Funds),Regular,False,,,,False,False
151363,UTI NIFTY SDL Plus AAA PSU Bond Apr 2026 75:25 Index Fund,Open Ended Schemes(Other Scheme - Index Funds),Regular,False,,,,False,False
152802,Aditya Birla Sun Life Crisil 10 year Gilt ETF,Open Ended Schemes(Other Scheme - Other  ETFs),Regular,False,,,,False,False
152732,ADITYA BIRLA SUN LIFE CRISIL BROAD BASED GILT ETF,Open Ended Schemes(Other Scheme - Other  ETFs),Regular,False,,,,False,False
150498,Aditya Birla Sun Life Nifty 200 Momentum 30 ETF,Open Ended Schemes(Other Scheme - Other  ETFs),Regular,False,,,,False,False
152638,Bajaj Finserv Nifty 1D Rate Liquid ETF - Growth,Open Ended Schemes(Other Scheme - Other  ETFs),Regular,True,2024-06-03,2026-09-27,701.0,True,False
152356,Bajaj Finserv Nifty 50 ETF,Open Ended Schemes(Other Scheme - Other  ETFs),Regular,False,,,,False,False
152357,Bajaj Finserv Nifty Bank ETF,Open Ended Schemes(Other Scheme - Other  ETFs),Regular,False,,,,False,False
152555,DSP BSE Liquid Rate ETF,Open Ended Schemes(Other Scheme - Other  ETFs),Regular,False,,,,False,False
151886,DSP BSE Sensex ETF,Open Ended Schemes(Other Scheme - Other  ETFs),Regular,False,,,,False,False
153228,DSP BSE SENSEX Next 30 ETF,Open Ended Schemes(Other Scheme - Other  ETFs),Regular,False,,,,False,False
154256,DSP BSE Top 10 Banks ETF,Open Ended Schemes(Other Scheme - Other  ETFs),Regular,False,,,,False,False
153975,DSP MSCI INDIA ETF,Open Ended Schemes(Other Scheme - Other  ETFs),Regular,False,,,,False,False
142589,DSP NIFTY 1D Rate Liquid ETF,Open Ended Schemes(Other Scheme - Other  ETFs),Regular,False,,,,False,False
149286,DSP Nifty 50 Equal Weight ETF,Open Ended Schemes(Other Scheme - Other  ETFs),Regular,False,,,,False,False
149392,DSP Nifty 50 ETF,Open Ended Schemes(Other Scheme - Other  ETFs),Regular,False,,,,False,False
151262,DSP Nifty Bank ETF,Open Ended Schemes(Other Scheme - Other  ETFs),Regular,False,,,,False,False
154357,DSP Nifty FMCG ETF,Open Ended Schemes(Other Scheme - Other  ETFs),Regular,False,,,,False,False
152306,DSP Nifty Healthcare ETF,Open Ended Schemes(Other Scheme - Other  ETFs),Regular,False,,,,False,False
151820,DSP Nifty IT ETF,Open Ended Schemes(Other Scheme - Other  ETFs),Regular,False,,,,False,False
154025,DSP Nifty Midcap 150 ETF,Open Ended Schemes(Other Scheme - Other  ETFs),Regular,False,,,,False,False
149403,DSP Nifty Midcap 150 Quality 50 ETF,Open Ended Schemes(Other Scheme - Other  ETFs),Regular,False,,,,False,False
154087,DSP Nifty Next 50 ETF,Open Ended Schemes(Other Scheme - Other  ETFs),Regular,False,,,,False,False
151887,DSP Nifty Private Bank ETF,Open Ended Schemes(Other Scheme - Other  ETFs),Regular,False,,,,False,False
151888,DSP Nifty PSU Bank ETF,Open Ended Schemes(Other Scheme - Other  ETFs),Regular,False,,,,False,False
154024,DSP Nifty Smallcap 250 ETF,Open Ended Schemes(Other Scheme - Other  ETFs),Regular,False,,,,False,False
152812,DSP Nifty Top 10 Equal Weight ETF,Open Ended Schemes(Other Scheme - Other  ETFs),Regular,False,,,,False,False
153874,DSP Nifty500 Flexicap Quality 30 ETF,Open Ended Schemes(Other Scheme - Other  ETFs),Regular,False,,,,False,False
147849,Bharat Bond ETF - April 2030,Open Ended Schemes(Other Scheme - Other  ETFs),Regular,False,,,,False,True
149398,BHARAT Bond ETF - April 2032,Open Ended Schemes(Other Scheme - Other  ETFs),Regular,False,,,,False,False
150987,BHARAT Bond ETF - April 2033,Open Ended Schemes(Other Scheme - Other  ETFs),Regular,False,,,,False,False
148444,BHARAT Bond ETF- April 2025,Open Ended Schemes(Other Scheme - Other  ETFs),Regular,False,,,,False,False
148445,BHARAT Bond ETF- April 2031,Open Ended Schemes(Other Scheme - Other  ETFs),Regular,False,,,,False,False
153180,Edelweiss BSE Capital Markets & Insurance ETF,Open Ended Schemes(Other Scheme - Other  ETFs),Regular,False,,,,False,False
153947,Edelweiss BSE Sensex ETF,Open Ended Schemes(Other Scheme - Other  ETFs),Regular,False,,,,False,False
153920,Edelweiss Nifty 1D Rate Liquid ETF - Growth,Open Ended Schemes(Other Scheme - Other  ETFs),Regular,True,2025-10-07,2026-09-27,324.0,True,False
153966,Edelweiss Nifty 50 ETF,Open Ended Schemes(Other Scheme - Other  ETFs),Regular,False,,,,False,False
152857,Edelweiss Nifty Bank ETF,Open Ended Schemes(Other Scheme - Other  ETFs),Regular,False,,,,False,False
153841,Edelweiss Nifty LargeMidcap 250 ETF,Open Ended Schemes(Other Scheme - Other  ETFs),Regular,False,,,,False,False
154347,Edelweiss Nifty Next 50 ETF,Open Ended Schemes(Other Scheme - Other  ETFs),Regular,False,,,,False,False
152981,Edelweiss Nifty500 Multicap Momentum Quality 50 ETF,Open Ended Schemes(Other Scheme - Other  ETFs),Regular,False,,,,False,False
152212,Edelweiss Silver ETF,Open Ended Schemes(Other Scheme - Other  ETFs),Regular,False,,,,False,False
151376,HDFC BSE 500 ETF,Open Ended Schemes(Other Scheme - Other  ETFs),Regular,False,,,,False,False
135854,HDFC BSE Sensex ETF,Open Ended Schemes(Other Scheme - Other  ETFs),Regular,False,,,,False,False
150476,HDFC NIFTY 100 ETF,Open Ended Schemes(Other Scheme - Other  ETFs),Regular,False,,,,False,False
153403,HDFC NIFTY 1D Rate Liquid ETF,Open Ended Schemes(Other Scheme - Other  ETFs),Regular,False,,,,False,False
135853,HDFC NIFTY 50 ETF,Open Ended Schemes(Other Scheme - Other  ETFs),Regular,False,,,,False,False
148461,HDFC NIFTY BANK ETF,Open Ended Schemes(Other Scheme - Other  ETFs),Regular,False,,,,False,False
150621,HDFC NIFTY GROWTH SECTORS 15 ETF,Open Ended Schemes(Other Scheme - Other  ETFs),Regular,True,2022-09-23,2026-09-25,990.0,True,False
150801,HDFC NIFTY IT ETF,Open Ended Schemes(Other Scheme - Other  ETFs),Regular,False,,,,False,False
151374,HDFC NIFTY Midcap 150 ETF,Open Ended Schemes(Other Scheme - Other  ETFs),Regular,False,,,,False,False
150477,HDFC NIFTY NEXT 50 ETF,Open Ended Schemes(Other Scheme - Other  ETFs),Regular,False,,,,False,False
150802,HDFC NIFTY Private Bank ETF,Open Ended Schemes(Other Scheme - Other  ETFs),Regular,False,,,,False,False
152350,HDFC NIFTY PSU BANK ETF,Open Ended Schemes(Other Scheme - Other  ETFs),Regular,False,,,,False,False
151375,HDFC NIFTY Smallcap 250 ETF,Open Ended Schemes(Other Scheme - Other  ETFs),Regular,False,,,,False,False
150658,HDFC NIFTY100 Low Volatility 30 ETF,Open Ended Schemes(Other Scheme - Other  ETFs),Regular,False,,,,False,False
150620,HDFC NIFTY100 QUALITY 30 ETF,Open Ended Schemes(Other Scheme - Other  ETFs),Regular,False,,,,False,False
150657,HDFC NIFTY200 MOMENTUM 30 ETF,Open Ended Schemes(Other Scheme - Other  ETFs),Regular,False,,,,False,False
150619,HDFC NIFTY50 VALUE 20 ETF,Open Ended Schemes(Other Scheme - Other  ETFs),Regular,False,,,,False,False
150556,HDFC Silver ETF,Open Ended Schemes(Other Scheme - Other  ETFs),Regular,False,,,,False,False
143247,ICICI Prudential BSE 500 ETF,Open Ended Schemes(Other Scheme - Other  ETFs),Regular,False,,,,False,False
139519,ICICI Prudential BSE Midcap Select ETF,Open Ended Schemes(Other Scheme - Other  ETFs),Regular,False,,,,False,False
101705,ICICI Prudential BSE Sensex ETF,Open Ended Schemes(Other Scheme - Other  ETFs),Regular,False,,,,False,False
151196,ICICI Prudential Nifty 10 yr Benchmark G-sec ETF,Open Ended Schemes(Other Scheme - Other  ETFs),Regular,False,,,,False,False
123004,ICICI Prudential Nifty 100 ETF,Open Ended Schemes(Other Scheme - Other  ETFs),Regular,False,,,,False,False
141596,ICICI Prudential Nifty 100 Low Volatility 30 ETF,Open Ended Schemes(Other Scheme - Other  ETFs),Regular,False,,,,False,False
150455,ICICI Prudential Nifty 200 Momentum 30 ETF,Open Ended Schemes(Other Scheme - Other  ETFs),Regular,False,,,,False,False
151907,ICICI Prudential Nifty 200 Quality 30 ETF,Open Ended Schemes(Other Scheme - Other  ETFs),Regular,False,,,,False,False
149928,ICICI Prudential Nifty 5 yr Benchmark G-SEC ETF,Open Ended Schemes(Other Scheme - Other  ETFs),Regular,False,,,,False,False
121366,ICICI Prudential Nifty 50 ETF,Open Ended Schemes(Other Scheme - Other  ETFs),Regular,False,,,,False,False
148456,ICICI Prudential Nifty Alpha Low- Volatility 30 ETF,Open Ended Schemes(Other Scheme - Other  ETFs),Regular,False,,,,False,False
149463,ICICI Prudential Nifty Auto ETF,Open Ended Schemes(Other Scheme - Other  ETFs),Regular,False,,,,False,False
147483,ICICI Prudential Nifty Bank ETF,Open Ended Schemes(Other Scheme - Other  ETFs),Regular,False,,,,False,False
151207,ICICI Prudential Nifty Commodities ETF,Open Ended Schemes(Other Scheme - Other  ETFs),Regular,False,,,,False,False
153397,ICICI Prudential Nifty EV & New Age Automotive ETF,Open Ended Schemes(Other Scheme - Other  ETFs),Regular,False,,,,False,False
150879,ICICI Prudential Nifty Financial Services Ex-Bank ETF,Open Ended Schemes(Other Scheme - Other  ETFs),Regular,False,,,,False,False
149072,ICICI Prudential Nifty FMCG ETF,Open Ended Schemes(Other Scheme - Other  ETFs),Regular,False,,,,False,False
148957,ICICI Prudential Nifty Healthcare ETF,Open Ended Schemes(Other Scheme - Other  ETFs),Regular,False,,,,False,False
149285,ICICI Prudential Nifty India Consumption ETF,Open Ended Schemes(Other Scheme - Other  ETFs),Regular,False,,,,False,False
150526,ICICI Prudential Nifty Infrastructure ETF,Open Ended Schemes(Other Scheme - Other  ETFs),Regular,False,,,,False,False
148466,ICICI Prudential Nifty IT ETF,Open Ended Schemes(Other Scheme - Other  ETFs),Regular,False,,,,False,False
152769,ICICI Prudential Nifty Metal ETF,Open Ended Schemes(Other Scheme - Other  ETFs),Regular,False,,,,False,False
147921,ICICI Prudential Nifty Midcap 150 ETF,Open Ended Schemes(Other Scheme - Other  ETFs),Regular,False,,,,False,False
144587,ICICI Prudential Nifty Next 50 ETF,Open Ended Schemes(Other Scheme - Other  ETFs),Regular,False,,,,False,False
152748,ICICI Prudential Nifty Oil & Gas ETF,Open Ended Schemes(Other Scheme - Other  ETFs),Regular,False,,,,False,False
147530,ICICI Prudential Nifty Private Bank ETF,Open Ended Schemes(Other Scheme - Other  ETFs),Regular,False,,,,False,False
151572,ICICI Prudential Nifty PSU Bank ETF,Open Ended Schemes(Other Scheme - Other  ETFs),Regular,False,,,,False,False
154404,ICICI Prudential Nifty Smallcap 250 ETF,Open Ended Schemes(Other Scheme - Other  ETFs),Regular,False,,,,False,False
153617,ICICI Prudential Nifty Top 15 Equal Weight ETF,Open Ended Schemes(Other Scheme - Other  ETFs),Regular,False,,,,False,False
152932,ICICI Prudential Nifty200 Value 30 ETF,Open Ended Schemes(Other Scheme - Other  ETFs),Regular,False,,,,False,False
139455,ICICI Prudential Nifty50 Value 20 ETF,Open Ended Schemes(Other Scheme - Other  ETFs),Regular,False,,,,False,False
149464,ICICI PRUDENTIAL SILVER ETF,Open Ended Schemes(Other Scheme - Other  ETFs),Regular,False,,,,False,False
109010,Kotak BSE Sensex ETF,Open Ended Schemes(Other Scheme - Other  ETFs),Regular,False,,,,False,False
153314,Kotak MSCI India ETF,Open Ended Schemes(Other Scheme - Other  ETFs),Regular,False,,,,False,False
153315,Kotak Nifty 100 Equal Weight ETF,Open Ended Schemes(Other Scheme - Other  ETFs),Regular,False,,,,False,False
150000,Kotak Nifty 100 Low Volatility 30 ETF,Open Ended Schemes(Other Scheme - Other  ETFs),Regular,False,,,,False,False
151358,Kotak Nifty 1D Rate Liquid ETF,Open Ended Schemes(Other Scheme - Other  ETFs),Regular,False,,,,False,False
153904,Kotak Nifty 200 Momentum 30 ETF,Open Ended Schemes(Other Scheme - Other  ETFs),Regular,False,,,,False,False
112351,Kotak Nifty 50 ETF,Open Ended Schemes(Other Scheme - Other  ETFs),Regular,False,,,,False,False
135744,Kotak Nifty 50 Value 20 ETF,Open Ended Schemes(Other Scheme - Other  ETFs),Regular,False,,,,False,False
149397,Kotak Nifty Alpha 50 ETF,Open Ended Schemes(Other Scheme - Other  ETFs),Regular,False,,,,False,False
133122,Kotak Nifty Bank ETF,Open Ended Schemes(Other Scheme - Other  ETFs),Regular,False,,,,False,False
153934,Kotak Nifty Chemicals ETF,Open Ended Schemes(Other Scheme - Other  ETFs),Regular,False,,,,False,False
150492,Kotak Nifty India Consumption ETF,Open Ended Schemes(Other Scheme - Other  ETFs),Regular,False,,,,False,False
148763,Kotak Nifty IT ETF,Open Ended Schemes(Other Scheme - Other  ETFs),Regular,False,,,,False,False
153398,Kotak Nifty Midcap 150 ETF,Open Ended Schemes(Other Scheme - Other  ETFs),Regular,False,,,,False,False
149757,Kotak Nifty Midcap 50 ETF,Open Ended Schemes(Other Scheme - Other  ETFs),Regular,False,,,,False,False
150531,Kotak Nifty MNC ETF,Open Ended Schemes(Other Scheme - Other  ETFs),Regular,False,,,,False,False
154101,Kotak Nifty Next 50 ETF,Open Ended Schemes(Other Scheme - Other  ETFs),Regular,False,,,,False,False
153657,Kotak Nifty200 Quality 30 ETF,Open Ended Schemes(Other Scheme - Other  ETFs),Regular,False,,,,False,False
150948,Kotak Silver ETF,Open Ended Schemes(Other Scheme - Other  ETFs),Regular,False,,,,False,False
135672,LIC MF BSE Sensex ETF,Open Ended Schemes(Other Scheme - Other  ETFs),Regular,False,,,,False,False
136473,LIC MF Nifty 100 ETF,Open Ended Schemes(Other Scheme - Other  ETFs),Regular,False,,,,False,False
135607,LIC MF Nifty 50 ETF,Open Ended Schemes(Other Scheme - Other  ETFs),Regular,False,,,,False,False
133307,LIC MF Nifty 8-13 yr G-Sec ETF,Open Ended Schemes(Other Scheme - Other  ETFs),Regular,False,,,,False,False
152404,LIC MF Nifty Midcap 100 ETF,Open Ended Schemes(Other Scheme - Other  ETFs),Regular,False,,,,False,False
150517,Motilal Oswal BSE Enhanced Value ETF,Open Ended Schemes(Other Scheme - Other  ETFs),Regular,False,,,,False,False
150445,Motilal Oswal BSE Healthcare ETF,Open Ended Schemes(Other Scheme - Other  ETFs),Regular,False,,,,False,False
153564,Motilal Oswal BSE India Infrastructure ETF,Open Ended Schemes(Other Scheme - Other  ETFs),Regular,False,,,,False,False
149921,Motilal Oswal BSE Low Volatility ETF,Open Ended Schemes(Other Scheme - Other  ETFs),Regular,False,,,,False,False
150520,Motilal Oswal BSE Quality ETF,Open Ended Schemes(Other Scheme - Other  ETFs),Regular,False,,,,False,False
154003,Motilal Oswal BSE Select IPO ETF,Open Ended Schemes(Other Scheme - Other  ETFs),Regular,False,,,,False,False
154322,Motilal Oswal BSE Top 10 Banks ETF,Open Ended Schemes(Other Scheme - Other  ETFs),Regular,False,,,,False,False
114984,Motilal Oswal Nasdaq 100 ETF,Open Ended Schemes(Other Scheme - Other  ETFs),Regular,False,,,,False,False
149438,Motilal Oswal Nasdaq Q50 ETF,Open Ended Schemes(Other Scheme - Other  ETFs),Regular,False,,,,False,False
153928,Motilal Oswal Nifty 100 ETF,Open Ended Schemes(Other Scheme - Other  ETFs),Regular,False,,,,False,False
149801,Motilal Oswal Nifty 200 Momentum 30 ETF,Open Ended Schemes(Other Scheme - Other  ETFs),Regular,False,,,,False,False
148620,Motilal Oswal Nifty 5 year benchmark G-Sec ETF,Open Ended Schemes(Other Scheme - Other  ETFs),Regular,False,,,,False,False
153532,Motilal Oswal Nifty 50 Equal Weight ETF,Open Ended Schemes(Other Scheme - Other  ETFs),Regular,False,,,,False,False
113069,Motilal Oswal Nifty 50 ETF,Open Ended Schemes(Other Scheme - Other  ETFs),Regular,False,,,,False,False
152106,Motilal Oswal Nifty 500 ETF,Open Ended Schemes(Other Scheme - Other  ETFs),Regular,False,,,,False,False
152874,Motilal Oswal Nifty 500 Momentum 50 ETF,Open Ended Schemes(Other Scheme - Other  ETFs),Regular,False,,,,False,False
153724,Motilal Oswal Nifty Alpha 50 ETF,Open Ended Schemes(Other Scheme - Other  ETFs),Regular,False,,,,False,False
153406,Motilal Oswal Nifty Capital Market ETF,Open Ended Schemes(Other Scheme - Other  ETFs),Regular,False,,,,False,False
153931,Motilal Oswal Nifty Energy ETF,Open Ended Schemes(Other Scheme - Other  ETFs),Regular,False,,,,False,False
152846,Motilal Oswal Nifty India Defence ETF,Open Ended Schemes(Other Scheme - Other  ETFs),Regular,False,,,,False,False
153572,Motilal Oswal Nifty India Manufacturing ETF,Open Ended Schemes(Other Scheme - Other  ETFs),Regular,False,,,,False,False
153618,Motilal Oswal Nifty India Tourism ETF,Open Ended Schemes(Other Scheme - Other  ETFs),Regular,False,,,,False,False
114456,Motilal Oswal Nifty Midcap 100 ETF,Open Ended Schemes(Other Scheme - Other  ETFs),Regular,False,,,,False,False
153694,Motilal Oswal Nifty Midcap 150 Momentum 50 ETF,Open Ended Schemes(Other Scheme - Other  ETFs),Regular,False,,,,False,False
154062,Motilal Oswal Nifty MNC ETF,Open Ended Schemes(Other Scheme - Other  ETFs),Regular,False,,,,False,False
153535,Motilal Oswal Nifty Next 50 ETF,Open Ended Schemes(Other Scheme - Other  ETFs),Regular,False,,,,False,False
153608,Motilal Oswal Nifty PSE ETF,Open Ended Schemes(Other Scheme - Other  ETFs),Regular,False,,,,False,False
152541,Motilal Oswal Nifty Realty ETF,Open Ended Schemes(Other Scheme - Other  ETFs),Regular,False,,,,False,False
154033,Motilal Oswal Nifty Services Sector ETF,Open Ended Schemes(Other Scheme - Other  ETFs),Regular,False,,,,False,False
152546,Motilal Oswal Nifty Smallcap 250 ETF,Open Ended Schemes(Other Scheme - Other  ETFs),Regular,False,,,,False,False
153820,Motilal Oswal Silver ETF,Open Ended Schemes(Other Scheme - Other  ETFs),Regular,False,,,,False,False
108479,Quantum Nifty 50 ETF,Open Ended Schemes(Other Scheme - Other  ETFs),Regular,False,,,,False,False
145801,Tata Nifty 50 Exchange Traded Fund,Open Ended Schemes(Other Scheme - Other  ETFs),Regular,False,,,,False,False
149959,Tata Nifty India Digital Exchange Traded Fund,Open Ended Schemes(Other Scheme - Other  ETFs),Regular,False,,,,False,False
147614,Tata Nifty Private Bank Exchange Traded Fund,Open Ended Schemes(Other Scheme - Other  ETFs),Regular,False,,,,False,False
152285,Tata Silver Exchange Traded Fund,Open Ended Schemes(Other Scheme - Other  ETFs),Regular,False,,,,False,False
119067,HDFC Children's Fund,Open Ended Schemes(Solution Oriented Scheme - Childrenâs Fund),Regular,False,,,,False,False
100899,HDFC Children's Fund,Open Ended Schemes(Solution Oriented Scheme - Childrenâs Fund),Regular,False,,,,False,False
146839,Kotak Monthly Interval Plan Series 4,Interval Fund Schemes(Income),Regular,False,,,,False,False
146837,Kotak Monthly Interval Plan Series 4,Interval Fund Schemes(Income),Regular,False,,,,False,False
146840,Kotak Monthly Interval Plan Series 4,Interval Fund Schemes(Income),Regular,False,,,,False,False
146835,Kotak Monthly Interval Plan Series 4,Interval Fund Schemes(Income),Regular,False,,,,False,False
145440,Kotak Quarterly Interval Plan Sr. 12,Interval Fund Schemes(Income),Regular,False,,,,False,False
145441,Kotak Quarterly Interval Plan Sr. 12,Interval Fund Schemes(Income),Regular,False,,,,False,False
145437,Kotak Quarterly Interval Plan Sr. 12,Interval Fund Schemes(Income),Regular,False,,,,False,False
146602,Kotak Quarterly Interval Plan Sr. 13,Interval Fund Schemes(Income),Regular,False,,,,False,False
146599,Kotak Quarterly Interval Plan Sr. 13,Interval Fund Schemes(Income),Regular,False,,,,False,False
146598,Kotak Quarterly Interval Plan Sr. 13,Interval Fund Schemes(Income),Regular,False,,,,False,False
146601,Kotak Quarterly Interval Plan Sr. 13,Interval Fund Schemes(Income),Regular,False,,,,False,False
118804,Nippon India Interval Fund Annual Interval Fund Series-I,Interval Fund Schemes(Income),Regular,False,,,,False,False
105660,Nippon India Interval Fund Annual Interval Fund Series-I,Interval Fund Schemes(Income),Regular,False,,,,False,False
105662,Nippon India Interval Fund Annual Interval Fund Series-I,Interval Fund Schemes(Income),Regular,False,,,,False,False
105663,Nippon India Interval Fund Annual Interval Fund Series-I,Interval Fund Schemes(Income),Regular,False,,,,False,False
105661,Nippon India Interval Fund Annual Interval Fund Series-I,Interval Fund Schemes(Income),Regular,False,,,,False,False
145667,Nippon India Interval Fund V - Series 2,Interval Fund Schemes(Income),Regular,False,,,,False,False
145670,Nippon India Interval Fund V - Series 2,Interval Fund Schemes(Income),Regular,False,,,,False,False
145668,Nippon India Interval Fund V - Series 2,Interval Fund Schemes(Income),Regular,False,,,,False,False
145669,Nippon India Interval Fund V - Series 2,Interval Fund Schemes(Income),Regular,False,,,,False,False
145348,Nippon India Interval Fund V- Series 1,Interval Fund Schemes(Income),Regular,False,,,,False,False
145350,Nippon India Interval Fund V- Series 1,Interval Fund Schemes(Income),Regular,False,,,,False,False
145349,Nippon India Interval Fund V- Series 1,Interval Fund Schemes(Income),Regular,False,,,,False,False
145347,Nippon India Interval Fund V- Series 1,Interval Fund Schemes(Income),Regular,False,,,,False,False
120800,Nippon India Yearly Interval Fund - Series 1,Interval Fund Schemes(Income),Regular,False,,,,False,False
120799,Nippon India Yearly Interval Fund - Series 1,Interval Fund Schemes(Income),Regular,False,,,,False,False
120802,Nippon India Yearly Interval Fund - Series 1,Interval Fund Schemes(Income),Regular,False,,,,False,False
120798,Nippon India Yearly Interval Fund - Series 1,Interval Fund Schemes(Income),Regular,False,,,,False,False
134888,Reliance Interval Fund -IV - Series 2 (1110 days),Interval Fund Schemes(Income),Regular,False,,,,False,False
134890,Reliance Interval Fund -IV - Series 2 (1110 days),Interval Fund Schemes(Income),Regular,False,,,,False,False
134889,Reliance Interval Fund -IV - Series 2 (1110 days),Interval Fund Schemes(Income),Regular,False,,,,False,False
134891,Reliance Interval Fund -IV - Series 2 (1110 days),Interval Fund Schemes(Income),Regular,False,,,,False,False
135001,Reliance Interval Fund IV- Series 3,Interval Fund Schemes(Income),Regular,False,,,,False,False
134999,Reliance Interval Fund IV- Series 3,Interval Fund Schemes(Income),Regular,False,,,,False,False
135000,Reliance Interval Fund IV- Series 3,Interval Fund Schemes(Income),Regular,False,,,,False,False
135002,Reliance Interval Fund IV- Series 3,Interval Fund Schemes(Income),Regular,False,,,,False,False
142136,ICICI Prudential Long Term Wealth Enhancement Fund,Close Ended Schemes(ELSS),Regular,False,,,,False,False
142134,ICICI Prudential Long Term Wealth Enhancement Fund,Close Ended Schemes(ELSS),Regular,False,,,,False,False
142133,ICICI Prudential Long Term Wealth Enhancement Fund,Close Ended Schemes(ELSS),Regular,False,,,,False,False
142135,ICICI Prudential Long Term Wealth Enhancement Fund,Close Ended Schemes(ELSS),Regular,False,,,,False,False
112101,ICICI Prudential R.I.G.H.T (Rewards of Investing & Generation of Healthy Tax-Savings) Fund,Close Ended Schemes(ELSS),Regular,False,,,,False,False
112100,ICICI Prudential R.I.G.H.T (Rewards of Investing & Generation of Healthy Tax-Savings) Fund,Close Ended Schemes(ELSS),Regular,False,,,,False,False
107900,Reliance Equity Linked Saving Fund - Series I,Close Ended Schemes(ELSS),Regular,False,,,,False,False
107901,Reliance Equity Linked Saving Fund - Series I,Close Ended Schemes(ELSS),Regular,False,,,,False,False
139711,SUNDARAM LONG TERM MICRO CAP TAX ADVANTAGE FUND SERIES III,Close Ended Schemes(ELSS),Regular,False,,,,False,False
139710,SUNDARAM LONG TERM MICRO CAP TAX ADVANTAGE FUND SERIES III,Close Ended Schemes(ELSS),Regular,False,,,,False,False
139709,SUNDARAM LONG TERM MICRO CAP TAX ADVANTAGE FUND SERIES III,Close Ended Schemes(ELSS),Regular,False,,,,False,False
139712,SUNDARAM LONG TERM MICRO CAP TAX ADVANTAGE FUND SERIES III,Close Ended Schemes(ELSS),Regular,False,,,,False,False
139990,SUNDARAM LONG TERM MICRO CAP TAX ADVANTAGE FUND SERIES IV,Close Ended Schemes(ELSS),Regular,False,,,,False,False
139989,SUNDARAM LONG TERM MICRO CAP TAX ADVANTAGE FUND SERIES IV,Close Ended Schemes(ELSS),Regular,False,,,,False,False
139992,SUNDARAM LONG TERM MICRO CAP TAX ADVANTAGE FUND SERIES IV,Close Ended Schemes(ELSS),Regular,False,,,,False,False
139991,SUNDARAM LONG TERM MICRO CAP TAX ADVANTAGE FUND SERIES IV,Close Ended Schemes(ELSS),Regular,False,,,,False,False
141564,SUNDARAM LONG TERM MICRO CAP TAX ADVANTAGE FUND SERIES VI,Close Ended Schemes(ELSS),Regular,False,,,,False,False
141567,SUNDARAM LONG TERM MICRO CAP TAX ADVANTAGE FUND SERIES VI,Close Ended Schemes(ELSS),Regular,False,,,,False,False
141565,SUNDARAM LONG TERM MICRO CAP TAX ADVANTAGE FUND SERIES VI,Close Ended Schemes(ELSS),Regular,False,,,,False,False
141566,SUNDARAM LONG TERM MICRO CAP TAX ADVANTAGE FUND SERIES VI,Close Ended Schemes(ELSS),Regular,False,,,,False,False
141141,SUNDARAM LONG TERM MICRO CAP TAX ADVANTAGE SERIES V,Close Ended Schemes(ELSS),Regular,False,,,,False,False
141142,SUNDARAM LONG TERM MICRO CAP TAX ADVANTAGE SERIES V,Close Ended Schemes(ELSS),Regular,False,,,,False,False
141139,SUNDARAM LONG TERM MICRO CAP TAX ADVANTAGE SERIES V,Close Ended Schemes(ELSS),Regular,False,,,,False,False
141140,SUNDARAM LONG TERM MICRO CAP TAX ADVANTAGE SERIES V,Close Ended Schemes(ELSS),Regular,False,,,,False,False
133324,Sundaram Long Term Tax Advantage Fund Series I (10 years),Close Ended Schemes(ELSS),Regular,False,,,,False,False
133325,Sundaram Long Term Tax Advantage Fund Series I (10 years),Close Ended Schemes(ELSS),Regular,False,,,,False,False
133322,Sundaram Long Term Tax Advantage Fund Series I (10 years),Close Ended Schemes(ELSS),Regular,False,,,,False,False
133323,Sundaram Long Term Tax Advantage Fund Series I (10 years),Close Ended Schemes(ELSS),Regular,False,,,,False,False
142153,Sundaram Long Term Tax Advantage Fund Series III,Close Ended Schemes(ELSS),Regular,False,,,,False,False
142154,Sundaram Long Term Tax Advantage Fund Series III,Close Ended Schemes(ELSS),Regular,False,,,,False,False
142151,Sundaram Long Term Tax Advantage Fund Series III,Close Ended Schemes(ELSS),Regular,False,,,,False,False
142152,Sundaram Long Term Tax Advantage Fund Series III,Close Ended Schemes(ELSS),Regular,False,,,,False,False
143079,Sundaram Long Term Tax Advantage Fund Series IV,Close Ended Schemes(ELSS),Regular,False,,,,False,False
143080,Sundaram Long Term Tax Advantage Fund Series IV,Close Ended Schemes(ELSS),Regular,False,,,,False,False
143077,Sundaram Long Term Tax Advantage Fund Series IV,Close Ended Schemes(ELSS),Regular,False,,,,False,False
143078,Sundaram Long Term Tax Advantage Fund Series IV,Close Ended Schemes(ELSS),Regular,False,,,,False,False
135682,SUNDARAM LONG TERM TAX ADVANTAGE SERIES II,Close Ended Schemes(ELSS),Regular,False,,,,False,False
135681,SUNDARAM LONG TERM TAX ADVANTAGE SERIES II,Close Ended Schemes(ELSS),Regular,False,,,,False,False
135684,SUNDARAM LONG TERM TAX ADVANTAGE SERIES II,Close Ended Schemes(ELSS),Regular,False,,,,False,False
135683,SUNDARAM LONG TERM TAX ADVANTAGE SERIES II,Close Ended Schemes(ELSS),Regular,False,,,,False,False
135962,UTI - Long Term Advantage Fund Series III,Close Ended Schemes(ELSS),Regular,False,,,,False,False
135965,UTI - Long Term Advantage Fund Series III,Close Ended Schemes(ELSS),Regular,False,,,,False,False
135964,UTI - Long Term Advantage Fund Series III,Close Ended Schemes(ELSS),Regular,False,,,,False,False
135963,UTI - Long Term Advantage Fund Series III,Close Ended Schemes(ELSS),Regular,False,,,,False,False
140046,UTI - Long Term Advantage Fund Series IV,Close Ended Schemes(ELSS),Regular,False,,,,False,False
140044,UTI - Long Term Advantage Fund Series IV,Close Ended Schemes(ELSS),Regular,False,,,,False,False
140045,UTI - Long Term Advantage Fund Series IV,Close Ended Schemes(ELSS),Regular,False,,,,False,False
140043,UTI - Long Term Advantage Fund Series IV,Close Ended Schemes(ELSS),Regular,False,,,,False,False
140454,UTI - Long Term Advantage Fund Series V,Close Ended Schemes(ELSS),Regular,False,,,,False,False
140457,UTI - Long Term Advantage Fund Series V,Close Ended Schemes(ELSS),Regular,False,,,,False,False
140455,UTI - Long Term Advantage Fund Series V,Close Ended Schemes(ELSS),Regular,False,,,,False,False
140456,UTI - Long Term Advantage Fund Series V,Close Ended Schemes(ELSS),Regular,False,,,,False,False
141892,UTI - Long Term Advantage Fund Series VI,Close Ended Schemes(ELSS),Regular,False,,,,False,False
141894,UTI - Long Term Advantage Fund Series VI,Close Ended Schemes(ELSS),Regular,False,,,,False,False
141893,UTI - Long Term Advantage Fund Series VI,Close Ended Schemes(ELSS),Regular,False,,,,False,False
141891,UTI - Long Term Advantage Fund Series VI,Close Ended Schemes(ELSS),Regular,False,,,,False,False
141581,HDFC Equity Opp Fund - II - 1100D June 2017 (1),Close Ended Schemes(Growth),Regular,False,,,,False,False
141580,HDFC Equity Opp Fund - II - 1100D June 2017 (1),Close Ended Schemes(Growth),Regular,False,,,,False,False
141579,HDFC Equity Opp Fund - II - 1100D June 2017 (1),Close Ended Schemes(Growth),Regular,False,,,,False,False
141578,HDFC Equity Opp Fund - II - 1100D June 2017 (1),Close Ended Schemes(Growth),Regular,False,,,,False,False
141429,HDFC Equity Opp Fund - II - 1126D May 2017 (1),Close Ended Schemes(Growth),Regular,False,,,,False,False
141430,HDFC Equity Opp Fund - II - 1126D May 2017 (1),Close Ended Schemes(Growth),Regular,False,,,,False,False
141431,HDFC Equity Opp Fund - II - 1126D May 2017 (1),Close Ended Schemes(Growth),Regular,False,,,,False,False
141428,HDFC Equity Opp Fund - II - 1126D May 2017 (1),Close Ended Schemes(Growth),Regular,False,,,,False,False
142952,ICICI Prudential Bharat Consumption Fund - Series 1,Close Ended Schemes(Growth),Regular,False,,,,False,False
142951,ICICI Prudential Bharat Consumption Fund - Series 1,Close Ended Schemes(Growth),Regular,False,,,,False,False
142950,ICICI Prudential Bharat Consumption Fund - Series 1,Close Ended Schemes(Growth),Regular,False,,,,False,False
142949,ICICI Prudential Bharat Consumption Fund - Series 1,Close Ended Schemes(Growth),Regular,False,,,,False,False
143152,ICICI Prudential Bharat Consumption Fund - Series 2,Close Ended Schemes(Growth),Regular,False,,,,False,False
143153,ICICI Prudential Bharat Consumption Fund - Series 2,Close Ended Schemes(Growth),Regular,False,,,,False,False
143154,ICICI Prudential Bharat Consumption Fund - Series 2,Close Ended Schemes(Growth),Regular,False,,,,False,False
143155,ICICI Prudential Bharat Consumption Fund - Series 2,Close Ended Schemes(Growth),Regular,False,,,,False,False
143964,ICICI Prudential Bharat Consumption Fund - Series 3,Close Ended Schemes(Growth),Regular,False,,,,False,False
143961,ICICI Prudential Bharat Consumption Fund - Series 3,Close Ended Schemes(Growth),Regular,False,,,,False,False
143962,ICICI Prudential Bharat Consumption Fund - Series 3,Close Ended Schemes(Growth),Regular,False,,,,False,False
143963,ICICI Prudential Bharat Consumption Fund - Series 3,Close Ended Schemes(Growth),Regular,False,,,,False,False
144445,ICICI Prudential Bharat Consumption Fund - Series 4,Close Ended Schemes(Growth),Regular,False,,,,False,False
144448,ICICI Prudential Bharat Consumption Fund - Series 4,Close Ended Schemes(Growth),Regular,False,,,,False,False
144447,ICICI Prudential Bharat Consumption Fund - Series 4,Close Ended Schemes(Growth),Regular,False,,,,False,False
144446,ICICI Prudential Bharat Consumption Fund - Series 4,Close Ended Schemes(Growth),Regular,False,,,,False,False
145446,ICICI Prudential Bharat Consumption Fund - Series 5,Close Ended Schemes(Growth),Regular,False,,,,False,False
145443,ICICI Prudential Bharat Consumption Fund - Series 5,Close Ended Schemes(Growth),Regular,False,,,,False,False
145444,ICICI Prudential Bharat Consumption Fund - Series 5,Close Ended Schemes(Growth),Regular,False,,,,False,False
145445,ICICI Prudential Bharat Consumption Fund - Series 5,Close Ended Schemes(Growth),Regular,False,,,,False,False
135406,ICICI Prudential Business Cycle Fund - Series 1,Close Ended Schemes(Growth),Regular,False,,,,False,False
135404,ICICI Prudential Business Cycle Fund - Series 1,Close Ended Schemes(Growth),Regular,False,,,,False,False
135405,ICICI Prudential Business Cycle Fund - Series 1,Close Ended Schemes(Growth),Regular,False,,,,False,False
135407,ICICI Prudential Business Cycle Fund - Series 1,Close Ended Schemes(Growth),Regular,False,,,,False,False
135550,ICICI Prudential Business Cycle Fund - Series 2,Close Ended Schemes(Growth),Regular,False,,,,False,False
135549,ICICI Prudential Business Cycle Fund - Series 2,Close Ended Schemes(Growth),Regular,False,,,,False,False
135547,ICICI Prudential Business Cycle Fund - Series 2,Close Ended Schemes(Growth),Regular,False,,,,False,False
135548,ICICI Prudential Business Cycle Fund - Series 2,Close Ended Schemes(Growth),Regular,False,,,,False,False
135996,ICICI Prudential Business Cycle Fund - Series 3,Close Ended Schemes(Growth),Regular,False,,,,False,False
135998,ICICI Prudential Business Cycle Fund - Series 3,Close Ended Schemes(Growth),Regular,False,,,,False,False
135999,ICICI Prudential Business Cycle Fund - Series 3,Close Ended Schemes(Growth),Regular,False,,,,False,False
135997,ICICI Prudential Business Cycle Fund - Series 3,Close Ended Schemes(Growth),Regular,False,,,,False,False
126677,ICICI Prudential Equity Savings Fund â Series 1,Close Ended Schemes(Growth),Regular,False,,,,False,False
126675,ICICI Prudential Equity Savings Fund â Series 1,Close Ended Schemes(Growth),Regular,False,,,,False,False
126676,ICICI Prudential Equity Savings Fund â Series 1,Close Ended Schemes(Growth),Regular,False,,,,False,False
126678,ICICI Prudential Equity Savings Fund â Series 1,Close Ended Schemes(Growth),Regular,False,,,,False,False
130003,ICICI Prudential Growth Fund - Series 1,Close Ended Schemes(Growth),Regular,True,2018-07-03,2020-12-31,614.0,True,False
130004,ICICI Prudential Growth Fund - Series 1,Close Ended Schemes(Growth),Regular,True,2018-07-03,2020-12-31,614.0,True,False
130593,ICICI Prudential Growth Fund - Series 2,Close Ended Schemes(Growth),Regular,True,2018-07-03,2021-02-01,635.0,True,False
130594,ICICI Prudential Growth Fund - Series 2,Close Ended Schemes(Growth),Regular,True,2018-07-03,2021-02-01,635.0,True,False
131317,ICICI Prudential Growth Fund - Series 3,Close Ended Schemes(Growth),Regular,True,2018-07-03,2021-05-03,695.0,True,False
131318,ICICI Prudential Growth Fund - Series 3,Close Ended Schemes(Growth),Regular,True,2018-07-03,2021-05-03,695.0,True,False
131545,ICICI Prudential Growth Fund - Series 4,Close Ended Schemes(Growth),Regular,True,2018-05-02,2018-05-02,1.0,False,False
131546,ICICI Prudential Growth Fund - Series 4,Close Ended Schemes(Growth),Regular,True,2018-05-02,2018-05-02,1.0,False,False
133128,ICICI Prudential Growth Fund - Series 5,Close Ended Schemes(Growth),Regular,True,2018-06-19,2018-06-19,1.0,False,False
133129,ICICI Prudential Growth Fund - Series 5,Close Ended Schemes(Growth),Regular,True,2018-06-19,2018-06-19,1.0,False,False
133274,ICICI Prudential Growth Fund - Series 6,Close Ended Schemes(Growth),Regular,True,2018-07-03,2018-07-09,5.0,False,False
133275,ICICI Prudential Growth Fund - Series 6,Close Ended Schemes(Growth),Regular,True,2018-07-03,2018-07-09,5.0,False,False
133425,ICICI Prudential Growth Fund - Series 7,Close Ended Schemes(Growth),Regular,True,2018-07-03,2018-07-25,17.0,False,False
133426,ICICI Prudential Growth Fund - Series 7,Close Ended Schemes(Growth),Regular,True,2018-07-03,2018-07-25,17.0,False,False
133468,ICICI Prudential Growth Fund - Series 8,Close Ended Schemes(Growth),Regular,True,2018-01-29,2018-01-29,1.0,False,False
133467,ICICI Prudential Growth Fund - Series 8,Close Ended Schemes(Growth),Regular,True,2018-01-29,2018-01-29,1.0,False,False
133965,ICICI Prudential India Recovery Fund - Series 1,Close Ended Schemes(Growth),Regular,False,,,,False,False
133966,ICICI Prudential India Recovery Fund - Series 1,Close Ended Schemes(Growth),Regular,False,,,,False,False
134043,ICICI Prudential India Recovery Fund - Series 2,Close Ended Schemes(Growth),Regular,False,,,,False,False
134042,ICICI Prudential India Recovery Fund - Series 2,Close Ended Schemes(Growth),Regular,False,,,,False,False
135323,ICICI Prudential India Recovery Fund - Series 3,Close Ended Schemes(Growth),Regular,False,,,,False,False
135322,ICICI Prudential India Recovery Fund - Series 3,Close Ended Schemes(Growth),Regular,False,,,,False,False
135216,ICICI Prudential India Recovery Fund - Series 3,Close Ended Schemes(Growth),Regular,False,,,,False,False
135217,ICICI Prudential India Recovery Fund - Series 3,Close Ended Schemes(Growth),Regular,False,,,,False,False
136180,ICICI Prudential India Recovery Fund - Series 4,Close Ended Schemes(Growth),Regular,False,,,,False,False
136181,ICICI Prudential India Recovery Fund - Series 4,Close Ended Schemes(Growth),Regular,False,,,,False,False
136182,ICICI Prudential India Recovery Fund - Series 4,Close Ended Schemes(Growth),Regular,False,,,,False,False
136183,ICICI Prudential India Recovery Fund - Series 4,Close Ended Schemes(Growth),Regular,False,,,,False,False
139263,ICICI Prudential India Recovery Fund - Series 5,Close Ended Schemes(Growth),Regular,False,,,,False,False
139264,ICICI Prudential India Recovery Fund - Series 5,Close Ended Schemes(Growth),Regular,False,,,,False,False
139261,ICICI Prudential India Recovery Fund - Series 5,Close Ended Schemes(Growth),Regular,False,,,,False,False
139262,ICICI Prudential India Recovery Fund - Series 5,Close Ended Schemes(Growth),Regular,False,,,,False,False
139408,ICICI Prudential India Recovery Fund - Series 7,Close Ended Schemes(Growth),Regular,False,,,,False,False
139409,ICICI Prudential India Recovery Fund - Series 7,Close Ended Schemes(Growth),Regular,False,,,,False,False
124842,ICICI Prudential Value Fund - Series 1,Close Ended Schemes(Growth),Regular,False,,,,False,False
124843,ICICI Prudential Value Fund - Series 1,Close Ended Schemes(Growth),Regular,False,,,,False,False
140435,ICICI Prudential Value Fund - Series 10,Close Ended Schemes(Growth),Regular,False,,,,False,False
140433,ICICI Prudential Value Fund - Series 10,Close Ended Schemes(Growth),Regular,False,,,,False,False
140436,ICICI Prudential Value Fund - Series 10,Close Ended Schemes(Growth),Regular,False,,,,False,False
140434,ICICI Prudential Value Fund - Series 10,Close Ended Schemes(Growth),Regular,False,,,,False,False
140500,ICICI Prudential Value Fund - Series 11,Close Ended Schemes(Growth),Regular,False,,,,False,False
140502,ICICI Prudential Value Fund - Series 11,Close Ended Schemes(Growth),Regular,False,,,,False,False
140503,ICICI Prudential Value Fund - Series 11,Close Ended Schemes(Growth),Regular,False,,,,False,False
140501,ICICI Prudential Value Fund - Series 11,Close Ended Schemes(Growth),Regular,False,,,,False,False
141108,ICICI Prudential Value Fund - Series 12,Close Ended Schemes(Growth),Regular,False,,,,False,False
141110,ICICI Prudential Value Fund - Series 12,Close Ended Schemes(Growth),Regular,False,,,,False,False
141286,ICICI Prudential Value Fund - Series 13,Close Ended Schemes(Growth),Regular,False,,,,False,False
141285,ICICI Prudential Value Fund - Series 13,Close Ended Schemes(Growth),Regular,False,,,,False,False
141558,ICICI Prudential Value Fund - Series 14,Close Ended Schemes(Growth),Regular,False,,,,False,False
141559,ICICI Prudential Value Fund - Series 14,Close Ended Schemes(Growth),Regular,False,,,,False,False
141427,ICICI Prudential Value Fund - Series 14,Close Ended Schemes(Growth),Regular,False,,,,False,False
141426,ICICI Prudential Value Fund - Series 14,Close Ended Schemes(Growth),Regular,False,,,,False,False
141601,ICICI Prudential Value Fund - Series 15,Close Ended Schemes(Growth),Regular,False,,,,False,False
141604,ICICI Prudential Value Fund - Series 15,Close Ended Schemes(Growth),Regular,False,,,,False,False
141602,ICICI Prudential Value Fund - Series 15,Close Ended Schemes(Growth),Regular,False,,,,False,False
141603,ICICI Prudential Value Fund - Series 15,Close Ended Schemes(Growth),Regular,False,,,,False,False
141677,ICICI Prudential Value Fund - Series 16,Close Ended Schemes(Growth),Regular,False,,,,False,False
141678,ICICI Prudential Value Fund - Series 16,Close Ended Schemes(Growth),Regular,False,,,,False,False
141679,ICICI Prudential Value Fund - Series 16,Close Ended Schemes(Growth),Regular,False,,,,False,False
141676,ICICI Prudential Value Fund - Series 16,Close Ended Schemes(Growth),Regular,False,,,,False,False
141790,ICICI Prudential Value Fund - Series 17,Close Ended Schemes(Growth),Regular,False,,,,False,False
141788,ICICI Prudential Value Fund - Series 17,Close Ended Schemes(Growth),Regular,False,,,,False,False
141787,ICICI Prudential Value Fund - Series 17,Close Ended Schemes(Growth),Regular,False,,,,False,False
141789,ICICI Prudential Value Fund - Series 17,Close Ended Schemes(Growth),Regular,False,,,,False,False
141879,ICICI Prudential Value Fund - Series 18,Close Ended Schemes(Growth),Regular,False,,,,False,False
141882,ICICI Prudential Value Fund - Series 18,Close Ended Schemes(Growth),Regular,False,,,,False,False
141880,ICICI Prudential Value Fund - Series 18,Close Ended Schemes(Growth),Regular,False,,,,False,False
141881,ICICI Prudential Value Fund - Series 18,Close Ended Schemes(Growth),Regular,False,,,,False,False
142071,ICICI Prudential Value Fund - Series 19,Close Ended Schemes(Growth),Regular,False,,,,False,False
142072,ICICI Prudential Value Fund - Series 19,Close Ended Schemes(Growth),Regular,False,,,,False,False
142073,ICICI Prudential Value Fund - Series 19,Close Ended Schemes(Growth),Regular,False,,,,False,False
142074,ICICI Prudential Value Fund - Series 19,Close Ended Schemes(Growth),Regular,False,,,,False,False
125410,ICICI Prudential Value Fund - Series 2,Close Ended Schemes(Growth),Regular,False,,,,False,False
125411,ICICI Prudential Value Fund - Series 2,Close Ended Schemes(Growth),Regular,False,,,,False,False
142288,ICICI Prudential Value Fund - Series 20,Close Ended Schemes(Growth),Regular,False,,,,False,False
142289,ICICI Prudential Value Fund - Series 20,Close Ended Schemes(Growth),Regular,False,,,,False,False
142291,ICICI Prudential Value Fund - Series 20,Close Ended Schemes(Growth),Regular,False,,,,False,False
142290,ICICI Prudential Value Fund - Series 20,Close Ended Schemes(Growth),Regular,False,,,,False,False
127628,ICICI Prudential Value Fund - Series 3,Close Ended Schemes(Growth),Regular,False,,,,False,False
127629,ICICI Prudential Value Fund - Series 3,Close Ended Schemes(Growth),Regular,False,,,,False,False
129229,ICICI Prudential Value Fund - Series 4,Close Ended Schemes(Growth),Regular,False,,,,False,False
129235,ICICI Prudential Value Fund - Series 4,Close Ended Schemes(Growth),Regular,False,,,,False,False
129234,ICICI Prudential Value Fund - Series 4,Close Ended Schemes(Growth),Regular,False,,,,False,False
129228,ICICI Prudential Value Fund - Series 4,Close Ended Schemes(Growth),Regular,False,,,,False,False
130987,ICICI Prudential Value Fund - Series 5,Close Ended Schemes(Growth),Regular,False,,,,False,False
130988,ICICI Prudential Value Fund - Series 5,Close Ended Schemes(Growth),Regular,False,,,,False,False
130986,ICICI Prudential Value Fund - Series 5,Close Ended Schemes(Growth),Regular,False,,,,False,False
130985,ICICI Prudential Value Fund - Series 5,Close Ended Schemes(Growth),Regular,False,,,,False,False
134192,ICICI Prudential Value Fund - Series 6,Close Ended Schemes(Growth),Regular,False,,,,False,False
134191,ICICI Prudential Value Fund - Series 6,Close Ended Schemes(Growth),Regular,False,,,,False,False
134189,ICICI Prudential Value Fund - Series 6,Close Ended Schemes(Growth),Regular,False,,,,False,False
134190,ICICI Prudential Value Fund - Series 6,Close Ended Schemes(Growth),Regular,False,,,,False,False
134657,ICICI Prudential Value Fund - Series 7,Close Ended Schemes(Growth),Regular,False,,,,False,False
134656,ICICI Prudential Value Fund - Series 7,Close Ended Schemes(Growth),Regular,False,,,,False,False
135035,ICICI Prudential Value Fund - Series 8,Close Ended Schemes(Growth),Regular,False,,,,False,False
135036,ICICI Prudential Value Fund - Series 8,Close Ended Schemes(Growth),Regular,False,,,,False,False
140029,ICICI Prudential Value Fund - Series 9,Close Ended Schemes(Growth),Regular,False,,,,False,False
140031,ICICI Prudential Value Fund - Series 9,Close Ended Schemes(Growth),Regular,False,,,,False,False
140032,ICICI Prudential Value Fund - Series 9,Close Ended Schemes(Growth),Regular,False,,,,False,False
140030,ICICI Prudential Value Fund - Series 9,Close Ended Schemes(Growth),Regular,False,,,,False,False
134568,Kotak India Growth Fund - Series I,Close Ended Schemes(Growth),Regular,True,2015-05-11,2018-05-07,739.0,True,False
134567,Kotak India Growth Fund - Series I,Close Ended Schemes(Growth),Regular,True,2015-05-11,2018-05-07,739.0,True,False
134566,Kotak India Growth Fund - Series I,Close Ended Schemes(Growth),Regular,True,2015-05-11,2018-05-07,739.0,True,False
134565,Kotak India Growth Fund - Series I,Close Ended Schemes(Growth),Regular,True,2015-05-11,2018-05-07,739.0,True,False
142417,Kotak India Growth Fund Series 4,Close Ended Schemes(Growth),Regular,True,2018-02-26,2024-02-22,1475.0,True,False
142418,Kotak India Growth Fund Series 4,Close Ended Schemes(Growth),Regular,True,2018-02-26,2024-02-22,1475.0,True,False
142415,Kotak India Growth Fund Series 4,Close Ended Schemes(Growth),Regular,True,2018-02-26,2024-02-22,1475.0,True,False
142416,Kotak India Growth Fund Series 4,Close Ended Schemes(Growth),Regular,True,2018-02-26,2024-02-22,1475.0,True,False
143245,Kotak India Growth Fund Series 5,Close Ended Schemes(Growth),Regular,True,2018-05-22,2021-05-18,735.0,True,False
143244,Kotak India Growth Fund Series 5,Close Ended Schemes(Growth),Regular,True,2018-05-22,2021-05-18,735.0,True,False
143246,Kotak India Growth Fund Series 5,Close Ended Schemes(Growth),Regular,True,2018-05-22,2021-05-18,735.0,True,False
143243,Kotak India Growth Fund Series 5,Close Ended Schemes(Growth),Regular,True,2018-05-22,2021-05-18,735.0,True,False
144673,Kotak India Growth Fund Series 7,Close Ended Schemes(Growth),Regular,True,2018-09-07,2021-08-31,731.0,True,False
144674,Kotak India Growth Fund Series 7,Close Ended Schemes(Growth),Regular,True,2018-09-07,2021-08-31,731.0,True,False
144676,Kotak India Growth Fund Series 7,Close Ended Schemes(Growth),Regular,True,2018-09-07,2021-08-31,731.0,True,False
144675,Kotak India Growth Fund Series 7,Close Ended Schemes(Growth),Regular,True,2018-09-07,2021-08-31,731.0,True,False
141869,Nippon India Capital Builder Fund IV- Series A,Close Ended Schemes(Growth),Regular,False,,,,False,False
141868,Nippon India Capital Builder Fund IV- Series A,Close Ended Schemes(Growth),Regular,False,,,,False,False
141870,Nippon India Capital Builder Fund IV- Series A,Close Ended Schemes(Growth),Regular,False,,,,False,False
141867,Nippon India Capital Builder Fund IV- Series A,Close Ended Schemes(Growth),Regular,False,,,,False,False
142006,Nippon India Capital Builder Fund IV- Series C,Close Ended Schemes(Growth),Regular,False,,,,False,False
142005,Nippon India Capital Builder Fund IV- Series C,Close Ended Schemes(Growth),Regular,False,,,,False,False
142008,Nippon India Capital Builder Fund IV- Series C,Close Ended Schemes(Growth),Regular,False,,,,False,False
142007,Nippon India Capital Builder Fund IV- Series C,Close Ended Schemes(Growth),Regular,False,,,,False,False
142149,Nippon India Capital Builder Fund IV- Series D,Close Ended Schemes(Growth),Regular,False,,,,False,False
142150,Nippon India Capital Builder Fund IV- Series D,Close Ended Schemes(Growth),Regular,False,,,,False,False
142148,Nippon India Capital Builder Fund IV- Series D,Close Ended Schemes(Growth),Regular,False,,,,False,False
142147,Nippon India Capital Builder Fund IV- Series D,Close Ended Schemes(Growth),Regular,False,,,,False,False
142452,Nippon India Fixed Horizon Fund XXXVI- Series 1,Close Ended Schemes(Growth),Regular,False,,,,False,False
142453,Nippon India Fixed Horizon Fund XXXVI- Series 1,Close Ended Schemes(Growth),Regular,False,,,,False,False
142451,Nippon India Fixed Horizon Fund XXXVI- Series 1,Close Ended Schemes(Growth),Regular,False,,,,False,False
142454,Nippon India Fixed Horizon Fund XXXVI- Series 1,Close Ended Schemes(Growth),Regular,False,,,,False,False
144891,Nippon India India Opportunities Fund - Series A,Close Ended Schemes(Growth),Regular,False,,,,False,False
144890,Nippon India India Opportunities Fund - Series A,Close Ended Schemes(Growth),Regular,False,,,,False,False
144889,Nippon India India Opportunities Fund - Series A,Close Ended Schemes(Growth),Regular,False,,,,False,False
144888,Nippon India India Opportunities Fund - Series A,Close Ended Schemes(Growth),Regular,False,,,,False,False
133311,Reliance Capital Builder Fund II - Series B,Close Ended Schemes(Growth),Regular,False,,,,False,False
133310,Reliance Capital Builder Fund II - Series B,Close Ended Schemes(Growth),Regular,False,,,,False,False
133309,Reliance Capital Builder Fund II - Series B,Close Ended Schemes(Growth),Regular,False,,,,False,False
133308,Reliance Capital Builder Fund II - Series B,Close Ended Schemes(Growth),Regular,False,,,,False,False
133883,Reliance Capital Builder Fund II - Series C,Close Ended Schemes(Growth),Regular,False,,,,False,False
133882,Reliance Capital Builder Fund II - Series C,Close Ended Schemes(Growth),Regular,False,,,,False,False
133885,Reliance Capital Builder Fund II - Series C,Close Ended Schemes(Growth),Regular,False,,,,False,False
133884,Reliance Capital Builder Fund II - Series C,Close Ended Schemes(Growth),Regular,False,,,,False,False
133131,Reliance Capital Builder Fund II- Series A,Close Ended Schemes(Growth),Regular,False,,,,False,False
133132,Reliance Capital Builder Fund II- Series A,Close Ended Schemes(Growth),Regular,False,,,,False,False
133133,Reliance Capital Builder Fund II- Series A,Close Ended Schemes(Growth),Regular,False,,,,False,False
133134,Reliance Capital Builder Fund II- Series A,Close Ended Schemes(Growth),Regular,False,,,,False,False
134772,Reliance Capital Builder Fund III - Series A (3 years),Close Ended Schemes(Growth),Regular,False,,,,False,False
134773,Reliance Capital Builder Fund III - Series A (3 years),Close Ended Schemes(Growth),Regular,False,,,,False,False
134775,Reliance Capital Builder Fund III - Series A (3 years),Close Ended Schemes(Growth),Regular,False,,,,False,False
134774,Reliance Capital Builder Fund III - Series A (3 years),Close Ended Schemes(Growth),Regular,False,,,,False,False
130652,Reliance Capital Builder Fund- Series A,Close Ended Schemes(Growth),Regular,False,,,,False,False
130651,Reliance Capital Builder Fund- Series A,Close Ended Schemes(Growth),Regular,False,,,,False,False
130650,Reliance Capital Builder Fund- Series A,Close Ended Schemes(Growth),Regular,False,,,,False,False
130653,Reliance Capital Builder Fund- Series A,Close Ended Schemes(Growth),Regular,False,,,,False,False
130880,Reliance Capital Builder Fund- Series B,Close Ended Schemes(Growth),Regular,False,,,,False,False
130879,Reliance Capital Builder Fund- Series B,Close Ended Schemes(Growth),Regular,False,,,,False,False
130881,Reliance Capital Builder Fund- Series B,Close Ended Schemes(Growth),Regular,False,,,,False,False
130878,Reliance Capital Builder Fund- Series B,Close Ended Schemes(Growth),Regular,False,,,,False,False
131272,Reliance Capital Builder Fund- Series C,Close Ended Schemes(Growth),Regular,False,,,,False,False
131271,Reliance Capital Builder Fund- Series C,Close Ended Schemes(Growth),Regular,False,,,,False,False
131269,Reliance Capital Builder Fund- Series C,Close Ended Schemes(Growth),Regular,False,,,,False,False
131270,Reliance Capital Builder Fund- Series C,Close Ended Schemes(Growth),Regular,False,,,,False,False
125273,Reliance Close Ended Equity Fund - Series A,Close Ended Schemes(Growth),Regular,False,,,,False,False
125271,Reliance Close Ended Equity Fund - Series A,Close Ended Schemes(Growth),Regular,False,,,,False,False
125272,Reliance Close Ended Equity Fund - Series A,Close Ended Schemes(Growth),Regular,False,,,,False,False
125270,Reliance Close Ended Equity Fund - Series A,Close Ended Schemes(Growth),Regular,False,,,,False,False
125889,Reliance Close Ended Equity Fund - Series B,Close Ended Schemes(Growth),Regular,False,,,,False,False
125888,Reliance Close Ended Equity Fund - Series B,Close Ended Schemes(Growth),Regular,False,,,,False,False
125890,Reliance Close Ended Equity Fund - Series B,Close Ended Schemes(Growth),Regular,False,,,,False,False
125887,Reliance Close Ended Equity Fund - Series B,Close Ended Schemes(Growth),Regular,False,,,,False,False
129572,Reliance Close Ended Equity Fund II- Series A,Close Ended Schemes(Growth),Regular,False,,,,False,False
129571,Reliance Close Ended Equity Fund II- Series A,Close Ended Schemes(Growth),Regular,False,,,,False,False
129573,Reliance Close Ended Equity Fund II- Series A,Close Ended Schemes(Growth),Regular,False,,,,False,False
129574,Reliance Close Ended Equity Fund II- Series A,Close Ended Schemes(Growth),Regular,False,,,,False,False
131021,UTI - Focussed Equity Fund - Series I ( 2195 Days),Close Ended Schemes(Growth),Regular,False,,,,False,False
131019,UTI - Focussed Equity Fund - Series I ( 2195 Days),Close Ended Schemes(Growth),Regular,False,,,,False,False
131020,UTI - Focussed Equity Fund - Series I ( 2195 Days),Close Ended Schemes(Growth),Regular,False,,,,False,False
131018,UTI - Focussed Equity Fund - Series I ( 2195 Days),Close Ended Schemes(Growth),Regular,False,,,,False,False
141826,UTI - Focussed Equity Fund - Series IV (1104 Days),Close Ended Schemes(Growth),Regular,False,,,,False,False
141827,UTI - Focussed Equity Fund - Series IV (1104 Days),Close Ended Schemes(Growth),Regular,False,,,,False,False
141828,UTI - Focussed Equity Fund - Series IV (1104 Days),Close Ended Schemes(Growth),Regular,False,,,,False,False
141825,UTI - Focussed Equity Fund - Series IV (1104 Days),Close Ended Schemes(Growth),Regular,False,,,,False,False
141988,UTI - Focussed Equity Fund - Series V (1102 Days),Close Ended Schemes(Growth),Regular,False,,,,False,False
141987,UTI - Focussed Equity Fund - Series V (1102 Days),Close Ended Schemes(Growth),Regular,False,,,,False,False
141989,UTI - Focussed Equity Fund - Series V (1102 Days),Close Ended Schemes(Growth),Regular,False,,,,False,False
141990,UTI - Focussed Equity Fund - Series V (1102 Days),Close Ended Schemes(Growth),Regular,False,,,,False,False
142284,UTI - Focussed Equity Fund - Series VI (1150 Days),Close Ended Schemes(Growth),Regular,False,,,,False,False
142287,UTI - Focussed Equity Fund - Series VI (1150 Days),Close Ended Schemes(Growth),Regular,False,,,,False,False
142285,UTI - Focussed Equity Fund - Series VI (1150 Days),Close Ended Schemes(Growth),Regular,False,,,,False,False
142286,UTI - Focussed Equity Fund - Series VI (1150 Days),Close Ended Schemes(Growth),Regular,False,,,,False,False
142172,UTI - Long Term Advantage Fund Series VII,Close Ended Schemes(Growth),Regular,False,,,,False,False
142170,UTI - Long Term Advantage Fund Series VII,Close Ended Schemes(Growth),Regular,False,,,,False,False
142169,UTI - Long Term Advantage Fund Series VII,Close Ended Schemes(Growth),Regular,False,,,,False,False
142171,UTI - Long Term Advantage Fund Series VII,Close Ended Schemes(Growth),Regular,False,,,,False,False
152250,Aditya Birla Sun Life Fixed Maturity Plan - Series UQ (92 days),Close Ended Schemes(Income),Regular,False,,,,False,False
152251,Aditya Birla Sun Life Fixed Maturity Plan - Series UQ (92 days),Close Ended Schemes(Income),Regular,False,,,,False,False
152253,Aditya Birla Sun Life Fixed Maturity Plan - Series UQ (92 days),Close Ended Schemes(Income),Regular,False,,,,False,False
152252,Aditya Birla Sun Life Fixed Maturity Plan - Series UQ (92 days),Close Ended Schemes(Income),Regular,False,,,,False,False
152259,Aditya Birla Sun Life Fixed Maturity Plan - Series UR (85 days),Close Ended Schemes(Income),Regular,False,,,,False,False
152262,Aditya Birla Sun Life Fixed Maturity Plan - Series UR (85 days),Close Ended Schemes(Income),Regular,False,,,,False,False
152260,Aditya Birla Sun Life Fixed Maturity Plan - Series UR (85 days),Close Ended Schemes(Income),Regular,False,,,,False,False
152261,Aditya Birla Sun Life Fixed Maturity Plan - Series UR (85 days),Close Ended Schemes(Income),Regular,False,,,,False,False
152332,Aditya Birla Sun Life Fixed Maturity Plan - Series US (100 days),Close Ended Schemes(Income),Regular,False,,,,False,False
152333,Aditya Birla Sun Life Fixed Maturity Plan - Series US (100 days),Close Ended Schemes(Income),Regular,False,,,,False,False
152334,Aditya Birla Sun Life Fixed Maturity Plan - Series US (100 days),Close Ended Schemes(Income),Regular,False,,,,False,False
152335,Aditya Birla Sun Life Fixed Maturity Plan - Series US (100 days),Close Ended Schemes(Income),Regular,False,,,,False,False
149017,Aditya Birla Sun Life Fixed Term Plan - Series TI (1837 days),Close Ended Schemes(Income),Regular,False,,,,False,False
149018,Aditya Birla Sun Life Fixed Term Plan - Series TI (1837 days),Close Ended Schemes(Income),Regular,False,,,,False,False
149015,Aditya Birla Sun Life Fixed Term Plan - Series TI (1837 days),Close Ended Schemes(Income),Regular,False,,,,False,False
149016,Aditya Birla Sun Life Fixed Term Plan - Series TI (1837 days),Close Ended Schemes(Income),Regular,False,,,,False,False
149062,Aditya Birla Sun Life Fixed Term Plan - Series TJ (1838 days),Close Ended Schemes(Income),Regular,False,,,,False,False
149063,Aditya Birla Sun Life Fixed Term Plan - Series TJ (1838 days),Close Ended Schemes(Income),Regular,False,,,,False,False
149064,Aditya Birla Sun Life Fixed Term Plan - Series TJ (1838 days),Close Ended Schemes(Income),Regular,False,,,,False,False
149065,Aditya Birla Sun Life Fixed Term Plan - Series TJ (1838 days),Close Ended Schemes(Income),Regular,False,,,,False,False
150316,Aditya Birla Sun Life Fixed Term Plan - Series TQ (1879 days),Close Ended Schemes(Income),Regular,False,,,,False,False
150314,Aditya Birla Sun Life Fixed Term Plan - Series TQ (1879 days),Close Ended Schemes(Income),Regular,False,,,,False,False
150315,Aditya Birla Sun Life Fixed Term Plan - Series TQ (1879 days),Close Ended Schemes(Income),Regular,False,,,,False,False
151186,Aditya Birla Sun Life Fixed Term Plan - Series UB (1224 days),Close Ended Schemes(Income),Regular,False,,,,False,False
151189,Aditya Birla Sun Life Fixed Term Plan - Series UB (1224 days),Close Ended Schemes(Income),Regular,False,,,,False,False
151188,Aditya Birla Sun Life Fixed Term Plan - Series UB (1224 days),Close Ended Schemes(Income),Regular,False,,,,False,False
151519,Aditya Birla Sun Life Fixed Term Plan - Series UF (180 days),Close Ended Schemes(Income),Regular,False,,,,False,False
151522,Aditya Birla Sun Life Fixed Term Plan - Series UF (180 days),Close Ended Schemes(Income),Regular,False,,,,False,False
151521,Aditya Birla Sun Life Fixed Term Plan - Series UF (180 days),Close Ended Schemes(Income),Regular,False,,,,False,False
151520,Aditya Birla Sun Life Fixed Term Plan - Series UF (180 days),Close Ended Schemes(Income),Regular,False,,,,False,False
151700,Aditya Birla Sun Life Fixed Term Plan - Series UJ (1110 days),Close Ended Schemes(Income),Regular,False,,,,False,False
151702,Aditya Birla Sun Life Fixed Term Plan - Series UJ (1110 days),Close Ended Schemes(Income),Regular,False,,,,False,False
151703,Aditya Birla Sun Life Fixed Term Plan - Series UJ (1110 days),Close Ended Schemes(Income),Regular,False,,,,False,False
151701,Aditya Birla Sun Life Fixed Term Plan - Series UJ (1110 days),Close Ended Schemes(Income),Regular,False,,,,False,False
153316,Bandhan Fixed Maturity Plan (FMP) - Series 209 (93 Days),Close Ended Schemes(Income),Regular,False,,,,False,False
153319,Bandhan Fixed Maturity Plan (FMP) - Series 209 (93 Days),Close Ended Schemes(Income),Regular,False,,,,False,False
153317,Bandhan Fixed Maturity Plan (FMP) - Series 209 (93 Days),Close Ended Schemes(Income),Regular,False,,,,False,False
153318,Bandhan Fixed Maturity Plan (FMP) - Series 209 (93 Days),Close Ended Schemes(Income),Regular,False,,,,False,False
146082,IDFC FIXED TERM PLAN SERIES - 167 (1202 DAYS),Close Ended Schemes(Income),Regular,False,,,,False,False
146081,IDFC FIXED TERM PLAN SERIES - 167 (1202 DAYS),Close Ended Schemes(Income),Regular,False,,,,False,False
146087,IDFC FIXED TERM PLAN SERIES - 167 (1202 DAYS),Close Ended Schemes(Income),Regular,False,,,,False,False
149190,DSP FMP Series - 264 - 60M - 17D,Close Ended Schemes(Income),Regular,False,,,,False,False
149191,DSP FMP Series - 264 - 60M - 17D,Close Ended Schemes(Income),Regular,False,,,,False,False
149189,DSP FMP Series - 264 - 60M - 17D,Close Ended Schemes(Income),Regular,False,,,,False,False
149188,DSP FMP Series - 264 - 60M - 17D,Close Ended Schemes(Income),Regular,False,,,,False,False
150842,DSP FMP Series - 267 - 1172 Days,Close Ended Schemes(Income),Regular,False,,,,False,False
150840,DSP FMP Series - 267 - 1172 Days,Close Ended Schemes(Income),Regular,False,,,,False,False
150843,DSP FMP Series - 267 - 1172 Days,Close Ended Schemes(Income),Regular,False,,,,False,False
150841,DSP FMP Series - 267 - 1172 Days,Close Ended Schemes(Income),Regular,False,,,,False,False
150885,DSP FMP Series - 268 - 1281 Days,Close Ended Schemes(Income),Regular,False,,,,False,False
150886,DSP FMP Series - 268 - 1281 Days,Close Ended Schemes(Income),Regular,False,,,,False,False
150884,DSP FMP Series - 268 - 1281 Days,Close Ended Schemes(Income),Regular,False,,,,False,False
150887,DSP FMP Series - 268 - 1281 Days,Close Ended Schemes(Income),Regular,False,,,,False,False
151449,DSP FMP Series - 270 - 1172 Days,Close Ended Schemes(Income),Regular,False,,,,False,False
151450,DSP FMP Series - 270 - 1172 Days,Close Ended Schemes(Income),Regular,False,,,,False,False
151447,DSP FMP Series - 270 - 1172 Days,Close Ended Schemes(Income),Regular,False,,,,False,False
151448,DSP FMP Series - 270 - 1172 Days,Close Ended Schemes(Income),Regular,False,,,,False,False
147236,HDFC FMP 1100D April 2019 (1),Close Ended Schemes(Income),Regular,False,,,,False,False
147237,HDFC FMP 1100D April 2019 (1),Close Ended Schemes(Income),Regular,False,,,,False,False
147235,HDFC FMP 1100D April 2019 (1),Close Ended Schemes(Income),Regular,False,,,,False,False
147233,HDFC FMP 1100D April 2019 (1),Close Ended Schemes(Income),Regular,False,,,,False,False
147234,HDFC FMP 1100D April 2019 (1),Close Ended Schemes(Income),Regular,False,,,,False,False
147238,HDFC FMP 1100D April 2019 (1),Close Ended Schemes(Income),Regular,False,,,,False,False
146896,HDFC FMP 1118D March 2019 (1),Close Ended Schemes(Income),Regular,False,,,,False,False
146898,HDFC FMP 1118D March 2019 (1),Close Ended Schemes(Income),Regular,False,,,,False,False
146900,HDFC FMP 1118D March 2019 (1),Close Ended Schemes(Income),Regular,False,,,,False,False
146895,HDFC FMP 1118D March 2019 (1),Close Ended Schemes(Income),Regular,False,,,,False,False
146897,HDFC FMP 1118D March 2019 (1),Close Ended Schemes(Income),Regular,False,,,,False,False
146892,HDFC FMP 1120D March 2019 (1),Close Ended Schemes(Income),Regular,False,,,,False,False
146893,HDFC FMP 1120D March 2019 (1),Close Ended Schemes(Income),Regular,False,,,,False,False
146891,HDFC FMP 1120D March 2019 (1),Close Ended Schemes(Income),Regular,False,,,,False,False
146889,HDFC FMP 1120D March 2019 (1),Close Ended Schemes(Income),Regular,False,,,,False,False
146894,HDFC FMP 1120D March 2019 (1),Close Ended Schemes(Income),Regular,False,,,,False,False
146890,HDFC FMP 1120D March 2019 (1),Close Ended Schemes(Income),Regular,False,,,,False,False
146649,HDFC FMP 1126D March 2019 (1),Close Ended Schemes(Income),Regular,False,,,,False,False
146650,HDFC FMP 1126D March 2019 (1),Close Ended Schemes(Income),Regular,False,,,,False,False
146647,HDFC FMP 1126D March 2019 (1),Close Ended Schemes(Income),Regular,False,,,,False,False
146645,HDFC FMP 1126D March 2019 (1),Close Ended Schemes(Income),Regular,False,,,,False,False
146648,HDFC FMP 1126D March 2019 (1),Close Ended Schemes(Income),Regular,False,,,,False,False
146646,HDFC FMP 1126D March 2019 (1),Close Ended Schemes(Income),Regular,False,,,,False,False
146778,HDFC FMP 1127D March 2019 (1),Close Ended Schemes(Income),Regular,False,,,,False,False
146777,HDFC FMP 1127D March 2019 (1),Close Ended Schemes(Income),Regular,False,,,,False,False
146775,HDFC FMP 1127D March 2019 (1),Close Ended Schemes(Income),Regular,False,,,,False,False
146773,HDFC FMP 1127D March 2019 (1),Close Ended Schemes(Income),Regular,False,,,,False,False
146776,HDFC FMP 1127D March 2019 (1),Close Ended Schemes(Income),Regular,False,,,,False,False
146774,HDFC FMP 1127D March 2019 (1),Close Ended Schemes(Income),Regular,False,,,,False,False
146634,HDFC FMP 1133D February 2019 (1),Close Ended Schemes(Income),Regular,False,,,,False,False
146631,HDFC FMP 1133D February 2019 (1),Close Ended Schemes(Income),Regular,False,,,,False,False
146633,HDFC FMP 1133D February 2019 (1),Close Ended Schemes(Income),Regular,False,,,,False,False
146636,HDFC FMP 1133D February 2019 (1),Close Ended Schemes(Income),Regular,False,,,,False,False
146635,HDFC FMP 1133D February 2019 (1),Close Ended Schemes(Income),Regular,False,,,,False,False
146632,HDFC FMP 1133D February 2019 (1),Close Ended Schemes(Income),Regular,False,,,,False,False
146502,HDFC FMP 1146D February 2019 (1),Close Ended Schemes(Income),Regular,False,,,,False,False
146498,HDFC FMP 1146D February 2019 (1),Close Ended Schemes(Income),Regular,False,,,,False,False
146501,HDFC FMP 1146D February 2019 (1),Close Ended Schemes(Income),Regular,False,,,,False,False
146497,HDFC FMP 1146D February 2019 (1),Close Ended Schemes(Income),Regular,False,,,,False,False
146500,HDFC FMP 1146D February 2019 (1),Close Ended Schemes(Income),Regular,False,,,,False,False
146499,HDFC FMP 1146D February 2019 (1),Close Ended Schemes(Income),Regular,False,,,,False,False
146469,HDFC FMP 1154D February 2019 (1),Close Ended Schemes(Income),Regular,False,,,,False,False
146468,HDFC FMP 1154D February 2019 (1),Close Ended Schemes(Income),Regular,False,,,,False,False
146467,HDFC FMP 1154D February 2019 (1),Close Ended Schemes(Income),Regular,False,,,,False,False
146465,HDFC FMP 1154D February 2019 (1),Close Ended Schemes(Income),Regular,False,,,,False,False
146466,HDFC FMP 1154D February 2019 (1),Close Ended Schemes(Income),Regular,False,,,,False,False
146470,HDFC FMP 1154D February 2019 (1),Close Ended Schemes(Income),Regular,False,,,,False,False
150396,HDFC FMP 1158D July 2022,Close Ended Schemes(Income),Regular,False,,,,False,False
150395,HDFC FMP 1158D July 2022,Close Ended Schemes(Income),Regular,False,,,,False,False
150398,HDFC FMP 1158D July 2022,Close Ended Schemes(Income),Regular,False,,,,False,False
150400,HDFC FMP 1158D July 2022,Close Ended Schemes(Income),Regular,False,,,,False,False
150399,HDFC FMP 1158D July 2022,Close Ended Schemes(Income),Regular,False,,,,False,False
150397,HDFC FMP 1158D July 2022,Close Ended Schemes(Income),Regular,False,,,,False,False
149929,HDFC FMP 1162D March 2022,Close Ended Schemes(Income),Regular,False,,,,False,False
149934,HDFC FMP 1162D March 2022,Close Ended Schemes(Income),Regular,False,,,,False,False
149930,HDFC FMP 1162D March 2022,Close Ended Schemes(Income),Regular,False,,,,False,False
149931,HDFC FMP 1162D March 2022,Close Ended Schemes(Income),Regular,False,,,,False,False
149932,HDFC FMP 1162D March 2022,Close Ended Schemes(Income),Regular,False,,,,False,False
149933,HDFC FMP 1162D March 2022,Close Ended Schemes(Income),Regular,False,,,,False,False
146280,HDFC FMP 1168D January 2019 (1),Close Ended Schemes(Income),Regular,False,,,,False,False
146277,HDFC FMP 1168D January 2019 (1),Close Ended Schemes(Income),Regular,False,,,,False,False
146279,HDFC FMP 1168D January 2019 (1),Close Ended Schemes(Income),Regular,False,,,,False,False
146276,HDFC FMP 1168D January 2019 (1),Close Ended Schemes(Income),Regular,False,,,,False,False
146281,HDFC FMP 1168D January 2019 (1),Close Ended Schemes(Income),Regular,False,,,,False,False
146278,HDFC FMP 1168D January 2019 (1),Close Ended Schemes(Income),Regular,False,,,,False,False
140693,HDFC FMP 1170D February 2017 (1),Close Ended Schemes(Income),Regular,False,,,,False,False
140694,HDFC FMP 1170D February 2017 (1),Close Ended Schemes(Income),Regular,False,,,,False,False
140697,HDFC FMP 1170D February 2017 (1),Close Ended Schemes(Income),Regular,False,,,,False,False
140698,HDFC FMP 1170D February 2017 (1),Close Ended Schemes(Income),Regular,False,,,,False,False
140695,HDFC FMP 1170D February 2017 (1),Close Ended Schemes(Income),Regular,False,,,,False,False
140696,HDFC FMP 1170D February 2017 (1),Close Ended Schemes(Income),Regular,False,,,,False,False
146153,HDFC FMP 1175D January 2019 (1),Close Ended Schemes(Income),Regular,False,,,,False,False
146155,HDFC FMP 1175D January 2019 (1),Close Ended Schemes(Income),Regular,False,,,,False,False
146152,HDFC FMP 1175D January 2019 (1),Close Ended Schemes(Income),Regular,False,,,,False,False
146149,HDFC FMP 1175D January 2019 (1),Close Ended Schemes(Income),Regular,False,,,,False,False
146156,HDFC FMP 1175D January 2019 (1),Close Ended Schemes(Income),Regular,False,,,,False,False
146154,HDFC FMP 1175D January 2019 (1),Close Ended Schemes(Income),Regular,False,,,,False,False
146147,HDFC FMP 1182D January 2019 (1),Close Ended Schemes(Income),Regular,False,,,,False,False
146145,HDFC FMP 1182D January 2019 (1),Close Ended Schemes(Income),Regular,False,,,,False,False
146146,HDFC FMP 1182D January 2019 (1),Close Ended Schemes(Income),Regular,False,,,,False,False
146144,HDFC FMP 1182D January 2019 (1),Close Ended Schemes(Income),Regular,False,,,,False,False
146148,HDFC FMP 1182D January 2019 (1),Close Ended Schemes(Income),Regular,False,,,,False,False
146058,HDFC FMP 1190D January 2019 (1),Close Ended Schemes(Income),Regular,False,,,,False,False
146056,HDFC FMP 1190D January 2019 (1),Close Ended Schemes(Income),Regular,False,,,,False,False
146055,HDFC FMP 1190D January 2019 (1),Close Ended Schemes(Income),Regular,False,,,,False,False
146059,HDFC FMP 1190D January 2019 (1),Close Ended Schemes(Income),Regular,False,,,,False,False
146057,HDFC FMP 1190D January 2019 (1),Close Ended Schemes(Income),Regular,False,,,,False,False
145985,HDFC FMP 1196D December 2018 (1),Close Ended Schemes(Income),Regular,False,,,,False,False
145982,HDFC FMP 1196D December 2018 (1),Close Ended Schemes(Income),Regular,False,,,,False,False
145984,HDFC FMP 1196D December 2018 (1),Close Ended Schemes(Income),Regular,False,,,,False,False
145981,HDFC FMP 1196D December 2018 (1),Close Ended Schemes(Income),Regular,False,,,,False,False
145986,HDFC FMP 1196D December 2018 (1),Close Ended Schemes(Income),Regular,False,,,,False,False
145983,HDFC FMP 1196D December 2018 (1),Close Ended Schemes(Income),Regular,False,,,,False,False
145869,HDFC FMP 1203D December 2018 (1),Close Ended Schemes(Income),Regular,False,,,,False,False
145866,HDFC FMP 1203D December 2018 (1),Close Ended Schemes(Income),Regular,False,,,,False,False
145868,HDFC FMP 1203D December 2018 (1),Close Ended Schemes(Income),Regular,False,,,,False,False
145870,HDFC FMP 1203D December 2018 (1),Close Ended Schemes(Income),Regular,False,,,,False,False
151224,HDFC FMP 1204D December 2022,Close Ended Schemes(Income),Regular,False,,,,False,False
151225,HDFC FMP 1204D December 2022,Close Ended Schemes(Income),Regular,False,,,,False,False
151220,HDFC FMP 1204D December 2022,Close Ended Schemes(Income),Regular,False,,,,False,False
151221,HDFC FMP 1204D December 2022,Close Ended Schemes(Income),Regular,False,,,,False,False
151222,HDFC FMP 1204D December 2022,Close Ended Schemes(Income),Regular,False,,,,False,False
151223,HDFC FMP 1204D December 2022,Close Ended Schemes(Income),Regular,False,,,,False,False
145862,HDFC FMP 1211D December 2018 (1),Close Ended Schemes(Income),Regular,False,,,,False,False
145860,HDFC FMP 1211D December 2018 (1),Close Ended Schemes(Income),Regular,False,,,,False,False
145799,HDFC FMP 1218D December 2018 (1),Close Ended Schemes(Income),Regular,False,,,,False,False
145796,HDFC FMP 1218D December 2018 (1),Close Ended Schemes(Income),Regular,False,,,,False,False
145798,HDFC FMP 1218D December 2018 (1),Close Ended Schemes(Income),Regular,False,,,,False,False
145795,HDFC FMP 1218D December 2018 (1),Close Ended Schemes(Income),Regular,False,,,,False,False
145800,HDFC FMP 1218D December 2018 (1),Close Ended Schemes(Income),Regular,False,,,,False,False
145797,HDFC FMP 1218D December 2018 (1),Close Ended Schemes(Income),Regular,False,,,,False,False
145719,HDFC FMP 1224D December 2018 (1),Close Ended Schemes(Income),Regular,False,,,,False,False
145720,HDFC FMP 1224D December 2018 (1),Close Ended Schemes(Income),Regular,False,,,,False,False
145721,HDFC FMP 1224D December 2018 (1),Close Ended Schemes(Income),Regular,False,,,,False,False
145717,HDFC FMP 1224D December 2018 (1),Close Ended Schemes(Income),Regular,False,,,,False,False
145722,HDFC FMP 1224D December 2018 (1),Close Ended Schemes(Income),Regular,False,,,,False,False
145639,HDFC FMP 1232D NOVEMBER 2018 (1),Close Ended Schemes(Income),Regular,False,,,,False,False
145643,HDFC FMP 1232D NOVEMBER 2018 (1),Close Ended Schemes(Income),Regular,False,,,,False,False
145642,HDFC FMP 1232D NOVEMBER 2018 (1),Close Ended Schemes(Income),Regular,False,,,,False,False
145640,HDFC FMP 1232D NOVEMBER 2018 (1),Close Ended Schemes(Income),Regular,False,,,,False,False
145495,HDFC FMP 1246D NOVEMBER 2018 (1),Close Ended Schemes(Income),Regular,False,,,,False,False
145492,HDFC FMP 1246D NOVEMBER 2018 (1),Close Ended Schemes(Income),Regular,False,,,,False,False
145494,HDFC FMP 1246D NOVEMBER 2018 (1),Close Ended Schemes(Income),Regular,False,,,,False,False
145491,HDFC FMP 1246D NOVEMBER 2018 (1),Close Ended Schemes(Income),Regular,False,,,,False,False
145496,HDFC FMP 1246D NOVEMBER 2018 (1),Close Ended Schemes(Income),Regular,False,,,,False,False
145493,HDFC FMP 1246D NOVEMBER 2018 (1),Close Ended Schemes(Income),Regular,False,,,,False,False
145462,HDFC FMP 1260D October 2018 (1),Close Ended Schemes(Income),Regular,False,,,,False,False
145461,HDFC FMP 1260D October 2018 (1),Close Ended Schemes(Income),Regular,False,,,,False,False
145458,HDFC FMP 1260D October 2018 (1),Close Ended Schemes(Income),Regular,False,,,,False,False
145395,HDFC FMP 1261D October 2018 (1),Close Ended Schemes(Income),Regular,False,,,,False,False
145394,HDFC FMP 1261D October 2018 (1),Close Ended Schemes(Income),Regular,False,,,,False,False
145388,HDFC FMP 1261D October 2018 (1),Close Ended Schemes(Income),Regular,False,,,,False,False
145391,HDFC FMP 1261D October 2018 (1),Close Ended Schemes(Income),Regular,False,,,,False,False
145429,HDFC FMP 1265D October 2018 (1),Close Ended Schemes(Income),Regular,False,,,,False,False
145426,HDFC FMP 1265D October 2018 (1),Close Ended Schemes(Income),Regular,False,,,,False,False
145428,HDFC FMP 1265D October 2018 (1),Close Ended Schemes(Income),Regular,False,,,,False,False
145425,HDFC FMP 1265D October 2018 (1),Close Ended Schemes(Income),Regular,False,,,,False,False
145430,HDFC FMP 1265D October 2018 (1),Close Ended Schemes(Income),Regular,False,,,,False,False
145427,HDFC FMP 1265D October 2018 (1),Close Ended Schemes(Income),Regular,False,,,,False,False
145301,HDFC FMP 1274D OCTOBER 2018 (1),Close Ended Schemes(Income),Regular,False,,,,False,False
145298,HDFC FMP 1274D OCTOBER 2018 (1),Close Ended Schemes(Income),Regular,False,,,,False,False
145300,HDFC FMP 1274D OCTOBER 2018 (1),Close Ended Schemes(Income),Regular,False,,,,False,False
145297,HDFC FMP 1274D OCTOBER 2018 (1),Close Ended Schemes(Income),Regular,False,,,,False,False
145302,HDFC FMP 1274D OCTOBER 2018 (1),Close Ended Schemes(Income),Regular,False,,,,False,False
145299,HDFC FMP 1274D OCTOBER 2018 (1),Close Ended Schemes(Income),Regular,False,,,,False,False
145274,HDFC FMP 1280D October 2018 (1),Close Ended Schemes(Income),Regular,False,,,,False,False
145272,HDFC FMP 1280D October 2018 (1),Close Ended Schemes(Income),Regular,False,,,,False,False
145275,HDFC FMP 1280D October 2018 (1),Close Ended Schemes(Income),Regular,False,,,,False,False
145286,HDFC FMP 1344D October 2018 (1),Close Ended Schemes(Income),Regular,False,,,,False,False
145285,HDFC FMP 1344D October 2018 (1),Close Ended Schemes(Income),Regular,False,,,,False,False
145283,HDFC FMP 1344D October 2018 (1),Close Ended Schemes(Income),Regular,False,,,,False,False
145281,HDFC FMP 1344D October 2018 (1),Close Ended Schemes(Income),Regular,False,,,,False,False
145284,HDFC FMP 1344D October 2018 (1),Close Ended Schemes(Income),Regular,False,,,,False,False
145282,HDFC FMP 1344D October 2018 (1),Close Ended Schemes(Income),Regular,False,,,,False,False
150651,HDFC FMP 1359D September 2022,Close Ended Schemes(Income),Regular,False,,,,False,False
150655,HDFC FMP 1359D September 2022,Close Ended Schemes(Income),Regular,False,,,,False,False
150652,HDFC FMP 1359D September 2022,Close Ended Schemes(Income),Regular,False,,,,False,False
150653,HDFC FMP 1359D September 2022,Close Ended Schemes(Income),Regular,False,,,,False,False
150656,HDFC FMP 1359D September 2022,Close Ended Schemes(Income),Regular,False,,,,False,False
150654,HDFC FMP 1359D September 2022,Close Ended Schemes(Income),Regular,False,,,,False,False
145107,HDFC FMP 1372D September 2018 (1),Close Ended Schemes(Income),Regular,False,,,,False,False
145104,HDFC FMP 1372D September 2018 (1),Close Ended Schemes(Income),Regular,False,,,,False,False
145106,HDFC FMP 1372D September 2018 (1),Close Ended Schemes(Income),Regular,False,,,,False,False
145103,HDFC FMP 1372D September 2018 (1),Close Ended Schemes(Income),Regular,False,,,,False,False
145105,HDFC FMP 1372D September 2018 (1),Close Ended Schemes(Income),Regular,False,,,,False,False
144979,HDFC FMP 1381D September 2018 (1),Close Ended Schemes(Income),Regular,False,,,,False,False
144981,HDFC FMP 1381D September 2018 (1),Close Ended Schemes(Income),Regular,False,,,,False,False
144978,HDFC FMP 1381D September 2018 (1),Close Ended Schemes(Income),Regular,False,,,,False,False
144976,HDFC FMP 1381D September 2018 (1),Close Ended Schemes(Income),Regular,False,,,,False,False
144980,HDFC FMP 1381D September 2018 (1),Close Ended Schemes(Income),Regular,False,,,,False,False
144977,HDFC FMP 1381D September 2018 (1),Close Ended Schemes(Income),Regular,False,,,,False,False
150546,HDFC FMP 1406D August 2022,Close Ended Schemes(Income),Regular,False,,,,False,False
150547,HDFC FMP 1406D August 2022,Close Ended Schemes(Income),Regular,False,,,,False,False
150550,HDFC FMP 1406D August 2022,Close Ended Schemes(Income),Regular,False,,,,False,False
150548,HDFC FMP 1406D August 2022,Close Ended Schemes(Income),Regular,False,,,,False,False
150551,HDFC FMP 1406D August 2022,Close Ended Schemes(Income),Regular,False,,,,False,False
150549,HDFC FMP 1406D August 2022,Close Ended Schemes(Income),Regular,False,,,,False,False
143252,HDFC FMP 1434D May 2018 (1),Close Ended Schemes(Income),Regular,False,,,,False,False
143253,HDFC FMP 1434D May 2018 (1),Close Ended Schemes(Income),Regular,False,,,,False,False
143251,HDFC FMP 1434D May 2018 (1),Close Ended Schemes(Income),Regular,False,,,,False,False
143248,HDFC FMP 1434D May 2018 (1),Close Ended Schemes(Income),Regular,False,,,,False,False
143250,HDFC FMP 1434D May 2018 (1),Close Ended Schemes(Income),Regular,False,,,,False,False
143249,HDFC FMP 1434D May 2018 (1),Close Ended Schemes(Income),Regular,False,,,,False,False
144798,HDFC FMP 1487D August 2018 (1),Close Ended Schemes(Income),Regular,False,,,,False,False
144800,HDFC FMP 1487D August 2018 (1),Close Ended Schemes(Income),Regular,False,,,,False,False
144797,HDFC FMP 1487D August 2018 (1),Close Ended Schemes(Income),Regular,False,,,,False,False
144796,HDFC FMP 1487D August 2018 (1),Close Ended Schemes(Income),Regular,False,,,,False,False
144801,HDFC FMP 1487D August 2018 (1),Close Ended Schemes(Income),Regular,False,,,,False,False
123401,HDFC FMP 1846D August 2013 (1),Close Ended Schemes(Income),Regular,False,,,,False,False
123402,HDFC FMP 1846D August 2013 (1),Close Ended Schemes(Income),Regular,False,,,,False,False
123406,HDFC FMP 1846D August 2013 (1),Close Ended Schemes(Income),Regular,False,,,,False,False
123403,HDFC FMP 1846D August 2013 (1),Close Ended Schemes(Income),Regular,False,,,,False,False
128541,HDFC FMP 3360D March 2014 (1),Close Ended Schemes(Income),Regular,False,,,,False,False
128539,HDFC FMP 3360D March 2014 (1),Close Ended Schemes(Income),Regular,False,,,,False,False
128542,HDFC FMP 3360D March 2014 (1),Close Ended Schemes(Income),Regular,False,,,,False,False
128544,HDFC FMP 3360D March 2014 (1),Close Ended Schemes(Income),Regular,False,,,,False,False
128540,HDFC FMP 3360D March 2014 (1),Close Ended Schemes(Income),Regular,False,,,,False,False
128538,HDFC FMP 3360D March 2014 (1),Close Ended Schemes(Income),Regular,False,,,,False,False
128543,HDFC FMP 3360D March 2014 (1),Close Ended Schemes(Income),Regular,False,,,,False,False
128545,HDFC FMP 3360D March 2014 (1),Close Ended Schemes(Income),Regular,False,,,,False,False
139091,HSBC Fixed Term Series 125 (1114 days plan),Close Ended Schemes(Income),Regular,False,,,,False,False
139092,HSBC Fixed Term Series 125 (1114 days plan),Close Ended Schemes(Income),Regular,False,,,,False,False
139093,HSBC Fixed Term Series 125 (1114 days plan),Close Ended Schemes(Income),Regular,False,,,,False,False
139365,HSBC Fixed Term Series 126 (1138 days plan),Close Ended Schemes(Income),Regular,False,,,,False,False
139366,HSBC Fixed Term Series 126 (1138 days plan),Close Ended Schemes(Income),Regular,False,,,,False,False
139363,HSBC Fixed Term Series 126 (1138 days plan),Close Ended Schemes(Income),Regular,False,,,,False,False
141204,HSBC Fixed Term Series 128 (1106 days plan),Close Ended Schemes(Income),Regular,False,,,,False,False
141206,HSBC Fixed Term Series 128 (1106 days plan),Close Ended Schemes(Income),Regular,False,,,,False,False
141205,HSBC Fixed Term Series 128 (1106 days plan),Close Ended Schemes(Income),Regular,False,,,,False,False
141469,HSBC Fixed Term Series 129 (1120 days plan),Close Ended Schemes(Income),Regular,False,,,,False,False
141467,HSBC Fixed Term Series 129 (1120 days plan),Close Ended Schemes(Income),Regular,False,,,,False,False
141468,HSBC Fixed Term Series 129 (1120 days plan),Close Ended Schemes(Income),Regular,False,,,,False,False
142086,HSBC Fixed Term Series 130 (1204 days plan),Close Ended Schemes(Income),Regular,False,,,,False,False
142085,HSBC Fixed Term Series 130 (1204 days plan),Close Ended Schemes(Income),Regular,False,,,,False,False
142087,HSBC Fixed Term Series 130 (1204 days plan),Close Ended Schemes(Income),Regular,False,,,,False,False
142989,HSBC Fixed Term Series 131 (1140 days plan),Close Ended Schemes(Income),Regular,False,,,,False,False
142990,HSBC Fixed Term Series 131 (1140 days plan),Close Ended Schemes(Income),Regular,False,,,,False,False
142991,HSBC Fixed Term Series 131 (1140 days plan),Close Ended Schemes(Income),Regular,False,,,,False,False
142740,HSBC Fixed Term Series 132 (1149 days plan),Close Ended Schemes(Income),Regular,False,,,,False,False
142739,HSBC Fixed Term Series 132 (1149 days plan),Close Ended Schemes(Income),Regular,False,,,,False,False
142741,HSBC Fixed Term Series 132 (1149 days plan),Close Ended Schemes(Income),Regular,False,,,,False,False
142742,HSBC Fixed Term Series 132 (1149 days plan),Close Ended Schemes(Income),Regular,False,,,,False,False
143050,HSBC Fixed Term Series 133 (1134 days plan),Close Ended Schemes(Income),Regular,False,,,,False,False
143052,HSBC Fixed Term Series 133 (1134 days plan),Close Ended Schemes(Income),Regular,False,,,,False,False
143051,HSBC Fixed Term Series 133 (1134 days plan),Close Ended Schemes(Income),Regular,False,,,,False,False
143049,HSBC Fixed Term Series 133 (1134 days plan),Close Ended Schemes(Income),Regular,False,,,,False,False
143668,HSBC Fixed Term Series 134 (1118 days plan),Close Ended Schemes(Income),Regular,False,,,,False,False
143670,HSBC Fixed Term Series 134 (1118 days plan),Close Ended Schemes(Income),Regular,False,,,,False,False
143669,HSBC Fixed Term Series 134 (1118 days plan),Close Ended Schemes(Income),Regular,False,,,,False,False
143667,HSBC Fixed Term Series 134 (1118 days plan),Close Ended Schemes(Income),Regular,False,,,,False,False
144117,HSBC Fixed Term Series 135 (1117 days plan),Close Ended Schemes(Income),Regular,False,,,,False,False
144115,HSBC Fixed Term Series 135 (1117 days plan),Close Ended Schemes(Income),Regular,False,,,,False,False
144116,HSBC Fixed Term Series 135 (1117 days plan),Close Ended Schemes(Income),Regular,False,,,,False,False
144118,HSBC Fixed Term Series 135 (1117 days plan),Close Ended Schemes(Income),Regular,False,,,,False,False
144556,HSBC Fixed Term Series 136 (1145 days plan),Close Ended Schemes(Income),Regular,False,,,,False,False
144555,HSBC Fixed Term Series 136 (1145 days plan),Close Ended Schemes(Income),Regular,False,,,,False,False
144557,HSBC Fixed Term Series 136 (1145 days plan),Close Ended Schemes(Income),Regular,False,,,,False,False
144558,HSBC Fixed Term Series 136 (1145 days plan),Close Ended Schemes(Income),Regular,False,,,,False,False
146104,HSBC Fixed Term Series 137 (1187 days plan),Close Ended Schemes(Income),Regular,False,,,,False,False
146102,HSBC Fixed Term Series 137 (1187 days plan),Close Ended Schemes(Income),Regular,False,,,,False,False
146103,HSBC Fixed Term Series 137 (1187 days plan),Close Ended Schemes(Income),Regular,False,,,,False,False
146101,HSBC Fixed Term Series 137 (1187 days plan),Close Ended Schemes(Income),Regular,False,,,,False,False
146487,HSBC Fixed Term Series 139 (1163 days plan),Close Ended Schemes(Income),Regular,False,,,,False,False
146488,HSBC Fixed Term Series 139 (1163 days plan),Close Ended Schemes(Income),Regular,False,,,,False,False
146485,HSBC Fixed Term Series 139 (1163 days plan),Close Ended Schemes(Income),Regular,False,,,,False,False
146486,HSBC Fixed Term Series 139 (1163 days plan),Close Ended Schemes(Income),Regular,False,,,,False,False
147149,HSBC Fixed Term Series 140 (1147 days plan),Close Ended Schemes(Income),Regular,False,,,,False,False
147152,HSBC Fixed Term Series 140 (1147 days plan),Close Ended Schemes(Income),Regular,False,,,,False,False
147151,HSBC Fixed Term Series 140 (1147 days plan),Close Ended Schemes(Income),Regular,False,,,,False,False
147150,HSBC Fixed Term Series 140 (1147 days plan),Close Ended Schemes(Income),Regular,False,,,,False,False
115768,ICICI Prudential Capital Protection Oriented Fund - Series V - 60 Months,Close Ended Schemes(Income),Regular,False,,,,False,False
115767,ICICI Prudential Capital Protection Oriented Fund - Series V - 60 Months,Close Ended Schemes(Income),Regular,False,,,,False,False
130181,ICICI Prudential Capital Protection Oriented Fund - Series VI - 1100 Days Plan B,Close Ended Schemes(Income),Regular,False,,,,False,False
130183,ICICI Prudential Capital Protection Oriented Fund - Series VI - 1100 Days Plan B,Close Ended Schemes(Income),Regular,False,,,,False,False
130182,ICICI Prudential Capital Protection Oriented Fund - Series VI - 1100 Days Plan B,Close Ended Schemes(Income),Regular,False,,,,False,False
130184,ICICI Prudential Capital Protection Oriented Fund - Series VI - 1100 Days Plan B,Close Ended Schemes(Income),Regular,False,,,,False,False
130333,ICICI Prudential Capital Protection Oriented Fund - Series VI - 1100 Days Plan D,Close Ended Schemes(Income),Regular,False,,,,False,False
130335,ICICI Prudential Capital Protection Oriented Fund - Series VI - 1100 Days Plan D,Close Ended Schemes(Income),Regular,False,,,,False,False
130334,ICICI Prudential Capital Protection Oriented Fund - Series VI - 1100 Days Plan D,Close Ended Schemes(Income),Regular,False,,,,False,False
130336,ICICI Prudential Capital Protection Oriented Fund - Series VI - 1100 Days Plan D,Close Ended Schemes(Income),Regular,False,,,,False,False
130642,ICICI Prudential Capital Protection Oriented Fund - Series VI - 1100 Days Plan E,Close Ended Schemes(Income),Regular,False,,,,False,False
130641,ICICI Prudential Capital Protection Oriented Fund - Series VI - 1100 Days Plan E,Close Ended Schemes(Income),Regular,False,,,,False,False
130643,ICICI Prudential Capital Protection Oriented Fund - Series VI - 1100 Days Plan E,Close Ended Schemes(Income),Regular,False,,,,False,False
130837,ICICI Prudential Capital Protection Oriented Fund - Series VI - 1100 Days Plan F,Close Ended Schemes(Income),Regular,False,,,,False,False
130834,ICICI Prudential Capital Protection Oriented Fund - Series VI - 1100 Days Plan F,Close Ended Schemes(Income),Regular,False,,,,False,False
130835,ICICI Prudential Capital Protection Oriented Fund - Series VI - 1100 Days Plan F,Close Ended Schemes(Income),Regular,False,,,,False,False
130836,ICICI Prudential Capital Protection Oriented Fund - Series VI - 1100 Days Plan F,Close Ended Schemes(Income),Regular,False,,,,False,False
130872,ICICI Prudential Capital Protection Oriented Fund - Series VI - 1100 Days Plan G,Close Ended Schemes(Income),Regular,False,,,,False,False
130870,ICICI Prudential Capital Protection Oriented Fund - Series VI - 1100 Days Plan G,Close Ended Schemes(Income),Regular,False,,,,False,False
130871,ICICI Prudential Capital Protection Oriented Fund - Series VI - 1100 Days Plan G,Close Ended Schemes(Income),Regular,False,,,,False,False
130873,ICICI Prudential Capital Protection Oriented Fund - Series VI - 1100 Days Plan G,Close Ended Schemes(Income),Regular,False,,,,False,False
131176,ICICI Prudential Capital Protection Oriented Fund - Series VI - 1100 Days Plan H,Close Ended Schemes(Income),Regular,False,,,,False,False
131175,ICICI Prudential Capital Protection Oriented Fund - Series VI - 1100 Days Plan H,Close Ended Schemes(Income),Regular,False,,,,False,False
131177,ICICI Prudential Capital Protection Oriented Fund - Series VI - 1100 Days Plan H,Close Ended Schemes(Income),Regular,False,,,,False,False
131178,ICICI Prudential Capital Protection Oriented Fund - Series VI - 1100 Days Plan H,Close Ended Schemes(Income),Regular,False,,,,False,False
133218,ICICI Prudential Capital Protection Oriented Fund - Series VII - 1284 Days Plan C,Close Ended Schemes(Income),Regular,False,,,,False,False
133216,ICICI Prudential Capital Protection Oriented Fund - Series VII - 1284 Days Plan C,Close Ended Schemes(Income),Regular,False,,,,False,False
133217,ICICI Prudential Capital Protection Oriented Fund - Series VII - 1284 Days Plan C,Close Ended Schemes(Income),Regular,False,,,,False,False
133219,ICICI Prudential Capital Protection Oriented Fund - Series VII - 1284 Days Plan C,Close Ended Schemes(Income),Regular,False,,,,False,False
133382,ICICI Prudential Capital Protection Oriented Fund - Series VII - 1284 Days Plan E,Close Ended Schemes(Income),Regular,False,,,,False,False
133379,ICICI Prudential Capital Protection Oriented Fund - Series VII - 1284 Days Plan E,Close Ended Schemes(Income),Regular,False,,,,False,False
133380,ICICI Prudential Capital Protection Oriented Fund - Series VII - 1284 Days Plan E,Close Ended Schemes(Income),Regular,False,,,,False,False
133381,ICICI Prudential Capital Protection Oriented Fund - Series VII - 1284 Days Plan E,Close Ended Schemes(Income),Regular,False,,,,False,False
131455,ICICI Prudential Capital Protection Oriented Fund - Series VII - 1285 Days Plan A,Close Ended Schemes(Income),Regular,False,,,,False,False
131454,ICICI Prudential Capital Protection Oriented Fund - Series VII - 1285 Days Plan A,Close Ended Schemes(Income),Regular,False,,,,False,False
131457,ICICI Prudential Capital Protection Oriented Fund - Series VII - 1285 Days Plan A,Close Ended Schemes(Income),Regular,False,,,,False,False
131456,ICICI Prudential Capital Protection Oriented Fund - Series VII - 1285 Days Plan A,Close Ended Schemes(Income),Regular,False,,,,False,False
132877,ICICI Prudential Capital Protection Oriented Fund - Series VII - 1285 Days Plan B,Close Ended Schemes(Income),Regular,False,,,,False,False
132875,ICICI Prudential Capital Protection Oriented Fund - Series VII - 1285 Days Plan B,Close Ended Schemes(Income),Regular,False,,,,False,False
132876,ICICI Prudential Capital Protection Oriented Fund - Series VII - 1285 Days Plan B,Close Ended Schemes(Income),Regular,False,,,,False,False
132878,ICICI Prudential Capital Protection Oriented Fund - Series VII - 1285 Days Plan B,Close Ended Schemes(Income),Regular,False,,,,False,False
134717,ICICI Prudential Capital Protection Oriented Fund - Series VIII - 1101 Days Plan D,Close Ended Schemes(Income),Regular,False,,,,False,False
134716,ICICI Prudential Capital Protection Oriented Fund - Series VIII - 1101 Days Plan D,Close Ended Schemes(Income),Regular,False,,,,False,False
134718,ICICI Prudential Capital Protection Oriented Fund - Series VIII - 1101 Days Plan D,Close Ended Schemes(Income),Regular,False,,,,False,False
134719,ICICI Prudential Capital Protection Oriented Fund - Series VIII - 1101 Days Plan D,Close Ended Schemes(Income),Regular,False,,,,False,False
135108,ICICI Prudential Capital Protection Oriented Fund - Series VIII - 1101 Days Plan G,Close Ended Schemes(Income),Regular,False,,,,False,False
135109,ICICI Prudential Capital Protection Oriented Fund - Series VIII - 1101 Days Plan G,Close Ended Schemes(Income),Regular,False,,,,False,False
135110,ICICI Prudential Capital Protection Oriented Fund - Series VIII - 1101 Days Plan G,Close Ended Schemes(Income),Regular,False,,,,False,False
134347,ICICI Prudential Capital Protection Oriented Fund - Series VIII - 1103 Days Plan B,Close Ended Schemes(Income),Regular,False,,,,False,False
134348,ICICI Prudential Capital Protection Oriented Fund - Series VIII - 1103 Days Plan B,Close Ended Schemes(Income),Regular,False,,,,False,False
134350,ICICI Prudential Capital Protection Oriented Fund - Series VIII - 1103 Days Plan B,Close Ended Schemes(Income),Regular,False,,,,False,False
134349,ICICI Prudential Capital Protection Oriented Fund - Series VIII - 1103 Days Plan B,Close Ended Schemes(Income),Regular,False,,,,False,False
134544,ICICI Prudential Capital Protection Oriented Fund - Series VIII - 1103 Days Plan C,Close Ended Schemes(Income),Regular,False,,,,False,False
134541,ICICI Prudential Capital Protection Oriented Fund - Series VIII - 1103 Days Plan C,Close Ended Schemes(Income),Regular,False,,,,False,False
134543,ICICI Prudential Capital Protection Oriented Fund - Series VIII - 1103 Days Plan C,Close Ended Schemes(Income),Regular,False,,,,False,False
134542,ICICI Prudential Capital Protection Oriented Fund - Series VIII - 1103 Days Plan C,Close Ended Schemes(Income),Regular,False,,,,False,False
134845,ICICI Prudential Capital Protection Oriented Fund - Series VIII - 1107 Days Plan E,Close Ended Schemes(Income),Regular,False,,,,False,False
134844,ICICI Prudential Capital Protection Oriented Fund - Series VIII - 1107 Days Plan E,Close Ended Schemes(Income),Regular,False,,,,False,False
134842,ICICI Prudential Capital Protection Oriented Fund - Series VIII - 1107 Days Plan E,Close Ended Schemes(Income),Regular,False,,,,False,False
134843,ICICI Prudential Capital Protection Oriented Fund - Series VIII - 1107 Days Plan E,Close Ended Schemes(Income),Regular,False,,,,False,False
134942,ICICI Prudential Capital Protection Oriented Fund - Series VIII - 1115 Days Plan F,Close Ended Schemes(Income),Regular,False,,,,False,False
134945,ICICI Prudential Capital Protection Oriented Fund - Series VIII - 1115 Days Plan F,Close Ended Schemes(Income),Regular,False,,,,False,False
134943,ICICI Prudential Capital Protection Oriented Fund - Series VIII - 1115 Days Plan F,Close Ended Schemes(Income),Regular,False,,,,False,False
134944,ICICI Prudential Capital Protection Oriented Fund - Series VIII - 1115 Days Plan F,Close Ended Schemes(Income),Regular,False,,,,False,False
139368,ICICI Prudential Capital Protection Oriented Fund - Series X - 1235 Days Plan A,Close Ended Schemes(Income),Regular,False,,,,False,False
139371,ICICI Prudential Capital Protection Oriented Fund - Series X - 1235 Days Plan A,Close Ended Schemes(Income),Regular,False,,,,False,False
139370,ICICI Prudential Capital Protection Oriented Fund - Series X - 1235 Days Plan A,Close Ended Schemes(Income),Regular,False,,,,False,False
139369,ICICI Prudential Capital Protection Oriented Fund - Series X - 1235 Days Plan A,Close Ended Schemes(Income),Regular,False,,,,False,False
139470,ICICI Prudential Capital Protection Oriented Fund - Series X - 1375 Days Plan B,Close Ended Schemes(Income),Regular,False,,,,False,False
139471,ICICI Prudential Capital Protection Oriented Fund - Series X - 1375 Days Plan B,Close Ended Schemes(Income),Regular,False,,,,False,False
139473,ICICI Prudential Capital Protection Oriented Fund - Series X - 1375 Days Plan B,Close Ended Schemes(Income),Regular,False,,,,False,False
139472,ICICI Prudential Capital Protection Oriented Fund - Series X - 1375 Days Plan B,Close Ended Schemes(Income),Regular,False,,,,False,False
140143,ICICI Prudential Capital Protection Oriented Fund - Series XI - Plan A 2056 Days,Close Ended Schemes(Income),Regular,False,,,,False,False
140142,ICICI Prudential Capital Protection Oriented Fund - Series XI - Plan A 2056 Days,Close Ended Schemes(Income),Regular,False,,,,False,False
140141,ICICI Prudential Capital Protection Oriented Fund - Series XI - Plan A 2056 Days,Close Ended Schemes(Income),Regular,False,,,,False,False
140140,ICICI Prudential Capital Protection Oriented Fund - Series XI - Plan A 2056 Days,Close Ended Schemes(Income),Regular,False,,,,False,False
140363,ICICI Prudential Capital Protection Oriented Fund - Series XI - Plan B 1222 Days,Close Ended Schemes(Income),Regular,False,,,,False,False
140366,ICICI Prudential Capital Protection Oriented Fund - Series XI - Plan B 1222 Days,Close Ended Schemes(Income),Regular,False,,,,False,False
140365,ICICI Prudential Capital Protection Oriented Fund - Series XI - Plan B 1222 Days,Close Ended Schemes(Income),Regular,False,,,,False,False
140364,ICICI Prudential Capital Protection Oriented Fund - Series XI - Plan B 1222 Days,Close Ended Schemes(Income),Regular,False,,,,False,False
140645,ICICI Prudential Capital Protection Oriented Fund - Series XI - Plan C 1255 Days,Close Ended Schemes(Income),Regular,False,,,,False,False
140646,ICICI Prudential Capital Protection Oriented Fund - Series XI - Plan C 1255 Days,Close Ended Schemes(Income),Regular,False,,,,False,False
140648,ICICI Prudential Capital Protection Oriented Fund - Series XI - Plan C 1255 Days,Close Ended Schemes(Income),Regular,False,,,,False,False
140647,ICICI Prudential Capital Protection Oriented Fund - Series XI - Plan C 1255 Days,Close Ended Schemes(Income),Regular,False,,,,False,False
140649,ICICI Prudential Capital Protection Oriented Fund - Series XI - Plan D 1247 Days,Close Ended Schemes(Income),Regular,False,,,,False,False
140650,ICICI Prudential Capital Protection Oriented Fund - Series XI - Plan D 1247 Days,Close Ended Schemes(Income),Regular,False,,,,False,False
140652,ICICI Prudential Capital Protection Oriented Fund - Series XI - Plan D 1247 Days,Close Ended Schemes(Income),Regular,False,,,,False,False
140651,ICICI Prudential Capital Protection Oriented Fund - Series XI - Plan D 1247 Days,Close Ended Schemes(Income),Regular,False,,,,False,False
140978,ICICI Prudential Capital Protection Oriented Fund - Series XI - Plan E 1222 Days,Close Ended Schemes(Income),Regular,False,,,,False,False
140981,ICICI Prudential Capital Protection Oriented Fund - Series XI - Plan E 1222 Days,Close Ended Schemes(Income),Regular,False,,,,False,False
140979,ICICI Prudential Capital Protection Oriented Fund - Series XI - Plan E 1222 Days,Close Ended Schemes(Income),Regular,False,,,,False,False
140980,ICICI Prudential Capital Protection Oriented Fund - Series XI - Plan E 1222 Days,Close Ended Schemes(Income),Regular,False,,,,False,False
141379,ICICI Prudential Capital Protection Oriented Fund - Series XII - Plan A 1168 Days,Close Ended Schemes(Income),Regular,False,,,,False,False
141378,ICICI Prudential Capital Protection Oriented Fund - Series XII - Plan A 1168 Days,Close Ended Schemes(Income),Regular,False,,,,False,False
141377,ICICI Prudential Capital Protection Oriented Fund - Series XII - Plan A 1168 Days,Close Ended Schemes(Income),Regular,False,,,,False,False
141376,ICICI Prudential Capital Protection Oriented Fund - Series XII - Plan A 1168 Days,Close Ended Schemes(Income),Regular,False,,,,False,False
141858,ICICI Prudential Capital Protection Oriented Fund - Series XII - Plan C 1270 Days,Close Ended Schemes(Income),Regular,False,,,,False,False
141859,ICICI Prudential Capital Protection Oriented Fund - Series XII - Plan C 1270 Days,Close Ended Schemes(Income),Regular,False,,,,False,False
141860,ICICI Prudential Capital Protection Oriented Fund - Series XII - Plan C 1270 Days,Close Ended Schemes(Income),Regular,False,,,,False,False
141857,ICICI Prudential Capital Protection Oriented Fund - Series XII - Plan C 1270 Days,Close Ended Schemes(Income),Regular,False,,,,False,False
145521,ICICI Prudential Capital Protection Oriented Fund - Series XIV - Plan A 1275 Days,Close Ended Schemes(Income),Regular,False,,,,False,False
145522,ICICI Prudential Capital Protection Oriented Fund - Series XIV - Plan A 1275 Days,Close Ended Schemes(Income),Regular,False,,,,False,False
145523,ICICI Prudential Capital Protection Oriented Fund - Series XIV - Plan A 1275 Days,Close Ended Schemes(Income),Regular,False,,,,False,False
145524,ICICI Prudential Capital Protection Oriented Fund - Series XIV - Plan A 1275 Days,Close Ended Schemes(Income),Regular,False,,,,False,False
117350,ICICI Prudential Capital Protection Oriented Fund II - Series IX - 36 Months,Close Ended Schemes(Income),Regular,False,,,,False,False
117351,ICICI Prudential Capital Protection Oriented Fund II - Series IX - 36 Months,Close Ended Schemes(Income),Regular,False,,,,False,False
117471,ICICI Prudential Capital Protection Oriented Fund II - Series X - 36 Months,Close Ended Schemes(Income),Regular,False,,,,False,False
117472,ICICI Prudential Capital Protection Oriented Fund II - Series X - 36 Months,Close Ended Schemes(Income),Regular,False,,,,False,False
118003,ICICI Prudential Capital Protection Oriented Fund III - PLAN A - 36 Months,Close Ended Schemes(Income),Regular,False,,,,False,False
118004,ICICI Prudential Capital Protection Oriented Fund III - PLAN A - 36 Months,Close Ended Schemes(Income),Regular,False,,,,False,False
118007,ICICI Prudential Capital Protection Oriented Fund III - PLAN B - 60 Months,Close Ended Schemes(Income),Regular,False,,,,False,False
118008,ICICI Prudential Capital Protection Oriented Fund III - PLAN B - 60 Months,Close Ended Schemes(Income),Regular,False,,,,False,False
118226,ICICI Prudential Capital Protection Oriented Fund III - PLAN C - 36 Months,Close Ended Schemes(Income),Regular,False,,,,False,False
118227,ICICI Prudential Capital Protection Oriented Fund III - PLAN C - 36 Months,Close Ended Schemes(Income),Regular,False,,,,False,False
118898,ICICI Prudential Capital Protection Oriented Fund III - PLAN D - 36 Months,Close Ended Schemes(Income),Regular,False,,,,False,False
118900,ICICI Prudential Capital Protection Oriented Fund III - PLAN D - 36 Months,Close Ended Schemes(Income),Regular,False,,,,False,False
118897,ICICI Prudential Capital Protection Oriented Fund III - PLAN D - 36 Months,Close Ended Schemes(Income),Regular,False,,,,False,False
118899,ICICI Prudential Capital Protection Oriented Fund III - PLAN D - 36 Months,Close Ended Schemes(Income),Regular,False,,,,False,False
120813,ICICI Prudential Capital Protection Oriented Fund III - PLAN E - 60 Months,Close Ended Schemes(Income),Regular,False,,,,False,False
120814,ICICI Prudential Capital Protection Oriented Fund III - PLAN E - 60 Months,Close Ended Schemes(Income),Regular,False,,,,False,False
120815,ICICI Prudential Capital Protection Oriented Fund III - PLAN E - 60 Months,Close Ended Schemes(Income),Regular,False,,,,False,False
120812,ICICI Prudential Capital Protection Oriented Fund III - PLAN E - 60 Months,Close Ended Schemes(Income),Regular,False,,,,False,False
121089,ICICI Prudential Capital Protection Oriented Fund III - PLAN F - 36 Months,Close Ended Schemes(Income),Regular,False,,,,False,False
121087,ICICI Prudential Capital Protection Oriented Fund III - PLAN F - 36 Months,Close Ended Schemes(Income),Regular,False,,,,False,False
121088,ICICI Prudential Capital Protection Oriented Fund III - PLAN F - 36 Months,Close Ended Schemes(Income),Regular,False,,,,False,False
121090,ICICI Prudential Capital Protection Oriented Fund III - PLAN F - 36 Months,Close Ended Schemes(Income),Regular,False,,,,False,False
121145,ICICI Prudential Capital Protection Oriented Fund III - PLAN G - 60 Months,Close Ended Schemes(Income),Regular,False,,,,False,False
121144,ICICI Prudential Capital Protection Oriented Fund III - PLAN G - 60 Months,Close Ended Schemes(Income),Regular,False,,,,False,False
121143,ICICI Prudential Capital Protection Oriented Fund III - PLAN G - 60 Months,Close Ended Schemes(Income),Regular,False,,,,False,False
121795,ICICI Prudential Capital Protection Oriented Fund III - PLAN H - 60 Months,Close Ended Schemes(Income),Regular,False,,,,False,False
121794,ICICI Prudential Capital Protection Oriented Fund III - PLAN H - 60 Months,Close Ended Schemes(Income),Regular,False,,,,False,False
121793,ICICI Prudential Capital Protection Oriented Fund III - PLAN H - 60 Months,Close Ended Schemes(Income),Regular,False,,,,False,False
121796,ICICI Prudential Capital Protection Oriented Fund III - PLAN H - 60 Months,Close Ended Schemes(Income),Regular,False,,,,False,False
122956,ICICI Prudential Capital Protection Oriented Fund IV - PLAN A - 60 Months,Close Ended Schemes(Income),Regular,False,,,,False,False
122954,ICICI Prudential Capital Protection Oriented Fund IV - PLAN A - 60 Months,Close Ended Schemes(Income),Regular,False,,,,False,False
122957,ICICI Prudential Capital Protection Oriented Fund IV - PLAN A - 60 Months,Close Ended Schemes(Income),Regular,False,,,,False,False
123561,ICICI Prudential Capital Protection Oriented Fund IV - PLAN C - 60 Months,Close Ended Schemes(Income),Regular,False,,,,False,False
123559,ICICI Prudential Capital Protection Oriented Fund IV - PLAN C - 60 Months,Close Ended Schemes(Income),Regular,False,,,,False,False
123560,ICICI Prudential Capital Protection Oriented Fund IV - PLAN C - 60 Months,Close Ended Schemes(Income),Regular,False,,,,False,False
123562,ICICI Prudential Capital Protection Oriented Fund IV - PLAN C - 60 Months,Close Ended Schemes(Income),Regular,False,,,,False,False
124468,ICICI Prudential Capital Protection Oriented Fund IV - PLAN D - 60 Months,Close Ended Schemes(Income),Regular,False,,,,False,False
124467,ICICI Prudential Capital Protection Oriented Fund IV - PLAN D - 60 Months,Close Ended Schemes(Income),Regular,False,,,,False,False
124469,ICICI Prudential Capital Protection Oriented Fund IV - PLAN D - 60 Months,Close Ended Schemes(Income),Regular,False,,,,False,False
124470,ICICI Prudential Capital Protection Oriented Fund IV - PLAN D - 60 Months,Close Ended Schemes(Income),Regular,False,,,,False,False
124795,ICICI Prudential Capital Protection Oriented Fund IV - PLAN E - 36 Months,Close Ended Schemes(Income),Regular,False,,,,False,False
124797,ICICI Prudential Capital Protection Oriented Fund IV - PLAN E - 36 Months,Close Ended Schemes(Income),Regular,False,,,,False,False
124794,ICICI Prudential Capital Protection Oriented Fund IV - PLAN E - 36 Months,Close Ended Schemes(Income),Regular,False,,,,False,False
124796,ICICI Prudential Capital Protection Oriented Fund IV - PLAN E - 36 Months,Close Ended Schemes(Income),Regular,False,,,,False,False
125186,ICICI Prudential Capital Protection Oriented Fund IV - PLAN F - 60 Months,Close Ended Schemes(Income),Regular,False,,,,False,False
125184,ICICI Prudential Capital Protection Oriented Fund IV - PLAN F - 60 Months,Close Ended Schemes(Income),Regular,False,,,,False,False
125185,ICICI Prudential Capital Protection Oriented Fund IV - PLAN F - 60 Months,Close Ended Schemes(Income),Regular,False,,,,False,False
125187,ICICI Prudential Capital Protection Oriented Fund IV - PLAN F - 60 Months,Close Ended Schemes(Income),Regular,False,,,,False,False
125576,ICICI Prudential Capital Protection Oriented Fund IV - PLAN G - 60 Months,Close Ended Schemes(Income),Regular,False,,,,False,False
125577,ICICI Prudential Capital Protection Oriented Fund IV - PLAN G - 60 Months,Close Ended Schemes(Income),Regular,False,,,,False,False
125578,ICICI Prudential Capital Protection Oriented Fund IV - PLAN G - 60 Months,Close Ended Schemes(Income),Regular,False,,,,False,False
125575,ICICI Prudential Capital Protection Oriented Fund IV - PLAN G - 60 Months,Close Ended Schemes(Income),Regular,False,,,,False,False
125818,ICICI Prudential Capital Protection Oriented Fund IV - PLAN H - 36 Months Plan,Close Ended Schemes(Income),Regular,False,,,,False,False
125820,ICICI Prudential Capital Protection Oriented Fund IV - PLAN H - 36 Months Plan,Close Ended Schemes(Income),Regular,False,,,,False,False
125817,ICICI Prudential Capital Protection Oriented Fund IV - PLAN H - 36 Months Plan,Close Ended Schemes(Income),Regular,False,,,,False,False
125819,ICICI Prudential Capital Protection Oriented Fund IV - PLAN H - 36 Months Plan,Close Ended Schemes(Income),Regular,False,,,,False,False
135494,ICICI Prudential Capital Protection Oriented Fund IX - PLAN A - 1101 Days,Close Ended Schemes(Income),Regular,False,,,,False,False
135495,ICICI Prudential Capital Protection Oriented Fund IX - PLAN A - 1101 Days,Close Ended Schemes(Income),Regular,False,,,,False,False
135493,ICICI Prudential Capital Protection Oriented Fund IX - PLAN A - 1101 Days,Close Ended Schemes(Income),Regular,False,,,,False,False
135496,ICICI Prudential Capital Protection Oriented Fund IX - PLAN A - 1101 Days,Close Ended Schemes(Income),Regular,False,,,,False,False
135545,ICICI Prudential Capital Protection Oriented Fund IX - PLAN B - 1103 Days,Close Ended Schemes(Income),Regular,False,,,,False,False
135546,ICICI Prudential Capital Protection Oriented Fund IX - PLAN B - 1103 Days,Close Ended Schemes(Income),Regular,False,,,,False,False
135543,ICICI Prudential Capital Protection Oriented Fund IX - PLAN B - 1103 Days,Close Ended Schemes(Income),Regular,False,,,,False,False
135544,ICICI Prudential Capital Protection Oriented Fund IX - PLAN B - 1103 Days,Close Ended Schemes(Income),Regular,False,,,,False,False
135851,ICICI Prudential Capital Protection Oriented Fund IX - PLAN C - 1195 Days,Close Ended Schemes(Income),Regular,False,,,,False,False
135849,ICICI Prudential Capital Protection Oriented Fund IX - PLAN C - 1195 Days,Close Ended Schemes(Income),Regular,False,,,,False,False
135850,ICICI Prudential Capital Protection Oriented Fund IX - PLAN C - 1195 Days,Close Ended Schemes(Income),Regular,False,,,,False,False
135852,ICICI Prudential Capital Protection Oriented Fund IX - PLAN C - 1195 Days,Close Ended Schemes(Income),Regular,False,,,,False,False
135974,ICICI Prudential Capital Protection Oriented Fund IX - PLAN D - 1378 Days,Close Ended Schemes(Income),Regular,False,,,,False,False
135972,ICICI Prudential Capital Protection Oriented Fund IX - PLAN D - 1378 Days,Close Ended Schemes(Income),Regular,False,,,,False,False
135973,ICICI Prudential Capital Protection Oriented Fund IX - PLAN D - 1378 Days,Close Ended Schemes(Income),Regular,False,,,,False,False
135975,ICICI Prudential Capital Protection Oriented Fund IX - PLAN D - 1378 Days,Close Ended Schemes(Income),Regular,False,,,,False,False
136372,ICICI Prudential Capital Protection Oriented Fund IX - PLAN E - 1325 Days,Close Ended Schemes(Income),Regular,False,,,,False,False
136370,ICICI Prudential Capital Protection Oriented Fund IX - PLAN E - 1325 Days,Close Ended Schemes(Income),Regular,False,,,,False,False
136373,ICICI Prudential Capital Protection Oriented Fund IX - PLAN E - 1325 Days,Close Ended Schemes(Income),Regular,False,,,,False,False
136371,ICICI Prudential Capital Protection Oriented Fund IX - PLAN E - 1325 Days,Close Ended Schemes(Income),Regular,False,,,,False,False
139119,ICICI Prudential Capital Protection Oriented Fund IX - PLAN F - 1120 Days,Close Ended Schemes(Income),Regular,False,,,,False,False
139117,ICICI Prudential Capital Protection Oriented Fund IX - PLAN F - 1120 Days,Close Ended Schemes(Income),Regular,False,,,,False,False
139116,ICICI Prudential Capital Protection Oriented Fund IX - PLAN F - 1120 Days,Close Ended Schemes(Income),Regular,False,,,,False,False
126232,ICICI Prudential Capital Protection Oriented Fund V - PLAN A - 5 Years,Close Ended Schemes(Income),Regular,False,,,,False,False
126231,ICICI Prudential Capital Protection Oriented Fund V - PLAN A - 5 Years,Close Ended Schemes(Income),Regular,False,,,,False,False
126234,ICICI Prudential Capital Protection Oriented Fund V - PLAN A - 5 Years,Close Ended Schemes(Income),Regular,False,,,,False,False
126233,ICICI Prudential Capital Protection Oriented Fund V - PLAN A - 5 Years,Close Ended Schemes(Income),Regular,False,,,,False,False
126566,ICICI Prudential Capital Protection Oriented Fund V - PLAN B - 1100 Days,Close Ended Schemes(Income),Regular,False,,,,False,False
126564,ICICI Prudential Capital Protection Oriented Fund V - PLAN B - 1100 Days,Close Ended Schemes(Income),Regular,False,,,,False,False
126565,ICICI Prudential Capital Protection Oriented Fund V - PLAN B - 1100 Days,Close Ended Schemes(Income),Regular,False,,,,False,False
126567,ICICI Prudential Capital Protection Oriented Fund V - PLAN B - 1100 Days,Close Ended Schemes(Income),Regular,False,,,,False,False
126905,ICICI Prudential Capital Protection Oriented Fund V - PLAN C - 1825 Days,Close Ended Schemes(Income),Regular,False,,,,False,False
126904,ICICI Prudential Capital Protection Oriented Fund V - PLAN C - 1825 Days,Close Ended Schemes(Income),Regular,False,,,,False,False
126902,ICICI Prudential Capital Protection Oriented Fund V - PLAN C - 1825 Days,Close Ended Schemes(Income),Regular,False,,,,False,False
126903,ICICI Prudential Capital Protection Oriented Fund V - PLAN C - 1825 Days,Close Ended Schemes(Income),Regular,False,,,,False,False
128210,ICICI Prudential Capital Protection Oriented Fund V - PLAN D - 1100 Days,Close Ended Schemes(Income),Regular,False,,,,False,False
128212,ICICI Prudential Capital Protection Oriented Fund V - PLAN D - 1100 Days,Close Ended Schemes(Income),Regular,False,,,,False,False
128209,ICICI Prudential Capital Protection Oriented Fund V - PLAN D - 1100 Days,Close Ended Schemes(Income),Regular,False,,,,False,False
128211,ICICI Prudential Capital Protection Oriented Fund V - PLAN D - 1100 Days,Close Ended Schemes(Income),Regular,False,,,,False,False
129071,ICICI Prudential Capital Protection Oriented Fund V - PLAN E - 1100 Days,Close Ended Schemes(Income),Regular,False,,,,False,False
129070,ICICI Prudential Capital Protection Oriented Fund V - PLAN E - 1100 Days,Close Ended Schemes(Income),Regular,False,,,,False,False
129072,ICICI Prudential Capital Protection Oriented Fund V - PLAN E - 1100 Days,Close Ended Schemes(Income),Regular,False,,,,False,False
129738,ICICI Prudential Capital Protection Oriented Fund V - Plan F -1100 Days,Close Ended Schemes(Income),Regular,False,,,,False,False
129737,ICICI Prudential Capital Protection Oriented Fund V - Plan F -1100 Days,Close Ended Schemes(Income),Regular,False,,,,False,False
129740,ICICI Prudential Capital Protection Oriented Fund V - Plan F -1100 Days,Close Ended Schemes(Income),Regular,False,,,,False,False
129739,ICICI Prudential Capital Protection Oriented Fund V - Plan F -1100 Days,Close Ended Schemes(Income),Regular,False,,,,False,False
129857,ICICI Prudential Capital Protection Oriented Fund VI - PLAN A - 1825 Days,Close Ended Schemes(Income),Regular,False,,,,False,False
129859,ICICI Prudential Capital Protection Oriented Fund VI - PLAN A - 1825 Days,Close Ended Schemes(Income),Regular,False,,,,False,False
129860,ICICI Prudential Capital Protection Oriented Fund VI - PLAN A - 1825 Days,Close Ended Schemes(Income),Regular,False,,,,False,False
129858,ICICI Prudential Capital Protection Oriented Fund VI - PLAN A - 1825 Days,Close Ended Schemes(Income),Regular,False,,,,False,False
130220,ICICI Prudential Capital Protection Oriented Fund VI - PLAN C - 1825 Days,Close Ended Schemes(Income),Regular,False,,,,False,False
130219,ICICI Prudential Capital Protection Oriented Fund VI - PLAN C - 1825 Days,Close Ended Schemes(Income),Regular,False,,,,False,False
130221,ICICI Prudential Capital Protection Oriented Fund VI - PLAN C - 1825 Days,Close Ended Schemes(Income),Regular,False,,,,False,False
130222,ICICI Prudential Capital Protection Oriented Fund VI - PLAN C - 1825 Days,Close Ended Schemes(Income),Regular,False,,,,False,False
133293,ICICI Prudential Capital Protection Oriented Fund VII - PLAN D - 1822 Days,Close Ended Schemes(Income),Regular,False,,,,False,False
133295,ICICI Prudential Capital Protection Oriented Fund VII - PLAN D - 1822 Days,Close Ended Schemes(Income),Regular,False,,,,False,False
133294,ICICI Prudential Capital Protection Oriented Fund VII - PLAN D - 1822 Days,Close Ended Schemes(Income),Regular,False,,,,False,False
133296,ICICI Prudential Capital Protection Oriented Fund VII - PLAN D - 1822 Days,Close Ended Schemes(Income),Regular,False,,,,False,False
133636,ICICI Prudential Capital Protection Oriented Fund VII - PLAN G - 1285 Days,Close Ended Schemes(Income),Regular,False,,,,False,False
133639,ICICI Prudential Capital Protection Oriented Fund VII - PLAN G - 1285 Days,Close Ended Schemes(Income),Regular,False,,,,False,False
133637,ICICI Prudential Capital Protection Oriented Fund VII - PLAN G - 1285 Days,Close Ended Schemes(Income),Regular,False,,,,False,False
133861,ICICI Prudential Capital Protection Oriented Fund VII - PLAN H - 1284 Days,Close Ended Schemes(Income),Regular,False,,,,False,False
133864,ICICI Prudential Capital Protection Oriented Fund VII - PLAN H - 1284 Days,Close Ended Schemes(Income),Regular,False,,,,False,False
133863,ICICI Prudential Capital Protection Oriented Fund VII - PLAN H - 1284 Days,Close Ended Schemes(Income),Regular,False,,,,False,False
133862,ICICI Prudential Capital Protection Oriented Fund VII - PLAN H - 1284 Days,Close Ended Schemes(Income),Regular,False,,,,False,False
134021,ICICI Prudential Capital Protection Oriented Fund VIII - PLAN A - 1300 Days,Close Ended Schemes(Income),Regular,False,,,,False,False
134018,ICICI Prudential Capital Protection Oriented Fund VIII - PLAN A - 1300 Days,Close Ended Schemes(Income),Regular,False,,,,False,False
134020,ICICI Prudential Capital Protection Oriented Fund VIII - PLAN A - 1300 Days,Close Ended Schemes(Income),Regular,False,,,,False,False
135179,ICICI Prudential Capital Protection Oriented Fund VIII - PLAN H - 1105 Days,Close Ended Schemes(Income),Regular,False,,,,False,False
135181,ICICI Prudential Capital Protection Oriented Fund VIII - PLAN H - 1105 Days,Close Ended Schemes(Income),Regular,False,,,,False,False
135182,ICICI Prudential Capital Protection Oriented Fund VIII - PLAN H - 1105 Days,Close Ended Schemes(Income),Regular,False,,,,False,False
135180,ICICI Prudential Capital Protection Oriented Fund VIII - PLAN H - 1105 Days,Close Ended Schemes(Income),Regular,False,,,,False,False
135195,ICICI Prudential Capital Protection Oriented Fund VIII - PLAN I - 1290 Days,Close Ended Schemes(Income),Regular,False,,,,False,False
135192,ICICI Prudential Capital Protection Oriented Fund VIII - PLAN I - 1290 Days,Close Ended Schemes(Income),Regular,False,,,,False,False
135194,ICICI Prudential Capital Protection Oriented Fund VIII - PLAN I - 1290 Days,Close Ended Schemes(Income),Regular,False,,,,False,False
135193,ICICI Prudential Capital Protection Oriented Fund VIII - PLAN I - 1290 Days,Close Ended Schemes(Income),Regular,False,,,,False,False
135219,ICICI Prudential Capital Protection Oriented Fund VIII - PLAN J - 1284 Days,Close Ended Schemes(Income),Regular,False,,,,False,False
135220,ICICI Prudential Capital Protection Oriented Fund VIII - PLAN J - 1284 Days,Close Ended Schemes(Income),Regular,False,,,,False,False
135218,ICICI Prudential Capital Protection Oriented Fund VIII - PLAN J - 1284 Days,Close Ended Schemes(Income),Regular,False,,,,False,False
135221,ICICI Prudential Capital Protection Oriented Fund VIII - PLAN J - 1284 Days,Close Ended Schemes(Income),Regular,False,,,,False,False
128989,ICICI Prudential Fixed Maturity Plan - Corporate Bond Series A - 750 Days,Close Ended Schemes(Income),Regular,False,,,,False,False
128991,ICICI Prudential Fixed Maturity Plan - Corporate Bond Series A - 750 Days,Close Ended Schemes(Income),Regular,False,,,,False,False
130806,ICICI Prudential Fixed Maturity Plan - Corporate Bond Series B - 1100 Days,Close Ended Schemes(Income),Regular,False,,,,False,False
130803,ICICI Prudential Fixed Maturity Plan - Corporate Bond Series B - 1100 Days,Close Ended Schemes(Income),Regular,False,,,,False,False
130804,ICICI Prudential Fixed Maturity Plan - Corporate Bond Series B - 1100 Days,Close Ended Schemes(Income),Regular,False,,,,False,False
130805,ICICI Prudential Fixed Maturity Plan - Corporate Bond Series B - 1100 Days,Close Ended Schemes(Income),Regular,False,,,,False,False
130404,ICICI Prudential Fixed Maturity Plan - Series - 74 - 367 Days Plan Z,Close Ended Schemes(Income),Regular,False,,,,False,False
130403,ICICI Prudential Fixed Maturity Plan - Series - 74 - 367 Days Plan Z,Close Ended Schemes(Income),Regular,False,,,,False,False
130405,ICICI Prudential Fixed Maturity Plan - Series - 74 - 367 Days Plan Z,Close Ended Schemes(Income),Regular,False,,,,False,False
130402,ICICI Prudential Fixed Maturity Plan - Series - 74 - 367 Days Plan Z,Close Ended Schemes(Income),Regular,False,,,,False,False
123545,ICICI Prudential Fixed Maturity Plan - Series 69 - 1821 Days Plan I,Close Ended Schemes(Income),Regular,False,,,,False,False
123543,ICICI Prudential Fixed Maturity Plan - Series 69 - 1821 Days Plan I,Close Ended Schemes(Income),Regular,False,,,,False,False
123544,ICICI Prudential Fixed Maturity Plan - Series 69 - 1821 Days Plan I,Close Ended Schemes(Income),Regular,False,,,,False,False
123546,ICICI Prudential Fixed Maturity Plan - Series 69 - 1821 Days Plan I,Close Ended Schemes(Income),Regular,False,,,,False,False
125318,ICICI Prudential Fixed Maturity Plan - Series 71 - 366 Days Plan C,Close Ended Schemes(Income),Regular,False,,,,False,False
125320,ICICI Prudential Fixed Maturity Plan - Series 71 - 366 Days Plan C,Close Ended Schemes(Income),Regular,False,,,,False,False
125319,ICICI Prudential Fixed Maturity Plan - Series 71 - 366 Days Plan C,Close Ended Schemes(Income),Regular,False,,,,False,False
125316,ICICI Prudential Fixed Maturity Plan - Series 71 - 547 Days Plan B,Close Ended Schemes(Income),Regular,False,,,,False,False
125314,ICICI Prudential Fixed Maturity Plan - Series 71 - 547 Days Plan B,Close Ended Schemes(Income),Regular,False,,,,False,False
125315,ICICI Prudential Fixed Maturity Plan - Series 71 - 547 Days Plan B,Close Ended Schemes(Income),Regular,False,,,,False,False
125313,ICICI Prudential Fixed Maturity Plan - Series 71 - 547 Days Plan B,Close Ended Schemes(Income),Regular,False,,,,False,False
126817,ICICI Prudential Fixed Maturity Plan - Series 72 - 366 Days Plan K,Close Ended Schemes(Income),Regular,False,,,,False,False
126815,ICICI Prudential Fixed Maturity Plan - Series 72 - 366 Days Plan K,Close Ended Schemes(Income),Regular,False,,,,False,False
126816,ICICI Prudential Fixed Maturity Plan - Series 72 - 366 Days Plan K,Close Ended Schemes(Income),Regular,False,,,,False,False
127726,ICICI Prudential Fixed Maturity Plan - Series 73 - 1140 Days Plan E,Close Ended Schemes(Income),Regular,False,,,,False,False
127724,ICICI Prudential Fixed Maturity Plan - Series 73 - 1140 Days Plan E,Close Ended Schemes(Income),Regular,False,,,,False,False
127725,ICICI Prudential Fixed Maturity Plan - Series 73 - 1140 Days Plan E,Close Ended Schemes(Income),Regular,False,,,,False,False
127727,ICICI Prudential Fixed Maturity Plan - Series 73 - 1140 Days Plan E,Close Ended Schemes(Income),Regular,False,,,,False,False
130330,ICICI Prudential Fixed Maturity Plan - Series 74 - 368 Days Plan Y,Close Ended Schemes(Income),Regular,False,,,,False,False
130331,ICICI Prudential Fixed Maturity Plan - Series 74 - 368 Days Plan Y,Close Ended Schemes(Income),Regular,False,,,,False,False
130329,ICICI Prudential Fixed Maturity Plan - Series 74 - 368 Days Plan Y,Close Ended Schemes(Income),Regular,False,,,,False,False
130316,ICICI Prudential Fixed Maturity Plan - Series 74 - 370 Days Plan X,Close Ended Schemes(Income),Regular,False,,,,False,False
130315,ICICI Prudential Fixed Maturity Plan - Series 74 - 370 Days Plan X,Close Ended Schemes(Income),Regular,False,,,,False,False
130317,ICICI Prudential Fixed Maturity Plan - Series 74 - 370 Days Plan X,Close Ended Schemes(Income),Regular,False,,,,False,False
130318,ICICI Prudential Fixed Maturity Plan - Series 74 - 370 Days Plan X,Close Ended Schemes(Income),Regular,False,,,,False,False
130062,ICICI Prudential Fixed Maturity Plan - Series 74 - 9 Years Plan U,Close Ended Schemes(Income),Regular,False,,,,False,False
130064,ICICI Prudential Fixed Maturity Plan - Series 74 - 9 Years Plan U,Close Ended Schemes(Income),Regular,False,,,,False,False
130063,ICICI Prudential Fixed Maturity Plan - Series 74 - 9 Years Plan U,Close Ended Schemes(Income),Regular,False,,,,False,False
130061,ICICI Prudential Fixed Maturity Plan - Series 74 - 9 Years Plan U,Close Ended Schemes(Income),Regular,False,,,,False,False
131016,ICICI Prudential Fixed Maturity Plan - Series 75 - 1100 Days Plan F,Close Ended Schemes(Income),Regular,False,,,,False,False
131014,ICICI Prudential Fixed Maturity Plan - Series 75 - 1100 Days Plan F,Close Ended Schemes(Income),Regular,False,,,,False,False
131017,ICICI Prudential Fixed Maturity Plan - Series 75 - 1100 Days Plan F,Close Ended Schemes(Income),Regular,False,,,,False,False
131008,ICICI Prudential Fixed Maturity Plan - Series 75 - 1100 Days Plan G,Close Ended Schemes(Income),Regular,False,,,,False,False
131007,ICICI Prudential Fixed Maturity Plan - Series 75 - 1100 Days Plan G,Close Ended Schemes(Income),Regular,False,,,,False,False
131006,ICICI Prudential Fixed Maturity Plan - Series 75 - 1100 Days Plan G,Close Ended Schemes(Income),Regular,False,,,,False,False
131009,ICICI Prudential Fixed Maturity Plan - Series 75 - 1100 Days Plan G,Close Ended Schemes(Income),Regular,False,,,,False,False
131112,ICICI Prudential Fixed Maturity Plan - Series 75 - 1100 Days Plan H,Close Ended Schemes(Income),Regular,False,,,,False,False
131111,ICICI Prudential Fixed Maturity Plan - Series 75 - 1100 Days Plan H,Close Ended Schemes(Income),Regular,False,,,,False,False
131109,ICICI Prudential Fixed Maturity Plan - Series 75 - 1100 Days Plan H,Close Ended Schemes(Income),Regular,False,,,,False,False
131110,ICICI Prudential Fixed Maturity Plan - Series 75 - 1100 Days Plan H,Close Ended Schemes(Income),Regular,False,,,,False,False
131195,ICICI Prudential Fixed Maturity Plan - Series 75 - 1100 Days Plan I,Close Ended Schemes(Income),Regular,False,,,,False,False
131197,ICICI Prudential Fixed Maturity Plan - Series 75 - 1100 Days Plan I,Close Ended Schemes(Income),Regular,False,,,,False,False
131198,ICICI Prudential Fixed Maturity Plan - Series 75 - 1100 Days Plan I,Close Ended Schemes(Income),Regular,False,,,,False,False
131196,ICICI Prudential Fixed Maturity Plan - Series 75 - 1100 Days Plan I,Close Ended Schemes(Income),Regular,False,,,,False,False
131311,ICICI Prudential Fixed Maturity Plan - Series 75 - 1100 Days Plan J,Close Ended Schemes(Income),Regular,False,,,,False,False
131310,ICICI Prudential Fixed Maturity Plan - Series 75 - 1100 Days Plan J,Close Ended Schemes(Income),Regular,False,,,,False,False
131309,ICICI Prudential Fixed Maturity Plan - Series 75 - 1100 Days Plan J,Close Ended Schemes(Income),Regular,False,,,,False,False
131312,ICICI Prudential Fixed Maturity Plan - Series 75 - 1100 Days Plan J,Close Ended Schemes(Income),Regular,False,,,,False,False
131601,ICICI Prudential Fixed Maturity Plan - Series 75 - 1100 Days Plan N,Close Ended Schemes(Income),Regular,False,,,,False,False
131599,ICICI Prudential Fixed Maturity Plan - Series 75 - 1100 Days Plan N,Close Ended Schemes(Income),Regular,False,,,,False,False
131600,ICICI Prudential Fixed Maturity Plan - Series 75 - 1100 Days Plan N,Close Ended Schemes(Income),Regular,False,,,,False,False
131603,ICICI Prudential Fixed Maturity Plan - Series 75 - 1100 Days Plan O,Close Ended Schemes(Income),Regular,False,,,,False,False
131602,ICICI Prudential Fixed Maturity Plan - Series 75 - 1100 Days Plan O,Close Ended Schemes(Income),Regular,False,,,,False,False
131604,ICICI Prudential Fixed Maturity Plan - Series 75 - 1100 Days Plan O,Close Ended Schemes(Income),Regular,False,,,,False,False
132837,ICICI Prudential Fixed Maturity Plan - Series 75 - 1100 Days Plan Q,Close Ended Schemes(Income),Regular,False,,,,False,False
132834,ICICI Prudential Fixed Maturity Plan - Series 75 - 1100 Days Plan Q,Close Ended Schemes(Income),Regular,False,,,,False,False
132835,ICICI Prudential Fixed Maturity Plan - Series 75 - 1100 Days Plan Q,Close Ended Schemes(Income),Regular,False,,,,False,False
132836,ICICI Prudential Fixed Maturity Plan - Series 75 - 1100 Days Plan Q,Close Ended Schemes(Income),Regular,False,,,,False,False
132901,ICICI Prudential Fixed Maturity Plan - Series 75 - 1100 Days Plan R,Close Ended Schemes(Income),Regular,False,,,,False,False
132900,ICICI Prudential Fixed Maturity Plan - Series 75 - 1100 Days Plan R,Close Ended Schemes(Income),Regular,False,,,,False,False
132902,ICICI Prudential Fixed Maturity Plan - Series 75 - 1100 Days Plan R,Close Ended Schemes(Income),Regular,False,,,,False,False
133006,ICICI Prudential Fixed Maturity Plan - Series 75 - 1100 Days Plan T,Close Ended Schemes(Income),Regular,False,,,,False,False
133005,ICICI Prudential Fixed Maturity Plan - Series 75 - 1100 Days Plan T,Close Ended Schemes(Income),Regular,False,,,,False,False
133003,ICICI Prudential Fixed Maturity Plan - Series 75 - 1100 Days Plan T,Close Ended Schemes(Income),Regular,False,,,,False,False
131461,ICICI Prudential Fixed Maturity Plan - Series 75 - 1103 Days Plan L,Close Ended Schemes(Income),Regular,False,,,,False,False
131460,ICICI Prudential Fixed Maturity Plan - Series 75 - 1103 Days Plan L,Close Ended Schemes(Income),Regular,False,,,,False,False
131458,ICICI Prudential Fixed Maturity Plan - Series 75 - 1103 Days Plan L,Close Ended Schemes(Income),Regular,False,,,,False,False
131459,ICICI Prudential Fixed Maturity Plan - Series 75 - 1103 Days Plan L,Close Ended Schemes(Income),Regular,False,,,,False,False
132831,ICICI Prudential Fixed Maturity Plan - Series 75 - 1103 Days Plan P,Close Ended Schemes(Income),Regular,False,,,,False,False
132830,ICICI Prudential Fixed Maturity Plan - Series 75 - 1103 Days Plan P,Close Ended Schemes(Income),Regular,False,,,,False,False
132833,ICICI Prudential Fixed Maturity Plan - Series 75 - 1103 Days Plan P,Close Ended Schemes(Income),Regular,False,,,,False,False
132832,ICICI Prudential Fixed Maturity Plan - Series 75 - 1103 Days Plan P,Close Ended Schemes(Income),Regular,False,,,,False,False
133044,ICICI Prudential Fixed Maturity Plan - Series 75 - 1246 Days Plan U,Close Ended Schemes(Income),Regular,False,,,,False,False
133041,ICICI Prudential Fixed Maturity Plan - Series 75 - 1246 Days Plan U,Close Ended Schemes(Income),Regular,False,,,,False,False
133042,ICICI Prudential Fixed Maturity Plan - Series 75 - 1246 Days Plan U,Close Ended Schemes(Income),Regular,False,,,,False,False
133043,ICICI Prudential Fixed Maturity Plan - Series 75 - 1246 Days Plan U,Close Ended Schemes(Income),Regular,False,,,,False,False
130779,ICICI Prudential Fixed Maturity Plan - Series 75 - 1352 Days Plan E,Close Ended Schemes(Income),Regular,False,,,,False,False
130777,ICICI Prudential Fixed Maturity Plan - Series 75 - 1352 Days Plan E,Close Ended Schemes(Income),Regular,False,,,,False,False
130778,ICICI Prudential Fixed Maturity Plan - Series 75 - 1352 Days Plan E,Close Ended Schemes(Income),Regular,False,,,,False,False
130780,ICICI Prudential Fixed Maturity Plan - Series 75 - 1352 Days Plan E,Close Ended Schemes(Income),Regular,False,,,,False,False
133246,ICICI Prudential Fixed Maturity Plan - Series 76 - 1100 Days Plan D,Close Ended Schemes(Income),Regular,False,,,,False,False
133244,ICICI Prudential Fixed Maturity Plan - Series 76 - 1100 Days Plan D,Close Ended Schemes(Income),Regular,False,,,,False,False
133245,ICICI Prudential Fixed Maturity Plan - Series 76 - 1100 Days Plan D,Close Ended Schemes(Income),Regular,False,,,,False,False
133247,ICICI Prudential Fixed Maturity Plan - Series 76 - 1100 Days Plan D,Close Ended Schemes(Income),Regular,False,,,,False,False
133457,ICICI Prudential Fixed Maturity Plan - Series 76 - 1100 Days Plan G,Close Ended Schemes(Income),Regular,False,,,,False,False
133458,ICICI Prudential Fixed Maturity Plan - Series 76 - 1100 Days Plan G,Close Ended Schemes(Income),Regular,False,,,,False,False
133456,ICICI Prudential Fixed Maturity Plan - Series 76 - 1100 Days Plan G,Close Ended Schemes(Income),Regular,False,,,,False,False
134163,ICICI Prudential Fixed Maturity Plan - Series 76 - 1100 Days Plan T,Close Ended Schemes(Income),Regular,False,,,,False,False
134160,ICICI Prudential Fixed Maturity Plan - Series 76 - 1100 Days Plan T,Close Ended Schemes(Income),Regular,False,,,,False,False
134162,ICICI Prudential Fixed Maturity Plan - Series 76 - 1100 Days Plan T,Close Ended Schemes(Income),Regular,False,,,,False,False
133434,ICICI Prudential Fixed Maturity Plan - Series 76 - 1103 Days Plan F,Close Ended Schemes(Income),Regular,False,,,,False,False
133431,ICICI Prudential Fixed Maturity Plan - Series 76 - 1103 Days Plan F,Close Ended Schemes(Income),Regular,False,,,,False,False
133432,ICICI Prudential Fixed Maturity Plan - Series 76 - 1103 Days Plan F,Close Ended Schemes(Income),Regular,False,,,,False,False
133433,ICICI Prudential Fixed Maturity Plan - Series 76 - 1103 Days Plan F,Close Ended Schemes(Income),Regular,False,,,,False,False
134308,ICICI Prudential Fixed Maturity Plan - Series 76 - 1108 Days Plan V,Close Ended Schemes(Income),Regular,False,,,,False,False
134305,ICICI Prudential Fixed Maturity Plan - Series 76 - 1108 Days Plan V,Close Ended Schemes(Income),Regular,False,,,,False,False
134307,ICICI Prudential Fixed Maturity Plan - Series 76 - 1108 Days Plan V,Close Ended Schemes(Income),Regular,False,,,,False,False
134186,ICICI Prudential Fixed Maturity Plan - Series 76 - 1120 Days Plan U,Close Ended Schemes(Income),Regular,False,,,,False,False
134188,ICICI Prudential Fixed Maturity Plan - Series 76 - 1120 Days Plan U,Close Ended Schemes(Income),Regular,False,,,,False,False
134187,ICICI Prudential Fixed Maturity Plan - Series 76 - 1120 Days Plan U,Close Ended Schemes(Income),Regular,False,,,,False,False
134312,ICICI Prudential Fixed Maturity Plan - Series 76 - 1127 Days Plan W,Close Ended Schemes(Income),Regular,False,,,,False,False
134309,ICICI Prudential Fixed Maturity Plan - Series 76 - 1127 Days Plan W,Close Ended Schemes(Income),Regular,False,,,,False,False
134310,ICICI Prudential Fixed Maturity Plan - Series 76 - 1127 Days Plan W,Close Ended Schemes(Income),Regular,False,,,,False,False
134311,ICICI Prudential Fixed Maturity Plan - Series 76 - 1127 Days Plan W,Close Ended Schemes(Income),Regular,False,,,,False,False
134005,ICICI Prudential Fixed Maturity Plan - Series 76 - 1132 Days Plan P,Close Ended Schemes(Income),Regular,False,,,,False,False
134007,ICICI Prudential Fixed Maturity Plan - Series 76 - 1132 Days Plan P,Close Ended Schemes(Income),Regular,False,,,,False,False
134399,ICICI Prudential Fixed Maturity Plan - Series 76 - 1134 Days Plan Y,Close Ended Schemes(Income),Regular,False,,,,False,False
134397,ICICI Prudential Fixed Maturity Plan - Series 76 - 1134 Days Plan Y,Close Ended Schemes(Income),Regular,False,,,,False,False
134400,ICICI Prudential Fixed Maturity Plan - Series 76 - 1134 Days Plan Y,Close Ended Schemes(Income),Regular,False,,,,False,False
134458,ICICI Prudential Fixed Maturity Plan - Series 76 - 1135 Days Plan Z,Close Ended Schemes(Income),Regular,False,,,,False,False
134461,ICICI Prudential Fixed Maturity Plan - Series 76 - 1135 Days Plan Z,Close Ended Schemes(Income),Regular,False,,,,False,False
134460,ICICI Prudential Fixed Maturity Plan - Series 76 - 1135 Days Plan Z,Close Ended Schemes(Income),Regular,False,,,,False,False
134459,ICICI Prudential Fixed Maturity Plan - Series 76 - 1135 Days Plan Z,Close Ended Schemes(Income),Regular,False,,,,False,False
133874,ICICI Prudential Fixed Maturity Plan - Series 76 - 1142 Days Plan M,Close Ended Schemes(Income),Regular,False,,,,False,False
133875,ICICI Prudential Fixed Maturity Plan - Series 76 - 1142 Days Plan M,Close Ended Schemes(Income),Regular,False,,,,False,False
133876,ICICI Prudential Fixed Maturity Plan - Series 76 - 1142 Days Plan M,Close Ended Schemes(Income),Regular,False,,,,False,False
133877,ICICI Prudential Fixed Maturity Plan - Series 76 - 1142 Days Plan M,Close Ended Schemes(Income),Regular,False,,,,False,False
133673,ICICI Prudential Fixed Maturity Plan - Series 76 - 1155 Days Plan K,Close Ended Schemes(Income),Regular,False,,,,False,False
133670,ICICI Prudential Fixed Maturity Plan - Series 76 - 1155 Days Plan K,Close Ended Schemes(Income),Regular,False,,,,False,False
133672,ICICI Prudential Fixed Maturity Plan - Series 76 - 1155 Days Plan K,Close Ended Schemes(Income),Regular,False,,,,False,False
134928,ICICI Prudential Fixed Maturity Plan - Series 77 - 1100 Days Plan L,Close Ended Schemes(Income),Regular,False,,,,False,False
134929,ICICI Prudential Fixed Maturity Plan - Series 77 - 1100 Days Plan L,Close Ended Schemes(Income),Regular,False,,,,False,False
134926,ICICI Prudential Fixed Maturity Plan - Series 77 - 1100 Days Plan L,Close Ended Schemes(Income),Regular,False,,,,False,False
134927,ICICI Prudential Fixed Maturity Plan - Series 77 - 1100 Days Plan L,Close Ended Schemes(Income),Regular,False,,,,False,False
134931,ICICI Prudential Fixed Maturity Plan - Series 77 - 1100 Days Plan M,Close Ended Schemes(Income),Regular,False,,,,False,False
134930,ICICI Prudential Fixed Maturity Plan - Series 77 - 1100 Days Plan M,Close Ended Schemes(Income),Regular,False,,,,False,False
134933,ICICI Prudential Fixed Maturity Plan - Series 77 - 1100 Days Plan M,Close Ended Schemes(Income),Regular,False,,,,False,False
134932,ICICI Prudential Fixed Maturity Plan - Series 77 - 1100 Days Plan M,Close Ended Schemes(Income),Regular,False,,,,False,False
135403,ICICI Prudential Fixed Maturity Plan - Series 77 - 1129 Days Plan W,Close Ended Schemes(Income),Regular,False,,,,False,False
135401,ICICI Prudential Fixed Maturity Plan - Series 77 - 1129 Days Plan W,Close Ended Schemes(Income),Regular,False,,,,False,False
135400,ICICI Prudential Fixed Maturity Plan - Series 77 - 1129 Days Plan W,Close Ended Schemes(Income),Regular,False,,,,False,False
134628,ICICI Prudential Fixed Maturity Plan - Series 77 - 1130 Days Plan D,Close Ended Schemes(Income),Regular,False,,,,False,False
134630,ICICI Prudential Fixed Maturity Plan - Series 77 - 1130 Days Plan D,Close Ended Schemes(Income),Regular,False,,,,False,False
134629,ICICI Prudential Fixed Maturity Plan - Series 77 - 1130 Days Plan D,Close Ended Schemes(Income),Regular,False,,,,False,False
134540,ICICI Prudential Fixed Maturity Plan - Series 77 - 1132 Days Plan A,Close Ended Schemes(Income),Regular,False,,,,False,False
134539,ICICI Prudential Fixed Maturity Plan - Series 77 - 1132 Days Plan A,Close Ended Schemes(Income),Regular,False,,,,False,False
134537,ICICI Prudential Fixed Maturity Plan - Series 77 - 1132 Days Plan A,Close Ended Schemes(Income),Regular,False,,,,False,False
134538,ICICI Prudential Fixed Maturity Plan - Series 77 - 1132 Days Plan A,Close Ended Schemes(Income),Regular,False,,,,False,False
134731,ICICI Prudential Fixed Maturity Plan - Series 77 - 1134 Days Plan H,Close Ended Schemes(Income),Regular,False,,,,False,False
134730,ICICI Prudential Fixed Maturity Plan - Series 77 - 1134 Days Plan H,Close Ended Schemes(Income),Regular,False,,,,False,False
134733,ICICI Prudential Fixed Maturity Plan - Series 77 - 1134 Days Plan H,Close Ended Schemes(Income),Regular,False,,,,False,False
135318,ICICI Prudential Fixed Maturity Plan - Series 77 - 1144 Days Plan T,Close Ended Schemes(Income),Regular,False,,,,False,False
135316,ICICI Prudential Fixed Maturity Plan - Series 77 - 1144 Days Plan T,Close Ended Schemes(Income),Regular,False,,,,False,False
135319,ICICI Prudential Fixed Maturity Plan - Series 77 - 1144 Days Plan T,Close Ended Schemes(Income),Regular,False,,,,False,False
135289,ICICI Prudential Fixed Maturity Plan - Series 77 - 1151 Days Plan S,Close Ended Schemes(Income),Regular,False,,,,False,False
135286,ICICI Prudential Fixed Maturity Plan - Series 77 - 1151 Days Plan S,Close Ended Schemes(Income),Regular,False,,,,False,False
135288,ICICI Prudential Fixed Maturity Plan - Series 77 - 1151 Days Plan S,Close Ended Schemes(Income),Regular,False,,,,False,False
135287,ICICI Prudential Fixed Maturity Plan - Series 77 - 1151 Days Plan S,Close Ended Schemes(Income),Regular,False,,,,False,False
134573,ICICI Prudential Fixed Maturity Plan - Series 77 - 1473 Days Plan C,Close Ended Schemes(Income),Regular,False,,,,False,False
134575,ICICI Prudential Fixed Maturity Plan - Series 77 - 1473 Days Plan C,Close Ended Schemes(Income),Regular,False,,,,False,False
134576,ICICI Prudential Fixed Maturity Plan - Series 77 - 1473 Days Plan C,Close Ended Schemes(Income),Regular,False,,,,False,False
134574,ICICI Prudential Fixed Maturity Plan - Series 77 - 1473 Days Plan C,Close Ended Schemes(Income),Regular,False,,,,False,False
139253,ICICI Prudential Fixed Maturity Plan - Series 78 - 1102 Days Plan Z,Close Ended Schemes(Income),Regular,False,,,,False,False
139255,ICICI Prudential Fixed Maturity Plan - Series 78 - 1102 Days Plan Z,Close Ended Schemes(Income),Regular,False,,,,False,False
139256,ICICI Prudential Fixed Maturity Plan - Series 78 - 1102 Days Plan Z,Close Ended Schemes(Income),Regular,False,,,,False,False
139254,ICICI Prudential Fixed Maturity Plan - Series 78 - 1102 Days Plan Z,Close Ended Schemes(Income),Regular,False,,,,False,False
139178,ICICI Prudential Fixed Maturity Plan - Series 78 - 1115 Days Plan X,Close Ended Schemes(Income),Regular,False,,,,False,False
139180,ICICI Prudential Fixed Maturity Plan - Series 78 - 1115 Days Plan X,Close Ended Schemes(Income),Regular,False,,,,False,False
139179,ICICI Prudential Fixed Maturity Plan - Series 78 - 1115 Days Plan X,Close Ended Schemes(Income),Regular,False,,,,False,False
136462,ICICI Prudential Fixed Maturity Plan - Series 78 - 1127 Days Plan R,Close Ended Schemes(Income),Regular,False,,,,False,False
136461,ICICI Prudential Fixed Maturity Plan - Series 78 - 1127 Days Plan R,Close Ended Schemes(Income),Regular,False,,,,False,False
136460,ICICI Prudential Fixed Maturity Plan - Series 78 - 1127 Days Plan R,Close Ended Schemes(Income),Regular,False,,,,False,False
136459,ICICI Prudential Fixed Maturity Plan - Series 78 - 1127 Days Plan R,Close Ended Schemes(Income),Regular,False,,,,False,False
139107,ICICI Prudential Fixed Maturity Plan - Series 78 - 1130 Days Plan T,Close Ended Schemes(Income),Regular,False,,,,False,False
139109,ICICI Prudential Fixed Maturity Plan - Series 78 - 1130 Days Plan T,Close Ended Schemes(Income),Regular,False,,,,False,False
139110,ICICI Prudential Fixed Maturity Plan - Series 78 - 1130 Days Plan T,Close Ended Schemes(Income),Regular,False,,,,False,False
139103,ICICI Prudential Fixed Maturity Plan - Series 78 - 1135 Days Plan W,Close Ended Schemes(Income),Regular,False,,,,False,False
139104,ICICI Prudential Fixed Maturity Plan - Series 78 - 1135 Days Plan W,Close Ended Schemes(Income),Regular,False,,,,False,False
136294,ICICI Prudential Fixed Maturity Plan - Series 78 - 1150 Days Plan N,Close Ended Schemes(Income),Regular,False,,,,False,False
136295,ICICI Prudential Fixed Maturity Plan - Series 78 - 1150 Days Plan N,Close Ended Schemes(Income),Regular,False,,,,False,False
136297,ICICI Prudential Fixed Maturity Plan - Series 78 - 1150 Days Plan N,Close Ended Schemes(Income),Regular,False,,,,False,False
136296,ICICI Prudential Fixed Maturity Plan - Series 78 - 1150 Days Plan N,Close Ended Schemes(Income),Regular,False,,,,False,False
139101,ICICI Prudential Fixed Maturity Plan - Series 78 - 1156 Days Plan U,Close Ended Schemes(Income),Regular,False,,,,False,False
139099,ICICI Prudential Fixed Maturity Plan - Series 78 - 1156 Days Plan U,Close Ended Schemes(Income),Regular,False,,,,False,False
139102,ICICI Prudential Fixed Maturity Plan - Series 78 - 1156 Days Plan U,Close Ended Schemes(Income),Regular,False,,,,False,False
136228,ICICI Prudential Fixed Maturity Plan - Series 78 - 1168 Days Plan J,Close Ended Schemes(Income),Regular,False,,,,False,False
136230,ICICI Prudential Fixed Maturity Plan - Series 78 - 1168 Days Plan J,Close Ended Schemes(Income),Regular,False,,,,False,False
136231,ICICI Prudential Fixed Maturity Plan - Series 78 - 1168 Days Plan J,Close Ended Schemes(Income),Regular,False,,,,False,False
136229,ICICI Prudential Fixed Maturity Plan - Series 78 - 1168 Days Plan J,Close Ended Schemes(Income),Regular,False,,,,False,False
136224,ICICI Prudential Fixed Maturity Plan - Series 78 - 1170 Days Plan I,Close Ended Schemes(Income),Regular,False,,,,False,False
136226,ICICI Prudential Fixed Maturity Plan - Series 78 - 1170 Days Plan I,Close Ended Schemes(Income),Regular,False,,,,False,False
136227,ICICI Prudential Fixed Maturity Plan - Series 78 - 1170 Days Plan I,Close Ended Schemes(Income),Regular,False,,,,False,False
136225,ICICI Prudential Fixed Maturity Plan - Series 78 - 1170 Days Plan I,Close Ended Schemes(Income),Regular,False,,,,False,False
136047,ICICI Prudential Fixed Maturity Plan - Series 78 - 1185 Days Plan F,Close Ended Schemes(Income),Regular,False,,,,False,False
136046,ICICI Prudential Fixed Maturity Plan - Series 78 - 1185 Days Plan F,Close Ended Schemes(Income),Regular,False,,,,False,False
136049,ICICI Prudential Fixed Maturity Plan - Series 78 - 1185 Days Plan F,Close Ended Schemes(Income),Regular,False,,,,False,False
136048,ICICI Prudential Fixed Maturity Plan - Series 78 - 1185 Days Plan F,Close Ended Schemes(Income),Regular,False,,,,False,False
135930,ICICI Prudential Fixed Maturity Plan - Series 78 - 1190 Days Plan C,Close Ended Schemes(Income),Regular,False,,,,False,False
135928,ICICI Prudential Fixed Maturity Plan - Series 78 - 1190 Days Plan C,Close Ended Schemes(Income),Regular,False,,,,False,False
135929,ICICI Prudential Fixed Maturity Plan - Series 78 - 1190 Days Plan C,Close Ended Schemes(Income),Regular,False,,,,False,False
135931,ICICI Prudential Fixed Maturity Plan - Series 78 - 1190 Days Plan C,Close Ended Schemes(Income),Regular,False,,,,False,False
135995,ICICI Prudential Fixed Maturity Plan - Series 78 - 1190 Days Plan E,Close Ended Schemes(Income),Regular,False,,,,False,False
135992,ICICI Prudential Fixed Maturity Plan - Series 78 - 1190 Days Plan E,Close Ended Schemes(Income),Regular,False,,,,False,False
135993,ICICI Prudential Fixed Maturity Plan - Series 78 - 1190 Days Plan E,Close Ended Schemes(Income),Regular,False,,,,False,False
135994,ICICI Prudential Fixed Maturity Plan - Series 78 - 1190 Days Plan E,Close Ended Schemes(Income),Regular,False,,,,False,False
135846,ICICI Prudential Fixed Maturity Plan - Series 78 - 1212 Days Plan A,Close Ended Schemes(Income),Regular,False,,,,False,False
135847,ICICI Prudential Fixed Maturity Plan - Series 78 - 1212 Days Plan A,Close Ended Schemes(Income),Regular,False,,,,False,False
135845,ICICI Prudential Fixed Maturity Plan - Series 78 - 1212 Days Plan A,Close Ended Schemes(Income),Regular,False,,,,False,False
135848,ICICI Prudential Fixed Maturity Plan - Series 78 - 1212 Days Plan A,Close Ended Schemes(Income),Regular,False,,,,False,False
139114,ICICI Prudential Fixed Maturity Plan - Series 78 - 1281 Days Plan V,Close Ended Schemes(Income),Regular,False,,,,False,False
139113,ICICI Prudential Fixed Maturity Plan - Series 78 - 1281 Days Plan V,Close Ended Schemes(Income),Regular,False,,,,False,False
139111,ICICI Prudential Fixed Maturity Plan - Series 78 - 1281 Days Plan V,Close Ended Schemes(Income),Regular,False,,,,False,False
139112,ICICI Prudential Fixed Maturity Plan - Series 78 - 1281 Days Plan V,Close Ended Schemes(Income),Regular,False,,,,False,False
136239,ICICI Prudential Fixed Maturity Plan - Series 78 - 188 Days Plan L,Close Ended Schemes(Income),Regular,False,,,,False,False
136238,ICICI Prudential Fixed Maturity Plan - Series 78 - 188 Days Plan L,Close Ended Schemes(Income),Regular,False,,,,False,False
136237,ICICI Prudential Fixed Maturity Plan - Series 78 - 188 Days Plan L,Close Ended Schemes(Income),Regular,False,,,,False,False
136236,ICICI Prudential Fixed Maturity Plan - Series 78 - 188 Days Plan L,Close Ended Schemes(Income),Regular,False,,,,False,False
136220,ICICI Prudential Fixed Maturity Plan - Series 78 - 95 Days Plan K,Close Ended Schemes(Income),Regular,False,,,,False,False
136221,ICICI Prudential Fixed Maturity Plan - Series 78 - 95 Days Plan K,Close Ended Schemes(Income),Regular,False,,,,False,False
136223,ICICI Prudential Fixed Maturity Plan - Series 78 - 95 Days Plan K,Close Ended Schemes(Income),Regular,False,,,,False,False
136222,ICICI Prudential Fixed Maturity Plan - Series 78 - 95 Days Plan K,Close Ended Schemes(Income),Regular,False,,,,False,False
136298,ICICI Prudential Fixed Maturity Plan - Series 78 -95 Days Plan M,Close Ended Schemes(Income),Regular,False,,,,False,False
136301,ICICI Prudential Fixed Maturity Plan - Series 78 -95 Days Plan M,Close Ended Schemes(Income),Regular,False,,,,False,False
136299,ICICI Prudential Fixed Maturity Plan - Series 78 -95 Days Plan M,Close Ended Schemes(Income),Regular,False,,,,False,False
136300,ICICI Prudential Fixed Maturity Plan - Series 78 -95 Days Plan M,Close Ended Schemes(Income),Regular,False,,,,False,False
139762,ICICI Prudential Fixed Maturity Plan - Series 79 - 1104 Days Plan O,Close Ended Schemes(Income),Regular,False,,,,False,False
139761,ICICI Prudential Fixed Maturity Plan - Series 79 - 1104 Days Plan O,Close Ended Schemes(Income),Regular,False,,,,False,False
139760,ICICI Prudential Fixed Maturity Plan - Series 79 - 1104 Days Plan O,Close Ended Schemes(Income),Regular,False,,,,False,False
139759,ICICI Prudential Fixed Maturity Plan - Series 79 - 1104 Days Plan O,Close Ended Schemes(Income),Regular,False,,,,False,False
139841,ICICI Prudential Fixed Maturity Plan - Series 79 - 1104 Days Plan P,Close Ended Schemes(Income),Regular,False,,,,False,False
139842,ICICI Prudential Fixed Maturity Plan - Series 79 - 1104 Days Plan P,Close Ended Schemes(Income),Regular,False,,,,False,False
139843,ICICI Prudential Fixed Maturity Plan - Series 79 - 1104 Days Plan P,Close Ended Schemes(Income),Regular,False,,,,False,False
139844,ICICI Prudential Fixed Maturity Plan - Series 79 - 1104 Days Plan P,Close Ended Schemes(Income),Regular,False,,,,False,False
139342,ICICI Prudential Fixed Maturity Plan - Series 79 - 1105 Days Plan B,Close Ended Schemes(Income),Regular,False,,,,False,False
139341,ICICI Prudential Fixed Maturity Plan - Series 79 - 1105 Days Plan B,Close Ended Schemes(Income),Regular,False,,,,False,False
139343,ICICI Prudential Fixed Maturity Plan - Series 79 - 1105 Days Plan B,Close Ended Schemes(Income),Regular,False,,,,False,False
139340,ICICI Prudential Fixed Maturity Plan - Series 79 - 1105 Days Plan B,Close Ended Schemes(Income),Regular,False,,,,False,False
139747,ICICI Prudential Fixed Maturity Plan - Series 79 - 1106 Days Plan M,Close Ended Schemes(Income),Regular,False,,,,False,False
139749,ICICI Prudential Fixed Maturity Plan - Series 79 - 1106 Days Plan M,Close Ended Schemes(Income),Regular,False,,,,False,False
139748,ICICI Prudential Fixed Maturity Plan - Series 79 - 1106 Days Plan M,Close Ended Schemes(Income),Regular,False,,,,False,False
139750,ICICI Prudential Fixed Maturity Plan - Series 79 - 1106 Days Plan M,Close Ended Schemes(Income),Regular,False,,,,False,False
139704,ICICI Prudential Fixed Maturity Plan - Series 79 - 1118 Days Plan K,Close Ended Schemes(Income),Regular,False,,,,False,False
139702,ICICI Prudential Fixed Maturity Plan - Series 79 - 1118 Days Plan K,Close Ended Schemes(Income),Regular,False,,,,False,False
139703,ICICI Prudential Fixed Maturity Plan - Series 79 - 1118 Days Plan K,Close Ended Schemes(Income),Regular,False,,,,False,False
139701,ICICI Prudential Fixed Maturity Plan - Series 79 - 1118 Days Plan K,Close Ended Schemes(Income),Regular,False,,,,False,False
139642,ICICI Prudential Fixed Maturity Plan - Series 79 - 1120 Days Plan J,Close Ended Schemes(Income),Regular,False,,,,False,False
139643,ICICI Prudential Fixed Maturity Plan - Series 79 - 1120 Days Plan J,Close Ended Schemes(Income),Regular,False,,,,False,False
139645,ICICI Prudential Fixed Maturity Plan - Series 79 - 1120 Days Plan J,Close Ended Schemes(Income),Regular,False,,,,False,False
139475,ICICI Prudential Fixed Maturity Plan - Series 79 - 1130 Days Plan E,Close Ended Schemes(Income),Regular,False,,,,False,False
139477,ICICI Prudential Fixed Maturity Plan - Series 79 - 1130 Days Plan E,Close Ended Schemes(Income),Regular,False,,,,False,False
139476,ICICI Prudential Fixed Maturity Plan - Series 79 - 1130 Days Plan E,Close Ended Schemes(Income),Regular,False,,,,False,False
139474,ICICI Prudential Fixed Maturity Plan - Series 79 - 1130 Days Plan E,Close Ended Schemes(Income),Regular,False,,,,False,False
139451,ICICI Prudential Fixed Maturity Plan - Series 79 - 1140 Days Plan D,Close Ended Schemes(Income),Regular,False,,,,False,False
139453,ICICI Prudential Fixed Maturity Plan - Series 79 - 1140 Days Plan D,Close Ended Schemes(Income),Regular,False,,,,False,False
139452,ICICI Prudential Fixed Maturity Plan - Series 79 - 1140 Days Plan D,Close Ended Schemes(Income),Regular,False,,,,False,False
139454,ICICI Prudential Fixed Maturity Plan - Series 79 - 1140 Days Plan D,Close Ended Schemes(Income),Regular,False,,,,False,False
139295,ICICI Prudential Fixed Maturity Plan - Series 79 - 1218 Days Plan A,Close Ended Schemes(Income),Regular,False,,,,False,False
139297,ICICI Prudential Fixed Maturity Plan - Series 79 - 1218 Days Plan A,Close Ended Schemes(Income),Regular,False,,,,False,False
139298,ICICI Prudential Fixed Maturity Plan - Series 79 - 1218 Days Plan A,Close Ended Schemes(Income),Regular,False,,,,False,False
139296,ICICI Prudential Fixed Maturity Plan - Series 79 - 1218 Days Plan A,Close Ended Schemes(Income),Regular,False,,,,False,False
139943,ICICI Prudential Fixed Maturity Plan - Series 79 - 1404 Days Plan T,Close Ended Schemes(Income),Regular,False,,,,False,False
139941,ICICI Prudential Fixed Maturity Plan - Series 79 - 1404 Days Plan T,Close Ended Schemes(Income),Regular,False,,,,False,False
139944,ICICI Prudential Fixed Maturity Plan - Series 79 - 1404 Days Plan T,Close Ended Schemes(Income),Regular,False,,,,False,False
140019,ICICI Prudential Fixed Maturity Plan - Series 80 - 1100 Days Plan A,Close Ended Schemes(Income),Regular,False,,,,False,False
140022,ICICI Prudential Fixed Maturity Plan - Series 80 - 1100 Days Plan A,Close Ended Schemes(Income),Regular,False,,,,False,False
140020,ICICI Prudential Fixed Maturity Plan - Series 80 - 1100 Days Plan A,Close Ended Schemes(Income),Regular,False,,,,False,False
140021,ICICI Prudential Fixed Maturity Plan - Series 80 - 1100 Days Plan A,Close Ended Schemes(Income),Regular,False,,,,False,False
141089,ICICI Prudential Fixed Maturity Plan - Series 80 - 1125 Days Plan S,Close Ended Schemes(Income),Regular,False,,,,False,False
141090,ICICI Prudential Fixed Maturity Plan - Series 80 - 1125 Days Plan S,Close Ended Schemes(Income),Regular,False,,,,False,False
141091,ICICI Prudential Fixed Maturity Plan - Series 80 - 1125 Days Plan S,Close Ended Schemes(Income),Regular,False,,,,False,False
141092,ICICI Prudential Fixed Maturity Plan - Series 80 - 1125 Days Plan S,Close Ended Schemes(Income),Regular,False,,,,False,False
140955,ICICI Prudential Fixed Maturity Plan - Series 80 - 1138 Days Plan R,Close Ended Schemes(Income),Regular,False,,,,False,False
140957,ICICI Prudential Fixed Maturity Plan - Series 80 - 1138 Days Plan R,Close Ended Schemes(Income),Regular,False,,,,False,False
140956,ICICI Prudential Fixed Maturity Plan - Series 80 - 1138 Days Plan R,Close Ended Schemes(Income),Regular,False,,,,False,False
140954,ICICI Prudential Fixed Maturity Plan - Series 80 - 1138 Days Plan R,Close Ended Schemes(Income),Regular,False,,,,False,False
140776,ICICI Prudential Fixed Maturity Plan - Series 80 - 1150 Days Plan N,Close Ended Schemes(Income),Regular,False,,,,False,False
140774,ICICI Prudential Fixed Maturity Plan - Series 80 - 1150 Days Plan N,Close Ended Schemes(Income),Regular,False,,,,False,False
140775,ICICI Prudential Fixed Maturity Plan - Series 80 - 1150 Days Plan N,Close Ended Schemes(Income),Regular,False,,,,False,False
140773,ICICI Prudential Fixed Maturity Plan - Series 80 - 1150 Days Plan N,Close Ended Schemes(Income),Regular,False,,,,False,False
140621,ICICI Prudential Fixed Maturity Plan - Series 80 - 1170 Days Plan I,Close Ended Schemes(Income),Regular,False,,,,False,False
140623,ICICI Prudential Fixed Maturity Plan - Series 80 - 1170 Days Plan I,Close Ended Schemes(Income),Regular,False,,,,False,False
140624,ICICI Prudential Fixed Maturity Plan - Series 80 - 1170 Days Plan I,Close Ended Schemes(Income),Regular,False,,,,False,False
140622,ICICI Prudential Fixed Maturity Plan - Series 80 - 1170 Days Plan I,Close Ended Schemes(Income),Regular,False,,,,False,False
141097,ICICI Prudential Fixed Maturity Plan - Series 80 - 1216 Days Plan U,Close Ended Schemes(Income),Regular,False,,,,False,False
141098,ICICI Prudential Fixed Maturity Plan - Series 80 - 1216 Days Plan U,Close Ended Schemes(Income),Regular,False,,,,False,False
141100,ICICI Prudential Fixed Maturity Plan - Series 80 - 1216 Days Plan U,Close Ended Schemes(Income),Regular,False,,,,False,False
141099,ICICI Prudential Fixed Maturity Plan - Series 80 - 1216 Days Plan U,Close Ended Schemes(Income),Regular,False,,,,False,False
141163,ICICI Prudential Fixed Maturity Plan - Series 80 - 1225 Days Plan T,Close Ended Schemes(Income),Regular,False,,,,False,False
141166,ICICI Prudential Fixed Maturity Plan - Series 80 - 1225 Days Plan T,Close Ended Schemes(Income),Regular,False,,,,False,False
141164,ICICI Prudential Fixed Maturity Plan - Series 80 - 1225 Days Plan T,Close Ended Schemes(Income),Regular,False,,,,False,False
141165,ICICI Prudential Fixed Maturity Plan - Series 80 - 1225 Days Plan T,Close Ended Schemes(Income),Regular,False,,,,False,False
140942,ICICI Prudential Fixed Maturity Plan - Series 80 - 1227 Days Plan Q,Close Ended Schemes(Income),Regular,False,,,,False,False
140944,ICICI Prudential Fixed Maturity Plan - Series 80 - 1227 Days Plan Q,Close Ended Schemes(Income),Regular,False,,,,False,False
140945,ICICI Prudential Fixed Maturity Plan - Series 80 - 1227 Days Plan Q,Close Ended Schemes(Income),Regular,False,,,,False,False
140932,ICICI Prudential Fixed Maturity Plan - Series 80 - 1231 Days Plan P,Close Ended Schemes(Income),Regular,False,,,,False,False
140934,ICICI Prudential Fixed Maturity Plan - Series 80 - 1231 Days Plan P,Close Ended Schemes(Income),Regular,False,,,,False,False
140935,ICICI Prudential Fixed Maturity Plan - Series 80 - 1231 Days Plan P,Close Ended Schemes(Income),Regular,False,,,,False,False
140931,ICICI Prudential Fixed Maturity Plan - Series 80 - 1233 Days Plan O,Close Ended Schemes(Income),Regular,False,,,,False,False
140928,ICICI Prudential Fixed Maturity Plan - Series 80 - 1233 Days Plan O,Close Ended Schemes(Income),Regular,False,,,,False,False
140929,ICICI Prudential Fixed Maturity Plan - Series 80 - 1233 Days Plan O,Close Ended Schemes(Income),Regular,False,,,,False,False
140777,ICICI Prudential Fixed Maturity Plan - Series 80 - 1245 Days Plan L,Close Ended Schemes(Income),Regular,False,,,,False,False
140778,ICICI Prudential Fixed Maturity Plan - Series 80 - 1245 Days Plan L,Close Ended Schemes(Income),Regular,False,,,,False,False
140779,ICICI Prudential Fixed Maturity Plan - Series 80 - 1245 Days Plan L,Close Ended Schemes(Income),Regular,False,,,,False,False
140780,ICICI Prudential Fixed Maturity Plan - Series 80 - 1245 Days Plan L,Close Ended Schemes(Income),Regular,False,,,,False,False
140111,ICICI Prudential Fixed Maturity Plan - Series 80 - 1248 Days Plan D,Close Ended Schemes(Income),Regular,False,,,,False,False
140109,ICICI Prudential Fixed Maturity Plan - Series 80 - 1248 Days Plan D,Close Ended Schemes(Income),Regular,False,,,,False,False
140108,ICICI Prudential Fixed Maturity Plan - Series 80 - 1248 Days Plan D,Close Ended Schemes(Income),Regular,False,,,,False,False
140661,ICICI Prudential Fixed Maturity Plan - Series 80 - 1253 Days Plan J,Close Ended Schemes(Income),Regular,False,,,,False,False
140663,ICICI Prudential Fixed Maturity Plan - Series 80 - 1253 Days Plan J,Close Ended Schemes(Income),Regular,False,,,,False,False
140662,ICICI Prudential Fixed Maturity Plan - Series 80 - 1253 Days Plan J,Close Ended Schemes(Income),Regular,False,,,,False,False
141599,ICICI Prudential Fixed Maturity Plan - Series 81 - 1100 Days Plan O,Close Ended Schemes(Income),Regular,False,,,,False,False
141597,ICICI Prudential Fixed Maturity Plan - Series 81 - 1100 Days Plan O,Close Ended Schemes(Income),Regular,False,,,,False,False
141600,ICICI Prudential Fixed Maturity Plan - Series 81 - 1100 Days Plan O,Close Ended Schemes(Income),Regular,False,,,,False,False
141598,ICICI Prudential Fixed Maturity Plan - Series 81 - 1100 Days Plan O,Close Ended Schemes(Income),Regular,False,,,,False,False
141694,ICICI Prudential Fixed Maturity Plan - Series 81 - 1100 Days Plan R,Close Ended Schemes(Income),Regular,False,,,,False,False
141697,ICICI Prudential Fixed Maturity Plan - Series 81 - 1100 Days Plan R,Close Ended Schemes(Income),Regular,False,,,,False,False
141696,ICICI Prudential Fixed Maturity Plan - Series 81 - 1100 Days Plan R,Close Ended Schemes(Income),Regular,False,,,,False,False
141695,ICICI Prudential Fixed Maturity Plan - Series 81 - 1100 Days Plan R,Close Ended Schemes(Income),Regular,False,,,,False,False
141856,ICICI Prudential Fixed Maturity Plan - Series 81 - 1100 Days Plan W,Close Ended Schemes(Income),Regular,False,,,,False,False
141854,ICICI Prudential Fixed Maturity Plan - Series 81 - 1100 Days Plan W,Close Ended Schemes(Income),Regular,False,,,,False,False
141855,ICICI Prudential Fixed Maturity Plan - Series 81 - 1100 Days Plan W,Close Ended Schemes(Income),Regular,False,,,,False,False
141853,ICICI Prudential Fixed Maturity Plan - Series 81 - 1100 Days Plan W,Close Ended Schemes(Income),Regular,False,,,,False,False
141264,ICICI Prudential Fixed Maturity Plan - Series 81 - 1101 Days Plan C,Close Ended Schemes(Income),Regular,False,,,,False,False
141262,ICICI Prudential Fixed Maturity Plan - Series 81 - 1101 Days Plan C,Close Ended Schemes(Income),Regular,False,,,,False,False
141263,ICICI Prudential Fixed Maturity Plan - Series 81 - 1101 Days Plan C,Close Ended Schemes(Income),Regular,False,,,,False,False
141261,ICICI Prudential Fixed Maturity Plan - Series 81 - 1101 Days Plan C,Close Ended Schemes(Income),Regular,False,,,,False,False
141332,ICICI Prudential Fixed Maturity Plan - Series 81 - 1101 Days Plan E,Close Ended Schemes(Income),Regular,False,,,,False,False
141329,ICICI Prudential Fixed Maturity Plan - Series 81 - 1101 Days Plan E,Close Ended Schemes(Income),Regular,False,,,,False,False
141331,ICICI Prudential Fixed Maturity Plan - Series 81 - 1101 Days Plan E,Close Ended Schemes(Income),Regular,False,,,,False,False
141330,ICICI Prudential Fixed Maturity Plan - Series 81 - 1101 Days Plan E,Close Ended Schemes(Income),Regular,False,,,,False,False
141371,ICICI Prudential Fixed Maturity Plan - Series 81 - 1116 Days Plan I,Close Ended Schemes(Income),Regular,False,,,,False,False
141373,ICICI Prudential Fixed Maturity Plan - Series 81 - 1116 Days Plan I,Close Ended Schemes(Income),Regular,False,,,,False,False
141374,ICICI Prudential Fixed Maturity Plan - Series 81 - 1116 Days Plan I,Close Ended Schemes(Income),Regular,False,,,,False,False
141516,ICICI Prudential Fixed Maturity Plan - Series 81 - 1150 Days Plan K,Close Ended Schemes(Income),Regular,False,,,,False,False
141514,ICICI Prudential Fixed Maturity Plan - Series 81 - 1150 Days Plan K,Close Ended Schemes(Income),Regular,False,,,,False,False
141517,ICICI Prudential Fixed Maturity Plan - Series 81 - 1150 Days Plan K,Close Ended Schemes(Income),Regular,False,,,,False,False
141515,ICICI Prudential Fixed Maturity Plan - Series 81 - 1150 Days Plan K,Close Ended Schemes(Income),Regular,False,,,,False,False
141472,ICICI Prudential Fixed Maturity Plan - Series 81 - 1154 Days Plan J,Close Ended Schemes(Income),Regular,False,,,,False,False
141473,ICICI Prudential Fixed Maturity Plan - Series 81 - 1154 Days Plan J,Close Ended Schemes(Income),Regular,False,,,,False,False
141471,ICICI Prudential Fixed Maturity Plan - Series 81 - 1154 Days Plan J,Close Ended Schemes(Income),Regular,False,,,,False,False
141474,ICICI Prudential Fixed Maturity Plan - Series 81 - 1154 Days Plan J,Close Ended Schemes(Income),Regular,False,,,,False,False
141668,ICICI Prudential Fixed Maturity Plan - Series 81 - 1162 Days Plan P,Close Ended Schemes(Income),Regular,False,,,,False,False
141670,ICICI Prudential Fixed Maturity Plan - Series 81 - 1162 Days Plan P,Close Ended Schemes(Income),Regular,False,,,,False,False
141669,ICICI Prudential Fixed Maturity Plan - Series 81 - 1162 Days Plan P,Close Ended Schemes(Income),Regular,False,,,,False,False
141671,ICICI Prudential Fixed Maturity Plan - Series 81 - 1162 Days Plan P,Close Ended Schemes(Income),Regular,False,,,,False,False
141687,ICICI Prudential Fixed Maturity Plan - Series 81 - 1163 Days Plan Q,Close Ended Schemes(Income),Regular,False,,,,False,False
141686,ICICI Prudential Fixed Maturity Plan - Series 81 - 1163 Days Plan Q,Close Ended Schemes(Income),Regular,False,,,,False,False
141688,ICICI Prudential Fixed Maturity Plan - Series 81 - 1163 Days Plan Q,Close Ended Schemes(Income),Regular,False,,,,False,False
141689,ICICI Prudential Fixed Maturity Plan - Series 81 - 1163 Days Plan Q,Close Ended Schemes(Income),Regular,False,,,,False,False
141355,ICICI Prudential Fixed Maturity Plan - Series 81 - 1178 Days Plan H,Close Ended Schemes(Income),Regular,False,,,,False,False
141357,ICICI Prudential Fixed Maturity Plan - Series 81 - 1178 Days Plan H,Close Ended Schemes(Income),Regular,False,,,,False,False
141358,ICICI Prudential Fixed Maturity Plan - Series 81 - 1178 Days Plan H,Close Ended Schemes(Income),Regular,False,,,,False,False
141356,ICICI Prudential Fixed Maturity Plan - Series 81 - 1178 Days Plan H,Close Ended Schemes(Income),Regular,False,,,,False,False
141354,ICICI Prudential Fixed Maturity Plan - Series 81 - 1185 Days Plan G,Close Ended Schemes(Income),Regular,False,,,,False,False
141352,ICICI Prudential Fixed Maturity Plan - Series 81 - 1185 Days Plan G,Close Ended Schemes(Income),Regular,False,,,,False,False
141351,ICICI Prudential Fixed Maturity Plan - Series 81 - 1185 Days Plan G,Close Ended Schemes(Income),Regular,False,,,,False,False
141343,ICICI Prudential Fixed Maturity Plan - Series 81 - 1190 Days Plan F,Close Ended Schemes(Income),Regular,False,,,,False,False
141346,ICICI Prudential Fixed Maturity Plan - Series 81 - 1190 Days Plan F,Close Ended Schemes(Income),Regular,False,,,,False,False
141345,ICICI Prudential Fixed Maturity Plan - Series 81 - 1190 Days Plan F,Close Ended Schemes(Income),Regular,False,,,,False,False
141269,ICICI Prudential Fixed Maturity Plan - Series 81 - 1195 Days Plan D,Close Ended Schemes(Income),Regular,False,,,,False,False
141272,ICICI Prudential Fixed Maturity Plan - Series 81 - 1195 Days Plan D,Close Ended Schemes(Income),Regular,False,,,,False,False
141271,ICICI Prudential Fixed Maturity Plan - Series 81 - 1195 Days Plan D,Close Ended Schemes(Income),Regular,False,,,,False,False
141183,ICICI Prudential Fixed Maturity Plan - Series 81 - 1205 Days Plan B,Close Ended Schemes(Income),Regular,False,,,,False,False
141182,ICICI Prudential Fixed Maturity Plan - Series 81 - 1205 Days Plan B,Close Ended Schemes(Income),Regular,False,,,,False,False
141184,ICICI Prudential Fixed Maturity Plan - Series 81 - 1205 Days Plan B,Close Ended Schemes(Income),Regular,False,,,,False,False
141181,ICICI Prudential Fixed Maturity Plan - Series 81 - 1205 Days Plan B,Close Ended Schemes(Income),Regular,False,,,,False,False
141189,ICICI Prudential Fixed Maturity Plan - Series 81 - 1211 Days Plan A,Close Ended Schemes(Income),Regular,False,,,,False,False
141192,ICICI Prudential Fixed Maturity Plan - Series 81 - 1211 Days Plan A,Close Ended Schemes(Income),Regular,False,,,,False,False
141191,ICICI Prudential Fixed Maturity Plan - Series 81 - 1211 Days Plan A,Close Ended Schemes(Income),Regular,False,,,,False,False
141190,ICICI Prudential Fixed Maturity Plan - Series 81 - 1211 Days Plan A,Close Ended Schemes(Income),Regular,False,,,,False,False
142637,ICICI Prudential Fixed Maturity Plan - Series 82 - 103 Days Plan O,Close Ended Schemes(Income),Regular,False,,,,False,False
142638,ICICI Prudential Fixed Maturity Plan - Series 82 - 103 Days Plan O,Close Ended Schemes(Income),Regular,False,,,,False,False
142634,ICICI Prudential Fixed Maturity Plan - Series 82 - 103 Days Plan O,Close Ended Schemes(Income),Regular,False,,,,False,False
142635,ICICI Prudential Fixed Maturity Plan - Series 82 - 103 Days Plan O,Close Ended Schemes(Income),Regular,False,,,,False,False
143133,ICICI Prudential Fixed Maturity Plan - Series 82 - 1119 Days Plan X,Close Ended Schemes(Income),Regular,False,,,,False,False
143132,ICICI Prudential Fixed Maturity Plan - Series 82 - 1119 Days Plan X,Close Ended Schemes(Income),Regular,False,,,,False,False
143128,ICICI Prudential Fixed Maturity Plan - Series 82 - 1119 Days Plan X,Close Ended Schemes(Income),Regular,False,,,,False,False
143129,ICICI Prudential Fixed Maturity Plan - Series 82 - 1119 Days Plan X,Close Ended Schemes(Income),Regular,False,,,,False,False
143127,ICICI Prudential Fixed Maturity Plan - Series 82 - 1119 Days Plan X,Close Ended Schemes(Income),Regular,False,,,,False,False
142899,ICICI Prudential Fixed Maturity Plan - Series 82 - 1135 Days Plan S,Close Ended Schemes(Income),Regular,False,,,,False,False
142904,ICICI Prudential Fixed Maturity Plan - Series 82 - 1135 Days Plan S,Close Ended Schemes(Income),Regular,False,,,,False,False
142903,ICICI Prudential Fixed Maturity Plan - Series 82 - 1135 Days Plan S,Close Ended Schemes(Income),Regular,False,,,,False,False
142901,ICICI Prudential Fixed Maturity Plan - Series 82 - 1135 Days Plan S,Close Ended Schemes(Income),Regular,False,,,,False,False
142902,ICICI Prudential Fixed Maturity Plan - Series 82 - 1135 Days Plan S,Close Ended Schemes(Income),Regular,False,,,,False,False
142900,ICICI Prudential Fixed Maturity Plan - Series 82 - 1135 Days Plan S,Close Ended Schemes(Income),Regular,False,,,,False,False
142965,ICICI Prudential Fixed Maturity Plan - Series 82 - 1135 Days Plan U,Close Ended Schemes(Income),Regular,False,,,,False,False
142961,ICICI Prudential Fixed Maturity Plan - Series 82 - 1135 Days Plan U,Close Ended Schemes(Income),Regular,False,,,,False,False
142964,ICICI Prudential Fixed Maturity Plan - Series 82 - 1135 Days Plan U,Close Ended Schemes(Income),Regular,False,,,,False,False
142963,ICICI Prudential Fixed Maturity Plan - Series 82 - 1135 Days Plan U,Close Ended Schemes(Income),Regular,False,,,,False,False
142982,ICICI Prudential Fixed Maturity Plan - Series 82 - 1135 Days Plan V,Close Ended Schemes(Income),Regular,False,,,,False,False
142977,ICICI Prudential Fixed Maturity Plan - Series 82 - 1135 Days Plan V,Close Ended Schemes(Income),Regular,False,,,,False,False
142975,ICICI Prudential Fixed Maturity Plan - Series 82 - 1135 Days Plan V,Close Ended Schemes(Income),Regular,False,,,,False,False
142976,ICICI Prudential Fixed Maturity Plan - Series 82 - 1135 Days Plan V,Close Ended Schemes(Income),Regular,False,,,,False,False
142979,ICICI Prudential Fixed Maturity Plan - Series 82 - 1135 Days Plan V,Close Ended Schemes(Income),Regular,False,,,,False,False
142760,ICICI Prudential Fixed Maturity Plan - Series 82 - 1136 Days Plan P,Close Ended Schemes(Income),Regular,False,,,,False,False
142762,ICICI Prudential Fixed Maturity Plan - Series 82 - 1136 Days Plan P,Close Ended Schemes(Income),Regular,False,,,,False,False
142764,ICICI Prudential Fixed Maturity Plan - Series 82 - 1136 Days Plan P,Close Ended Schemes(Income),Regular,False,,,,False,False
142761,ICICI Prudential Fixed Maturity Plan - Series 82 - 1136 Days Plan P,Close Ended Schemes(Income),Regular,False,,,,False,False
142759,ICICI Prudential Fixed Maturity Plan - Series 82 - 1136 Days Plan P,Close Ended Schemes(Income),Regular,False,,,,False,False
142763,ICICI Prudential Fixed Maturity Plan - Series 82 - 1136 Days Plan P,Close Ended Schemes(Income),Regular,False,,,,False,False
143144,ICICI Prudential Fixed Maturity Plan - Series 82 - 1141 Days Plan Y,Close Ended Schemes(Income),Regular,False,,,,False,False
143145,ICICI Prudential Fixed Maturity Plan - Series 82 - 1141 Days Plan Y,Close Ended Schemes(Income),Regular,False,,,,False,False
143149,ICICI Prudential Fixed Maturity Plan - Series 82 - 1141 Days Plan Y,Close Ended Schemes(Income),Regular,False,,,,False,False
143151,ICICI Prudential Fixed Maturity Plan - Series 82 - 1141 Days Plan Y,Close Ended Schemes(Income),Regular,False,,,,False,False
143150,ICICI Prudential Fixed Maturity Plan - Series 82 - 1141 Days Plan Y,Close Ended Schemes(Income),Regular,False,,,,False,False
142443,ICICI Prudential Fixed Maturity Plan - Series 82 - 1157 Days Plan J,Close Ended Schemes(Income),Regular,False,,,,False,False
142450,ICICI Prudential Fixed Maturity Plan - Series 82 - 1157 Days Plan J,Close Ended Schemes(Income),Regular,False,,,,False,False
142448,ICICI Prudential Fixed Maturity Plan - Series 82 - 1157 Days Plan J,Close Ended Schemes(Income),Regular,False,,,,False,False
142446,ICICI Prudential Fixed Maturity Plan - Series 82 - 1157 Days Plan J,Close Ended Schemes(Income),Regular,False,,,,False,False
142447,ICICI Prudential Fixed Maturity Plan - Series 82 - 1157 Days Plan J,Close Ended Schemes(Income),Regular,False,,,,False,False
142445,ICICI Prudential Fixed Maturity Plan - Series 82 - 1157 Days Plan J,Close Ended Schemes(Income),Regular,False,,,,False,False
142883,ICICI Prudential Fixed Maturity Plan - Series 82 - 1170 Days Plan R,Close Ended Schemes(Income),Regular,False,,,,False,False
142885,ICICI Prudential Fixed Maturity Plan - Series 82 - 1170 Days Plan R,Close Ended Schemes(Income),Regular,False,,,,False,False
142888,ICICI Prudential Fixed Maturity Plan - Series 82 - 1170 Days Plan R,Close Ended Schemes(Income),Regular,False,,,,False,False
142882,ICICI Prudential Fixed Maturity Plan - Series 82 - 1170 Days Plan R,Close Ended Schemes(Income),Regular,False,,,,False,False
142887,ICICI Prudential Fixed Maturity Plan - Series 82 - 1170 Days Plan R,Close Ended Schemes(Income),Regular,False,,,,False,False
142692,ICICI Prudential Fixed Maturity Plan - Series 82 - 1175 Days Plan Q,Close Ended Schemes(Income),Regular,False,,,,False,False
142698,ICICI Prudential Fixed Maturity Plan - Series 82 - 1175 Days Plan Q,Close Ended Schemes(Income),Regular,False,,,,False,False
142697,ICICI Prudential Fixed Maturity Plan - Series 82 - 1175 Days Plan Q,Close Ended Schemes(Income),Regular,False,,,,False,False
142696,ICICI Prudential Fixed Maturity Plan - Series 82 - 1175 Days Plan Q,Close Ended Schemes(Income),Regular,False,,,,False,False
142699,ICICI Prudential Fixed Maturity Plan - Series 82 - 1175 Days Plan Q,Close Ended Schemes(Income),Regular,False,,,,False,False
142695,ICICI Prudential Fixed Maturity Plan - Series 82 - 1175 Days Plan Q,Close Ended Schemes(Income),Regular,False,,,,False,False
142413,ICICI Prudential Fixed Maturity Plan - Series 82 - 1185 Days Plan I,Close Ended Schemes(Income),Regular,False,,,,False,False
142412,ICICI Prudential Fixed Maturity Plan - Series 82 - 1185 Days Plan I,Close Ended Schemes(Income),Regular,False,,,,False,False
142581,ICICI Prudential Fixed Maturity Plan - Series 82 - 1185 Days Plan N,Close Ended Schemes(Income),Regular,False,,,,False,False
142582,ICICI Prudential Fixed Maturity Plan - Series 82 - 1185 Days Plan N,Close Ended Schemes(Income),Regular,False,,,,False,False
142588,ICICI Prudential Fixed Maturity Plan - Series 82 - 1185 Days Plan N,Close Ended Schemes(Income),Regular,False,,,,False,False
142586,ICICI Prudential Fixed Maturity Plan - Series 82 - 1185 Days Plan N,Close Ended Schemes(Income),Regular,False,,,,False,False
142587,ICICI Prudential Fixed Maturity Plan - Series 82 - 1185 Days Plan N,Close Ended Schemes(Income),Regular,False,,,,False,False
142585,ICICI Prudential Fixed Maturity Plan - Series 82 - 1185 Days Plan N,Close Ended Schemes(Income),Regular,False,,,,False,False
142298,ICICI Prudential Fixed Maturity Plan - Series 82 - 1187 Days Plan F,Close Ended Schemes(Income),Regular,False,,,,False,False
142299,ICICI Prudential Fixed Maturity Plan - Series 82 - 1187 Days Plan F,Close Ended Schemes(Income),Regular,False,,,,False,False
142294,ICICI Prudential Fixed Maturity Plan - Series 82 - 1187 Days Plan F,Close Ended Schemes(Income),Regular,False,,,,False,False
142295,ICICI Prudential Fixed Maturity Plan - Series 82 - 1187 Days Plan F,Close Ended Schemes(Income),Regular,False,,,,False,False
142297,ICICI Prudential Fixed Maturity Plan - Series 82 - 1187 Days Plan F,Close Ended Schemes(Income),Regular,False,,,,False,False
142477,ICICI Prudential Fixed Maturity Plan - Series 82 - 1199 Days Plan L,Close Ended Schemes(Income),Regular,False,,,,False,False
142478,ICICI Prudential Fixed Maturity Plan - Series 82 - 1199 Days Plan L,Close Ended Schemes(Income),Regular,False,,,,False,False
142483,ICICI Prudential Fixed Maturity Plan - Series 82 - 1199 Days Plan L,Close Ended Schemes(Income),Regular,False,,,,False,False
142481,ICICI Prudential Fixed Maturity Plan - Series 82 - 1199 Days Plan L,Close Ended Schemes(Income),Regular,False,,,,False,False
142463,ICICI Prudential Fixed Maturity Plan - Series 82 - 1203 Days Plan K,Close Ended Schemes(Income),Regular,False,,,,False,False
142465,ICICI Prudential Fixed Maturity Plan - Series 82 - 1203 Days Plan K,Close Ended Schemes(Income),Regular,False,,,,False,False
142468,ICICI Prudential Fixed Maturity Plan - Series 82 - 1203 Days Plan K,Close Ended Schemes(Income),Regular,False,,,,False,False
142469,ICICI Prudential Fixed Maturity Plan - Series 82 - 1203 Days Plan K,Close Ended Schemes(Income),Regular,False,,,,False,False
142467,ICICI Prudential Fixed Maturity Plan - Series 82 - 1203 Days Plan K,Close Ended Schemes(Income),Regular,False,,,,False,False
142334,ICICI Prudential Fixed Maturity Plan - Series 82 - 1215 Days Plan H,Close Ended Schemes(Income),Regular,False,,,,False,False
142339,ICICI Prudential Fixed Maturity Plan - Series 82 - 1215 Days Plan H,Close Ended Schemes(Income),Regular,False,,,,False,False
142341,ICICI Prudential Fixed Maturity Plan - Series 82 - 1215 Days Plan H,Close Ended Schemes(Income),Regular,False,,,,False,False
142336,ICICI Prudential Fixed Maturity Plan - Series 82 - 1215 Days Plan H,Close Ended Schemes(Income),Regular,False,,,,False,False
142337,ICICI Prudential Fixed Maturity Plan - Series 82 - 1215 Days Plan H,Close Ended Schemes(Income),Regular,False,,,,False,False
142340,ICICI Prudential Fixed Maturity Plan - Series 82 - 1215 Days Plan H,Close Ended Schemes(Income),Regular,False,,,,False,False
142155,ICICI Prudential Fixed Maturity Plan - Series 82 - 1217 Days Plan C,Close Ended Schemes(Income),Regular,False,,,,False,False
142156,ICICI Prudential Fixed Maturity Plan - Series 82 - 1217 Days Plan C,Close Ended Schemes(Income),Regular,False,,,,False,False
142162,ICICI Prudential Fixed Maturity Plan - Series 82 - 1217 Days Plan C,Close Ended Schemes(Income),Regular,False,,,,False,False
142159,ICICI Prudential Fixed Maturity Plan - Series 82 - 1217 Days Plan C,Close Ended Schemes(Income),Regular,False,,,,False,False
142158,ICICI Prudential Fixed Maturity Plan - Series 82 - 1217 Days Plan C,Close Ended Schemes(Income),Regular,False,,,,False,False
142161,ICICI Prudential Fixed Maturity Plan - Series 82 - 1217 Days Plan C,Close Ended Schemes(Income),Regular,False,,,,False,False
142233,ICICI Prudential Fixed Maturity Plan - Series 82 - 1219 Days Plan D,Close Ended Schemes(Income),Regular,False,,,,False,False
142234,ICICI Prudential Fixed Maturity Plan - Series 82 - 1219 Days Plan D,Close Ended Schemes(Income),Regular,False,,,,False,False
142237,ICICI Prudential Fixed Maturity Plan - Series 82 - 1219 Days Plan D,Close Ended Schemes(Income),Regular,False,,,,False,False
142236,ICICI Prudential Fixed Maturity Plan - Series 82 - 1219 Days Plan D,Close Ended Schemes(Income),Regular,False,,,,False,False
142238,ICICI Prudential Fixed Maturity Plan - Series 82 - 1219 Days Plan D,Close Ended Schemes(Income),Regular,False,,,,False,False
142267,ICICI Prudential Fixed Maturity Plan - Series 82 - 1223 Days Plan E,Close Ended Schemes(Income),Regular,False,,,,False,False
142266,ICICI Prudential Fixed Maturity Plan - Series 82 - 1223 Days Plan E,Close Ended Schemes(Income),Regular,False,,,,False,False
142262,ICICI Prudential Fixed Maturity Plan - Series 82 - 1223 Days Plan E,Close Ended Schemes(Income),Regular,False,,,,False,False
142265,ICICI Prudential Fixed Maturity Plan - Series 82 - 1223 Days Plan E,Close Ended Schemes(Income),Regular,False,,,,False,False
142261,ICICI Prudential Fixed Maturity Plan - Series 82 - 1223 Days Plan E,Close Ended Schemes(Income),Regular,False,,,,False,False
142264,ICICI Prudential Fixed Maturity Plan - Series 82 - 1223 Days Plan E,Close Ended Schemes(Income),Regular,False,,,,False,False
142352,ICICI Prudential Fixed Maturity Plan - Series 82 - 1223 Days Plan G,Close Ended Schemes(Income),Regular,False,,,,False,False
142357,ICICI Prudential Fixed Maturity Plan - Series 82 - 1223 Days Plan G,Close Ended Schemes(Income),Regular,False,,,,False,False
142359,ICICI Prudential Fixed Maturity Plan - Series 82 - 1223 Days Plan G,Close Ended Schemes(Income),Regular,False,,,,False,False
142358,ICICI Prudential Fixed Maturity Plan - Series 82 - 1223 Days Plan G,Close Ended Schemes(Income),Regular,False,,,,False,False
142355,ICICI Prudential Fixed Maturity Plan - Series 82 - 1223 Days Plan G,Close Ended Schemes(Income),Regular,False,,,,False,False
142125,ICICI Prudential Fixed Maturity Plan - Series 82 - 1225 Days Plan B,Close Ended Schemes(Income),Regular,False,,,,False,False
142126,ICICI Prudential Fixed Maturity Plan - Series 82 - 1225 Days Plan B,Close Ended Schemes(Income),Regular,False,,,,False,False
142132,ICICI Prudential Fixed Maturity Plan - Series 82 - 1225 Days Plan B,Close Ended Schemes(Income),Regular,False,,,,False,False
142129,ICICI Prudential Fixed Maturity Plan - Series 82 - 1225 Days Plan B,Close Ended Schemes(Income),Regular,False,,,,False,False
142131,ICICI Prudential Fixed Maturity Plan - Series 82 - 1225 Days Plan B,Close Ended Schemes(Income),Regular,False,,,,False,False
142130,ICICI Prudential Fixed Maturity Plan - Series 82 - 1225 Days Plan B,Close Ended Schemes(Income),Regular,False,,,,False,False
142017,ICICI Prudential Fixed Maturity Plan - Series 82 - 1236 Days Plan A,Close Ended Schemes(Income),Regular,False,,,,False,False
142020,ICICI Prudential Fixed Maturity Plan - Series 82 - 1236 Days Plan A,Close Ended Schemes(Income),Regular,False,,,,False,False
142070,ICICI Prudential Fixed Maturity Plan - Series 82 - 1236 Days Plan A,Close Ended Schemes(Income),Regular,False,,,,False,False
142068,ICICI Prudential Fixed Maturity Plan - Series 82 - 1236 Days Plan A,Close Ended Schemes(Income),Regular,False,,,,False,False
142069,ICICI Prudential Fixed Maturity Plan - Series 82 - 1236 Days Plan A,Close Ended Schemes(Income),Regular,False,,,,False,False
142067,ICICI Prudential Fixed Maturity Plan - Series 82 - 1236 Days Plan A,Close Ended Schemes(Income),Regular,False,,,,False,False
143386,ICICI Prudential Fixed Maturity Plan - Series 82 - 91 Days Plan Z,Close Ended Schemes(Income),Regular,False,,,,False,False
143387,ICICI Prudential Fixed Maturity Plan - Series 82 - 91 Days Plan Z,Close Ended Schemes(Income),Regular,False,,,,False,False
143384,ICICI Prudential Fixed Maturity Plan - Series 82 - 91 Days Plan Z,Close Ended Schemes(Income),Regular,False,,,,False,False
143385,ICICI Prudential Fixed Maturity Plan - Series 82 - 91 Days Plan Z,Close Ended Schemes(Income),Regular,False,,,,False,False
144072,ICICI Prudential Fixed Maturity Plan - Series 83 - 1100 Days Plan O,Close Ended Schemes(Income),Regular,False,,,,False,False
144065,ICICI Prudential Fixed Maturity Plan - Series 83 - 1100 Days Plan O,Close Ended Schemes(Income),Regular,False,,,,False,False
144301,ICICI Prudential Fixed Maturity Plan - Series 83 - 1100 Days Plan R,Close Ended Schemes(Income),Regular,False,,,,False,False
144302,ICICI Prudential Fixed Maturity Plan - Series 83 - 1100 Days Plan R,Close Ended Schemes(Income),Regular,False,,,,False,False
144308,ICICI Prudential Fixed Maturity Plan - Series 83 - 1100 Days Plan R,Close Ended Schemes(Income),Regular,False,,,,False,False
144380,ICICI Prudential Fixed Maturity Plan - Series 83 - 1100 Days Plan S,Close Ended Schemes(Income),Regular,False,,,,False,False
144376,ICICI Prudential Fixed Maturity Plan - Series 83 - 1100 Days Plan S,Close Ended Schemes(Income),Regular,False,,,,False,False
144378,ICICI Prudential Fixed Maturity Plan - Series 83 - 1100 Days Plan S,Close Ended Schemes(Income),Regular,False,,,,False,False
144379,ICICI Prudential Fixed Maturity Plan - Series 83 - 1100 Days Plan S,Close Ended Schemes(Income),Regular,False,,,,False,False
144377,ICICI Prudential Fixed Maturity Plan - Series 83 - 1100 Days Plan S,Close Ended Schemes(Income),Regular,False,,,,False,False
144602,ICICI Prudential Fixed Maturity Plan - Series 83 - 1100 Days Plan X,Close Ended Schemes(Income),Regular,False,,,,False,False
144603,ICICI Prudential Fixed Maturity Plan - Series 83 - 1100 Days Plan X,Close Ended Schemes(Income),Regular,False,,,,False,False
144605,ICICI Prudential Fixed Maturity Plan - Series 83 - 1100 Days Plan X,Close Ended Schemes(Income),Regular,False,,,,False,False
144606,ICICI Prudential Fixed Maturity Plan - Series 83 - 1100 Days Plan X,Close Ended Schemes(Income),Regular,False,,,,False,False
144607,ICICI Prudential Fixed Maturity Plan - Series 83 - 1100 Days Plan X,Close Ended Schemes(Income),Regular,False,,,,False,False
144604,ICICI Prudential Fixed Maturity Plan - Series 83 - 1100 Days Plan X,Close Ended Schemes(Income),Regular,False,,,,False,False
144696,ICICI Prudential Fixed Maturity Plan - Series 83 - 1101 Days Plan Z,Close Ended Schemes(Income),Regular,False,,,,False,False
144697,ICICI Prudential Fixed Maturity Plan - Series 83 - 1101 Days Plan Z,Close Ended Schemes(Income),Regular,False,,,,False,False
144700,ICICI Prudential Fixed Maturity Plan - Series 83 - 1101 Days Plan Z,Close Ended Schemes(Income),Regular,False,,,,False,False
144701,ICICI Prudential Fixed Maturity Plan - Series 83 - 1101 Days Plan Z,Close Ended Schemes(Income),Regular,False,,,,False,False
144699,ICICI Prudential Fixed Maturity Plan - Series 83 - 1101 Days Plan Z,Close Ended Schemes(Income),Regular,False,,,,False,False
144698,ICICI Prudential Fixed Maturity Plan - Series 83 - 1101 Days Plan Z,Close Ended Schemes(Income),Regular,False,,,,False,False
143877,ICICI Prudential Fixed Maturity Plan - Series 83 - 1103 Days Plan L,Close Ended Schemes(Income),Regular,False,,,,False,False
143878,ICICI Prudential Fixed Maturity Plan - Series 83 - 1103 Days Plan L,Close Ended Schemes(Income),Regular,False,,,,False,False
143376,ICICI Prudential Fixed Maturity Plan - Series 83 - 1105 Days Plan A,Close Ended Schemes(Income),Regular,False,,,,False,False
143380,ICICI Prudential Fixed Maturity Plan - Series 83 - 1105 Days Plan A,Close Ended Schemes(Income),Regular,False,,,,False,False
143379,ICICI Prudential Fixed Maturity Plan - Series 83 - 1105 Days Plan A,Close Ended Schemes(Income),Regular,False,,,,False,False
143381,ICICI Prudential Fixed Maturity Plan - Series 83 - 1105 Days Plan A,Close Ended Schemes(Income),Regular,False,,,,False,False
143377,ICICI Prudential Fixed Maturity Plan - Series 83 - 1105 Days Plan A,Close Ended Schemes(Income),Regular,False,,,,False,False
143382,ICICI Prudential Fixed Maturity Plan - Series 83 - 1105 Days Plan A,Close Ended Schemes(Income),Regular,False,,,,False,False
143524,ICICI Prudential Fixed Maturity Plan - Series 83 - 1105 Days Plan F,Close Ended Schemes(Income),Regular,False,,,,False,False
143520,ICICI Prudential Fixed Maturity Plan - Series 83 - 1105 Days Plan F,Close Ended Schemes(Income),Regular,False,,,,False,False
143521,ICICI Prudential Fixed Maturity Plan - Series 83 - 1105 Days Plan F,Close Ended Schemes(Income),Regular,False,,,,False,False
143527,ICICI Prudential Fixed Maturity Plan - Series 83 - 1105 Days Plan F,Close Ended Schemes(Income),Regular,False,,,,False,False
143523,ICICI Prudential Fixed Maturity Plan - Series 83 - 1105 Days Plan F,Close Ended Schemes(Income),Regular,False,,,,False,False
143953,ICICI Prudential Fixed Maturity Plan - Series 83 - 1105 Days Plan M,Close Ended Schemes(Income),Regular,False,,,,False,False
143954,ICICI Prudential Fixed Maturity Plan - Series 83 - 1105 Days Plan M,Close Ended Schemes(Income),Regular,False,,,,False,False
143956,ICICI Prudential Fixed Maturity Plan - Series 83 - 1105 Days Plan M,Close Ended Schemes(Income),Regular,False,,,,False,False
143960,ICICI Prudential Fixed Maturity Plan - Series 83 - 1105 Days Plan M,Close Ended Schemes(Income),Regular,False,,,,False,False
144163,ICICI Prudential Fixed Maturity Plan - Series 83 - 1107 Days Plan Q,Close Ended Schemes(Income),Regular,False,,,,False,False
144164,ICICI Prudential Fixed Maturity Plan - Series 83 - 1107 Days Plan Q,Close Ended Schemes(Income),Regular,False,,,,False,False
143718,ICICI Prudential Fixed Maturity Plan - Series 83 - 1108 Days Plan H,Close Ended Schemes(Income),Regular,False,,,,False,False
143717,ICICI Prudential Fixed Maturity Plan - Series 83 - 1108 Days Plan H,Close Ended Schemes(Income),Regular,False,,,,False,False
143716,ICICI Prudential Fixed Maturity Plan - Series 83 - 1108 Days Plan H,Close Ended Schemes(Income),Regular,False,,,,False,False
143714,ICICI Prudential Fixed Maturity Plan - Series 83 - 1108 Days Plan H,Close Ended Schemes(Income),Regular,False,,,,False,False
143715,ICICI Prudential Fixed Maturity Plan - Series 83 - 1108 Days Plan H,Close Ended Schemes(Income),Regular,False,,,,False,False
144387,ICICI Prudential Fixed Maturity Plan - Series 83 - 1110 Days Plan T,Close Ended Schemes(Income),Regular,False,,,,False,False
144388,ICICI Prudential Fixed Maturity Plan - Series 83 - 1110 Days Plan T,Close Ended Schemes(Income),Regular,False,,,,False,False
144389,ICICI Prudential Fixed Maturity Plan - Series 83 - 1110 Days Plan T,Close Ended Schemes(Income),Regular,False,,,,False,False
144596,ICICI Prudential Fixed Maturity Plan - Series 83 - 1111 Days Plan Y,Close Ended Schemes(Income),Regular,False,,,,False,False
144599,ICICI Prudential Fixed Maturity Plan - Series 83 - 1111 Days Plan Y,Close Ended Schemes(Income),Regular,False,,,,False,False
144598,ICICI Prudential Fixed Maturity Plan - Series 83 - 1111 Days Plan Y,Close Ended Schemes(Income),Regular,False,,,,False,False
144601,ICICI Prudential Fixed Maturity Plan - Series 83 - 1111 Days Plan Y,Close Ended Schemes(Income),Regular,False,,,,False,False
143516,ICICI Prudential Fixed Maturity Plan - Series 83 - 1113 Days Plan E,Close Ended Schemes(Income),Regular,False,,,,False,False
143512,ICICI Prudential Fixed Maturity Plan - Series 83 - 1113 Days Plan E,Close Ended Schemes(Income),Regular,False,,,,False,False
143515,ICICI Prudential Fixed Maturity Plan - Series 83 - 1113 Days Plan E,Close Ended Schemes(Income),Regular,False,,,,False,False
143513,ICICI Prudential Fixed Maturity Plan - Series 83 - 1113 Days Plan E,Close Ended Schemes(Income),Regular,False,,,,False,False
143514,ICICI Prudential Fixed Maturity Plan - Series 83 - 1113 Days Plan E,Close Ended Schemes(Income),Regular,False,,,,False,False
143519,ICICI Prudential Fixed Maturity Plan - Series 83 - 1113 Days Plan E,Close Ended Schemes(Income),Regular,False,,,,False,False
143734,ICICI Prudential Fixed Maturity Plan - Series 83 - 1392 Days Plan J,Close Ended Schemes(Income),Regular,False,,,,False,False
143735,ICICI Prudential Fixed Maturity Plan - Series 83 - 1392 Days Plan J,Close Ended Schemes(Income),Regular,False,,,,False,False
143733,ICICI Prudential Fixed Maturity Plan - Series 83 - 1392 Days Plan J,Close Ended Schemes(Income),Regular,False,,,,False,False
143731,ICICI Prudential Fixed Maturity Plan - Series 83 - 1392 Days Plan J,Close Ended Schemes(Income),Regular,False,,,,False,False
143732,ICICI Prudential Fixed Maturity Plan - Series 83 - 1392 Days Plan J,Close Ended Schemes(Income),Regular,False,,,,False,False
143730,ICICI Prudential Fixed Maturity Plan - Series 83 - 1392 Days Plan J,Close Ended Schemes(Income),Regular,False,,,,False,False
143442,ICICI Prudential Fixed Maturity Plan - Series 83 - 1406 Days Plan D,Close Ended Schemes(Income),Regular,False,,,,False,False
143443,ICICI Prudential Fixed Maturity Plan - Series 83 - 1406 Days Plan D,Close Ended Schemes(Income),Regular,False,,,,False,False
143447,ICICI Prudential Fixed Maturity Plan - Series 83 - 1406 Days Plan D,Close Ended Schemes(Income),Regular,False,,,,False,False
143445,ICICI Prudential Fixed Maturity Plan - Series 83 - 1406 Days Plan D,Close Ended Schemes(Income),Regular,False,,,,False,False
143393,ICICI Prudential Fixed Maturity Plan - Series 83 - 1412 Days Plan B,Close Ended Schemes(Income),Regular,False,,,,False,False
143392,ICICI Prudential Fixed Maturity Plan - Series 83 - 1412 Days Plan B,Close Ended Schemes(Income),Regular,False,,,,False,False
143395,ICICI Prudential Fixed Maturity Plan - Series 83 - 1412 Days Plan B,Close Ended Schemes(Income),Regular,False,,,,False,False
143394,ICICI Prudential Fixed Maturity Plan - Series 83 - 1412 Days Plan B,Close Ended Schemes(Income),Regular,False,,,,False,False
143389,ICICI Prudential Fixed Maturity Plan - Series 83 - 1412 Days Plan B,Close Ended Schemes(Income),Regular,False,,,,False,False
144077,ICICI Prudential Fixed Maturity Plan - Series 83 - 1735 Days Plan P,Close Ended Schemes(Income),Regular,False,,,,False,False
144078,ICICI Prudential Fixed Maturity Plan - Series 83 - 1735 Days Plan P,Close Ended Schemes(Income),Regular,False,,,,False,False
144080,ICICI Prudential Fixed Maturity Plan - Series 83 - 1735 Days Plan P,Close Ended Schemes(Income),Regular,False,,,,False,False
144075,ICICI Prudential Fixed Maturity Plan - Series 83 - 1735 Days Plan P,Close Ended Schemes(Income),Regular,False,,,,False,False
144079,ICICI Prudential Fixed Maturity Plan - Series 83 - 1735 Days Plan P,Close Ended Schemes(Income),Regular,False,,,,False,False
143727,ICICI Prudential Fixed Maturity Plan - Series 83 - 193 Days Plan G,Close Ended Schemes(Income),Regular,False,,,,False,False
143726,ICICI Prudential Fixed Maturity Plan - Series 83 - 193 Days Plan G,Close Ended Schemes(Income),Regular,False,,,,False,False
143725,ICICI Prudential Fixed Maturity Plan - Series 83 - 193 Days Plan G,Close Ended Schemes(Income),Regular,False,,,,False,False
143439,ICICI Prudential Fixed Maturity Plan - Series 83 - 91 Days Plan C,Close Ended Schemes(Income),Regular,False,,,,False,False
143440,ICICI Prudential Fixed Maturity Plan - Series 83 - 91 Days Plan C,Close Ended Schemes(Income),Regular,False,,,,False,False
143441,ICICI Prudential Fixed Maturity Plan - Series 83 - 91 Days Plan C,Close Ended Schemes(Income),Regular,False,,,,False,False
143438,ICICI Prudential Fixed Maturity Plan - Series 83 - 91 Days Plan C,Close Ended Schemes(Income),Regular,False,,,,False,False
144817,ICICI Prudential Fixed Maturity Plan - Series 84 - 1101 Days Plan A,Close Ended Schemes(Income),Regular,False,,,,False,False
144819,ICICI Prudential Fixed Maturity Plan - Series 84 - 1101 Days Plan A,Close Ended Schemes(Income),Regular,False,,,,False,False
144816,ICICI Prudential Fixed Maturity Plan - Series 84 - 1101 Days Plan A,Close Ended Schemes(Income),Regular,False,,,,False,False
144815,ICICI Prudential Fixed Maturity Plan - Series 84 - 1101 Days Plan A,Close Ended Schemes(Income),Regular,False,,,,False,False
144814,ICICI Prudential Fixed Maturity Plan - Series 84 - 1101 Days Plan A,Close Ended Schemes(Income),Regular,False,,,,False,False
144941,ICICI Prudential Fixed Maturity Plan - Series 84 - 1103 Days Plan C,Close Ended Schemes(Income),Regular,False,,,,False,False
144944,ICICI Prudential Fixed Maturity Plan - Series 84 - 1103 Days Plan C,Close Ended Schemes(Income),Regular,False,,,,False,False
144945,ICICI Prudential Fixed Maturity Plan - Series 84 - 1103 Days Plan C,Close Ended Schemes(Income),Regular,False,,,,False,False
144946,ICICI Prudential Fixed Maturity Plan - Series 84 - 1103 Days Plan C,Close Ended Schemes(Income),Regular,False,,,,False,False
144942,ICICI Prudential Fixed Maturity Plan - Series 84 - 1103 Days Plan C,Close Ended Schemes(Income),Regular,False,,,,False,False
146112,ICICI Prudential Fixed Maturity Plan - Series 84 - 1188 Days Plan Z,Close Ended Schemes(Income),Regular,False,,,,False,False
146113,ICICI Prudential Fixed Maturity Plan - Series 84 - 1188 Days Plan Z,Close Ended Schemes(Income),Regular,False,,,,False,False
146110,ICICI Prudential Fixed Maturity Plan - Series 84 - 1188 Days Plan Z,Close Ended Schemes(Income),Regular,False,,,,False,False
146111,ICICI Prudential Fixed Maturity Plan - Series 84 - 1188 Days Plan Z,Close Ended Schemes(Income),Regular,False,,,,False,False
146017,ICICI Prudential Fixed Maturity Plan - Series 84 - 1204 Days Plan Y,Close Ended Schemes(Income),Regular,False,,,,False,False
146018,ICICI Prudential Fixed Maturity Plan - Series 84 - 1204 Days Plan Y,Close Ended Schemes(Income),Regular,False,,,,False,False
146022,ICICI Prudential Fixed Maturity Plan - Series 84 - 1204 Days Plan Y,Close Ended Schemes(Income),Regular,False,,,,False,False
146019,ICICI Prudential Fixed Maturity Plan - Series 84 - 1204 Days Plan Y,Close Ended Schemes(Income),Regular,False,,,,False,False
145756,ICICI Prudential Fixed Maturity Plan - Series 84 - 1224 Days Plan S,Close Ended Schemes(Income),Regular,False,,,,False,False
145751,ICICI Prudential Fixed Maturity Plan - Series 84 - 1224 Days Plan S,Close Ended Schemes(Income),Regular,False,,,,False,False
145754,ICICI Prudential Fixed Maturity Plan - Series 84 - 1224 Days Plan S,Close Ended Schemes(Income),Regular,False,,,,False,False
145752,ICICI Prudential Fixed Maturity Plan - Series 84 - 1224 Days Plan S,Close Ended Schemes(Income),Regular,False,,,,False,False
145707,ICICI Prudential Fixed Maturity Plan - Series 84 - 1235 Days Plan R,Close Ended Schemes(Income),Regular,False,,,,False,False
145709,ICICI Prudential Fixed Maturity Plan - Series 84 - 1235 Days Plan R,Close Ended Schemes(Income),Regular,False,,,,False,False
145712,ICICI Prudential Fixed Maturity Plan - Series 84 - 1235 Days Plan R,Close Ended Schemes(Income),Regular,False,,,,False,False
145711,ICICI Prudential Fixed Maturity Plan - Series 84 - 1235 Days Plan R,Close Ended Schemes(Income),Regular,False,,,,False,False
145708,ICICI Prudential Fixed Maturity Plan - Series 84 - 1235 Days Plan R,Close Ended Schemes(Income),Regular,False,,,,False,False
145710,ICICI Prudential Fixed Maturity Plan - Series 84 - 1235 Days Plan R,Close Ended Schemes(Income),Regular,False,,,,False,False
145520,ICICI Prudential Fixed Maturity Plan - Series 84 - 1245 Days Plan N,Close Ended Schemes(Income),Regular,False,,,,False,False
145515,ICICI Prudential Fixed Maturity Plan - Series 84 - 1245 Days Plan N,Close Ended Schemes(Income),Regular,False,,,,False,False
145517,ICICI Prudential Fixed Maturity Plan - Series 84 - 1245 Days Plan N,Close Ended Schemes(Income),Regular,False,,,,False,False
145516,ICICI Prudential Fixed Maturity Plan - Series 84 - 1245 Days Plan N,Close Ended Schemes(Income),Regular,False,,,,False,False
145436,ICICI Prudential Fixed Maturity Plan - Series 84 - 1247 Days Plan M,Close Ended Schemes(Income),Regular,False,,,,False,False
145431,ICICI Prudential Fixed Maturity Plan - Series 84 - 1247 Days Plan M,Close Ended Schemes(Income),Regular,False,,,,False,False
145434,ICICI Prudential Fixed Maturity Plan - Series 84 - 1247 Days Plan M,Close Ended Schemes(Income),Regular,False,,,,False,False
145432,ICICI Prudential Fixed Maturity Plan - Series 84 - 1247 Days Plan M,Close Ended Schemes(Income),Regular,False,,,,False,False
145996,ICICI Prudential Fixed Maturity Plan - Series 84 - 1247 Days Plan W,Close Ended Schemes(Income),Regular,False,,,,False,False
145997,ICICI Prudential Fixed Maturity Plan - Series 84 - 1247 Days Plan W,Close Ended Schemes(Income),Regular,False,,,,False,False
145999,ICICI Prudential Fixed Maturity Plan - Series 84 - 1247 Days Plan W,Close Ended Schemes(Income),Regular,False,,,,False,False
145998,ICICI Prudential Fixed Maturity Plan - Series 84 - 1247 Days Plan W,Close Ended Schemes(Income),Regular,False,,,,False,False
146000,ICICI Prudential Fixed Maturity Plan - Series 84 - 1247 Days Plan W,Close Ended Schemes(Income),Regular,False,,,,False,False
145995,ICICI Prudential Fixed Maturity Plan - Series 84 - 1247 Days Plan W,Close Ended Schemes(Income),Regular,False,,,,False,False
145904,ICICI Prudential Fixed Maturity Plan - Series 84 - 1254 Days Plan U,Close Ended Schemes(Income),Regular,False,,,,False,False
145905,ICICI Prudential Fixed Maturity Plan - Series 84 - 1254 Days Plan U,Close Ended Schemes(Income),Regular,False,,,,False,False
145909,ICICI Prudential Fixed Maturity Plan - Series 84 - 1254 Days Plan U,Close Ended Schemes(Income),Regular,False,,,,False,False
145907,ICICI Prudential Fixed Maturity Plan - Series 84 - 1254 Days Plan U,Close Ended Schemes(Income),Regular,False,,,,False,False
145906,ICICI Prudential Fixed Maturity Plan - Series 84 - 1254 Days Plan U,Close Ended Schemes(Income),Regular,False,,,,False,False
145705,ICICI Prudential Fixed Maturity Plan - Series 84 - 1272 Days Plan Q,Close Ended Schemes(Income),Regular,False,,,,False,False
145701,ICICI Prudential Fixed Maturity Plan - Series 84 - 1272 Days Plan Q,Close Ended Schemes(Income),Regular,False,,,,False,False
145706,ICICI Prudential Fixed Maturity Plan - Series 84 - 1272 Days Plan Q,Close Ended Schemes(Income),Regular,False,,,,False,False
145702,ICICI Prudential Fixed Maturity Plan - Series 84 - 1272 Days Plan Q,Close Ended Schemes(Income),Regular,False,,,,False,False
145312,ICICI Prudential Fixed Maturity Plan - Series 84 - 1275 Days Plan K,Close Ended Schemes(Income),Regular,False,,,,False,False
145307,ICICI Prudential Fixed Maturity Plan - Series 84 - 1275 Days Plan K,Close Ended Schemes(Income),Regular,False,,,,False,False
145310,ICICI Prudential Fixed Maturity Plan - Series 84 - 1275 Days Plan K,Close Ended Schemes(Income),Regular,False,,,,False,False
145309,ICICI Prudential Fixed Maturity Plan - Series 84 - 1275 Days Plan K,Close Ended Schemes(Income),Regular,False,,,,False,False
145308,ICICI Prudential Fixed Maturity Plan - Series 84 - 1275 Days Plan K,Close Ended Schemes(Income),Regular,False,,,,False,False
145627,ICICI Prudential Fixed Maturity Plan - Series 84 - 1279 Days Plan P,Close Ended Schemes(Income),Regular,False,,,,False,False
145628,ICICI Prudential Fixed Maturity Plan - Series 84 - 1279 Days Plan P,Close Ended Schemes(Income),Regular,False,,,,False,False
145630,ICICI Prudential Fixed Maturity Plan - Series 84 - 1279 Days Plan P,Close Ended Schemes(Income),Regular,False,,,,False,False
145632,ICICI Prudential Fixed Maturity Plan - Series 84 - 1279 Days Plan P,Close Ended Schemes(Income),Regular,False,,,,False,False
145119,ICICI Prudential Fixed Maturity Plan - Series 84 - 1286 Days Plan F,Close Ended Schemes(Income),Regular,False,,,,False,False
145122,ICICI Prudential Fixed Maturity Plan - Series 84 - 1286 Days Plan F,Close Ended Schemes(Income),Regular,False,,,,False,False
145124,ICICI Prudential Fixed Maturity Plan - Series 84 - 1286 Days Plan F,Close Ended Schemes(Income),Regular,False,,,,False,False
145123,ICICI Prudential Fixed Maturity Plan - Series 84 - 1286 Days Plan F,Close Ended Schemes(Income),Regular,False,,,,False,False
145184,ICICI Prudential Fixed Maturity Plan - Series 84 - 1287 Days Plan I,Close Ended Schemes(Income),Regular,False,,,,False,False
145185,ICICI Prudential Fixed Maturity Plan - Series 84 - 1287 Days Plan I,Close Ended Schemes(Income),Regular,False,,,,False,False
145183,ICICI Prudential Fixed Maturity Plan - Series 84 - 1287 Days Plan I,Close Ended Schemes(Income),Regular,False,,,,False,False
145186,ICICI Prudential Fixed Maturity Plan - Series 84 - 1287 Days Plan I,Close Ended Schemes(Income),Regular,False,,,,False,False
145024,ICICI Prudential Fixed Maturity Plan - Series 84 - 1288 Days Plan E,Close Ended Schemes(Income),Regular,False,,,,False,False
145028,ICICI Prudential Fixed Maturity Plan - Series 84 - 1288 Days Plan E,Close Ended Schemes(Income),Regular,False,,,,False,False
145026,ICICI Prudential Fixed Maturity Plan - Series 84 - 1288 Days Plan E,Close Ended Schemes(Income),Regular,False,,,,False,False
145025,ICICI Prudential Fixed Maturity Plan - Series 84 - 1288 Days Plan E,Close Ended Schemes(Income),Regular,False,,,,False,False
145623,ICICI Prudential Fixed Maturity Plan - Series 84 - 1288 Days Plan O,Close Ended Schemes(Income),Regular,False,,,,False,False
145625,ICICI Prudential Fixed Maturity Plan - Series 84 - 1288 Days Plan O,Close Ended Schemes(Income),Regular,False,,,,False,False
145626,ICICI Prudential Fixed Maturity Plan - Series 84 - 1288 Days Plan O,Close Ended Schemes(Income),Regular,False,,,,False,False
145023,ICICI Prudential Fixed Maturity Plan - Series 84 - 1293 Days Plan D,Close Ended Schemes(Income),Regular,False,,,,False,False
145018,ICICI Prudential Fixed Maturity Plan - Series 84 - 1293 Days Plan D,Close Ended Schemes(Income),Regular,False,,,,False,False
145021,ICICI Prudential Fixed Maturity Plan - Series 84 - 1293 Days Plan D,Close Ended Schemes(Income),Regular,False,,,,False,False
145019,ICICI Prudential Fixed Maturity Plan - Series 84 - 1293 Days Plan D,Close Ended Schemes(Income),Regular,False,,,,False,False
145132,ICICI Prudential Fixed Maturity Plan - Series 84 - 168 Days Plan G,Close Ended Schemes(Income),Regular,False,,,,False,False
145129,ICICI Prudential Fixed Maturity Plan - Series 84 - 168 Days Plan G,Close Ended Schemes(Income),Regular,False,,,,False,False
145131,ICICI Prudential Fixed Maturity Plan - Series 84 - 168 Days Plan G,Close Ended Schemes(Income),Regular,False,,,,False,False
146797,ICICI Prudential Fixed Maturity Plan - Series 85 - 10 Years Plan I,Close Ended Schemes(Income),Regular,False,,,,False,False
146795,ICICI Prudential Fixed Maturity Plan - Series 85 - 10 Years Plan I,Close Ended Schemes(Income),Regular,False,,,,False,False
146800,ICICI Prudential Fixed Maturity Plan - Series 85 - 10 Years Plan I,Close Ended Schemes(Income),Regular,False,,,,False,False
146911,ICICI Prudential Fixed Maturity Plan - Series 85 - 1127 Days Plan O,Close Ended Schemes(Income),Regular,False,,,,False,False
146912,ICICI Prudential Fixed Maturity Plan - Series 85 - 1127 Days Plan O,Close Ended Schemes(Income),Regular,False,,,,False,False
146915,ICICI Prudential Fixed Maturity Plan - Series 85 - 1127 Days Plan O,Close Ended Schemes(Income),Regular,False,,,,False,False
146935,ICICI Prudential Fixed Maturity Plan - Series 85 - 1127 Days Plan Q,Close Ended Schemes(Income),Regular,False,,,,False,False
146931,ICICI Prudential Fixed Maturity Plan - Series 85 - 1127 Days Plan Q,Close Ended Schemes(Income),Regular,False,,,,False,False
146932,ICICI Prudential Fixed Maturity Plan - Series 85 - 1127 Days Plan Q,Close Ended Schemes(Income),Regular,False,,,,False,False
146933,ICICI Prudential Fixed Maturity Plan - Series 85 - 1127 Days Plan Q,Close Ended Schemes(Income),Regular,False,,,,False,False
146926,ICICI Prudential Fixed Maturity Plan - Series 85 - 1129 Days Plan P,Close Ended Schemes(Income),Regular,False,,,,False,False
146924,ICICI Prudential Fixed Maturity Plan - Series 85 - 1129 Days Plan P,Close Ended Schemes(Income),Regular,False,,,,False,False
146925,ICICI Prudential Fixed Maturity Plan - Series 85 - 1129 Days Plan P,Close Ended Schemes(Income),Regular,False,,,,False,False
146981,ICICI Prudential Fixed Maturity Plan - Series 85 - 1140 Days Plan R,Close Ended Schemes(Income),Regular,False,,,,False,False
146982,ICICI Prudential Fixed Maturity Plan - Series 85 - 1140 Days Plan R,Close Ended Schemes(Income),Regular,False,,,,False,False
146983,ICICI Prudential Fixed Maturity Plan - Series 85 - 1140 Days Plan R,Close Ended Schemes(Income),Regular,False,,,,False,False
146810,ICICI Prudential Fixed Maturity Plan - Series 85 - 1143 Days Plan J,Close Ended Schemes(Income),Regular,False,,,,False,False
146811,ICICI Prudential Fixed Maturity Plan - Series 85 - 1143 Days Plan J,Close Ended Schemes(Income),Regular,False,,,,False,False
146809,ICICI Prudential Fixed Maturity Plan - Series 85 - 1143 Days Plan J,Close Ended Schemes(Income),Regular,False,,,,False,False
146807,ICICI Prudential Fixed Maturity Plan - Series 85 - 1143 Days Plan J,Close Ended Schemes(Income),Regular,False,,,,False,False
146531,ICICI Prudential Fixed Maturity Plan - Series 85 - 1156 Days Plan F,Close Ended Schemes(Income),Regular,False,,,,False,False
146532,ICICI Prudential Fixed Maturity Plan - Series 85 - 1156 Days Plan F,Close Ended Schemes(Income),Regular,False,,,,False,False
146530,ICICI Prudential Fixed Maturity Plan - Series 85 - 1156 Days Plan F,Close Ended Schemes(Income),Regular,False,,,,False,False
146535,ICICI Prudential Fixed Maturity Plan - Series 85 - 1156 Days Plan F,Close Ended Schemes(Income),Regular,False,,,,False,False
146533,ICICI Prudential Fixed Maturity Plan - Series 85 - 1156 Days Plan F,Close Ended Schemes(Income),Regular,False,,,,False,False
146662,ICICI Prudential Fixed Maturity Plan - Series 85 - 1156 Days Plan G,Close Ended Schemes(Income),Regular,False,,,,False,False
146663,ICICI Prudential Fixed Maturity Plan - Series 85 - 1156 Days Plan G,Close Ended Schemes(Income),Regular,False,,,,False,False
146664,ICICI Prudential Fixed Maturity Plan - Series 85 - 1156 Days Plan G,Close Ended Schemes(Income),Regular,False,,,,False,False
146659,ICICI Prudential Fixed Maturity Plan - Series 85 - 1156 Days Plan G,Close Ended Schemes(Income),Regular,False,,,,False,False
146448,ICICI Prudential Fixed Maturity Plan - Series 85 - 1168 Days Plan E,Close Ended Schemes(Income),Regular,False,,,,False,False
146450,ICICI Prudential Fixed Maturity Plan - Series 85 - 1168 Days Plan E,Close Ended Schemes(Income),Regular,False,,,,False,False
146446,ICICI Prudential Fixed Maturity Plan - Series 85 - 1168 Days Plan E,Close Ended Schemes(Income),Regular,False,,,,False,False
146445,ICICI Prudential Fixed Maturity Plan - Series 85 - 1168 Days Plan E,Close Ended Schemes(Income),Regular,False,,,,False,False
146306,ICICI Prudential Fixed Maturity Plan - Series 85 - 1175 Days Plan D,Close Ended Schemes(Income),Regular,False,,,,False,False
146309,ICICI Prudential Fixed Maturity Plan - Series 85 - 1175 Days Plan D,Close Ended Schemes(Income),Regular,False,,,,False,False
146308,ICICI Prudential Fixed Maturity Plan - Series 85 - 1175 Days Plan D,Close Ended Schemes(Income),Regular,False,,,,False,False
146310,ICICI Prudential Fixed Maturity Plan - Series 85 - 1175 Days Plan D,Close Ended Schemes(Income),Regular,False,,,,False,False
146307,ICICI Prudential Fixed Maturity Plan - Series 85 - 1175 Days Plan D,Close Ended Schemes(Income),Regular,False,,,,False,False
146255,ICICI Prudential Fixed Maturity Plan - Series 85 - 1178 Days Plan B,Close Ended Schemes(Income),Regular,False,,,,False,False
146256,ICICI Prudential Fixed Maturity Plan - Series 85 - 1178 Days Plan B,Close Ended Schemes(Income),Regular,False,,,,False,False
146258,ICICI Prudential Fixed Maturity Plan - Series 85 - 1178 Days Plan B,Close Ended Schemes(Income),Regular,False,,,,False,False
146259,ICICI Prudential Fixed Maturity Plan - Series 85 - 1178 Days Plan B,Close Ended Schemes(Income),Regular,False,,,,False,False
146260,ICICI Prudential Fixed Maturity Plan - Series 85 - 1178 Days Plan B,Close Ended Schemes(Income),Regular,False,,,,False,False
146257,ICICI Prudential Fixed Maturity Plan - Series 85 - 1178 Days Plan B,Close Ended Schemes(Income),Regular,False,,,,False,False
146340,ICICI Prudential Fixed Maturity Plan - Series 85 - 1185 Days Plan C,Close Ended Schemes(Income),Regular,False,,,,False,False
146344,ICICI Prudential Fixed Maturity Plan - Series 85 - 1185 Days Plan C,Close Ended Schemes(Income),Regular,False,,,,False,False
146343,ICICI Prudential Fixed Maturity Plan - Series 85 - 1185 Days Plan C,Close Ended Schemes(Income),Regular,False,,,,False,False
146342,ICICI Prudential Fixed Maturity Plan - Series 85 - 1185 Days Plan C,Close Ended Schemes(Income),Regular,False,,,,False,False
146345,ICICI Prudential Fixed Maturity Plan - Series 85 - 1185 Days Plan C,Close Ended Schemes(Income),Regular,False,,,,False,False
146115,ICICI Prudential Fixed Maturity Plan - Series 85 - 1197 Days Plan A,Close Ended Schemes(Income),Regular,False,,,,False,False
146117,ICICI Prudential Fixed Maturity Plan - Series 85 - 1197 Days Plan A,Close Ended Schemes(Income),Regular,False,,,,False,False
146116,ICICI Prudential Fixed Maturity Plan - Series 85 - 1197 Days Plan A,Close Ended Schemes(Income),Regular,False,,,,False,False
146118,ICICI Prudential Fixed Maturity Plan - Series 85 - 1197 Days Plan A,Close Ended Schemes(Income),Regular,False,,,,False,False
146119,ICICI Prudential Fixed Maturity Plan - Series 85 - 1197 Days Plan A,Close Ended Schemes(Income),Regular,False,,,,False,False
147137,ICICI Prudential Fixed Maturity Plan - Series 86 - 1099 Days Plan A,Close Ended Schemes(Income),Regular,False,,,,False,False
147138,ICICI Prudential Fixed Maturity Plan - Series 86 - 1099 Days Plan A,Close Ended Schemes(Income),Regular,False,,,,False,False
147141,ICICI Prudential Fixed Maturity Plan - Series 86 - 1099 Days Plan A,Close Ended Schemes(Income),Regular,False,,,,False,False
147142,ICICI Prudential Fixed Maturity Plan - Series 86 - 1099 Days Plan A,Close Ended Schemes(Income),Regular,False,,,,False,False
147139,ICICI Prudential Fixed Maturity Plan - Series 86 - 1099 Days Plan A,Close Ended Schemes(Income),Regular,False,,,,False,False
148185,ICICI Prudential Fixed Maturity Plan - Series 87 - 1141 Days Plan G,Close Ended Schemes(Income),Regular,False,,,,False,False
148186,ICICI Prudential Fixed Maturity Plan - Series 87 - 1141 Days Plan G,Close Ended Schemes(Income),Regular,False,,,,False,False
148187,ICICI Prudential Fixed Maturity Plan - Series 87 - 1141 Days Plan G,Close Ended Schemes(Income),Regular,False,,,,False,False
148182,ICICI Prudential Fixed Maturity Plan - Series 87 - 1141 Days Plan G,Close Ended Schemes(Income),Regular,False,,,,False,False
147899,ICICI Prudential Fixed Maturity Plan - Series 87 - 1174 Days Plan B,Close Ended Schemes(Income),Regular,False,,,,False,False
147900,ICICI Prudential Fixed Maturity Plan - Series 87 - 1174 Days Plan B,Close Ended Schemes(Income),Regular,False,,,,False,False
147902,ICICI Prudential Fixed Maturity Plan - Series 87 - 1174 Days Plan B,Close Ended Schemes(Income),Regular,False,,,,False,False
147904,ICICI Prudential Fixed Maturity Plan - Series 87 - 1174 Days Plan B,Close Ended Schemes(Income),Regular,False,,,,False,False
147901,ICICI Prudential Fixed Maturity Plan - Series 87 - 1174 Days Plan B,Close Ended Schemes(Income),Regular,False,,,,False,False
147903,ICICI Prudential Fixed Maturity Plan - Series 87 - 1174 Days Plan B,Close Ended Schemes(Income),Regular,False,,,,False,False
147858,ICICI Prudential Fixed Maturity Plan - Series 87 - 1214 Days Plan A,Close Ended Schemes(Income),Regular,False,,,,False,False
147859,ICICI Prudential Fixed Maturity Plan - Series 87 - 1214 Days Plan A,Close Ended Schemes(Income),Regular,False,,,,False,False
147862,ICICI Prudential Fixed Maturity Plan - Series 87 - 1214 Days Plan A,Close Ended Schemes(Income),Regular,False,,,,False,False
147860,ICICI Prudential Fixed Maturity Plan - Series 87 - 1214 Days Plan A,Close Ended Schemes(Income),Regular,False,,,,False,False
147861,ICICI Prudential Fixed Maturity Plan - Series 87 - 1214 Days Plan A,Close Ended Schemes(Income),Regular,False,,,,False,False
147863,ICICI Prudential Fixed Maturity Plan - Series 87 - 1214 Days Plan A,Close Ended Schemes(Income),Regular,False,,,,False,False
150950,ICICI Prudential Fixed Maturity Plan - Series 88 - 1226 Days Plan F,Close Ended Schemes(Income),Regular,False,,,,False,False
150953,ICICI Prudential Fixed Maturity Plan - Series 88 - 1226 Days Plan F,Close Ended Schemes(Income),Regular,False,,,,False,False
150952,ICICI Prudential Fixed Maturity Plan - Series 88 - 1226 Days Plan F,Close Ended Schemes(Income),Regular,False,,,,False,False
150949,ICICI Prudential Fixed Maturity Plan - Series 88 - 1226 Days Plan F,Close Ended Schemes(Income),Regular,False,,,,False,False
150954,ICICI Prudential Fixed Maturity Plan - Series 88 - 1226 Days Plan F,Close Ended Schemes(Income),Regular,False,,,,False,False
150951,ICICI Prudential Fixed Maturity Plan - Series 88 - 1226 Days Plan F,Close Ended Schemes(Income),Regular,False,,,,False,False
151493,ICICI Prudential Fixed Maturity Plan - Series 88 - 1303 Days Plan S,Close Ended Schemes(Income),Regular,False,,,,False,False
151492,ICICI Prudential Fixed Maturity Plan - Series 88 - 1303 Days Plan S,Close Ended Schemes(Income),Regular,False,,,,False,False
151491,ICICI Prudential Fixed Maturity Plan - Series 88 - 1303 Days Plan S,Close Ended Schemes(Income),Regular,False,,,,False,False
151494,ICICI Prudential Fixed Maturity Plan - Series 88 - 1303 Days Plan S,Close Ended Schemes(Income),Regular,False,,,,False,False
150449,ICICI Prudential Fixed Maturity Plan - Series 88 - 226 Days Plan E,Close Ended Schemes(Income),Regular,False,,,,False,False
150525,ICICI Prudential Fixed Maturity Plan - Series 88 - 226 Days Plan E,Close Ended Schemes(Income),Regular,False,,,,False,False
150448,ICICI Prudential Fixed Maturity Plan - Series 88 - 226 Days Plan E,Close Ended Schemes(Income),Regular,False,,,,False,False
150450,ICICI Prudential Fixed Maturity Plan - Series 88 - 226 Days Plan E,Close Ended Schemes(Income),Regular,False,,,,False,False
150447,ICICI Prudential Fixed Maturity Plan - Series 88 - 226 Days Plan E,Close Ended Schemes(Income),Regular,False,,,,False,False
150955,ICICI Prudential Fixed Maturity Plan - Series 88 - 91 Days Plan G,Close Ended Schemes(Income),Regular,False,,,,False,False
150956,ICICI Prudential Fixed Maturity Plan - Series 88 - 91 Days Plan G,Close Ended Schemes(Income),Regular,False,,,,False,False
150957,ICICI Prudential Fixed Maturity Plan - Series 88 - 91 Days Plan G,Close Ended Schemes(Income),Regular,False,,,,False,False
150958,ICICI Prudential Fixed Maturity Plan - Series 88 - 91 Days Plan G,Close Ended Schemes(Income),Regular,False,,,,False,False
151638,ICICI Prudential Fixed Maturity Plan - Series 88 - Plan U,Close Ended Schemes(Income),Regular,False,,,,False,False
151635,ICICI Prudential Fixed Maturity Plan - Series 88 - Plan U,Close Ended Schemes(Income),Regular,False,,,,False,False
151637,ICICI Prudential Fixed Maturity Plan - Series 88 - Plan U,Close Ended Schemes(Income),Regular,False,,,,False,False
151636,ICICI Prudential Fixed Maturity Plan - Series 88 - Plan U,Close Ended Schemes(Income),Regular,False,,,,False,False
130085,ICICI Prudential Fixed Maturity Plan -Series 74 -369 Days Plan T,Close Ended Schemes(Income),Regular,False,,,,False,False
130088,ICICI Prudential Fixed Maturity Plan -Series 74 -369 Days Plan T,Close Ended Schemes(Income),Regular,False,,,,False,False
130087,ICICI Prudential Fixed Maturity Plan -Series 74 -369 Days Plan T,Close Ended Schemes(Income),Regular,False,,,,False,False
130086,ICICI Prudential Fixed Maturity Plan -Series 74 -369 Days Plan T,Close Ended Schemes(Income),Regular,False,,,,False,False
130178,ICICI Prudential Fixed Maturity Plan -Series 74 -370 Days Plan V,Close Ended Schemes(Income),Regular,False,,,,False,False
130179,ICICI Prudential Fixed Maturity Plan -Series 74 -370 Days Plan V,Close Ended Schemes(Income),Regular,False,,,,False,False
130177,ICICI Prudential Fixed Maturity Plan -Series 74 -370 Days Plan V,Close Ended Schemes(Income),Regular,False,,,,False,False
130180,ICICI Prudential Fixed Maturity Plan -Series 74 -370 Days Plan V,Close Ended Schemes(Income),Regular,False,,,,False,False
133503,ICICI Prudential Fixed Maturity Plan -Series 76 -1185 Days Plan H,Close Ended Schemes(Income),Regular,False,,,,False,False
133504,ICICI Prudential Fixed Maturity Plan -Series 76 -1185 Days Plan H,Close Ended Schemes(Income),Regular,False,,,,False,False
133501,ICICI Prudential Fixed Maturity Plan -Series 76 -1185 Days Plan H,Close Ended Schemes(Income),Regular,False,,,,False,False
133502,ICICI Prudential Fixed Maturity Plan -Series 76 -1185 Days Plan H,Close Ended Schemes(Income),Regular,False,,,,False,False
129236,ICICI Prudential Fixed Maturity Plan â Series 74 â 780 Days Plan E,Close Ended Schemes(Income),Regular,False,,,,False,False
129238,ICICI Prudential Fixed Maturity Plan â Series 74 â 780 Days Plan E,Close Ended Schemes(Income),Regular,False,,,,False,False
129239,ICICI Prudential Fixed Maturity Plan â Series 74 â 780 Days Plan E,Close Ended Schemes(Income),Regular,False,,,,False,False
129237,ICICI Prudential Fixed Maturity Plan â Series 74 â 780 Days Plan E,Close Ended Schemes(Income),Regular,False,,,,False,False
140545,ICICI Prudential Fixed Maturity Plan Series 80 - 1187 Days Plan G,Close Ended Schemes(Income),Regular,False,,,,False,False
140548,ICICI Prudential Fixed Maturity Plan Series 80 - 1187 Days Plan G,Close Ended Schemes(Income),Regular,False,,,,False,False
140547,ICICI Prudential Fixed Maturity Plan Series 80 - 1187 Days Plan G,Close Ended Schemes(Income),Regular,False,,,,False,False
140546,ICICI Prudential Fixed Maturity Plan Series 80 - 1187 Days Plan G,Close Ended Schemes(Income),Regular,False,,,,False,False
140537,ICICI Prudential Fixed Maturity Plan Series 80 - 1194 Days Plan F,Close Ended Schemes(Income),Regular,False,,,,False,False
140538,ICICI Prudential Fixed Maturity Plan Series 80 - 1194 Days Plan F,Close Ended Schemes(Income),Regular,False,,,,False,False
140539,ICICI Prudential Fixed Maturity Plan Series 80 - 1194 Days Plan F,Close Ended Schemes(Income),Regular,False,,,,False,False
140540,ICICI Prudential Fixed Maturity Plan Series 80 - 1194 Days Plan F,Close Ended Schemes(Income),Regular,False,,,,False,False
142541,ICICI Prudential Fixed Maturity Plan Series 82 - 1185 Days Plan M,Close Ended Schemes(Income),Regular,False,,,,False,False
142544,ICICI Prudential Fixed Maturity Plan Series 82 - 1185 Days Plan M,Close Ended Schemes(Income),Regular,False,,,,False,False
142543,ICICI Prudential Fixed Maturity Plan Series 82 - 1185 Days Plan M,Close Ended Schemes(Income),Regular,False,,,,False,False
142542,ICICI Prudential Fixed Maturity Plan Series 82 - 1185 Days Plan M,Close Ended Schemes(Income),Regular,False,,,,False,False
142548,ICICI Prudential Fixed Maturity Plan Series 82 - 1185 Days Plan M,Close Ended Schemes(Income),Regular,False,,,,False,False
129855,ICICI Prudential Fixed Maturity Plan- Series 74 - 367 Days Plan N,Close Ended Schemes(Income),Regular,False,,,,False,False
129854,ICICI Prudential Fixed Maturity Plan- Series 74 - 367 Days Plan N,Close Ended Schemes(Income),Regular,False,,,,False,False
129856,ICICI Prudential Fixed Maturity Plan- Series 74 - 367 Days Plan N,Close Ended Schemes(Income),Regular,False,,,,False,False
129853,ICICI Prudential Fixed Maturity Plan- Series 74 - 367 Days Plan N,Close Ended Schemes(Income),Regular,False,,,,False,False
135011,ICICI Prudential Fixed Maturity Plan- Series 77 - 1105 Days Plan N,Close Ended Schemes(Income),Regular,False,,,,False,False
135012,ICICI Prudential Fixed Maturity Plan- Series 77 - 1105 Days Plan N,Close Ended Schemes(Income),Regular,False,,,,False,False
135013,ICICI Prudential Fixed Maturity Plan- Series 77 - 1105 Days Plan N,Close Ended Schemes(Income),Regular,False,,,,False,False
117367,ICICI Prudential Fixed Maturity Plan-Series 63-3 Year Plan K,Close Ended Schemes(Income),Regular,False,,,,False,False
117366,ICICI Prudential Fixed Maturity Plan-Series 63-3 Year Plan K,Close Ended Schemes(Income),Regular,False,,,,False,False
117621,ICICI Prudential Fixed Maturity Plan-Series 63-3 Year Plan L,Close Ended Schemes(Income),Regular,False,,,,False,False
117622,ICICI Prudential Fixed Maturity Plan-Series 63-3 Year Plan L,Close Ended Schemes(Income),Regular,False,,,,False,False
117700,ICICI Prudential Fixed Maturity Plan-Series 63-3 Year Plan M,Close Ended Schemes(Income),Regular,False,,,,False,False
117701,ICICI Prudential Fixed Maturity Plan-Series 63-3 Year Plan M,Close Ended Schemes(Income),Regular,False,,,,False,False
117770,ICICI Prudential Fixed Maturity Plan-Series 64-3 Year Plan H,Close Ended Schemes(Income),Regular,False,,,,False,False
117769,ICICI Prudential Fixed Maturity Plan-Series 64-3 Year Plan H,Close Ended Schemes(Income),Regular,False,,,,False,False
117804,ICICI Prudential Fixed Maturity Plan-Series 64-3 Year Plan I,Close Ended Schemes(Income),Regular,False,,,,False,False
117805,ICICI Prudential Fixed Maturity Plan-Series 64-3 Year Plan I,Close Ended Schemes(Income),Regular,False,,,,False,False
117855,ICICI Prudential Fixed Maturity Plan-Series 64-3 Year Plan K,Close Ended Schemes(Income),Regular,False,,,,False,False
117856,ICICI Prudential Fixed Maturity Plan-Series 64-3 Year Plan K,Close Ended Schemes(Income),Regular,False,,,,False,False
117971,ICICI Prudential Fixed Maturity Plan-Series 65-3 Year Plan A,Close Ended Schemes(Income),Regular,False,,,,False,False
117972,ICICI Prudential Fixed Maturity Plan-Series 65-3 Year Plan A,Close Ended Schemes(Income),Regular,False,,,,False,False
121876,ICICI Prudential Fixed Maturity Plan-Series 67-3 Year Plan F,Close Ended Schemes(Income),Regular,False,,,,False,False
121875,ICICI Prudential Fixed Maturity Plan-Series 67-3 Year Plan F,Close Ended Schemes(Income),Regular,False,,,,False,False
121878,ICICI Prudential Fixed Maturity Plan-Series 67-3 Year Plan F,Close Ended Schemes(Income),Regular,False,,,,False,False
121877,ICICI Prudential Fixed Maturity Plan-Series 67-3 Year Plan F,Close Ended Schemes(Income),Regular,False,,,,False,False
121956,ICICI Prudential Fixed Maturity Plan-Series 67-740 Days Plan H,Close Ended Schemes(Income),Regular,False,,,,False,False
121955,ICICI Prudential Fixed Maturity Plan-Series 67-740 Days Plan H,Close Ended Schemes(Income),Regular,False,,,,False,False
121953,ICICI Prudential Fixed Maturity Plan-Series 67-740 Days Plan H,Close Ended Schemes(Income),Regular,False,,,,False,False
121954,ICICI Prudential Fixed Maturity Plan-Series 67-740 Days Plan H,Close Ended Schemes(Income),Regular,False,,,,False,False
122276,ICICI Prudential Fixed Maturity Plan-Series 67-745 Days Plan K,Close Ended Schemes(Income),Regular,False,,,,False,False
122273,ICICI Prudential Fixed Maturity Plan-Series 67-745 Days Plan K,Close Ended Schemes(Income),Regular,False,,,,False,False
122275,ICICI Prudential Fixed Maturity Plan-Series 67-745 Days Plan K,Close Ended Schemes(Income),Regular,False,,,,False,False
122274,ICICI Prudential Fixed Maturity Plan-Series 67-745 Days Plan K,Close Ended Schemes(Income),Regular,False,,,,False,False
122893,ICICI Prudential Fixed Maturity Plan-Series 68-368 Days Plan G,Close Ended Schemes(Income),Regular,False,,,,False,False
122892,ICICI Prudential Fixed Maturity Plan-Series 68-368 Days Plan G,Close Ended Schemes(Income),Regular,False,,,,False,False
123002,ICICI Prudential Fixed Maturity Plan-Series 68-369 Days Plan I,Close Ended Schemes(Income),Regular,False,,,,False,False
123000,ICICI Prudential Fixed Maturity Plan-Series 68-369 Days Plan I,Close Ended Schemes(Income),Regular,False,,,,False,False
123003,ICICI Prudential Fixed Maturity Plan-Series 68-369 Days Plan I,Close Ended Schemes(Income),Regular,False,,,,False,False
123076,ICICI Prudential Fixed Maturity Plan-Series 68-369 Days Plan K,Close Ended Schemes(Income),Regular,False,,,,False,False
123074,ICICI Prudential Fixed Maturity Plan-Series 68-369 Days Plan K,Close Ended Schemes(Income),Regular,False,,,,False,False
123113,ICICI Prudential Fixed Maturity Plan-Series 68-704 Days Plan L,Close Ended Schemes(Income),Regular,False,,,,False,False
123110,ICICI Prudential Fixed Maturity Plan-Series 68-704 Days Plan L,Close Ended Schemes(Income),Regular,False,,,,False,False
123112,ICICI Prudential Fixed Maturity Plan-Series 68-704 Days Plan L,Close Ended Schemes(Income),Regular,False,,,,False,False
123111,ICICI Prudential Fixed Maturity Plan-Series 68-704 Days Plan L,Close Ended Schemes(Income),Regular,False,,,,False,False
122611,ICICI Prudential Fixed Maturity Plan-Series 68-745 Days Plan C,Close Ended Schemes(Income),Regular,False,,,,False,False
122608,ICICI Prudential Fixed Maturity Plan-Series 68-745 Days Plan C,Close Ended Schemes(Income),Regular,False,,,,False,False
122609,ICICI Prudential Fixed Maturity Plan-Series 68-745 Days Plan C,Close Ended Schemes(Income),Regular,False,,,,False,False
122610,ICICI Prudential Fixed Maturity Plan-Series 68-745 Days Plan C,Close Ended Schemes(Income),Regular,False,,,,False,False
122778,ICICI Prudential Fixed Maturity Plan-Series 68-745 Days Plan F,Close Ended Schemes(Income),Regular,False,,,,False,False
122776,ICICI Prudential Fixed Maturity Plan-Series 68-745 Days Plan F,Close Ended Schemes(Income),Regular,False,,,,False,False
122777,ICICI Prudential Fixed Maturity Plan-Series 68-745 Days Plan F,Close Ended Schemes(Income),Regular,False,,,,False,False
122779,ICICI Prudential Fixed Maturity Plan-Series 68-745 Days Plan F,Close Ended Schemes(Income),Regular,False,,,,False,False
122898,ICICI Prudential Fixed Maturity Plan-Series 68-745 Days Plan H,Close Ended Schemes(Income),Regular,False,,,,False,False
122896,ICICI Prudential Fixed Maturity Plan-Series 68-745 Days Plan H,Close Ended Schemes(Income),Regular,False,,,,False,False
122998,ICICI Prudential Fixed Maturity Plan-Series 68-745 Days Plan J,Close Ended Schemes(Income),Regular,False,,,,False,False
122996,ICICI Prudential Fixed Maturity Plan-Series 68-745 Days Plan J,Close Ended Schemes(Income),Regular,False,,,,False,False
122999,ICICI Prudential Fixed Maturity Plan-Series 68-745 Days Plan J,Close Ended Schemes(Income),Regular,False,,,,False,False
123992,ICICI Prudential Fixed Maturity Plan-Series 69-1092 Days Plan L,Close Ended Schemes(Income),Regular,False,,,,False,False
123994,ICICI Prudential Fixed Maturity Plan-Series 69-1092 Days Plan L,Close Ended Schemes(Income),Regular,False,,,,False,False
123995,ICICI Prudential Fixed Maturity Plan-Series 69-1092 Days Plan L,Close Ended Schemes(Income),Regular,False,,,,False,False
123993,ICICI Prudential Fixed Maturity Plan-Series 69-1092 Days Plan L,Close Ended Schemes(Income),Regular,False,,,,False,False
123367,ICICI Prudential Fixed Maturity Plan-Series 69-1093 Days Plan F,Close Ended Schemes(Income),Regular,False,,,,False,False
123370,ICICI Prudential Fixed Maturity Plan-Series 69-1093 Days Plan F,Close Ended Schemes(Income),Regular,False,,,,False,False
123368,ICICI Prudential Fixed Maturity Plan-Series 69-1093 Days Plan F,Close Ended Schemes(Income),Regular,False,,,,False,False
123484,ICICI Prudential Fixed Maturity Plan-Series 69-1821 Days Plan H,Close Ended Schemes(Income),Regular,False,,,,False,False
123482,ICICI Prudential Fixed Maturity Plan-Series 69-1821 Days Plan H,Close Ended Schemes(Income),Regular,False,,,,False,False
123485,ICICI Prudential Fixed Maturity Plan-Series 69-1821 Days Plan H,Close Ended Schemes(Income),Regular,False,,,,False,False
123186,ICICI Prudential Fixed Maturity Plan-Series 69-366 Days Plan A,Close Ended Schemes(Income),Regular,False,,,,False,False
123184,ICICI Prudential Fixed Maturity Plan-Series 69-366 Days Plan A,Close Ended Schemes(Income),Regular,False,,,,False,False
123480,ICICI Prudential Fixed Maturity Plan-Series 69-366 Days Plan G,Close Ended Schemes(Income),Regular,False,,,,False,False
123478,ICICI Prudential Fixed Maturity Plan-Series 69-366 Days Plan G,Close Ended Schemes(Income),Regular,False,,,,False,False
123481,ICICI Prudential Fixed Maturity Plan-Series 69-366 Days Plan G,Close Ended Schemes(Income),Regular,False,,,,False,False
123628,ICICI Prudential Fixed Maturity Plan-Series 69-369 Days Plan J,Close Ended Schemes(Income),Regular,False,,,,False,False
123627,ICICI Prudential Fixed Maturity Plan-Series 69-369 Days Plan J,Close Ended Schemes(Income),Regular,False,,,,False,False
123626,ICICI Prudential Fixed Maturity Plan-Series 69-369 Days Plan J,Close Ended Schemes(Income),Regular,False,,,,False,False
123946,ICICI Prudential Fixed Maturity Plan-Series 69-372 Days Plan K,Close Ended Schemes(Income),Regular,False,,,,False,False
123944,ICICI Prudential Fixed Maturity Plan-Series 69-372 Days Plan K,Close Ended Schemes(Income),Regular,False,,,,False,False
123947,ICICI Prudential Fixed Maturity Plan-Series 69-372 Days Plan K,Close Ended Schemes(Income),Regular,False,,,,False,False
123364,ICICI Prudential Fixed Maturity Plan-Series 69-433 Days Plan E,Close Ended Schemes(Income),Regular,False,,,,False,False
123363,ICICI Prudential Fixed Maturity Plan-Series 69-433 Days Plan E,Close Ended Schemes(Income),Regular,False,,,,False,False
123366,ICICI Prudential Fixed Maturity Plan-Series 69-433 Days Plan E,Close Ended Schemes(Income),Regular,False,,,,False,False
123282,ICICI Prudential Fixed Maturity Plan-Series 69-693 Days Plan D,Close Ended Schemes(Income),Regular,False,,,,False,False
123280,ICICI Prudential Fixed Maturity Plan-Series 69-693 Days Plan D,Close Ended Schemes(Income),Regular,False,,,,False,False
123281,ICICI Prudential Fixed Maturity Plan-Series 69-693 Days Plan D,Close Ended Schemes(Income),Regular,False,,,,False,False
123279,ICICI Prudential Fixed Maturity Plan-Series 69-693 Days Plan D,Close Ended Schemes(Income),Regular,False,,,,False,False
123261,ICICI Prudential Fixed Maturity Plan-Series 69-698 Days Plan B,Close Ended Schemes(Income),Regular,False,,,,False,False
123259,ICICI Prudential Fixed Maturity Plan-Series 69-698 Days Plan B,Close Ended Schemes(Income),Regular,False,,,,False,False
123262,ICICI Prudential Fixed Maturity Plan-Series 69-698 Days Plan B,Close Ended Schemes(Income),Regular,False,,,,False,False
124399,ICICI Prudential Fixed Maturity Plan-Series 70-1095 Days Plan H,Close Ended Schemes(Income),Regular,False,,,,False,False
124397,ICICI Prudential Fixed Maturity Plan-Series 70-1095 Days Plan H,Close Ended Schemes(Income),Regular,False,,,,False,False
124398,ICICI Prudential Fixed Maturity Plan-Series 70-1095 Days Plan H,Close Ended Schemes(Income),Regular,False,,,,False,False
124400,ICICI Prudential Fixed Maturity Plan-Series 70-1095 Days Plan H,Close Ended Schemes(Income),Regular,False,,,,False,False
125025,ICICI Prudential Fixed Maturity Plan-Series 70-1285 Days Plan T,Close Ended Schemes(Income),Regular,False,,,,False,False
125023,ICICI Prudential Fixed Maturity Plan-Series 70-1285 Days Plan T,Close Ended Schemes(Income),Regular,False,,,,False,False
125024,ICICI Prudential Fixed Maturity Plan-Series 70-1285 Days Plan T,Close Ended Schemes(Income),Regular,False,,,,False,False
125026,ICICI Prudential Fixed Maturity Plan-Series 70-1285 Days Plan T,Close Ended Schemes(Income),Regular,False,,,,False,False
124142,ICICI Prudential Fixed Maturity Plan-Series 70-366 Days Plan B,Close Ended Schemes(Income),Regular,False,,,,False,False
124143,ICICI Prudential Fixed Maturity Plan-Series 70-366 Days Plan B,Close Ended Schemes(Income),Regular,False,,,,False,False
124145,ICICI Prudential Fixed Maturity Plan-Series 70-366 Days Plan B,Close Ended Schemes(Income),Regular,False,,,,False,False
124497,ICICI Prudential Fixed Maturity Plan-Series 70-366 Days Plan I,Close Ended Schemes(Income),Regular,False,,,,False,False
124495,ICICI Prudential Fixed Maturity Plan-Series 70-366 Days Plan I,Close Ended Schemes(Income),Regular,False,,,,False,False
124496,ICICI Prudential Fixed Maturity Plan-Series 70-366 Days Plan I,Close Ended Schemes(Income),Regular,False,,,,False,False
124217,ICICI Prudential Fixed Maturity Plan-Series 70-367 Days Plan C,Close Ended Schemes(Income),Regular,False,,,,False,False
124215,ICICI Prudential Fixed Maturity Plan-Series 70-367 Days Plan C,Close Ended Schemes(Income),Regular,False,,,,False,False
124216,ICICI Prudential Fixed Maturity Plan-Series 70-367 Days Plan C,Close Ended Schemes(Income),Regular,False,,,,False,False
124218,ICICI Prudential Fixed Maturity Plan-Series 70-367 Days Plan C,Close Ended Schemes(Income),Regular,False,,,,False,False
124720,ICICI Prudential Fixed Maturity Plan-Series 70-367 Days Plan N,Close Ended Schemes(Income),Regular,False,,,,False,False
124718,ICICI Prudential Fixed Maturity Plan-Series 70-367 Days Plan N,Close Ended Schemes(Income),Regular,False,,,,False,False
124362,ICICI Prudential Fixed Maturity Plan-Series 70-368 Days Plan J,Close Ended Schemes(Income),Regular,False,,,,False,False
124361,ICICI Prudential Fixed Maturity Plan-Series 70-368 Days Plan J,Close Ended Schemes(Income),Regular,False,,,,False,False
124584,ICICI Prudential Fixed Maturity Plan-Series 70-368 Days Plan K,Close Ended Schemes(Income),Regular,False,,,,False,False
124582,ICICI Prudential Fixed Maturity Plan-Series 70-368 Days Plan K,Close Ended Schemes(Income),Regular,False,,,,False,False
124651,ICICI Prudential Fixed Maturity Plan-Series 70-368 Days Plan M,Close Ended Schemes(Income),Regular,False,,,,False,False
124653,ICICI Prudential Fixed Maturity Plan-Series 70-368 Days Plan M,Close Ended Schemes(Income),Regular,False,,,,False,False
124652,ICICI Prudential Fixed Maturity Plan-Series 70-368 Days Plan M,Close Ended Schemes(Income),Regular,False,,,,False,False
124082,ICICI Prudential Fixed Maturity Plan-Series 70-369 Days Plan E,Close Ended Schemes(Income),Regular,False,,,,False,False
124079,ICICI Prudential Fixed Maturity Plan-Series 70-369 Days Plan E,Close Ended Schemes(Income),Regular,False,,,,False,False
124081,ICICI Prudential Fixed Maturity Plan-Series 70-369 Days Plan E,Close Ended Schemes(Income),Regular,False,,,,False,False
124593,ICICI Prudential Fixed Maturity Plan-Series 70-372 Days Plan L,Close Ended Schemes(Income),Regular,False,,,,False,False
124591,ICICI Prudential Fixed Maturity Plan-Series 70-372 Days Plan L,Close Ended Schemes(Income),Regular,False,,,,False,False
124594,ICICI Prudential Fixed Maturity Plan-Series 70-372 Days Plan L,Close Ended Schemes(Income),Regular,False,,,,False,False
124922,ICICI Prudential Fixed Maturity Plan-Series 70-540 Days Plan S,Close Ended Schemes(Income),Regular,False,,,,False,False
124920,ICICI Prudential Fixed Maturity Plan-Series 70-540 Days Plan S,Close Ended Schemes(Income),Regular,False,,,,False,False
124221,ICICI Prudential Fixed Maturity Plan-Series 70-742 Days Plan D,Close Ended Schemes(Income),Regular,False,,,,False,False
124219,ICICI Prudential Fixed Maturity Plan-Series 70-742 Days Plan D,Close Ended Schemes(Income),Regular,False,,,,False,False
124220,ICICI Prudential Fixed Maturity Plan-Series 70-742 Days Plan D,Close Ended Schemes(Income),Regular,False,,,,False,False
124222,ICICI Prudential Fixed Maturity Plan-Series 70-742 Days Plan D,Close Ended Schemes(Income),Regular,False,,,,False,False
123991,ICICI Prudential Fixed Maturity Plan-Series 70-745 Days Plan A,Close Ended Schemes(Income),Regular,False,,,,False,False
123988,ICICI Prudential Fixed Maturity Plan-Series 70-745 Days Plan A,Close Ended Schemes(Income),Regular,False,,,,False,False
123990,ICICI Prudential Fixed Maturity Plan-Series 70-745 Days Plan A,Close Ended Schemes(Income),Regular,False,,,,False,False
124319,ICICI Prudential Fixed Maturity Plan-Series 70-745 Days Plan G,Close Ended Schemes(Income),Regular,False,,,,False,False
124317,ICICI Prudential Fixed Maturity Plan-Series 70-745 Days Plan G,Close Ended Schemes(Income),Regular,False,,,,False,False
124318,ICICI Prudential Fixed Maturity Plan-Series 70-745 Days Plan G,Close Ended Schemes(Income),Regular,False,,,,False,False
124320,ICICI Prudential Fixed Maturity Plan-Series 70-745 Days Plan G,Close Ended Schemes(Income),Regular,False,,,,False,False
124649,ICICI Prudential Fixed Maturity Plan-Series 70-745 Days Plan P,Close Ended Schemes(Income),Regular,False,,,,False,False
124647,ICICI Prudential Fixed Maturity Plan-Series 70-745 Days Plan P,Close Ended Schemes(Income),Regular,False,,,,False,False
124650,ICICI Prudential Fixed Maturity Plan-Series 70-745 Days Plan P,Close Ended Schemes(Income),Regular,False,,,,False,False
125867,ICICI Prudential Fixed Maturity Plan-Series 71-1095 Days Plan O,Close Ended Schemes(Income),Regular,False,,,,False,False
125865,ICICI Prudential Fixed Maturity Plan-Series 71-1095 Days Plan O,Close Ended Schemes(Income),Regular,False,,,,False,False
125866,ICICI Prudential Fixed Maturity Plan-Series 71-1095 Days Plan O,Close Ended Schemes(Income),Regular,False,,,,False,False
125868,ICICI Prudential Fixed Maturity Plan-Series 71-1095 Days Plan O,Close Ended Schemes(Income),Regular,False,,,,False,False
125438,ICICI Prudential Fixed Maturity Plan-Series 71-369 Days Plan E,Close Ended Schemes(Income),Regular,False,,,,False,False
125436,ICICI Prudential Fixed Maturity Plan-Series 71-369 Days Plan E,Close Ended Schemes(Income),Regular,False,,,,False,False
125437,ICICI Prudential Fixed Maturity Plan-Series 71-369 Days Plan E,Close Ended Schemes(Income),Regular,False,,,,False,False
125439,ICICI Prudential Fixed Maturity Plan-Series 71-369 Days Plan E,Close Ended Schemes(Income),Regular,False,,,,False,False
125971,ICICI Prudential Fixed Maturity Plan-Series 71-480 Days Plan L,Close Ended Schemes(Income),Regular,False,,,,False,False
125969,ICICI Prudential Fixed Maturity Plan-Series 71-480 Days Plan L,Close Ended Schemes(Income),Regular,False,,,,False,False
125972,ICICI Prudential Fixed Maturity Plan-Series 71-480 Days Plan L,Close Ended Schemes(Income),Regular,False,,,,False,False
125684,ICICI Prudential Fixed Maturity Plan-Series 71-505 Days Plan H,Close Ended Schemes(Income),Regular,False,,,,False,False
125683,ICICI Prudential Fixed Maturity Plan-Series 71-505 Days Plan H,Close Ended Schemes(Income),Regular,False,,,,False,False
125686,ICICI Prudential Fixed Maturity Plan-Series 71-505 Days Plan H,Close Ended Schemes(Income),Regular,False,,,,False,False
125434,ICICI Prudential Fixed Maturity Plan-Series 71-525 Days Plan D,Close Ended Schemes(Income),Regular,False,,,,False,False
125432,ICICI Prudential Fixed Maturity Plan-Series 71-525 Days Plan D,Close Ended Schemes(Income),Regular,False,,,,False,False
125435,ICICI Prudential Fixed Maturity Plan-Series 71-525 Days Plan D,Close Ended Schemes(Income),Regular,False,,,,False,False
127230,ICICI Prudential Fixed Maturity Plan-Series 72-1075 Days Plan Q,Close Ended Schemes(Income),Regular,False,,,,False,False
127227,ICICI Prudential Fixed Maturity Plan-Series 72-1075 Days Plan Q,Close Ended Schemes(Income),Regular,False,,,,False,False
127229,ICICI Prudential Fixed Maturity Plan-Series 72-1075 Days Plan Q,Close Ended Schemes(Income),Regular,False,,,,False,False
127228,ICICI Prudential Fixed Maturity Plan-Series 72-1075 Days Plan Q,Close Ended Schemes(Income),Regular,False,,,,False,False
126476,ICICI Prudential Fixed Maturity Plan-Series 72-1092 Days Plan F,Close Ended Schemes(Income),Regular,False,,,,False,False
126475,ICICI Prudential Fixed Maturity Plan-Series 72-1092 Days Plan F,Close Ended Schemes(Income),Regular,False,,,,False,False
126473,ICICI Prudential Fixed Maturity Plan-Series 72-1092 Days Plan F,Close Ended Schemes(Income),Regular,False,,,,False,False
126474,ICICI Prudential Fixed Maturity Plan-Series 72-1092 Days Plan F,Close Ended Schemes(Income),Regular,False,,,,False,False
126325,ICICI Prudential Fixed Maturity Plan-Series 72-366 Days Plan C,Close Ended Schemes(Income),Regular,False,,,,False,False
126324,ICICI Prudential Fixed Maturity Plan-Series 72-366 Days Plan C,Close Ended Schemes(Income),Regular,False,,,,False,False
126327,ICICI Prudential Fixed Maturity Plan-Series 72-366 Days Plan C,Close Ended Schemes(Income),Regular,False,,,,False,False
126929,ICICI Prudential Fixed Maturity Plan-Series 72-366 Days Plan M,Close Ended Schemes(Income),Regular,False,,,,False,False
126927,ICICI Prudential Fixed Maturity Plan-Series 72-366 Days Plan M,Close Ended Schemes(Income),Regular,False,,,,False,False
126928,ICICI Prudential Fixed Maturity Plan-Series 72-366 Days Plan M,Close Ended Schemes(Income),Regular,False,,,,False,False
127352,ICICI Prudential Fixed Maturity Plan-Series 72-366 Days Plan T,Close Ended Schemes(Income),Regular,False,,,,False,False
127351,ICICI Prudential Fixed Maturity Plan-Series 72-366 Days Plan T,Close Ended Schemes(Income),Regular,False,,,,False,False
127354,ICICI Prudential Fixed Maturity Plan-Series 72-366 Days Plan T,Close Ended Schemes(Income),Regular,False,,,,False,False
127233,ICICI Prudential Fixed Maturity Plan-Series 72-367 Days Plan R,Close Ended Schemes(Income),Regular,False,,,,False,False
127231,ICICI Prudential Fixed Maturity Plan-Series 72-367 Days Plan R,Close Ended Schemes(Income),Regular,False,,,,False,False
126127,ICICI Prudential Fixed Maturity Plan-Series 72-368 Days Plan A,Close Ended Schemes(Income),Regular,False,,,,False,False
126125,ICICI Prudential Fixed Maturity Plan-Series 72-368 Days Plan A,Close Ended Schemes(Income),Regular,False,,,,False,False
126126,ICICI Prudential Fixed Maturity Plan-Series 72-368 Days Plan A,Close Ended Schemes(Income),Regular,False,,,,False,False
126128,ICICI Prudential Fixed Maturity Plan-Series 72-368 Days Plan A,Close Ended Schemes(Income),Regular,False,,,,False,False
126334,ICICI Prudential Fixed Maturity Plan-Series 72-368 Days Plan D,Close Ended Schemes(Income),Regular,False,,,,False,False
126332,ICICI Prudential Fixed Maturity Plan-Series 72-368 Days Plan D,Close Ended Schemes(Income),Regular,False,,,,False,False
126335,ICICI Prudential Fixed Maturity Plan-Series 72-368 Days Plan D,Close Ended Schemes(Income),Regular,False,,,,False,False
127052,ICICI Prudential Fixed Maturity Plan-Series 72-368 Days Plan P,Close Ended Schemes(Income),Regular,False,,,,False,False
127050,ICICI Prudential Fixed Maturity Plan-Series 72-368 Days Plan P,Close Ended Schemes(Income),Regular,False,,,,False,False
127051,ICICI Prudential Fixed Maturity Plan-Series 72-368 Days Plan P,Close Ended Schemes(Income),Regular,False,,,,False,False
127049,ICICI Prudential Fixed Maturity Plan-Series 72-368 Days Plan P,Close Ended Schemes(Income),Regular,False,,,,False,False
126562,ICICI Prudential Fixed Maturity Plan-Series 72-370 Days Plan G,Close Ended Schemes(Income),Regular,False,,,,False,False
126560,ICICI Prudential Fixed Maturity Plan-Series 72-370 Days Plan G,Close Ended Schemes(Income),Regular,False,,,,False,False
126561,ICICI Prudential Fixed Maturity Plan-Series 72-370 Days Plan G,Close Ended Schemes(Income),Regular,False,,,,False,False
126563,ICICI Prudential Fixed Maturity Plan-Series 72-370 Days Plan G,Close Ended Schemes(Income),Regular,False,,,,False,False
127261,ICICI Prudential Fixed Maturity Plan-Series 72-409 Days Plan S,Close Ended Schemes(Income),Regular,False,,,,False,False
127259,ICICI Prudential Fixed Maturity Plan-Series 72-409 Days Plan S,Close Ended Schemes(Income),Regular,False,,,,False,False
127260,ICICI Prudential Fixed Maturity Plan-Series 72-409 Days Plan S,Close Ended Schemes(Income),Regular,False,,,,False,False
127262,ICICI Prudential Fixed Maturity Plan-Series 72-409 Days Plan S,Close Ended Schemes(Income),Regular,False,,,,False,False
127032,ICICI Prudential Fixed Maturity Plan-Series 72-425 Days Plan N,Close Ended Schemes(Income),Regular,False,,,,False,False
127031,ICICI Prudential Fixed Maturity Plan-Series 72-425 Days Plan N,Close Ended Schemes(Income),Regular,False,,,,False,False
127033,ICICI Prudential Fixed Maturity Plan-Series 72-425 Days Plan N,Close Ended Schemes(Income),Regular,False,,,,False,False
126804,ICICI Prudential Fixed Maturity Plan-Series 72-440 Days Plan L,Close Ended Schemes(Income),Regular,False,,,,False,False
126802,ICICI Prudential Fixed Maturity Plan-Series 72-440 Days Plan L,Close Ended Schemes(Income),Regular,False,,,,False,False
126803,ICICI Prudential Fixed Maturity Plan-Series 72-440 Days Plan L,Close Ended Schemes(Income),Regular,False,,,,False,False
126801,ICICI Prudential Fixed Maturity Plan-Series 72-440 Days Plan L,Close Ended Schemes(Income),Regular,False,,,,False,False
126642,ICICI Prudential Fixed Maturity Plan-Series 72-483 Days Plan J,Close Ended Schemes(Income),Regular,False,,,,False,False
126641,ICICI Prudential Fixed Maturity Plan-Series 72-483 Days Plan J,Close Ended Schemes(Income),Regular,False,,,,False,False
126644,ICICI Prudential Fixed Maturity Plan-Series 72-483 Days Plan J,Close Ended Schemes(Income),Regular,False,,,,False,False
126643,ICICI Prudential Fixed Maturity Plan-Series 72-483 Days Plan J,Close Ended Schemes(Income),Regular,False,,,,False,False
126397,ICICI Prudential Fixed Maturity Plan-Series 72-500 Days Plan E,Close Ended Schemes(Income),Regular,False,,,,False,False
126396,ICICI Prudential Fixed Maturity Plan-Series 72-500 Days Plan E,Close Ended Schemes(Income),Regular,False,,,,False,False
126395,ICICI Prudential Fixed Maturity Plan-Series 72-500 Days Plan E,Close Ended Schemes(Income),Regular,False,,,,False,False
126169,ICICI Prudential Fixed Maturity Plan-Series 72-525 Days Plan B,Close Ended Schemes(Income),Regular,False,,,,False,False
126167,ICICI Prudential Fixed Maturity Plan-Series 72-525 Days Plan B,Close Ended Schemes(Income),Regular,False,,,,False,False
126170,ICICI Prudential Fixed Maturity Plan-Series 72-525 Days Plan B,Close Ended Schemes(Income),Regular,False,,,,False,False
126829,ICICI Prudential Fixed Maturity Plan-Series 72-785 Days Plan O,Close Ended Schemes(Income),Regular,False,,,,False,False
126831,ICICI Prudential Fixed Maturity Plan-Series 72-785 Days Plan O,Close Ended Schemes(Income),Regular,False,,,,False,False
126832,ICICI Prudential Fixed Maturity Plan-Series 72-785 Days Plan O,Close Ended Schemes(Income),Regular,False,,,,False,False
126830,ICICI Prudential Fixed Maturity Plan-Series 72-785 Days Plan O,Close Ended Schemes(Income),Regular,False,,,,False,False
126499,ICICI Prudential Fixed Maturity Plan-Series 72-823 Days Plan H,Close Ended Schemes(Income),Regular,False,,,,False,False
126502,ICICI Prudential Fixed Maturity Plan-Series 72-823 Days Plan H,Close Ended Schemes(Income),Regular,False,,,,False,False
126500,ICICI Prudential Fixed Maturity Plan-Series 72-823 Days Plan H,Close Ended Schemes(Income),Regular,False,,,,False,False
126501,ICICI Prudential Fixed Maturity Plan-Series 72-823 Days Plan H,Close Ended Schemes(Income),Regular,False,,,,False,False
128359,ICICI Prudential Fixed Maturity Plan-Series 73-1120 Days Plan L,Close Ended Schemes(Income),Regular,False,,,,False,False
128361,ICICI Prudential Fixed Maturity Plan-Series 73-1120 Days Plan L,Close Ended Schemes(Income),Regular,False,,,,False,False
128358,ICICI Prudential Fixed Maturity Plan-Series 73-1120 Days Plan L,Close Ended Schemes(Income),Regular,False,,,,False,False
128360,ICICI Prudential Fixed Maturity Plan-Series 73-1120 Days Plan L,Close Ended Schemes(Income),Regular,False,,,,False,False
127617,ICICI Prudential Fixed Maturity Plan-Series 73-366 Days Plan A,Close Ended Schemes(Income),Regular,False,,,,False,False
127618,ICICI Prudential Fixed Maturity Plan-Series 73-366 Days Plan A,Close Ended Schemes(Income),Regular,False,,,,False,False
127619,ICICI Prudential Fixed Maturity Plan-Series 73-366 Days Plan A,Close Ended Schemes(Income),Regular,False,,,,False,False
127714,ICICI Prudential Fixed Maturity Plan-Series 73-366 Days Plan B,Close Ended Schemes(Income),Regular,False,,,,False,False
127712,ICICI Prudential Fixed Maturity Plan-Series 73-366 Days Plan B,Close Ended Schemes(Income),Regular,False,,,,False,False
127717,ICICI Prudential Fixed Maturity Plan-Series 73-368 Days Plan D,Close Ended Schemes(Income),Regular,False,,,,False,False
127716,ICICI Prudential Fixed Maturity Plan-Series 73-368 Days Plan D,Close Ended Schemes(Income),Regular,False,,,,False,False
127718,ICICI Prudential Fixed Maturity Plan-Series 73-368 Days Plan D,Close Ended Schemes(Income),Regular,False,,,,False,False
128357,ICICI Prudential Fixed Maturity Plan-Series 73-368 Days Plan M,Close Ended Schemes(Income),Regular,False,,,,False,False
128354,ICICI Prudential Fixed Maturity Plan-Series 73-368 Days Plan M,Close Ended Schemes(Income),Regular,False,,,,False,False
128356,ICICI Prudential Fixed Maturity Plan-Series 73-368 Days Plan M,Close Ended Schemes(Income),Regular,False,,,,False,False
128814,ICICI Prudential Fixed Maturity Plan-Series 73-368 Days Plan R,Close Ended Schemes(Income),Regular,False,,,,False,False
128812,ICICI Prudential Fixed Maturity Plan-Series 73-368 Days Plan R,Close Ended Schemes(Income),Regular,False,,,,False,False
128058,ICICI Prudential Fixed Maturity Plan-Series 73-369 Days Plan H,Close Ended Schemes(Income),Regular,False,,,,False,False
128060,ICICI Prudential Fixed Maturity Plan-Series 73-369 Days Plan H,Close Ended Schemes(Income),Regular,False,,,,False,False
128652,ICICI Prudential Fixed Maturity Plan-Series 73-369 Days Plan P,Close Ended Schemes(Income),Regular,False,,,,False,False
128650,ICICI Prudential Fixed Maturity Plan-Series 73-369 Days Plan P,Close Ended Schemes(Income),Regular,False,,,,False,False
128653,ICICI Prudential Fixed Maturity Plan-Series 73-369 Days Plan P,Close Ended Schemes(Income),Regular,False,,,,False,False
128811,ICICI Prudential Fixed Maturity Plan-Series 73-369 Days Plan S,Close Ended Schemes(Income),Regular,False,,,,False,False
128808,ICICI Prudential Fixed Maturity Plan-Series 73-369 Days Plan S,Close Ended Schemes(Income),Regular,False,,,,False,False
128810,ICICI Prudential Fixed Maturity Plan-Series 73-369 Days Plan S,Close Ended Schemes(Income),Regular,False,,,,False,False
128818,ICICI Prudential Fixed Maturity Plan-Series 73-369 Days Plan T,Close Ended Schemes(Income),Regular,False,,,,False,False
128816,ICICI Prudential Fixed Maturity Plan-Series 73-369 Days Plan T,Close Ended Schemes(Income),Regular,False,,,,False,False
128819,ICICI Prudential Fixed Maturity Plan-Series 73-369 Days Plan T,Close Ended Schemes(Income),Regular,False,,,,False,False
128648,ICICI Prudential Fixed Maturity Plan-Series 73-376 Days Plan Q,Close Ended Schemes(Income),Regular,False,,,,False,False
128646,ICICI Prudential Fixed Maturity Plan-Series 73-376 Days Plan Q,Close Ended Schemes(Income),Regular,False,,,,False,False
128649,ICICI Prudential Fixed Maturity Plan-Series 73-376 Days Plan Q,Close Ended Schemes(Income),Regular,False,,,,False,False
128352,ICICI Prudential Fixed Maturity Plan-Series 73-378 Days Plan N,Close Ended Schemes(Income),Regular,False,,,,False,False
128350,ICICI Prudential Fixed Maturity Plan-Series 73-378 Days Plan N,Close Ended Schemes(Income),Regular,False,,,,False,False
128498,ICICI Prudential Fixed Maturity Plan-Series 73-378 Days Plan O,Close Ended Schemes(Income),Regular,False,,,,False,False
128496,ICICI Prudential Fixed Maturity Plan-Series 73-378 Days Plan O,Close Ended Schemes(Income),Regular,False,,,,False,False
128497,ICICI Prudential Fixed Maturity Plan-Series 73-378 Days Plan O,Close Ended Schemes(Income),Regular,False,,,,False,False
128499,ICICI Prudential Fixed Maturity Plan-Series 73-378 Days Plan O,Close Ended Schemes(Income),Regular,False,,,,False,False
128203,ICICI Prudential Fixed Maturity Plan-Series 73-383 Days Plan K,Close Ended Schemes(Income),Regular,False,,,,False,False
128201,ICICI Prudential Fixed Maturity Plan-Series 73-383 Days Plan K,Close Ended Schemes(Income),Regular,False,,,,False,False
128204,ICICI Prudential Fixed Maturity Plan-Series 73-383 Days Plan K,Close Ended Schemes(Income),Regular,False,,,,False,False
128075,ICICI Prudential Fixed Maturity Plan-Series 73-390 Days Plan I,Close Ended Schemes(Income),Regular,False,,,,False,False
128076,ICICI Prudential Fixed Maturity Plan-Series 73-390 Days Plan I,Close Ended Schemes(Income),Regular,False,,,,False,False
128077,ICICI Prudential Fixed Maturity Plan-Series 73-390 Days Plan I,Close Ended Schemes(Income),Regular,False,,,,False,False
128038,ICICI Prudential Fixed Maturity Plan-Series 73-391 Days Plan G,Close Ended Schemes(Income),Regular,False,,,,False,False
128040,ICICI Prudential Fixed Maturity Plan-Series 73-391 Days Plan G,Close Ended Schemes(Income),Regular,False,,,,False,False
128039,ICICI Prudential Fixed Maturity Plan-Series 73-391 Days Plan G,Close Ended Schemes(Income),Regular,False,,,,False,False
128044,ICICI Prudential Fixed Maturity Plan-Series 73-392 Days Plan F,Close Ended Schemes(Income),Regular,False,,,,False,False
128042,ICICI Prudential Fixed Maturity Plan-Series 73-392 Days Plan F,Close Ended Schemes(Income),Regular,False,,,,False,False
127720,ICICI Prudential Fixed Maturity Plan-Series 73-407 Days Plan C,Close Ended Schemes(Income),Regular,False,,,,False,False
127722,ICICI Prudential Fixed Maturity Plan-Series 73-407 Days Plan C,Close Ended Schemes(Income),Regular,False,,,,False,False
127721,ICICI Prudential Fixed Maturity Plan-Series 73-407 Days Plan C,Close Ended Schemes(Income),Regular,False,,,,False,False
128113,ICICI Prudential Fixed Maturity Plan-Series 73-830 Days Plan J,Close Ended Schemes(Income),Regular,False,,,,False,False
128112,ICICI Prudential Fixed Maturity Plan-Series 73-830 Days Plan J,Close Ended Schemes(Income),Regular,False,,,,False,False
128111,ICICI Prudential Fixed Maturity Plan-Series 73-830 Days Plan J,Close Ended Schemes(Income),Regular,False,,,,False,False
128114,ICICI Prudential Fixed Maturity Plan-Series 73-830 Days Plan J,Close Ended Schemes(Income),Regular,False,,,,False,False
130002,ICICI Prudential Fixed Maturity Plan-Series 74- 368 Days Plan R,Close Ended Schemes(Income),Regular,False,,,,False,False
130000,ICICI Prudential Fixed Maturity Plan-Series 74- 368 Days Plan R,Close Ended Schemes(Income),Regular,False,,,,False,False
129999,ICICI Prudential Fixed Maturity Plan-Series 74- 368 Days Plan R,Close Ended Schemes(Income),Regular,False,,,,False,False
130001,ICICI Prudential Fixed Maturity Plan-Series 74- 368 Days Plan R,Close Ended Schemes(Income),Regular,False,,,,False,False
129967,ICICI Prudential Fixed Maturity Plan-Series 74- 370 Days Plan Q,Close Ended Schemes(Income),Regular,False,,,,False,False
129968,ICICI Prudential Fixed Maturity Plan-Series 74- 370 Days Plan Q,Close Ended Schemes(Income),Regular,False,,,,False,False
129970,ICICI Prudential Fixed Maturity Plan-Series 74- 370 Days Plan Q,Close Ended Schemes(Income),Regular,False,,,,False,False
129969,ICICI Prudential Fixed Maturity Plan-Series 74- 370 Days Plan Q,Close Ended Schemes(Income),Regular,False,,,,False,False
129254,ICICI Prudential Fixed Maturity Plan-Series 74-1092 Days Plan G,Close Ended Schemes(Income),Regular,False,,,,False,False
129252,ICICI Prudential Fixed Maturity Plan-Series 74-1092 Days Plan G,Close Ended Schemes(Income),Regular,False,,,,False,False
129253,ICICI Prudential Fixed Maturity Plan-Series 74-1092 Days Plan G,Close Ended Schemes(Income),Regular,False,,,,False,False
129255,ICICI Prudential Fixed Maturity Plan-Series 74-1092 Days Plan G,Close Ended Schemes(Income),Regular,False,,,,False,False
129797,ICICI Prudential Fixed Maturity Plan-Series 74-1092 Days Plan P,Close Ended Schemes(Income),Regular,False,,,,False,False
129800,ICICI Prudential Fixed Maturity Plan-Series 74-1092 Days Plan P,Close Ended Schemes(Income),Regular,False,,,,False,False
129799,ICICI Prudential Fixed Maturity Plan-Series 74-1092 Days Plan P,Close Ended Schemes(Income),Regular,False,,,,False,False
129798,ICICI Prudential Fixed Maturity Plan-Series 74-1092 Days Plan P,Close Ended Schemes(Income),Regular,False,,,,False,False
129243,ICICI Prudential Fixed Maturity Plan-Series 74-367 Days Plan C,Close Ended Schemes(Income),Regular,False,,,,False,False
129240,ICICI Prudential Fixed Maturity Plan-Series 74-367 Days Plan C,Close Ended Schemes(Income),Regular,False,,,,False,False
129241,ICICI Prudential Fixed Maturity Plan-Series 74-367 Days Plan C,Close Ended Schemes(Income),Regular,False,,,,False,False
129244,ICICI Prudential Fixed Maturity Plan-Series 74-367 Days Plan D,Close Ended Schemes(Income),Regular,False,,,,False,False
129246,ICICI Prudential Fixed Maturity Plan-Series 74-367 Days Plan D,Close Ended Schemes(Income),Regular,False,,,,False,False
129245,ICICI Prudential Fixed Maturity Plan-Series 74-367 Days Plan D,Close Ended Schemes(Income),Regular,False,,,,False,False
129412,ICICI Prudential Fixed Maturity Plan-Series 74-368 Days Plan H,Close Ended Schemes(Income),Regular,False,,,,False,False
129410,ICICI Prudential Fixed Maturity Plan-Series 74-368 Days Plan H,Close Ended Schemes(Income),Regular,False,,,,False,False
129409,ICICI Prudential Fixed Maturity Plan-Series 74-368 Days Plan H,Close Ended Schemes(Income),Regular,False,,,,False,False
129644,ICICI Prudential Fixed Maturity Plan-Series 74-368 Days Plan J,Close Ended Schemes(Income),Regular,False,,,,False,False
129642,ICICI Prudential Fixed Maturity Plan-Series 74-368 Days Plan J,Close Ended Schemes(Income),Regular,False,,,,False,False
129643,ICICI Prudential Fixed Maturity Plan-Series 74-368 Days Plan J,Close Ended Schemes(Income),Regular,False,,,,False,False
129645,ICICI Prudential Fixed Maturity Plan-Series 74-368 Days Plan J,Close Ended Schemes(Income),Regular,False,,,,False,False
129026,ICICI Prudential Fixed Maturity Plan-Series 74-369 Days Plan B,Close Ended Schemes(Income),Regular,False,,,,False,False
129028,ICICI Prudential Fixed Maturity Plan-Series 74-369 Days Plan B,Close Ended Schemes(Income),Regular,False,,,,False,False
129029,ICICI Prudential Fixed Maturity Plan-Series 74-369 Days Plan B,Close Ended Schemes(Income),Regular,False,,,,False,False
129027,ICICI Prudential Fixed Maturity Plan-Series 74-369 Days Plan B,Close Ended Schemes(Income),Regular,False,,,,False,False
129248,ICICI Prudential Fixed Maturity Plan-Series 74-369 Days Plan F,Close Ended Schemes(Income),Regular,False,,,,False,False
129249,ICICI Prudential Fixed Maturity Plan-Series 74-369 Days Plan F,Close Ended Schemes(Income),Regular,False,,,,False,False
129472,ICICI Prudential Fixed Maturity Plan-Series 74-369 Days Plan I,Close Ended Schemes(Income),Regular,False,,,,False,False
129471,ICICI Prudential Fixed Maturity Plan-Series 74-369 Days Plan I,Close Ended Schemes(Income),Regular,False,,,,False,False
129473,ICICI Prudential Fixed Maturity Plan-Series 74-369 Days Plan I,Close Ended Schemes(Income),Regular,False,,,,False,False
129470,ICICI Prudential Fixed Maturity Plan-Series 74-369 Days Plan I,Close Ended Schemes(Income),Regular,False,,,,False,False
129716,ICICI Prudential Fixed Maturity Plan-Series 74-369 Days Plan K,Close Ended Schemes(Income),Regular,False,,,,False,False
129717,ICICI Prudential Fixed Maturity Plan-Series 74-369 Days Plan K,Close Ended Schemes(Income),Regular,False,,,,False,False
129715,ICICI Prudential Fixed Maturity Plan-Series 74-369 Days Plan K,Close Ended Schemes(Income),Regular,False,,,,False,False
129718,ICICI Prudential Fixed Maturity Plan-Series 74-369 Days Plan K,Close Ended Schemes(Income),Regular,False,,,,False,False
129916,ICICI Prudential Fixed Maturity Plan-Series 74-369 Days Plan L,Close Ended Schemes(Income),Regular,False,,,,False,False
129913,ICICI Prudential Fixed Maturity Plan-Series 74-369 Days Plan L,Close Ended Schemes(Income),Regular,False,,,,False,False
129915,ICICI Prudential Fixed Maturity Plan-Series 74-369 Days Plan L,Close Ended Schemes(Income),Regular,False,,,,False,False
129914,ICICI Prudential Fixed Maturity Plan-Series 74-369 Days Plan L,Close Ended Schemes(Income),Regular,False,,,,False,False
129024,ICICI Prudential Fixed Maturity Plan-Series 74-370 Days Plan A,Close Ended Schemes(Income),Regular,False,,,,False,False
129022,ICICI Prudential Fixed Maturity Plan-Series 74-370 Days Plan A,Close Ended Schemes(Income),Regular,False,,,,False,False
129023,ICICI Prudential Fixed Maturity Plan-Series 74-370 Days Plan A,Close Ended Schemes(Income),Regular,False,,,,False,False
129025,ICICI Prudential Fixed Maturity Plan-Series 74-370 Days Plan A,Close Ended Schemes(Income),Regular,False,,,,False,False
130005,ICICI Prudential Fixed Maturity Plan-Series 74-370 Days Plan S,Close Ended Schemes(Income),Regular,False,,,,False,False
130008,ICICI Prudential Fixed Maturity Plan-Series 74-370 Days Plan S,Close Ended Schemes(Income),Regular,False,,,,False,False
130007,ICICI Prudential Fixed Maturity Plan-Series 74-370 Days Plan S,Close Ended Schemes(Income),Regular,False,,,,False,False
130006,ICICI Prudential Fixed Maturity Plan-Series 74-370 Days Plan S,Close Ended Schemes(Income),Regular,False,,,,False,False
135717,ICICI Prudential Multiple Yield Fund - Series 10 - 1775 Days - Plan A,Close Ended Schemes(Income),Regular,False,,,,False,False
135718,ICICI Prudential Multiple Yield Fund - Series 10 - 1775 Days - Plan A,Close Ended Schemes(Income),Regular,False,,,,False,False
135719,ICICI Prudential Multiple Yield Fund - Series 10 - 1775 Days - Plan A,Close Ended Schemes(Income),Regular,False,,,,False,False
135720,ICICI Prudential Multiple Yield Fund - Series 10 - 1775 Days - Plan A,Close Ended Schemes(Income),Regular,False,,,,False,False
135927,ICICI Prudential Multiple Yield Fund - Series 10 - 1825 Days - Plan B,Close Ended Schemes(Income),Regular,False,,,,False,False
135924,ICICI Prudential Multiple Yield Fund - Series 10 - 1825 Days - Plan B,Close Ended Schemes(Income),Regular,False,,,,False,False
135926,ICICI Prudential Multiple Yield Fund - Series 10 - 1825 Days - Plan B,Close Ended Schemes(Income),Regular,False,,,,False,False
135925,ICICI Prudential Multiple Yield Fund - Series 10 - 1825 Days - Plan B,Close Ended Schemes(Income),Regular,False,,,,False,False
139590,ICICI Prudential Multiple Yield Fund - Series 11 - Plan A 1427 Days,Close Ended Schemes(Income),Regular,False,,,,False,False
139592,ICICI Prudential Multiple Yield Fund - Series 11 - Plan A 1427 Days,Close Ended Schemes(Income),Regular,False,,,,False,False
139593,ICICI Prudential Multiple Yield Fund - Series 11 - Plan A 1427 Days,Close Ended Schemes(Income),Regular,False,,,,False,False
139591,ICICI Prudential Multiple Yield Fund - Series 11 - Plan A 1427 Days,Close Ended Schemes(Income),Regular,False,,,,False,False
139763,ICICI Prudential Multiple Yield Fund - Series 11 - Plan B 1394 Days,Close Ended Schemes(Income),Regular,False,,,,False,False
139764,ICICI Prudential Multiple Yield Fund - Series 11 - Plan B 1394 Days,Close Ended Schemes(Income),Regular,False,,,,False,False
139765,ICICI Prudential Multiple Yield Fund - Series 11 - Plan B 1394 Days,Close Ended Schemes(Income),Regular,False,,,,False,False
139766,ICICI Prudential Multiple Yield Fund - Series 11 - Plan B 1394 Days,Close Ended Schemes(Income),Regular,False,,,,False,False
139996,ICICI Prudential Multiple Yield Fund - Series 11 - Plan C - 1387 Days,Close Ended Schemes(Income),Regular,False,,,,False,False
139993,ICICI Prudential Multiple Yield Fund - Series 11 - Plan C - 1387 Days,Close Ended Schemes(Income),Regular,False,,,,False,False
139995,ICICI Prudential Multiple Yield Fund - Series 11 - Plan C - 1387 Days,Close Ended Schemes(Income),Regular,False,,,,False,False
139994,ICICI Prudential Multiple Yield Fund - Series 11 - Plan C - 1387 Days,Close Ended Schemes(Income),Regular,False,,,,False,False
140060,ICICI Prudential Multiple Yield Fund - Series 11 - Plan D 1361 Days,Close Ended Schemes(Income),Regular,False,,,,False,False
140058,ICICI Prudential Multiple Yield Fund - Series 11 - Plan D 1361 Days,Close Ended Schemes(Income),Regular,False,,,,False,False
140059,ICICI Prudential Multiple Yield Fund - Series 11 - Plan D 1361 Days,Close Ended Schemes(Income),Regular,False,,,,False,False
140057,ICICI Prudential Multiple Yield Fund - Series 11 - Plan D 1361 Days,Close Ended Schemes(Income),Regular,False,,,,False,False
142381,ICICI Prudential Multiple Yield Fund - Series 14 - Plan A 1228 Days,Close Ended Schemes(Income),Regular,False,,,,False,False
142382,ICICI Prudential Multiple Yield Fund - Series 14 - Plan A 1228 Days,Close Ended Schemes(Income),Regular,False,,,,False,False
142379,ICICI Prudential Multiple Yield Fund - Series 14 - Plan A 1228 Days,Close Ended Schemes(Income),Regular,False,,,,False,False
142380,ICICI Prudential Multiple Yield Fund - Series 14 - Plan A 1228 Days,Close Ended Schemes(Income),Regular,False,,,,False,False
121513,ICICI Prudential Multiple Yield Fund - Series 3 - Plan A,Close Ended Schemes(Income),Regular,False,,,,False,False
121510,ICICI Prudential Multiple Yield Fund - Series 3 - Plan A,Close Ended Schemes(Income),Regular,False,,,,False,False
121512,ICICI Prudential Multiple Yield Fund - Series 3 - Plan A,Close Ended Schemes(Income),Regular,False,,,,False,False
121511,ICICI Prudential Multiple Yield Fund - Series 3 - Plan A,Close Ended Schemes(Income),Regular,False,,,,False,False
122251,ICICI Prudential Multiple Yield Fund - Series 3 - Plan B,Close Ended Schemes(Income),Regular,False,,,,False,False
122249,ICICI Prudential Multiple Yield Fund - Series 3 - Plan B,Close Ended Schemes(Income),Regular,False,,,,False,False
122250,ICICI Prudential Multiple Yield Fund - Series 3 - Plan B,Close Ended Schemes(Income),Regular,False,,,,False,False
122252,ICICI Prudential Multiple Yield Fund - Series 3 - Plan B,Close Ended Schemes(Income),Regular,False,,,,False,False
122402,ICICI Prudential Multiple Yield Fund - Series 3 - Plan C,Close Ended Schemes(Income),Regular,False,,,,False,False
122403,ICICI Prudential Multiple Yield Fund - Series 3 - Plan C,Close Ended Schemes(Income),Regular,False,,,,False,False
122401,ICICI Prudential Multiple Yield Fund - Series 3 - Plan C,Close Ended Schemes(Income),Regular,False,,,,False,False
122404,ICICI Prudential Multiple Yield Fund - Series 3 - Plan C,Close Ended Schemes(Income),Regular,False,,,,False,False
122441,ICICI Prudential Multiple Yield Fund - Series 3 - Plan D,Close Ended Schemes(Income),Regular,False,,,,False,False
122439,ICICI Prudential Multiple Yield Fund - Series 3 - Plan D,Close Ended Schemes(Income),Regular,False,,,,False,False
122440,ICICI Prudential Multiple Yield Fund - Series 3 - Plan D,Close Ended Schemes(Income),Regular,False,,,,False,False
122442,ICICI Prudential Multiple Yield Fund - Series 3 - Plan D,Close Ended Schemes(Income),Regular,False,,,,False,False
122662,ICICI Prudential Multiple Yield Fund - Series 4 - 1100 Days - Plan C,Close Ended Schemes(Income),Regular,False,,,,False,False
122661,ICICI Prudential Multiple Yield Fund - Series 4 - 1100 Days - Plan C,Close Ended Schemes(Income),Regular,False,,,,False,False
122664,ICICI Prudential Multiple Yield Fund - Series 4 - 1100 Days - Plan C,Close Ended Schemes(Income),Regular,False,,,,False,False
122663,ICICI Prudential Multiple Yield Fund - Series 4 - 1100 Days - Plan C,Close Ended Schemes(Income),Regular,False,,,,False,False
122853,ICICI Prudential Multiple Yield Fund - Series 4 - 1100 Days - Plan E,Close Ended Schemes(Income),Regular,False,,,,False,False
122850,ICICI Prudential Multiple Yield Fund - Series 4 - 1100 Days - Plan E,Close Ended Schemes(Income),Regular,False,,,,False,False
122852,ICICI Prudential Multiple Yield Fund - Series 4 - 1100 Days - Plan E,Close Ended Schemes(Income),Regular,False,,,,False,False
122851,ICICI Prudential Multiple Yield Fund - Series 4 - 1100 Days - Plan E,Close Ended Schemes(Income),Regular,False,,,,False,False
122532,ICICI Prudential Multiple Yield Fund - Series 4 - 1825 Days - Plan A,Close Ended Schemes(Income),Regular,False,,,,False,False
122533,ICICI Prudential Multiple Yield Fund - Series 4 - 1825 Days - Plan A,Close Ended Schemes(Income),Regular,False,,,,False,False
122534,ICICI Prudential Multiple Yield Fund - Series 4 - 1825 Days - Plan A,Close Ended Schemes(Income),Regular,False,,,,False,False
122535,ICICI Prudential Multiple Yield Fund - Series 4 - 1825 Days - Plan A,Close Ended Schemes(Income),Regular,False,,,,False,False
122658,ICICI Prudential Multiple Yield Fund - Series 4 - 1825 Days - Plan B,Close Ended Schemes(Income),Regular,False,,,,False,False
122659,ICICI Prudential Multiple Yield Fund - Series 4 - 1825 Days - Plan B,Close Ended Schemes(Income),Regular,False,,,,False,False
122657,ICICI Prudential Multiple Yield Fund - Series 4 - 1825 Days - Plan B,Close Ended Schemes(Income),Regular,False,,,,False,False
122660,ICICI Prudential Multiple Yield Fund - Series 4 - 1825 Days - Plan B,Close Ended Schemes(Income),Regular,False,,,,False,False
122755,ICICI Prudential Multiple Yield Fund - Series 4 - 1825 Days - Plan D,Close Ended Schemes(Income),Regular,False,,,,False,False
122754,ICICI Prudential Multiple Yield Fund - Series 4 - 1825 Days - Plan D,Close Ended Schemes(Income),Regular,False,,,,False,False
122753,ICICI Prudential Multiple Yield Fund - Series 4 - 1825 Days - Plan D,Close Ended Schemes(Income),Regular,False,,,,False,False
122756,ICICI Prudential Multiple Yield Fund - Series 4 - 1825 Days - Plan D,Close Ended Schemes(Income),Regular,False,,,,False,False
124138,ICICI Prudential Multiple Yield Fund - Series 5 - 1100 Days - Plan A,Close Ended Schemes(Income),Regular,False,,,,False,False
124140,ICICI Prudential Multiple Yield Fund - Series 5 - 1100 Days - Plan A,Close Ended Schemes(Income),Regular,False,,,,False,False
124141,ICICI Prudential Multiple Yield Fund - Series 5 - 1100 Days - Plan A,Close Ended Schemes(Income),Regular,False,,,,False,False
124139,ICICI Prudential Multiple Yield Fund - Series 5 - 1100 Days - Plan A,Close Ended Schemes(Income),Regular,False,,,,False,False
125263,ICICI Prudential Multiple Yield Fund - Series 5 - 1100 Days - Plan B,Close Ended Schemes(Income),Regular,False,,,,False,False
125260,ICICI Prudential Multiple Yield Fund - Series 5 - 1100 Days - Plan B,Close Ended Schemes(Income),Regular,False,,,,False,False
125262,ICICI Prudential Multiple Yield Fund - Series 5 - 1100 Days - Plan B,Close Ended Schemes(Income),Regular,False,,,,False,False
125261,ICICI Prudential Multiple Yield Fund - Series 5 - 1100 Days - Plan B,Close Ended Schemes(Income),Regular,False,,,,False,False
126114,ICICI Prudential Multiple Yield Fund - Series 5 - 1100 Days - Plan D,Close Ended Schemes(Income),Regular,False,,,,False,False
126115,ICICI Prudential Multiple Yield Fund - Series 5 - 1100 Days - Plan D,Close Ended Schemes(Income),Regular,False,,,,False,False
126116,ICICI Prudential Multiple Yield Fund - Series 5 - 1100 Days - Plan D,Close Ended Schemes(Income),Regular,False,,,,False,False
126113,ICICI Prudential Multiple Yield Fund - Series 5 - 1100 Days - Plan D,Close Ended Schemes(Income),Regular,False,,,,False,False
126086,ICICI Prudential Multiple Yield Fund - Series 5 - 1825 Days - Plan C,Close Ended Schemes(Income),Regular,False,,,,False,False
126088,ICICI Prudential Multiple Yield Fund - Series 5 - 1825 Days - Plan C,Close Ended Schemes(Income),Regular,False,,,,False,False
126087,ICICI Prudential Multiple Yield Fund - Series 5 - 1825 Days - Plan C,Close Ended Schemes(Income),Regular,False,,,,False,False
127129,ICICI Prudential Multiple Yield Fund - Series 6 - 1100 Days - Plan A,Close Ended Schemes(Income),Regular,False,,,,False,False
127131,ICICI Prudential Multiple Yield Fund - Series 6 - 1100 Days - Plan A,Close Ended Schemes(Income),Regular,False,,,,False,False
127132,ICICI Prudential Multiple Yield Fund - Series 6 - 1100 Days - Plan A,Close Ended Schemes(Income),Regular,False,,,,False,False
129068,ICICI Prudential Multiple Yield Fund - Series 6 - 1100 Days - Plan E,Close Ended Schemes(Income),Regular,False,,,,False,False
129067,ICICI Prudential Multiple Yield Fund - Series 6 - 1100 Days - Plan E,Close Ended Schemes(Income),Regular,False,,,,False,False
129066,ICICI Prudential Multiple Yield Fund - Series 6 - 1100 Days - Plan E,Close Ended Schemes(Income),Regular,False,,,,False,False
129069,ICICI Prudential Multiple Yield Fund - Series 6 - 1100 Days - Plan E,Close Ended Schemes(Income),Regular,False,,,,False,False
128207,ICICI Prudential Multiple Yield Fund - Series 6 - 1125 Days - Plan B,Close Ended Schemes(Income),Regular,False,,,,False,False
128205,ICICI Prudential Multiple Yield Fund - Series 6 - 1125 Days - Plan B,Close Ended Schemes(Income),Regular,False,,,,False,False
128206,ICICI Prudential Multiple Yield Fund - Series 6 - 1125 Days - Plan B,Close Ended Schemes(Income),Regular,False,,,,False,False
128208,ICICI Prudential Multiple Yield Fund - Series 6 - 1125 Days - Plan B,Close Ended Schemes(Income),Regular,False,,,,False,False
128492,ICICI Prudential Multiple Yield Fund - Series 6 - 1825 Days - Plan C,Close Ended Schemes(Income),Regular,False,,,,False,False
128494,ICICI Prudential Multiple Yield Fund - Series 6 - 1825 Days - Plan C,Close Ended Schemes(Income),Regular,False,,,,False,False
128495,ICICI Prudential Multiple Yield Fund - Series 6 - 1825 Days - Plan C,Close Ended Schemes(Income),Regular,False,,,,False,False
128493,ICICI Prudential Multiple Yield Fund - Series 6 - 1825 Days - Plan C,Close Ended Schemes(Income),Regular,False,,,,False,False
129232,ICICI Prudential Multiple Yield Fund - Series 6 - 1825 Days - Plan D,Close Ended Schemes(Income),Regular,False,,,,False,False
129231,ICICI Prudential Multiple Yield Fund - Series 6 - 1825 Days - Plan D,Close Ended Schemes(Income),Regular,False,,,,False,False
129230,ICICI Prudential Multiple Yield Fund - Series 6 - 1825 Days - Plan D,Close Ended Schemes(Income),Regular,False,,,,False,False
129233,ICICI Prudential Multiple Yield Fund - Series 6 - 1825 Days - Plan D,Close Ended Schemes(Income),Regular,False,,,,False,False
131352,ICICI Prudential Multiple Yield Fund - Series 7 - 1100 Days - Plan F,Close Ended Schemes(Income),Regular,False,,,,False,False
131353,ICICI Prudential Multiple Yield Fund - Series 7 - 1100 Days - Plan F,Close Ended Schemes(Income),Regular,False,,,,False,False
131350,ICICI Prudential Multiple Yield Fund - Series 7 - 1100 Days - Plan F,Close Ended Schemes(Income),Regular,False,,,,False,False
131351,ICICI Prudential Multiple Yield Fund - Series 7 - 1100 Days - Plan F,Close Ended Schemes(Income),Regular,False,,,,False,False
131262,ICICI Prudential Multiple Yield Fund - Series 7 - 1338 Days Plan D,Close Ended Schemes(Income),Regular,False,,,,False,False
131264,ICICI Prudential Multiple Yield Fund - Series 7 - 1338 Days Plan D,Close Ended Schemes(Income),Regular,False,,,,False,False
131263,ICICI Prudential Multiple Yield Fund - Series 7 - 1338 Days Plan D,Close Ended Schemes(Income),Regular,False,,,,False,False
131261,ICICI Prudential Multiple Yield Fund - Series 7 - 1338 Days Plan D,Close Ended Schemes(Income),Regular,False,,,,False,False
130440,ICICI Prudential Multiple Yield Fund - Series 7 - 1825 Days - Plan B,Close Ended Schemes(Income),Regular,False,,,,False,False
130438,ICICI Prudential Multiple Yield Fund - Series 7 - 1825 Days - Plan B,Close Ended Schemes(Income),Regular,False,,,,False,False
130439,ICICI Prudential Multiple Yield Fund - Series 7 - 1825 Days - Plan B,Close Ended Schemes(Income),Regular,False,,,,False,False
130441,ICICI Prudential Multiple Yield Fund - Series 7 - 1825 Days - Plan B,Close Ended Schemes(Income),Regular,False,,,,False,False
130990,ICICI Prudential Multiple Yield Fund - Series 7 - 1825 Days - Plan C,Close Ended Schemes(Income),Regular,False,,,,False,False
130991,ICICI Prudential Multiple Yield Fund - Series 7 - 1825 Days - Plan C,Close Ended Schemes(Income),Regular,False,,,,False,False
130989,ICICI Prudential Multiple Yield Fund - Series 7 - 1825 Days - Plan C,Close Ended Schemes(Income),Regular,False,,,,False,False
130992,ICICI Prudential Multiple Yield Fund - Series 7 - 1825 Days - Plan C,Close Ended Schemes(Income),Regular,False,,,,False,False
131314,ICICI Prudential Multiple Yield Fund - Series 7 - 1825 Days - Plan E,Close Ended Schemes(Income),Regular,False,,,,False,False
131316,ICICI Prudential Multiple Yield Fund - Series 7 - 1825 Days - Plan E,Close Ended Schemes(Income),Regular,False,,,,False,False
131313,ICICI Prudential Multiple Yield Fund - Series 7 - 1825 Days - Plan E,Close Ended Schemes(Income),Regular,False,,,,False,False
131315,ICICI Prudential Multiple Yield Fund - Series 7 - 1825 Days - Plan E,Close Ended Schemes(Income),Regular,False,,,,False,False
133172,ICICI Prudential Multiple Yield Fund - Series 8 - 1101 Days Plan E,Close Ended Schemes(Income),Regular,False,,,,False,False
133174,ICICI Prudential Multiple Yield Fund - Series 8 - 1101 Days Plan E,Close Ended Schemes(Income),Regular,False,,,,False,False
133173,ICICI Prudential Multiple Yield Fund - Series 8 - 1101 Days Plan E,Close Ended Schemes(Income),Regular,False,,,,False,False
132954,ICICI Prudential Multiple Yield Fund - Series 8 - 1103 Days Plan C,Close Ended Schemes(Income),Regular,False,,,,False,False
132951,ICICI Prudential Multiple Yield Fund - Series 8 - 1103 Days Plan C,Close Ended Schemes(Income),Regular,False,,,,False,False
132953,ICICI Prudential Multiple Yield Fund - Series 8 - 1103 Days Plan C,Close Ended Schemes(Income),Regular,False,,,,False,False
132952,ICICI Prudential Multiple Yield Fund - Series 8 - 1103 Days Plan C,Close Ended Schemes(Income),Regular,False,,,,False,False
133578,ICICI Prudential Multiple Yield Fund - Series 8 - 1103 Days Plan F,Close Ended Schemes(Income),Regular,False,,,,False,False
133577,ICICI Prudential Multiple Yield Fund - Series 8 - 1103 Days Plan F,Close Ended Schemes(Income),Regular,False,,,,False,False
133580,ICICI Prudential Multiple Yield Fund - Series 8 - 1103 Days Plan F,Close Ended Schemes(Income),Regular,False,,,,False,False
133579,ICICI Prudential Multiple Yield Fund - Series 8 - 1103 Days Plan F,Close Ended Schemes(Income),Regular,False,,,,False,False
133112,ICICI Prudential Multiple Yield Fund - Series 8 - 1822 Days - Plan D,Close Ended Schemes(Income),Regular,False,,,,False,False
133110,ICICI Prudential Multiple Yield Fund - Series 8 - 1822 Days - Plan D,Close Ended Schemes(Income),Regular,False,,,,False,False
133111,ICICI Prudential Multiple Yield Fund - Series 8 - 1822 Days - Plan D,Close Ended Schemes(Income),Regular,False,,,,False,False
133113,ICICI Prudential Multiple Yield Fund - Series 8 - 1822 Days - Plan D,Close Ended Schemes(Income),Regular,False,,,,False,False
131574,ICICI Prudential Multiple Yield Fund - Series 8 - 1824 Days - Plan A,Close Ended Schemes(Income),Regular,False,,,,False,False
131577,ICICI Prudential Multiple Yield Fund - Series 8 - 1824 Days - Plan A,Close Ended Schemes(Income),Regular,False,,,,False,False
131576,ICICI Prudential Multiple Yield Fund - Series 8 - 1824 Days - Plan A,Close Ended Schemes(Income),Regular,False,,,,False,False
131575,ICICI Prudential Multiple Yield Fund - Series 8 - 1824 Days - Plan A,Close Ended Schemes(Income),Regular,False,,,,False,False
134262,ICICI Prudential Multiple Yield Fund - Series 9 - 1140 Days Plan A,Close Ended Schemes(Income),Regular,False,,,,False,False
134259,ICICI Prudential Multiple Yield Fund - Series 9 - 1140 Days Plan A,Close Ended Schemes(Income),Regular,False,,,,False,False
134260,ICICI Prudential Multiple Yield Fund - Series 9 - 1140 Days Plan A,Close Ended Schemes(Income),Regular,False,,,,False,False
134261,ICICI Prudential Multiple Yield Fund - Series 9 - 1140 Days Plan A,Close Ended Schemes(Income),Regular,False,,,,False,False
129742,ICICI Prudential Multiple Yield Fund- Series 6 -1100 Days Plan F,Close Ended Schemes(Income),Regular,False,,,,False,False
129741,ICICI Prudential Multiple Yield Fund- Series 6 -1100 Days Plan F,Close Ended Schemes(Income),Regular,False,,,,False,False
129744,ICICI Prudential Multiple Yield Fund- Series 6 -1100 Days Plan F,Close Ended Schemes(Income),Regular,False,,,,False,False
129743,ICICI Prudential Multiple Yield Fund- Series 6 -1100 Days Plan F,Close Ended Schemes(Income),Regular,False,,,,False,False
130148,ICICI Prudential Multiple Yield Fund- Series 7 -1100 Days Plan A,Close Ended Schemes(Income),Regular,False,,,,False,False
130146,ICICI Prudential Multiple Yield Fund- Series 7 -1100 Days Plan A,Close Ended Schemes(Income),Regular,False,,,,False,False
130145,ICICI Prudential Multiple Yield Fund- Series 7 -1100 Days Plan A,Close Ended Schemes(Income),Regular,False,,,,False,False
130147,ICICI Prudential Multiple Yield Fund- Series 7 -1100 Days Plan A,Close Ended Schemes(Income),Regular,False,,,,False,False
130565,IL&FS Infrastructure Debt Fund Series 1A,Close Ended Schemes(Income),Regular,False,,,,False,False
129287,IL&FS Infrastructure Debt Fund Series 1A,Close Ended Schemes(Income),Regular,False,,,,False,False
129288,IL&FS Infrastructure Debt Fund Series 1C,Close Ended Schemes(Income),Regular,False,,,,False,False
130567,IL&FS Infrastructure Debt Fund Series 1C,Close Ended Schemes(Income),Regular,False,,,,False,False
148397,IL&FS Infrastructure Debt Fund Series 2A,Close Ended Schemes(Income),Regular,False,,,,False,False
148398,IL&FS Infrastructure Debt Fund Series 2B,Close Ended Schemes(Income),Regular,False,,,,False,False
148399,IL&FS Infrastructure Debt Fund Series 2C,Close Ended Schemes(Income),Regular,False,,,,False,False
142700,"IL&FS Infrastructure Debt Fund-3, Series 3-A",Close Ended Schemes(Income),Regular,False,,,,False,False
142701,"IL&FS Infrastructure Debt Fund-3, Series 3-A",Close Ended Schemes(Income),Regular,False,,,,False,False
142702,"IL&FS Infrastructure Debt Fund-3, Series 3-A",Close Ended Schemes(Income),Regular,False,,,,False,False
130566,IL&FS Infrastructure Fund Series 1B,Close Ended Schemes(Income),Regular,False,,,,False,False
129286,IL&FS Infrastructure Fund Series 1B,Close Ended Schemes(Income),Regular,False,,,,False,False
135331,Kotak Capital Protection Oriented Scheme Series 1,Close Ended Schemes(Income),Regular,False,,,,False,False
135328,Kotak Capital Protection Oriented Scheme Series 1,Close Ended Schemes(Income),Regular,False,,,,False,False
135329,Kotak Capital Protection Oriented Scheme Series 1,Close Ended Schemes(Income),Regular,False,,,,False,False
135330,Kotak Capital Protection Oriented Scheme Series 1,Close Ended Schemes(Income),Regular,False,,,,False,False
135748,Kotak Capital Protection Oriented Scheme Series 2,Close Ended Schemes(Income),Regular,False,,,,False,False
135746,Kotak Capital Protection Oriented Scheme Series 2,Close Ended Schemes(Income),Regular,False,,,,False,False
135745,Kotak Capital Protection Oriented Scheme Series 2,Close Ended Schemes(Income),Regular,False,,,,False,False
135747,Kotak Capital Protection Oriented Scheme Series 2,Close Ended Schemes(Income),Regular,False,,,,False,False
136284,Kotak Capital Protection Oriented Scheme Series 3,Close Ended Schemes(Income),Regular,False,,,,False,False
136287,Kotak Capital Protection Oriented Scheme Series 3,Close Ended Schemes(Income),Regular,False,,,,False,False
136286,Kotak Capital Protection Oriented Scheme Series 3,Close Ended Schemes(Income),Regular,False,,,,False,False
139361,Kotak Capital Protection Oriented Scheme Series 4,Close Ended Schemes(Income),Regular,False,,,,False,False
139362,Kotak Capital Protection Oriented Scheme Series 4,Close Ended Schemes(Income),Regular,False,,,,False,False
139359,Kotak Capital Protection Oriented Scheme Series 4,Close Ended Schemes(Income),Regular,False,,,,False,False
139360,Kotak Capital Protection Oriented Scheme Series 4,Close Ended Schemes(Income),Regular,False,,,,False,False
152451,Kotak Fixed Maturity Plan Series 328  90 Days,Close Ended Schemes(Income),Regular,False,,,,False,False
152452,Kotak Fixed Maturity Plan Series 328  90 Days,Close Ended Schemes(Income),Regular,False,,,,False,False
152453,Kotak Fixed Maturity Plan Series 328  90 Days,Close Ended Schemes(Income),Regular,False,,,,False,False
152454,Kotak Fixed Maturity Plan Series 328  90 Days,Close Ended Schemes(Income),Regular,False,,,,False,False
152545,Kotak Fixed Maturity Plan Series 329  90 Days,Close Ended Schemes(Income),Regular,False,,,,False,False
152542,Kotak Fixed Maturity Plan Series 329  90 Days,Close Ended Schemes(Income),Regular,False,,,,False,False
152543,Kotak Fixed Maturity Plan Series 329  90 Days,Close Ended Schemes(Income),Regular,False,,,,False,False
152544,Kotak Fixed Maturity Plan Series 329  90 Days,Close Ended Schemes(Income),Regular,False,,,,False,False
123106,Kotak FMP Series 105 (370 Days),Close Ended Schemes(Income),Regular,False,,,,False,False
123108,Kotak FMP Series 105 (370 Days),Close Ended Schemes(Income),Regular,False,,,,False,False
123109,Kotak FMP Series 105 (370 Days),Close Ended Schemes(Income),Regular,False,,,,False,False
123107,Kotak FMP Series 105 (370 Days),Close Ended Schemes(Income),Regular,False,,,,False,False
123188,Kotak FMP Series 106 (370 Days),Close Ended Schemes(Income),Regular,False,,,,False,False
123189,Kotak FMP Series 106 (370 Days),Close Ended Schemes(Income),Regular,False,,,,False,False
123191,Kotak FMP Series 106 (370 Days),Close Ended Schemes(Income),Regular,False,,,,False,False
123190,Kotak FMP Series 106 (370 Days),Close Ended Schemes(Income),Regular,False,,,,False,False
123195,Kotak FMP Series 107 (370 Days),Close Ended Schemes(Income),Regular,False,,,,False,False
123193,Kotak FMP Series 107 (370 Days),Close Ended Schemes(Income),Regular,False,,,,False,False
123192,Kotak FMP Series 107 (370 Days),Close Ended Schemes(Income),Regular,False,,,,False,False
123194,Kotak FMP Series 107 (370 Days),Close Ended Schemes(Income),Regular,False,,,,False,False
123326,Kotak FMP Series 108 (733 Days),Close Ended Schemes(Income),Regular,False,,,,False,False
123327,Kotak FMP Series 108 (733 Days),Close Ended Schemes(Income),Regular,False,,,,False,False
123328,Kotak FMP Series 108 (733 Days),Close Ended Schemes(Income),Regular,False,,,,False,False
123793,Kotak FMP Series 113 (1094 Days),Close Ended Schemes(Income),Regular,False,,,,False,False
123792,Kotak FMP Series 113 (1094 Days),Close Ended Schemes(Income),Regular,False,,,,False,False
123791,Kotak FMP Series 113 (1094 Days),Close Ended Schemes(Income),Regular,False,,,,False,False
123790,Kotak FMP Series 113 (1094 Days),Close Ended Schemes(Income),Regular,False,,,,False,False
123971,Kotak FMP Series 115 (370 Days),Close Ended Schemes(Income),Regular,False,,,,False,False
123973,Kotak FMP Series 115 (370 Days),Close Ended Schemes(Income),Regular,False,,,,False,False
123972,Kotak FMP Series 115 (370 Days),Close Ended Schemes(Income),Regular,False,,,,False,False
123970,Kotak FMP Series 115 (370 Days),Close Ended Schemes(Income),Regular,False,,,,False,False
124034,Kotak FMP Series 116 (370 Days),Close Ended Schemes(Income),Regular,False,,,,False,False
124036,Kotak FMP Series 116 (370 Days),Close Ended Schemes(Income),Regular,False,,,,False,False
124035,Kotak FMP Series 116 (370 Days),Close Ended Schemes(Income),Regular,False,,,,False,False
124037,Kotak FMP Series 116 (370 Days),Close Ended Schemes(Income),Regular,False,,,,False,False
126052,Kotak FMP Series 131 (1061 Days),Close Ended Schemes(Income),Regular,False,,,,False,False
126054,Kotak FMP Series 131 (1061 Days),Close Ended Schemes(Income),Regular,False,,,,False,False
126053,Kotak FMP Series 131 (1061 Days),Close Ended Schemes(Income),Regular,False,,,,False,False
126283,Kotak FMP Series 132 (546 Days),Close Ended Schemes(Income),Regular,False,,,,False,False
126281,Kotak FMP Series 132 (546 Days),Close Ended Schemes(Income),Regular,False,,,,False,False
126282,Kotak FMP Series 132 (546 Days),Close Ended Schemes(Income),Regular,False,,,,False,False
126280,Kotak FMP Series 132 (546 Days),Close Ended Schemes(Income),Regular,False,,,,False,False
126666,Kotak FMP Series 133 (524 Days),Close Ended Schemes(Income),Regular,False,,,,False,False
126665,Kotak FMP Series 133 (524 Days),Close Ended Schemes(Income),Regular,False,,,,False,False
126874,Kotak FMP Series 135 (455 Days),Close Ended Schemes(Income),Regular,False,,,,False,False
126873,Kotak FMP Series 135 (455 Days),Close Ended Schemes(Income),Regular,False,,,,False,False
127127,Kotak FMP Series 136 (376 Days),Close Ended Schemes(Income),Regular,False,,,,False,False
127128,Kotak FMP Series 136 (376 Days),Close Ended Schemes(Income),Regular,False,,,,False,False
127126,Kotak FMP Series 136 (376 Days),Close Ended Schemes(Income),Regular,False,,,,False,False
127256,Kotak FMP Series 137 (371 Days),Close Ended Schemes(Income),Regular,False,,,,False,False
127257,Kotak FMP Series 137 (371 Days),Close Ended Schemes(Income),Regular,False,,,,False,False
127258,Kotak FMP Series 137 (371 Days),Close Ended Schemes(Income),Regular,False,,,,False,False
127255,Kotak FMP Series 137 (371 Days),Close Ended Schemes(Income),Regular,False,,,,False,False
127390,Kotak FMP Series 140 (1095 Days),Close Ended Schemes(Income),Regular,False,,,,False,False
127388,Kotak FMP Series 140 (1095 Days),Close Ended Schemes(Income),Regular,False,,,,False,False
127389,Kotak FMP Series 140 (1095 Days),Close Ended Schemes(Income),Regular,False,,,,False,False
127387,Kotak FMP Series 140 (1095 Days),Close Ended Schemes(Income),Regular,False,,,,False,False
127403,Kotak FMP Series 141 (454 Days),Close Ended Schemes(Income),Regular,False,,,,False,False
127401,Kotak FMP Series 141 (454 Days),Close Ended Schemes(Income),Regular,False,,,,False,False
127402,Kotak FMP Series 141 (454 Days),Close Ended Schemes(Income),Regular,False,,,,False,False
127400,Kotak FMP Series 141 (454 Days),Close Ended Schemes(Income),Regular,False,,,,False,False
127651,Kotak FMP Series 142 (420 Days),Close Ended Schemes(Income),Regular,False,,,,False,False
127652,Kotak FMP Series 142 (420 Days),Close Ended Schemes(Income),Regular,False,,,,False,False
127650,Kotak FMP Series 142 (420 Days),Close Ended Schemes(Income),Regular,False,,,,False,False
127807,Kotak FMP Series 143 (370 Days),Close Ended Schemes(Income),Regular,False,,,,False,False
127808,Kotak FMP Series 143 (370 Days),Close Ended Schemes(Income),Regular,False,,,,False,False
127806,Kotak FMP Series 143 (370 Days),Close Ended Schemes(Income),Regular,False,,,,False,False
128268,Kotak FMP Series 145 (390 Days),Close Ended Schemes(Income),Regular,False,,,,False,False
128266,Kotak FMP Series 145 (390 Days),Close Ended Schemes(Income),Regular,False,,,,False,False
128267,Kotak FMP Series 145 (390 Days),Close Ended Schemes(Income),Regular,False,,,,False,False
128265,Kotak FMP Series 145 (390 Days),Close Ended Schemes(Income),Regular,False,,,,False,False
128365,Kotak FMP Series 146 (388 Days),Close Ended Schemes(Income),Regular,False,,,,False,False
128362,Kotak FMP Series 146 (388 Days),Close Ended Schemes(Income),Regular,False,,,,False,False
128364,Kotak FMP Series 146 (388 Days),Close Ended Schemes(Income),Regular,False,,,,False,False
128575,Kotak FMP Series 147 (384 Days),Close Ended Schemes(Income),Regular,False,,,,False,False
128576,Kotak FMP Series 147 (384 Days),Close Ended Schemes(Income),Regular,False,,,,False,False
128574,Kotak FMP Series 147 (384 Days),Close Ended Schemes(Income),Regular,False,,,,False,False
128579,Kotak FMP Series 148 (388 Days),Close Ended Schemes(Income),Regular,False,,,,False,False
128580,Kotak FMP Series 148 (388 Days),Close Ended Schemes(Income),Regular,False,,,,False,False
128578,Kotak FMP Series 148 (388 Days),Close Ended Schemes(Income),Regular,False,,,,False,False
128758,Kotak FMP Series 149 (386 Days),Close Ended Schemes(Income),Regular,False,,,,False,False
128759,Kotak FMP Series 149 (386 Days),Close Ended Schemes(Income),Regular,False,,,,False,False
128756,Kotak FMP Series 149 (386 Days),Close Ended Schemes(Income),Regular,False,,,,False,False
128753,Kotak FMP Series 150 (1109 Days),Close Ended Schemes(Income),Regular,False,,,,False,False
128755,Kotak FMP Series 150 (1109 Days),Close Ended Schemes(Income),Regular,False,,,,False,False
128752,Kotak FMP Series 150 (1109 Days),Close Ended Schemes(Income),Regular,False,,,,False,False
128754,Kotak FMP Series 150 (1109 Days),Close Ended Schemes(Income),Regular,False,,,,False,False
128871,Kotak FMP Series 151 (388 Days),Close Ended Schemes(Income),Regular,False,,,,False,False
128869,Kotak FMP Series 151 (388 Days),Close Ended Schemes(Income),Regular,False,,,,False,False
128868,Kotak FMP Series 151 (388 Days),Close Ended Schemes(Income),Regular,False,,,,False,False
128905,Kotak FMP Series 153 (790 Days),Close Ended Schemes(Income),Regular,False,,,,False,False
128902,Kotak FMP Series 153 (790 Days),Close Ended Schemes(Income),Regular,False,,,,False,False
128904,Kotak FMP Series 153 (790 Days),Close Ended Schemes(Income),Regular,False,,,,False,False
128908,Kotak FMP Series 154 (390 Days),Close Ended Schemes(Income),Regular,False,,,,False,False
128909,Kotak FMP Series 154 (390 Days),Close Ended Schemes(Income),Regular,False,,,,False,False
128907,Kotak FMP Series 154 (390 Days),Close Ended Schemes(Income),Regular,False,,,,False,False
128906,Kotak FMP Series 154 (390 Days),Close Ended Schemes(Income),Regular,False,,,,False,False
129037,Kotak FMP Series 156 (370 Days),Close Ended Schemes(Income),Regular,False,,,,False,False
129034,Kotak FMP Series 156 (370 Days),Close Ended Schemes(Income),Regular,False,,,,False,False
129035,Kotak FMP Series 156 (370 Days),Close Ended Schemes(Income),Regular,False,,,,False,False
129036,Kotak FMP Series 156 (370 Days),Close Ended Schemes(Income),Regular,False,,,,False,False
129340,Kotak FMP Series 157 (370 Days),Close Ended Schemes(Income),Regular,False,,,,False,False
129341,Kotak FMP Series 157 (370 Days),Close Ended Schemes(Income),Regular,False,,,,False,False
129339,Kotak FMP Series 157 (370 Days),Close Ended Schemes(Income),Regular,False,,,,False,False
129354,Kotak FMP Series 158 (370 Days),Close Ended Schemes(Income),Regular,False,,,,False,False
129352,Kotak FMP Series 158 (370 Days),Close Ended Schemes(Income),Regular,False,,,,False,False
129353,Kotak FMP Series 158 (370 Days),Close Ended Schemes(Income),Regular,False,,,,False,False
129351,Kotak FMP Series 158 (370 Days),Close Ended Schemes(Income),Regular,False,,,,False,False
129408,Kotak FMP Series 159 (370 Days),Close Ended Schemes(Income),Regular,False,,,,False,False
129406,Kotak FMP Series 159 (370 Days),Close Ended Schemes(Income),Regular,False,,,,False,False
129405,Kotak FMP Series 159 (370 Days),Close Ended Schemes(Income),Regular,False,,,,False,False
129543,Kotak FMP Series 160 (1039 Days),Close Ended Schemes(Income),Regular,False,,,,False,False
129541,Kotak FMP Series 160 (1039 Days),Close Ended Schemes(Income),Regular,False,,,,False,False
129542,Kotak FMP Series 160 (1039 Days),Close Ended Schemes(Income),Regular,False,,,,False,False
129540,Kotak FMP Series 160 (1039 Days),Close Ended Schemes(Income),Regular,False,,,,False,False
129641,Kotak FMP Series 161 (370 Days),Close Ended Schemes(Income),Regular,False,,,,False,False
129639,Kotak FMP Series 161 (370 Days),Close Ended Schemes(Income),Regular,False,,,,False,False
129640,Kotak FMP Series 161 (370 Days),Close Ended Schemes(Income),Regular,False,,,,False,False
129638,Kotak FMP Series 161 (370 Days),Close Ended Schemes(Income),Regular,False,,,,False,False
129767,Kotak FMP Series 162 (370 Days),Close Ended Schemes(Income),Regular,False,,,,False,False
129768,Kotak FMP Series 162 (370 Days),Close Ended Schemes(Income),Regular,False,,,,False,False
129765,Kotak FMP Series 162 (370 Days),Close Ended Schemes(Income),Regular,False,,,,False,False
129766,Kotak FMP Series 162 (370 Days),Close Ended Schemes(Income),Regular,False,,,,False,False
131097,Kotak FMP Series 163 (1100 Days),Close Ended Schemes(Income),Regular,False,,,,False,False
131098,Kotak FMP Series 163 (1100 Days),Close Ended Schemes(Income),Regular,False,,,,False,False
131096,Kotak FMP Series 163 (1100 Days),Close Ended Schemes(Income),Regular,False,,,,False,False
133663,Kotak FMP Series 171 (1099 Days),Close Ended Schemes(Income),Regular,False,,,,False,False
133662,Kotak FMP Series 171 (1099 Days),Close Ended Schemes(Income),Regular,False,,,,False,False
134179,Kotak FMP Series 172 (1126 Days),Close Ended Schemes(Income),Regular,False,,,,False,False
134176,Kotak FMP Series 172 (1126 Days),Close Ended Schemes(Income),Regular,False,,,,False,False
134178,Kotak FMP Series 172 (1126 Days),Close Ended Schemes(Income),Regular,False,,,,False,False
134177,Kotak FMP Series 172 (1126 Days),Close Ended Schemes(Income),Regular,False,,,,False,False
134841,Kotak FMP Series 175 (1100 Days),Close Ended Schemes(Income),Regular,False,,,,False,False
134839,Kotak FMP Series 175 (1100 Days),Close Ended Schemes(Income),Regular,False,,,,False,False
134838,Kotak FMP Series 175 (1100 Days),Close Ended Schemes(Income),Regular,False,,,,False,False
135048,Kotak FMP Series 176 (1100 Days),Close Ended Schemes(Income),Regular,False,,,,False,False
135050,Kotak FMP Series 176 (1100 Days),Close Ended Schemes(Income),Regular,False,,,,False,False
135047,Kotak FMP Series 176 (1100 Days),Close Ended Schemes(Income),Regular,False,,,,False,False
135237,Kotak FMP Series 178 (1099 Days),Close Ended Schemes(Income),Regular,False,,,,False,False
135236,Kotak FMP Series 178 (1099 Days),Close Ended Schemes(Income),Regular,False,,,,False,False
135239,Kotak FMP Series 178 (1099 Days),Close Ended Schemes(Income),Regular,False,,,,False,False
135374,Kotak FMP Series 179,Close Ended Schemes(Income),Regular,False,,,,False,False
135375,Kotak FMP Series 179,Close Ended Schemes(Income),Regular,False,,,,False,False
135373,Kotak FMP Series 179,Close Ended Schemes(Income),Regular,False,,,,False,False
135372,Kotak FMP Series 179,Close Ended Schemes(Income),Regular,False,,,,False,False
135485,Kotak FMP Series 180,Close Ended Schemes(Income),Regular,False,,,,False,False
135484,Kotak FMP Series 180,Close Ended Schemes(Income),Regular,False,,,,False,False
135488,Kotak FMP Series 180,Close Ended Schemes(Income),Regular,False,,,,False,False
135608,Kotak FMP Series 181,Close Ended Schemes(Income),Regular,False,,,,False,False
135609,Kotak FMP Series 181,Close Ended Schemes(Income),Regular,False,,,,False,False
135611,Kotak FMP Series 181,Close Ended Schemes(Income),Regular,False,,,,False,False
135610,Kotak FMP Series 181,Close Ended Schemes(Income),Regular,False,,,,False,False
135758,Kotak FMP Series 182,Close Ended Schemes(Income),Regular,False,,,,False,False
135757,Kotak FMP Series 182,Close Ended Schemes(Income),Regular,False,,,,False,False
135756,Kotak FMP Series 182,Close Ended Schemes(Income),Regular,False,,,,False,False
135755,Kotak FMP Series 182,Close Ended Schemes(Income),Regular,False,,,,False,False
136083,Kotak FMP Series 185,Close Ended Schemes(Income),Regular,False,,,,False,False
136082,Kotak FMP Series 185,Close Ended Schemes(Income),Regular,False,,,,False,False
136084,Kotak FMP Series 185,Close Ended Schemes(Income),Regular,False,,,,False,False
136135,Kotak FMP Series 186,Close Ended Schemes(Income),Regular,False,,,,False,False
136133,Kotak FMP Series 186,Close Ended Schemes(Income),Regular,False,,,,False,False
136134,Kotak FMP Series 186,Close Ended Schemes(Income),Regular,False,,,,False,False
136365,Kotak FMP Series 190,Close Ended Schemes(Income),Regular,False,,,,False,False
136362,Kotak FMP Series 190,Close Ended Schemes(Income),Regular,False,,,,False,False
136364,Kotak FMP Series 190,Close Ended Schemes(Income),Regular,False,,,,False,False
136363,Kotak FMP Series 190,Close Ended Schemes(Income),Regular,False,,,,False,False
139078,KOTAK FMP SERIES 191,Close Ended Schemes(Income),Regular,False,,,,False,False
139079,KOTAK FMP SERIES 191,Close Ended Schemes(Income),Regular,False,,,,False,False
139080,KOTAK FMP SERIES 191,Close Ended Schemes(Income),Regular,False,,,,False,False
139083,Kotak FMP Series 192,Close Ended Schemes(Income),Regular,False,,,,False,False
139081,Kotak FMP Series 192,Close Ended Schemes(Income),Regular,False,,,,False,False
139084,Kotak FMP Series 192,Close Ended Schemes(Income),Regular,False,,,,False,False
139271,Kotak FMP Series 193,Close Ended Schemes(Income),Regular,False,,,,False,False
139272,Kotak FMP Series 193,Close Ended Schemes(Income),Regular,False,,,,False,False
139269,Kotak FMP Series 193,Close Ended Schemes(Income),Regular,False,,,,False,False
139332,Kotak FMP Series 194,Close Ended Schemes(Income),Regular,False,,,,False,False
139331,Kotak FMP Series 194,Close Ended Schemes(Income),Regular,False,,,,False,False
139333,Kotak FMP Series 194,Close Ended Schemes(Income),Regular,False,,,,False,False
139578,Kotak FMP Series 196,Close Ended Schemes(Income),Regular,False,,,,False,False
139579,Kotak FMP Series 196,Close Ended Schemes(Income),Regular,False,,,,False,False
139580,Kotak FMP Series 196,Close Ended Schemes(Income),Regular,False,,,,False,False
140632,Kotak FMP Series 199,Close Ended Schemes(Income),Regular,False,,,,False,False
140631,Kotak FMP Series 199,Close Ended Schemes(Income),Regular,False,,,,False,False
140634,Kotak FMP Series 199,Close Ended Schemes(Income),Regular,False,,,,False,False
140911,Kotak FMP Series 200,Close Ended Schemes(Income),Regular,False,,,,False,False
140912,Kotak FMP Series 200,Close Ended Schemes(Income),Regular,False,,,,False,False
140909,Kotak FMP Series 200,Close Ended Schemes(Income),Regular,False,,,,False,False
140910,Kotak FMP Series 200,Close Ended Schemes(Income),Regular,False,,,,False,False
141047,Kotak FMP Series 202,Close Ended Schemes(Income),Regular,False,,,,False,False
141046,Kotak FMP Series 202,Close Ended Schemes(Income),Regular,False,,,,False,False
141048,Kotak FMP Series 202,Close Ended Schemes(Income),Regular,False,,,,False,False
141049,Kotak FMP Series 202,Close Ended Schemes(Income),Regular,False,,,,False,False
141283,Kotak FMP Series 203,Close Ended Schemes(Income),Regular,False,,,,False,False
141282,Kotak FMP Series 203,Close Ended Schemes(Income),Regular,False,,,,False,False
141281,Kotak FMP Series 203,Close Ended Schemes(Income),Regular,False,,,,False,False
141284,Kotak FMP Series 203,Close Ended Schemes(Income),Regular,False,,,,False,False
141368,Kotak FMP Series 204,Close Ended Schemes(Income),Regular,False,,,,False,False
141367,Kotak FMP Series 204,Close Ended Schemes(Income),Regular,False,,,,False,False
141365,Kotak FMP Series 204,Close Ended Schemes(Income),Regular,False,,,,False,False
141366,Kotak FMP Series 204,Close Ended Schemes(Income),Regular,False,,,,False,False
141836,Kotak FMP Series 210,Close Ended Schemes(Income),Regular,False,,,,False,False
141837,Kotak FMP Series 210,Close Ended Schemes(Income),Regular,False,,,,False,False
141835,Kotak FMP Series 210,Close Ended Schemes(Income),Regular,False,,,,False,False
141838,Kotak FMP Series 210,Close Ended Schemes(Income),Regular,False,,,,False,False
141886,Kotak FMP Series 211,Close Ended Schemes(Income),Regular,False,,,,False,False
141885,Kotak FMP Series 211,Close Ended Schemes(Income),Regular,False,,,,False,False
141883,Kotak FMP Series 211,Close Ended Schemes(Income),Regular,False,,,,False,False
141884,Kotak FMP Series 211,Close Ended Schemes(Income),Regular,False,,,,False,False
141937,Kotak FMP Series 212,Close Ended Schemes(Income),Regular,False,,,,False,False
141936,Kotak FMP Series 212,Close Ended Schemes(Income),Regular,False,,,,False,False
141935,Kotak FMP Series 212,Close Ended Schemes(Income),Regular,False,,,,False,False
141938,Kotak FMP Series 212,Close Ended Schemes(Income),Regular,False,,,,False,False
142077,Kotak FMP Series 213,Close Ended Schemes(Income),Regular,False,,,,False,False
142078,Kotak FMP Series 213,Close Ended Schemes(Income),Regular,False,,,,False,False
142076,Kotak FMP Series 213,Close Ended Schemes(Income),Regular,False,,,,False,False
142075,Kotak FMP Series 213,Close Ended Schemes(Income),Regular,False,,,,False,False
142243,Kotak FMP Series 214,Close Ended Schemes(Income),Regular,False,,,,False,False
142244,Kotak FMP Series 214,Close Ended Schemes(Income),Regular,False,,,,False,False
142242,Kotak FMP Series 214,Close Ended Schemes(Income),Regular,False,,,,False,False
142241,Kotak FMP Series 214,Close Ended Schemes(Income),Regular,False,,,,False,False
142313,Kotak FMP Series 215,Close Ended Schemes(Income),Regular,False,,,,False,False
142312,Kotak FMP Series 215,Close Ended Schemes(Income),Regular,False,,,,False,False
142315,Kotak FMP Series 215,Close Ended Schemes(Income),Regular,False,,,,False,False
142314,Kotak FMP Series 215,Close Ended Schemes(Income),Regular,False,,,,False,False
142403,Kotak FMP Series 216,Close Ended Schemes(Income),Regular,False,,,,False,False
142404,Kotak FMP Series 216,Close Ended Schemes(Income),Regular,False,,,,False,False
142405,Kotak FMP Series 216,Close Ended Schemes(Income),Regular,False,,,,False,False
142406,Kotak FMP Series 216,Close Ended Schemes(Income),Regular,False,,,,False,False
142530,Kotak FMP Series 217,Close Ended Schemes(Income),Regular,False,,,,False,False
142527,Kotak FMP Series 217,Close Ended Schemes(Income),Regular,False,,,,False,False
142529,Kotak FMP Series 217,Close Ended Schemes(Income),Regular,False,,,,False,False
142528,Kotak FMP Series 217,Close Ended Schemes(Income),Regular,False,,,,False,False
142650,Kotak FMP Series 218,Close Ended Schemes(Income),Regular,False,,,,False,False
142649,Kotak FMP Series 218,Close Ended Schemes(Income),Regular,False,,,,False,False
142648,Kotak FMP Series 218,Close Ended Schemes(Income),Regular,False,,,,False,False
142651,Kotak FMP Series 218,Close Ended Schemes(Income),Regular,False,,,,False,False
142768,Kotak FMP Series 219,Close Ended Schemes(Income),Regular,False,,,,False,False
142767,Kotak FMP Series 219,Close Ended Schemes(Income),Regular,False,,,,False,False
142765,Kotak FMP Series 219,Close Ended Schemes(Income),Regular,False,,,,False,False
142766,Kotak FMP Series 219,Close Ended Schemes(Income),Regular,False,,,,False,False
142857,Kotak FMP Series 220,Close Ended Schemes(Income),Regular,False,,,,False,False
142859,Kotak FMP Series 220,Close Ended Schemes(Income),Regular,False,,,,False,False
142858,Kotak FMP Series 220,Close Ended Schemes(Income),Regular,False,,,,False,False
142860,Kotak FMP Series 220,Close Ended Schemes(Income),Regular,False,,,,False,False
143024,Kotak FMP Series 221,Close Ended Schemes(Income),Regular,False,,,,False,False
143023,Kotak FMP Series 221,Close Ended Schemes(Income),Regular,False,,,,False,False
143022,Kotak FMP Series 221,Close Ended Schemes(Income),Regular,False,,,,False,False
143029,Kotak FMP Series 223,Close Ended Schemes(Income),Regular,False,,,,False,False
143032,Kotak FMP Series 223,Close Ended Schemes(Income),Regular,False,,,,False,False
143031,Kotak FMP Series 223,Close Ended Schemes(Income),Regular,False,,,,False,False
143030,Kotak FMP Series 223,Close Ended Schemes(Income),Regular,False,,,,False,False
143060,Kotak FMP Series 224,Close Ended Schemes(Income),Regular,False,,,,False,False
143061,Kotak FMP Series 224,Close Ended Schemes(Income),Regular,False,,,,False,False
143059,Kotak FMP Series 224,Close Ended Schemes(Income),Regular,False,,,,False,False
143183,Kotak FMP Series 225,Close Ended Schemes(Income),Regular,False,,,,False,False
143180,Kotak FMP Series 225,Close Ended Schemes(Income),Regular,False,,,,False,False
143181,Kotak FMP Series 225,Close Ended Schemes(Income),Regular,False,,,,False,False
143182,Kotak FMP Series 225,Close Ended Schemes(Income),Regular,False,,,,False,False
143343,Kotak FMP Series 226,Close Ended Schemes(Income),Regular,False,,,,False,False
143345,Kotak FMP Series 226,Close Ended Schemes(Income),Regular,False,,,,False,False
143344,Kotak FMP Series 226,Close Ended Schemes(Income),Regular,False,,,,False,False
143342,Kotak FMP Series 226,Close Ended Schemes(Income),Regular,False,,,,False,False
143479,Kotak FMP Series 227,Close Ended Schemes(Income),Regular,False,,,,False,False
143477,Kotak FMP Series 227,Close Ended Schemes(Income),Regular,False,,,,False,False
143478,Kotak FMP Series 227,Close Ended Schemes(Income),Regular,False,,,,False,False
143480,Kotak FMP Series 227,Close Ended Schemes(Income),Regular,False,,,,False,False
143622,Kotak FMP Series 228,Close Ended Schemes(Income),Regular,False,,,,False,False
143624,Kotak FMP Series 228,Close Ended Schemes(Income),Regular,False,,,,False,False
143623,Kotak FMP Series 228,Close Ended Schemes(Income),Regular,False,,,,False,False
143628,Kotak FMP Series 229,Close Ended Schemes(Income),Regular,False,,,,False,False
143625,Kotak FMP Series 229,Close Ended Schemes(Income),Regular,False,,,,False,False
143626,Kotak FMP Series 229,Close Ended Schemes(Income),Regular,False,,,,False,False
143627,Kotak FMP Series 229,Close Ended Schemes(Income),Regular,False,,,,False,False
143848,Kotak FMP Series 230,Close Ended Schemes(Income),Regular,False,,,,False,False
143849,Kotak FMP Series 230,Close Ended Schemes(Income),Regular,False,,,,False,False
143850,Kotak FMP Series 230,Close Ended Schemes(Income),Regular,False,,,,False,False
143993,Kotak FMP Series 232,Close Ended Schemes(Income),Regular,False,,,,False,False
143994,Kotak FMP Series 232,Close Ended Schemes(Income),Regular,False,,,,False,False
143995,Kotak FMP Series 232,Close Ended Schemes(Income),Regular,False,,,,False,False
144063,Kotak FMP Series 233,Close Ended Schemes(Income),Regular,False,,,,False,False
144064,Kotak FMP Series 233,Close Ended Schemes(Income),Regular,False,,,,False,False
144061,Kotak FMP Series 233,Close Ended Schemes(Income),Regular,False,,,,False,False
144279,Kotak FMP Series 234,Close Ended Schemes(Income),Regular,False,,,,False,False
144281,Kotak FMP Series 234,Close Ended Schemes(Income),Regular,False,,,,False,False
144282,Kotak FMP Series 234,Close Ended Schemes(Income),Regular,False,,,,False,False
144283,Kotak FMP Series 235,Close Ended Schemes(Income),Regular,False,,,,False,False
144284,Kotak FMP Series 235,Close Ended Schemes(Income),Regular,False,,,,False,False
144286,Kotak FMP Series 235,Close Ended Schemes(Income),Regular,False,,,,False,False
144459,Kotak FMP Series 237,Close Ended Schemes(Income),Regular,False,,,,False,False
144457,Kotak FMP Series 237,Close Ended Schemes(Income),Regular,False,,,,False,False
144460,Kotak FMP Series 237,Close Ended Schemes(Income),Regular,False,,,,False,False
144589,Kotak FMP Series 239,Close Ended Schemes(Income),Regular,False,,,,False,False
144590,Kotak FMP Series 239,Close Ended Schemes(Income),Regular,False,,,,False,False
144588,Kotak FMP Series 239,Close Ended Schemes(Income),Regular,False,,,,False,False
144591,Kotak FMP Series 239,Close Ended Schemes(Income),Regular,False,,,,False,False
144614,Kotak FMP Series 240,Close Ended Schemes(Income),Regular,False,,,,False,False
144615,Kotak FMP Series 240,Close Ended Schemes(Income),Regular,False,,,,False,False
144612,Kotak FMP Series 240,Close Ended Schemes(Income),Regular,False,,,,False,False
144671,Kotak FMP Series 242,Close Ended Schemes(Income),Regular,False,,,,False,False
144672,Kotak FMP Series 242,Close Ended Schemes(Income),Regular,False,,,,False,False
144669,Kotak FMP Series 242,Close Ended Schemes(Income),Regular,False,,,,False,False
144670,Kotak FMP Series 242,Close Ended Schemes(Income),Regular,False,,,,False,False
144849,Kotak FMP Series 243,Close Ended Schemes(Income),Regular,False,,,,False,False
144851,Kotak FMP Series 243,Close Ended Schemes(Income),Regular,False,,,,False,False
144850,Kotak FMP Series 243,Close Ended Schemes(Income),Regular,False,,,,False,False
144848,Kotak FMP Series 243,Close Ended Schemes(Income),Regular,False,,,,False,False
145005,Kotak FMP Series 245,Close Ended Schemes(Income),Regular,False,,,,False,False
145006,Kotak FMP Series 245,Close Ended Schemes(Income),Regular,False,,,,False,False
145007,Kotak FMP Series 245,Close Ended Schemes(Income),Regular,False,,,,False,False
145004,Kotak FMP Series 245,Close Ended Schemes(Income),Regular,False,,,,False,False
145086,Kotak FMP Series 246,Close Ended Schemes(Income),Regular,False,,,,False,False
145085,Kotak FMP Series 246,Close Ended Schemes(Income),Regular,False,,,,False,False
145083,Kotak FMP Series 246,Close Ended Schemes(Income),Regular,False,,,,False,False
145084,Kotak FMP Series 246,Close Ended Schemes(Income),Regular,False,,,,False,False
145189,Kotak FMP Series 247,Close Ended Schemes(Income),Regular,False,,,,False,False
145187,Kotak FMP Series 247,Close Ended Schemes(Income),Regular,False,,,,False,False
145188,Kotak FMP Series 247,Close Ended Schemes(Income),Regular,False,,,,False,False
145240,Kotak FMP Series 248,Close Ended Schemes(Income),Regular,False,,,,False,False
145239,Kotak FMP Series 248,Close Ended Schemes(Income),Regular,False,,,,False,False
145242,Kotak FMP Series 248,Close Ended Schemes(Income),Regular,False,,,,False,False
145241,Kotak FMP Series 248,Close Ended Schemes(Income),Regular,False,,,,False,False
145381,Kotak FMP Series 250,Close Ended Schemes(Income),Regular,False,,,,False,False
145379,Kotak FMP Series 250,Close Ended Schemes(Income),Regular,False,,,,False,False
145380,Kotak FMP Series 250,Close Ended Schemes(Income),Regular,False,,,,False,False
145588,Kotak FMP Series 251,Close Ended Schemes(Income),Regular,False,,,,False,False
145586,Kotak FMP Series 251,Close Ended Schemes(Income),Regular,False,,,,False,False
145587,Kotak FMP Series 251,Close Ended Schemes(Income),Regular,False,,,,False,False
145637,Kotak FMP Series 252,Close Ended Schemes(Income),Regular,False,,,,False,False
145635,Kotak FMP Series 252,Close Ended Schemes(Income),Regular,False,,,,False,False
145634,Kotak FMP Series 252,Close Ended Schemes(Income),Regular,False,,,,False,False
145714,Kotak FMP Series 253,Close Ended Schemes(Income),Regular,False,,,,False,False
145715,Kotak FMP Series 253,Close Ended Schemes(Income),Regular,False,,,,False,False
145716,Kotak FMP Series 253,Close Ended Schemes(Income),Regular,False,,,,False,False
145713,Kotak FMP Series 253,Close Ended Schemes(Income),Regular,False,,,,False,False
145783,Kotak FMP Series 254,Close Ended Schemes(Income),Regular,False,,,,False,False
145786,Kotak FMP Series 254,Close Ended Schemes(Income),Regular,False,,,,False,False
145902,Kotak FMP Series 255,Close Ended Schemes(Income),Regular,False,,,,False,False
145900,Kotak FMP Series 255,Close Ended Schemes(Income),Regular,False,,,,False,False
145903,Kotak FMP Series 255,Close Ended Schemes(Income),Regular,False,,,,False,False
145961,Kotak FMP Series 256,Close Ended Schemes(Income),Regular,False,,,,False,False
145962,Kotak FMP Series 256,Close Ended Schemes(Income),Regular,False,,,,False,False
145959,Kotak FMP Series 256,Close Ended Schemes(Income),Regular,False,,,,False,False
145960,Kotak FMP Series 256,Close Ended Schemes(Income),Regular,False,,,,False,False
146045,Kotak FMP Series 257,Close Ended Schemes(Income),Regular,False,,,,False,False
146047,Kotak FMP Series 257,Close Ended Schemes(Income),Regular,False,,,,False,False
146048,Kotak FMP Series 257,Close Ended Schemes(Income),Regular,False,,,,False,False
146046,Kotak FMP Series 257,Close Ended Schemes(Income),Regular,False,,,,False,False
146284,kotak FMP Series 259,Close Ended Schemes(Income),Regular,False,,,,False,False
146283,kotak FMP Series 259,Close Ended Schemes(Income),Regular,False,,,,False,False
146282,kotak FMP Series 259,Close Ended Schemes(Income),Regular,False,,,,False,False
146327,kotak FMP Series 261,Close Ended Schemes(Income),Regular,False,,,,False,False
146324,kotak FMP Series 261,Close Ended Schemes(Income),Regular,False,,,,False,False
146326,kotak FMP Series 261,Close Ended Schemes(Income),Regular,False,,,,False,False
146325,kotak FMP Series 261,Close Ended Schemes(Income),Regular,False,,,,False,False
146605,Kotak FMP Series 263,Close Ended Schemes(Income),Regular,False,,,,False,False
146607,Kotak FMP Series 263,Close Ended Schemes(Income),Regular,False,,,,False,False
146604,Kotak FMP Series 263,Close Ended Schemes(Income),Regular,False,,,,False,False
146834,Kotak FMP Series 265,Close Ended Schemes(Income),Regular,False,,,,False,False
146833,Kotak FMP Series 265,Close Ended Schemes(Income),Regular,False,,,,False,False
147021,Kotak FMP Series 267,Close Ended Schemes(Income),Regular,False,,,,False,False
147022,Kotak FMP Series 267,Close Ended Schemes(Income),Regular,False,,,,False,False
147019,Kotak FMP Series 267,Close Ended Schemes(Income),Regular,False,,,,False,False
149139,Kotak FMP Series 292,Close Ended Schemes(Income),Regular,False,,,,False,False
149138,Kotak FMP Series 292,Close Ended Schemes(Income),Regular,False,,,,False,False
149136,Kotak FMP Series 292,Close Ended Schemes(Income),Regular,False,,,,False,False
149137,Kotak FMP Series 292,Close Ended Schemes(Income),Regular,False,,,,False,False
150319,Kotak FMP Series 294,Close Ended Schemes(Income),Regular,False,,,,False,False
150318,Kotak FMP Series 294,Close Ended Schemes(Income),Regular,False,,,,False,False
150321,Kotak FMP Series 294,Close Ended Schemes(Income),Regular,False,,,,False,False
150320,Kotak FMP Series 294,Close Ended Schemes(Income),Regular,False,,,,False,False
150601,Kotak FMP Series 296,Close Ended Schemes(Income),Regular,False,,,,False,False
150599,Kotak FMP Series 296,Close Ended Schemes(Income),Regular,False,,,,False,False
150600,Kotak FMP Series 296,Close Ended Schemes(Income),Regular,False,,,,False,False
150598,Kotak FMP Series 296,Close Ended Schemes(Income),Regular,False,,,,False,False
150784,Kotak FMP Series 297,Close Ended Schemes(Income),Regular,False,,,,False,False
150783,Kotak FMP Series 297,Close Ended Schemes(Income),Regular,False,,,,False,False
150781,Kotak FMP Series 297,Close Ended Schemes(Income),Regular,False,,,,False,False
150782,Kotak FMP Series 297,Close Ended Schemes(Income),Regular,False,,,,False,False
150947,Kotak FMP Series 299,Close Ended Schemes(Income),Regular,False,,,,False,False
150944,Kotak FMP Series 299,Close Ended Schemes(Income),Regular,False,,,,False,False
150945,Kotak FMP Series 299,Close Ended Schemes(Income),Regular,False,,,,False,False
151174,Kotak FMP Series 300,Close Ended Schemes(Income),Regular,False,,,,False,False
151175,Kotak FMP Series 300,Close Ended Schemes(Income),Regular,False,,,,False,False
151172,Kotak FMP Series 300,Close Ended Schemes(Income),Regular,False,,,,False,False
151173,Kotak FMP Series 300,Close Ended Schemes(Income),Regular,False,,,,False,False
151247,Kotak FMP Series 302,Close Ended Schemes(Income),Regular,False,,,,False,False
151245,Kotak FMP Series 302,Close Ended Schemes(Income),Regular,False,,,,False,False
151244,Kotak FMP Series 302,Close Ended Schemes(Income),Regular,False,,,,False,False
151246,Kotak FMP Series 302,Close Ended Schemes(Income),Regular,False,,,,False,False
151266,Kotak FMP Series 303,Close Ended Schemes(Income),Regular,False,,,,False,False
151263,Kotak FMP Series 303,Close Ended Schemes(Income),Regular,False,,,,False,False
151264,Kotak FMP Series 303,Close Ended Schemes(Income),Regular,False,,,,False,False
151265,Kotak FMP Series 303,Close Ended Schemes(Income),Regular,False,,,,False,False
151316,Kotak FMP Series 305,Close Ended Schemes(Income),Regular,False,,,,False,False
151317,Kotak FMP Series 305,Close Ended Schemes(Income),Regular,False,,,,False,False
151315,Kotak FMP Series 305,Close Ended Schemes(Income),Regular,False,,,,False,False
151318,Kotak FMP Series 305,Close Ended Schemes(Income),Regular,False,,,,False,False
151360,Kotak FMP Series 306,Close Ended Schemes(Income),Regular,False,,,,False,False
151361,Kotak FMP Series 306,Close Ended Schemes(Income),Regular,False,,,,False,False
151359,Kotak FMP Series 306,Close Ended Schemes(Income),Regular,False,,,,False,False
151362,Kotak FMP Series 306,Close Ended Schemes(Income),Regular,False,,,,False,False
151510,Kotak FMP Series 307,Close Ended Schemes(Income),Regular,False,,,,False,False
151508,Kotak FMP Series 307,Close Ended Schemes(Income),Regular,False,,,,False,False
151507,Kotak FMP Series 307,Close Ended Schemes(Income),Regular,False,,,,False,False
151509,Kotak FMP Series 307,Close Ended Schemes(Income),Regular,False,,,,False,False
151681,Kotak FMP Series 308,Close Ended Schemes(Income),Regular,False,,,,False,False
151682,Kotak FMP Series 308,Close Ended Schemes(Income),Regular,False,,,,False,False
151679,Kotak FMP Series 308,Close Ended Schemes(Income),Regular,False,,,,False,False
151680,Kotak FMP Series 308,Close Ended Schemes(Income),Regular,False,,,,False,False
151677,Kotak FMP Series 309,Close Ended Schemes(Income),Regular,False,,,,False,False
151675,Kotak FMP Series 309,Close Ended Schemes(Income),Regular,False,,,,False,False
151676,Kotak FMP Series 309,Close Ended Schemes(Income),Regular,False,,,,False,False
151686,Kotak FMP Series 310,Close Ended Schemes(Income),Regular,False,,,,False,False
151683,Kotak FMP Series 310,Close Ended Schemes(Income),Regular,False,,,,False,False
151685,Kotak FMP Series 310,Close Ended Schemes(Income),Regular,False,,,,False,False
151743,Kotak FMP Series 311,Close Ended Schemes(Income),Regular,False,,,,False,False
151744,Kotak FMP Series 311,Close Ended Schemes(Income),Regular,False,,,,False,False
151741,Kotak FMP Series 311,Close Ended Schemes(Income),Regular,False,,,,False,False
151742,Kotak FMP Series 311,Close Ended Schemes(Income),Regular,False,,,,False,False
152175,Kotak FMP Series 323,Close Ended Schemes(Income),Regular,False,,,,False,False
152176,Kotak FMP Series 323,Close Ended Schemes(Income),Regular,False,,,,False,False
152173,Kotak FMP Series 323,Close Ended Schemes(Income),Regular,False,,,,False,False
152174,Kotak FMP Series 323,Close Ended Schemes(Income),Regular,False,,,,False,False
152224,Kotak FMP Series 324,Close Ended Schemes(Income),Regular,False,,,,False,False
152222,Kotak FMP Series 324,Close Ended Schemes(Income),Regular,False,,,,False,False
152221,Kotak FMP Series 324,Close Ended Schemes(Income),Regular,False,,,,False,False
152223,Kotak FMP Series 324,Close Ended Schemes(Income),Regular,False,,,,False,False
152249,Kotak FMP Series 325,Close Ended Schemes(Income),Regular,False,,,,False,False
152248,Kotak FMP Series 325,Close Ended Schemes(Income),Regular,False,,,,False,False
152246,Kotak FMP Series 325,Close Ended Schemes(Income),Regular,False,,,,False,False
152247,Kotak FMP Series 325,Close Ended Schemes(Income),Regular,False,,,,False,False
152279,Kotak FMP Series 326,Close Ended Schemes(Income),Regular,False,,,,False,False
152278,Kotak FMP Series 326,Close Ended Schemes(Income),Regular,False,,,,False,False
152271,Kotak FMP Series 326,Close Ended Schemes(Income),Regular,False,,,,False,False
152272,Kotak FMP Series 326,Close Ended Schemes(Income),Regular,False,,,,False,False
152342,Kotak FMP Series 327,Close Ended Schemes(Income),Regular,False,,,,False,False
152340,Kotak FMP Series 327,Close Ended Schemes(Income),Regular,False,,,,False,False
152343,Kotak FMP Series 327,Close Ended Schemes(Income),Regular,False,,,,False,False
152341,Kotak FMP Series 327,Close Ended Schemes(Income),Regular,False,,,,False,False
126496,Kotak Hybrid Fixed Term Plan Series 2,Close Ended Schemes(Income),Regular,False,,,,False,False
126497,Kotak Hybrid Fixed Term Plan Series 2,Close Ended Schemes(Income),Regular,False,,,,False,False
126498,Kotak Hybrid Fixed Term Plan Series 2,Close Ended Schemes(Income),Regular,False,,,,False,False
126495,Kotak Hybrid Fixed Term Plan Series 2,Close Ended Schemes(Income),Regular,False,,,,False,False
147463,Nippon India Fixed Horizon Fund - XLI - Series 12,Close Ended Schemes(Income),Regular,False,,,,False,False
146845,Nippon India Fixed Horizon Fund - XLI - Series 4,Close Ended Schemes(Income),Regular,False,,,,False,False
146848,Nippon India Fixed Horizon Fund - XLI - Series 4,Close Ended Schemes(Income),Regular,False,,,,False,False
146847,Nippon India Fixed Horizon Fund - XLI - Series 4,Close Ended Schemes(Income),Regular,False,,,,False,False
146846,Nippon India Fixed Horizon Fund - XLI - Series 4,Close Ended Schemes(Income),Regular,False,,,,False,False
126479,Nippon India Fixed Horizon Fund - XXV - Series 15,Close Ended Schemes(Income),Regular,False,,,,False,False
126477,Nippon India Fixed Horizon Fund - XXV - Series 15,Close Ended Schemes(Income),Regular,False,,,,False,False
126478,Nippon India Fixed Horizon Fund - XXV - Series 15,Close Ended Schemes(Income),Regular,False,,,,False,False
126480,Nippon India Fixed Horizon Fund - XXV - Series 15,Close Ended Schemes(Income),Regular,False,,,,False,False
145525,Nippon India Fixed Horizon Fund - XXXIX- Series 15,Close Ended Schemes(Income),Regular,False,,,,False,False
145527,Nippon India Fixed Horizon Fund - XXXIX- Series 15,Close Ended Schemes(Income),Regular,False,,,,False,False
145528,Nippon India Fixed Horizon Fund - XXXIX- Series 15,Close Ended Schemes(Income),Regular,False,,,,False,False
145609,Nippon India Fixed Horizon Fund - XXXX - Series 1,Close Ended Schemes(Income),Regular,False,,,,False,False
145610,Nippon India Fixed Horizon Fund - XXXX - Series 1,Close Ended Schemes(Income),Regular,False,,,,False,False
145612,Nippon India Fixed Horizon Fund - XXXX - Series 1,Close Ended Schemes(Income),Regular,False,,,,False,False
145611,Nippon India Fixed Horizon Fund - XXXX - Series 1,Close Ended Schemes(Income),Regular,False,,,,False,False
146027,Nippon India Fixed Horizon Fund - XXXX - Series 11,Close Ended Schemes(Income),Regular,False,,,,False,False
146030,Nippon India Fixed Horizon Fund - XXXX - Series 11,Close Ended Schemes(Income),Regular,False,,,,False,False
146029,Nippon India Fixed Horizon Fund - XXXX - Series 11,Close Ended Schemes(Income),Regular,False,,,,False,False
146041,Nippon India Fixed Horizon Fund - XXXX - Series 12,Close Ended Schemes(Income),Regular,False,,,,False,False
146042,Nippon India Fixed Horizon Fund - XXXX - Series 12,Close Ended Schemes(Income),Regular,False,,,,False,False
146043,Nippon India Fixed Horizon Fund - XXXX - Series 12,Close Ended Schemes(Income),Regular,False,,,,False,False
146044,Nippon India Fixed Horizon Fund - XXXX - Series 12,Close Ended Schemes(Income),Regular,False,,,,False,False
146170,Nippon India Fixed Horizon Fund - XXXX - Series 14,Close Ended Schemes(Income),Regular,False,,,,False,False
146171,Nippon India Fixed Horizon Fund - XXXX - Series 14,Close Ended Schemes(Income),Regular,False,,,,False,False
146172,Nippon India Fixed Horizon Fund - XXXX - Series 14,Close Ended Schemes(Income),Regular,False,,,,False,False
146169,Nippon India Fixed Horizon Fund - XXXX - Series 14,Close Ended Schemes(Income),Regular,False,,,,False,False
146300,Nippon India Fixed Horizon Fund - XXXX - Series 15,Close Ended Schemes(Income),Regular,False,,,,False,False
146299,Nippon India Fixed Horizon Fund - XXXX - Series 15,Close Ended Schemes(Income),Regular,False,,,,False,False
146301,Nippon India Fixed Horizon Fund - XXXX - Series 15,Close Ended Schemes(Income),Regular,False,,,,False,False
146328,Nippon India Fixed Horizon Fund - XXXX - Series 16,Close Ended Schemes(Income),Regular,False,,,,False,False
146329,Nippon India Fixed Horizon Fund - XXXX - Series 16,Close Ended Schemes(Income),Regular,False,,,,False,False
146331,Nippon India Fixed Horizon Fund - XXXX - Series 16,Close Ended Schemes(Income),Regular,False,,,,False,False
146330,Nippon India Fixed Horizon Fund - XXXX - Series 16,Close Ended Schemes(Income),Regular,False,,,,False,False
146471,Nippon India Fixed Horizon Fund - XXXX - Series 17,Close Ended Schemes(Income),Regular,False,,,,False,False
146473,Nippon India Fixed Horizon Fund - XXXX - Series 17,Close Ended Schemes(Income),Regular,False,,,,False,False
146472,Nippon India Fixed Horizon Fund - XXXX - Series 17,Close Ended Schemes(Income),Regular,False,,,,False,False
146594,Nippon India Fixed Horizon Fund - XXXX - Series 19,Close Ended Schemes(Income),Regular,False,,,,False,False
146597,Nippon India Fixed Horizon Fund - XXXX - Series 19,Close Ended Schemes(Income),Regular,False,,,,False,False
146596,Nippon India Fixed Horizon Fund - XXXX - Series 19,Close Ended Schemes(Income),Regular,False,,,,False,False
146595,Nippon India Fixed Horizon Fund - XXXX - Series 19,Close Ended Schemes(Income),Regular,False,,,,False,False
145613,Nippon India Fixed Horizon Fund - XXXX - Series 2,Close Ended Schemes(Income),Regular,False,,,,False,False
145615,Nippon India Fixed Horizon Fund - XXXX - Series 2,Close Ended Schemes(Income),Regular,False,,,,False,False
145616,Nippon India Fixed Horizon Fund - XXXX - Series 2,Close Ended Schemes(Income),Regular,False,,,,False,False
145614,Nippon India Fixed Horizon Fund - XXXX - Series 2,Close Ended Schemes(Income),Regular,False,,,,False,False
145617,Nippon India Fixed Horizon Fund - XXXX - Series 3,Close Ended Schemes(Income),Regular,False,,,,False,False
145620,Nippon India Fixed Horizon Fund - XXXX - Series 3,Close Ended Schemes(Income),Regular,False,,,,False,False
145619,Nippon India Fixed Horizon Fund - XXXX - Series 3,Close Ended Schemes(Income),Regular,False,,,,False,False
145618,Nippon India Fixed Horizon Fund - XXXX - Series 3,Close Ended Schemes(Income),Regular,False,,,,False,False
145663,Nippon India Fixed Horizon Fund - XXXX - Series 4,Close Ended Schemes(Income),Regular,False,,,,False,False
145664,Nippon India Fixed Horizon Fund - XXXX - Series 4,Close Ended Schemes(Income),Regular,False,,,,False,False
145665,Nippon India Fixed Horizon Fund - XXXX - Series 4,Close Ended Schemes(Income),Regular,False,,,,False,False
145666,Nippon India Fixed Horizon Fund - XXXX - Series 4,Close Ended Schemes(Income),Regular,False,,,,False,False
145759,Nippon India Fixed Horizon Fund - XXXX - Series 5,Close Ended Schemes(Income),Regular,False,,,,False,False
145757,Nippon India Fixed Horizon Fund - XXXX - Series 5,Close Ended Schemes(Income),Regular,False,,,,False,False
145760,Nippon India Fixed Horizon Fund - XXXX - Series 5,Close Ended Schemes(Income),Regular,False,,,,False,False
145758,Nippon India Fixed Horizon Fund - XXXX - Series 5,Close Ended Schemes(Income),Regular,False,,,,False,False
145787,Nippon India Fixed Horizon Fund - XXXX - Series 6,Close Ended Schemes(Income),Regular,False,,,,False,False
145788,Nippon India Fixed Horizon Fund - XXXX - Series 6,Close Ended Schemes(Income),Regular,False,,,,False,False
145790,Nippon India Fixed Horizon Fund - XXXX - Series 6,Close Ended Schemes(Income),Regular,False,,,,False,False
145789,Nippon India Fixed Horizon Fund - XXXX - Series 6,Close Ended Schemes(Income),Regular,False,,,,False,False
145880,Nippon India Fixed Horizon Fund - XXXX - Series 7,Close Ended Schemes(Income),Regular,False,,,,False,False
145879,Nippon India Fixed Horizon Fund - XXXX - Series 7,Close Ended Schemes(Income),Regular,False,,,,False,False
145914,Nippon India Fixed Horizon Fund - XXXX - Series 8,Close Ended Schemes(Income),Regular,False,,,,False,False
145915,Nippon India Fixed Horizon Fund - XXXX - Series 8,Close Ended Schemes(Income),Regular,False,,,,False,False
145917,Nippon India Fixed Horizon Fund - XXXX - Series 8,Close Ended Schemes(Income),Regular,False,,,,False,False
145916,Nippon India Fixed Horizon Fund - XXXX - Series 8,Close Ended Schemes(Income),Regular,False,,,,False,False
139734,Nippon India Fixed Horizon Fund XXXI Series 9,Close Ended Schemes(Income),Regular,False,,,,False,False
139735,Nippon India Fixed Horizon Fund XXXI Series 9,Close Ended Schemes(Income),Regular,False,,,,False,False
139736,Nippon India Fixed Horizon Fund XXXI Series 9,Close Ended Schemes(Income),Regular,False,,,,False,False
139733,Nippon India Fixed Horizon Fund XXXI Series 9,Close Ended Schemes(Income),Regular,False,,,,False,False
139850,Nippon India Fixed Horizon Fund XXXI- Series 13,Close Ended Schemes(Income),Regular,False,,,,False,False
139851,Nippon India Fixed Horizon Fund XXXI- Series 13,Close Ended Schemes(Income),Regular,False,,,,False,False
139849,Nippon India Fixed Horizon Fund XXXI- Series 13,Close Ended Schemes(Income),Regular,False,,,,False,False
139852,Nippon India Fixed Horizon Fund XXXI- Series 13,Close Ended Schemes(Income),Regular,False,,,,False,False
139965,Nippon India Fixed Horizon Fund XXXI- Series 15,Close Ended Schemes(Income),Regular,False,,,,False,False
139964,Nippon India Fixed Horizon Fund XXXI- Series 15,Close Ended Schemes(Income),Regular,False,,,,False,False
139966,Nippon India Fixed Horizon Fund XXXI- Series 15,Close Ended Schemes(Income),Regular,False,,,,False,False
139963,Nippon India Fixed Horizon Fund XXXI- Series 15,Close Ended Schemes(Income),Regular,False,,,,False,False
139652,Nippon India Fixed Horizon Fund XXXI- Series 8,Close Ended Schemes(Income),Regular,False,,,,False,False
139654,Nippon India Fixed Horizon Fund XXXI- Series 8,Close Ended Schemes(Income),Regular,False,,,,False,False
139653,Nippon India Fixed Horizon Fund XXXI- Series 8,Close Ended Schemes(Income),Regular,False,,,,False,False
139651,Nippon India Fixed Horizon Fund XXXI- Series 8,Close Ended Schemes(Income),Regular,False,,,,False,False
140155,Nippon India Fixed Horizon Fund XXXII- Series 1,Close Ended Schemes(Income),Regular,False,,,,False,False
140154,Nippon India Fixed Horizon Fund XXXII- Series 1,Close Ended Schemes(Income),Regular,False,,,,False,False
140153,Nippon India Fixed Horizon Fund XXXII- Series 1,Close Ended Schemes(Income),Regular,False,,,,False,False
140152,Nippon India Fixed Horizon Fund XXXII- Series 1,Close Ended Schemes(Income),Regular,False,,,,False,False
140601,Nippon India Fixed Horizon Fund XXXII- Series 10,Close Ended Schemes(Income),Regular,False,,,,False,False
140600,Nippon India Fixed Horizon Fund XXXII- Series 10,Close Ended Schemes(Income),Regular,False,,,,False,False
140599,Nippon India Fixed Horizon Fund XXXII- Series 10,Close Ended Schemes(Income),Regular,False,,,,False,False
140602,Nippon India Fixed Horizon Fund XXXII- Series 10,Close Ended Schemes(Income),Regular,False,,,,False,False
140156,Nippon India Fixed Horizon Fund XXXII- Series 2,Close Ended Schemes(Income),Regular,False,,,,False,False
140158,Nippon India Fixed Horizon Fund XXXII- Series 2,Close Ended Schemes(Income),Regular,False,,,,False,False
140157,Nippon India Fixed Horizon Fund XXXII- Series 2,Close Ended Schemes(Income),Regular,False,,,,False,False
140159,Nippon India Fixed Horizon Fund XXXII- Series 2,Close Ended Schemes(Income),Regular,False,,,,False,False
140166,Nippon India Fixed Horizon Fund XXXII- Series 4,Close Ended Schemes(Income),Regular,False,,,,False,False
140167,Nippon India Fixed Horizon Fund XXXII- Series 4,Close Ended Schemes(Income),Regular,False,,,,False,False
140165,Nippon India Fixed Horizon Fund XXXII- Series 4,Close Ended Schemes(Income),Regular,False,,,,False,False
140164,Nippon India Fixed Horizon Fund XXXII- Series 4,Close Ended Schemes(Income),Regular,False,,,,False,False
140428,Nippon India Fixed Horizon Fund XXXII- Series 5,Close Ended Schemes(Income),Regular,False,,,,False,False
140426,Nippon India Fixed Horizon Fund XXXII- Series 5,Close Ended Schemes(Income),Regular,False,,,,False,False
140425,Nippon India Fixed Horizon Fund XXXII- Series 5,Close Ended Schemes(Income),Regular,False,,,,False,False
140427,Nippon India Fixed Horizon Fund XXXII- Series 5,Close Ended Schemes(Income),Regular,False,,,,False,False
140509,Nippon India Fixed Horizon Fund XXXII- Series 7,Close Ended Schemes(Income),Regular,False,,,,False,False
140512,Nippon India Fixed Horizon Fund XXXII- Series 7,Close Ended Schemes(Income),Regular,False,,,,False,False
140511,Nippon India Fixed Horizon Fund XXXII- Series 7,Close Ended Schemes(Income),Regular,False,,,,False,False
140510,Nippon India Fixed Horizon Fund XXXII- Series 7,Close Ended Schemes(Income),Regular,False,,,,False,False
140535,Nippon India Fixed Horizon Fund XXXII- Series 8,Close Ended Schemes(Income),Regular,False,,,,False,False
140536,Nippon India Fixed Horizon Fund XXXII- Series 8,Close Ended Schemes(Income),Regular,False,,,,False,False
140534,Nippon India Fixed Horizon Fund XXXII- Series 8,Close Ended Schemes(Income),Regular,False,,,,False,False
140561,Nippon India Fixed Horizon Fund XXXII- Series 9,Close Ended Schemes(Income),Regular,False,,,,False,False
140560,Nippon India Fixed Horizon Fund XXXII- Series 9,Close Ended Schemes(Income),Regular,False,,,,False,False
140562,Nippon India Fixed Horizon Fund XXXII- Series 9,Close Ended Schemes(Income),Regular,False,,,,False,False
140559,Nippon India Fixed Horizon Fund XXXII- Series 9,Close Ended Schemes(Income),Regular,False,,,,False,False
140739,Nippon India Fixed Horizon Fund XXXIII- Series 1,Close Ended Schemes(Income),Regular,False,,,,False,False
140738,Nippon India Fixed Horizon Fund XXXIII- Series 1,Close Ended Schemes(Income),Regular,False,,,,False,False
140737,Nippon India Fixed Horizon Fund XXXIII- Series 1,Close Ended Schemes(Income),Regular,False,,,,False,False
141188,Nippon India Fixed Horizon Fund XXXIII- Series 10,Close Ended Schemes(Income),Regular,False,,,,False,False
141187,Nippon India Fixed Horizon Fund XXXIII- Series 10,Close Ended Schemes(Income),Regular,False,,,,False,False
141186,Nippon India Fixed Horizon Fund XXXIII- Series 10,Close Ended Schemes(Income),Regular,False,,,,False,False
141185,Nippon India Fixed Horizon Fund XXXIII- Series 10,Close Ended Schemes(Income),Regular,False,,,,False,False
140741,Nippon India Fixed Horizon Fund XXXIII- Series 2,Close Ended Schemes(Income),Regular,False,,,,False,False
140744,Nippon India Fixed Horizon Fund XXXIII- Series 2,Close Ended Schemes(Income),Regular,False,,,,False,False
140743,Nippon India Fixed Horizon Fund XXXIII- Series 2,Close Ended Schemes(Income),Regular,False,,,,False,False
140742,Nippon India Fixed Horizon Fund XXXIII- Series 2,Close Ended Schemes(Income),Regular,False,,,,False,False
140864,Nippon India Fixed Horizon Fund XXXIII- Series 3,Close Ended Schemes(Income),Regular,False,,,,False,False
140863,Nippon India Fixed Horizon Fund XXXIII- Series 3,Close Ended Schemes(Income),Regular,False,,,,False,False
140865,Nippon India Fixed Horizon Fund XXXIII- Series 3,Close Ended Schemes(Income),Regular,False,,,,False,False
140917,Nippon India Fixed Horizon Fund XXXIII- Series 4,Close Ended Schemes(Income),Regular,False,,,,False,False
140914,Nippon India Fixed Horizon Fund XXXIII- Series 4,Close Ended Schemes(Income),Regular,False,,,,False,False
140924,Nippon India Fixed Horizon Fund XXXIII- Series 5,Close Ended Schemes(Income),Regular,False,,,,False,False
140927,Nippon India Fixed Horizon Fund XXXIII- Series 5,Close Ended Schemes(Income),Regular,False,,,,False,False
140926,Nippon India Fixed Horizon Fund XXXIII- Series 5,Close Ended Schemes(Income),Regular,False,,,,False,False
140925,Nippon India Fixed Horizon Fund XXXIII- Series 5,Close Ended Schemes(Income),Regular,False,,,,False,False
140977,Nippon India Fixed Horizon Fund XXXIII- Series 6,Close Ended Schemes(Income),Regular,False,,,,False,False
140974,Nippon India Fixed Horizon Fund XXXIII- Series 6,Close Ended Schemes(Income),Regular,False,,,,False,False
140975,Nippon India Fixed Horizon Fund XXXIII- Series 6,Close Ended Schemes(Income),Regular,False,,,,False,False
140976,Nippon India Fixed Horizon Fund XXXIII- Series 6,Close Ended Schemes(Income),Regular,False,,,,False,False
141038,Nippon India Fixed Horizon Fund XXXIII- Series 7,Close Ended Schemes(Income),Regular,False,,,,False,False
141036,Nippon India Fixed Horizon Fund XXXIII- Series 7,Close Ended Schemes(Income),Regular,False,,,,False,False
141037,Nippon India Fixed Horizon Fund XXXIII- Series 7,Close Ended Schemes(Income),Regular,False,,,,False,False
141153,Nippon India Fixed Horizon Fund XXXIII- Series 8,Close Ended Schemes(Income),Regular,False,,,,False,False
141152,Nippon India Fixed Horizon Fund XXXIII- Series 8,Close Ended Schemes(Income),Regular,False,,,,False,False
141151,Nippon India Fixed Horizon Fund XXXIII- Series 8,Close Ended Schemes(Income),Regular,False,,,,False,False
141154,Nippon India Fixed Horizon Fund XXXIII- Series 8,Close Ended Schemes(Income),Regular,False,,,,False,False
141180,Nippon India Fixed Horizon Fund XXXIII- Series 9,Close Ended Schemes(Income),Regular,False,,,,False,False
141179,Nippon India Fixed Horizon Fund XXXIII- Series 9,Close Ended Schemes(Income),Regular,False,,,,False,False
141178,Nippon India Fixed Horizon Fund XXXIII- Series 9,Close Ended Schemes(Income),Regular,False,,,,False,False
141177,Nippon India Fixed Horizon Fund XXXIII- Series 9,Close Ended Schemes(Income),Regular,False,,,,False,False
141389,Nippon India Fixed Horizon Fund XXXIV- Series 1,Close Ended Schemes(Income),Regular,False,,,,False,False
141388,Nippon India Fixed Horizon Fund XXXIV- Series 1,Close Ended Schemes(Income),Regular,False,,,,False,False
141387,Nippon India Fixed Horizon Fund XXXIV- Series 1,Close Ended Schemes(Income),Regular,False,,,,False,False
141386,Nippon India Fixed Horizon Fund XXXIV- Series 1,Close Ended Schemes(Income),Regular,False,,,,False,False
141659,Nippon India Fixed Horizon Fund XXXIV- Series 10,Close Ended Schemes(Income),Regular,False,,,,False,False
141658,Nippon India Fixed Horizon Fund XXXIV- Series 10,Close Ended Schemes(Income),Regular,False,,,,False,False
141657,Nippon India Fixed Horizon Fund XXXIV- Series 10,Close Ended Schemes(Income),Regular,False,,,,False,False
141660,Nippon India Fixed Horizon Fund XXXIV- Series 10,Close Ended Schemes(Income),Regular,False,,,,False,False
141393,Nippon India Fixed Horizon Fund XXXIV- Series 2,Close Ended Schemes(Income),Regular,False,,,,False,False
141392,Nippon India Fixed Horizon Fund XXXIV- Series 2,Close Ended Schemes(Income),Regular,False,,,,False,False
141391,Nippon India Fixed Horizon Fund XXXIV- Series 2,Close Ended Schemes(Income),Regular,False,,,,False,False
141390,Nippon India Fixed Horizon Fund XXXIV- Series 2,Close Ended Schemes(Income),Regular,False,,,,False,False
141433,Nippon India Fixed Horizon Fund XXXIV- Series 3,Close Ended Schemes(Income),Regular,False,,,,False,False
141434,Nippon India Fixed Horizon Fund XXXIV- Series 3,Close Ended Schemes(Income),Regular,False,,,,False,False
141435,Nippon India Fixed Horizon Fund XXXIV- Series 3,Close Ended Schemes(Income),Regular,False,,,,False,False
141432,Nippon India Fixed Horizon Fund XXXIV- Series 3,Close Ended Schemes(Income),Regular,False,,,,False,False
141460,Nippon India Fixed Horizon Fund XXXIV- Series 4,Close Ended Schemes(Income),Regular,False,,,,False,False
141458,Nippon India Fixed Horizon Fund XXXIV- Series 4,Close Ended Schemes(Income),Regular,False,,,,False,False
141459,Nippon India Fixed Horizon Fund XXXIV- Series 4,Close Ended Schemes(Income),Regular,False,,,,False,False
141461,Nippon India Fixed Horizon Fund XXXIV- Series 4,Close Ended Schemes(Income),Regular,False,,,,False,False
141518,Nippon India Fixed Horizon Fund XXXIV- Series 6,Close Ended Schemes(Income),Regular,False,,,,False,False
141521,Nippon India Fixed Horizon Fund XXXIV- Series 6,Close Ended Schemes(Income),Regular,False,,,,False,False
141519,Nippon India Fixed Horizon Fund XXXIV- Series 6,Close Ended Schemes(Income),Regular,False,,,,False,False
141520,Nippon India Fixed Horizon Fund XXXIV- Series 6,Close Ended Schemes(Income),Regular,False,,,,False,False
141552,Nippon India Fixed Horizon Fund XXXIV- Series 7,Close Ended Schemes(Income),Regular,False,,,,False,False
141553,Nippon India Fixed Horizon Fund XXXIV- Series 7,Close Ended Schemes(Income),Regular,False,,,,False,False
141550,Nippon India Fixed Horizon Fund XXXIV- Series 7,Close Ended Schemes(Income),Regular,False,,,,False,False
141551,Nippon India Fixed Horizon Fund XXXIV- Series 7,Close Ended Schemes(Income),Regular,False,,,,False,False
141613,Nippon India Fixed Horizon Fund XXXIV- Series 8,Close Ended Schemes(Income),Regular,False,,,,False,False
141614,Nippon India Fixed Horizon Fund XXXIV- Series 8,Close Ended Schemes(Income),Regular,False,,,,False,False
141611,Nippon India Fixed Horizon Fund XXXIV- Series 8,Close Ended Schemes(Income),Regular,False,,,,False,False
141612,Nippon India Fixed Horizon Fund XXXIV- Series 8,Close Ended Schemes(Income),Regular,False,,,,False,False
141619,Nippon India Fixed Horizon Fund XXXIV- Series 9,Close Ended Schemes(Income),Regular,False,,,,False,False
141616,Nippon India Fixed Horizon Fund XXXIV- Series 9,Close Ended Schemes(Income),Regular,False,,,,False,False
141617,Nippon India Fixed Horizon Fund XXXIV- Series 9,Close Ended Schemes(Income),Regular,False,,,,False,False
141618,Nippon India Fixed Horizon Fund XXXIV- Series 9,Close Ended Schemes(Income),Regular,False,,,,False,False
145406,Nippon India Fixed Horizon Fund XXXIX - Series 14,Close Ended Schemes(Income),Regular,False,,,,False,False
145405,Nippon India Fixed Horizon Fund XXXIX - Series 14,Close Ended Schemes(Income),Regular,False,,,,False,False
145408,Nippon India Fixed Horizon Fund XXXIX - Series 14,Close Ended Schemes(Income),Regular,False,,,,False,False
145407,Nippon India Fixed Horizon Fund XXXIX - Series 14,Close Ended Schemes(Income),Regular,False,,,,False,False
144693,Nippon India Fixed Horizon Fund XXXIX- Series 1,Close Ended Schemes(Income),Regular,False,,,,False,False
144695,Nippon India Fixed Horizon Fund XXXIX- Series 1,Close Ended Schemes(Income),Regular,False,,,,False,False
144692,Nippon India Fixed Horizon Fund XXXIX- Series 1,Close Ended Schemes(Income),Regular,False,,,,False,False
144694,Nippon India Fixed Horizon Fund XXXIX- Series 1,Close Ended Schemes(Income),Regular,False,,,,False,False
145178,Nippon India Fixed Horizon Fund XXXIX- Series 11,Close Ended Schemes(Income),Regular,False,,,,False,False
145180,Nippon India Fixed Horizon Fund XXXIX- Series 11,Close Ended Schemes(Income),Regular,False,,,,False,False
145177,Nippon India Fixed Horizon Fund XXXIX- Series 11,Close Ended Schemes(Income),Regular,False,,,,False,False
145179,Nippon India Fixed Horizon Fund XXXIX- Series 11,Close Ended Schemes(Income),Regular,False,,,,False,False
144771,Nippon India Fixed Horizon Fund XXXIX- Series 2,Close Ended Schemes(Income),Regular,False,,,,False,False
144772,Nippon India Fixed Horizon Fund XXXIX- Series 2,Close Ended Schemes(Income),Regular,False,,,,False,False
144770,Nippon India Fixed Horizon Fund XXXIX- Series 2,Close Ended Schemes(Income),Regular,False,,,,False,False
144769,Nippon India Fixed Horizon Fund XXXIX- Series 2,Close Ended Schemes(Income),Regular,False,,,,False,False
144898,Nippon India Fixed Horizon Fund XXXIX- Series 4,Close Ended Schemes(Income),Regular,False,,,,False,False
144901,Nippon India Fixed Horizon Fund XXXIX- Series 4,Close Ended Schemes(Income),Regular,False,,,,False,False
144899,Nippon India Fixed Horizon Fund XXXIX- Series 4,Close Ended Schemes(Income),Regular,False,,,,False,False
144900,Nippon India Fixed Horizon Fund XXXIX- Series 4,Close Ended Schemes(Income),Regular,False,,,,False,False
144911,Nippon India Fixed Horizon Fund XXXIX- Series 5,Close Ended Schemes(Income),Regular,False,,,,False,False
144909,Nippon India Fixed Horizon Fund XXXIX- Series 5,Close Ended Schemes(Income),Regular,False,,,,False,False
144910,Nippon India Fixed Horizon Fund XXXIX- Series 5,Close Ended Schemes(Income),Regular,False,,,,False,False
144908,Nippon India Fixed Horizon Fund XXXIX- Series 5,Close Ended Schemes(Income),Regular,False,,,,False,False
144934,Nippon India Fixed Horizon Fund XXXIX- Series 6,Close Ended Schemes(Income),Regular,False,,,,False,False
144933,Nippon India Fixed Horizon Fund XXXIX- Series 6,Close Ended Schemes(Income),Regular,False,,,,False,False
145033,Nippon India Fixed Horizon Fund XXXIX- Series 8,Close Ended Schemes(Income),Regular,False,,,,False,False
145030,Nippon India Fixed Horizon Fund XXXIX- Series 8,Close Ended Schemes(Income),Regular,False,,,,False,False
145031,Nippon India Fixed Horizon Fund XXXIX- Series 8,Close Ended Schemes(Income),Regular,False,,,,False,False
145032,Nippon India Fixed Horizon Fund XXXIX- Series 8,Close Ended Schemes(Income),Regular,False,,,,False,False
145142,Nippon India Fixed Horizon Fund XXXIX- Series 9,Close Ended Schemes(Income),Regular,False,,,,False,False
145144,Nippon India Fixed Horizon Fund XXXIX- Series 9,Close Ended Schemes(Income),Regular,False,,,,False,False
145141,Nippon India Fixed Horizon Fund XXXIX- Series 9,Close Ended Schemes(Income),Regular,False,,,,False,False
145143,Nippon India Fixed Horizon Fund XXXIX- Series 9,Close Ended Schemes(Income),Regular,False,,,,False,False
142023,Nippon India Fixed Horizon Fund XXXV- Series 11,Close Ended Schemes(Income),Regular,False,,,,False,False
142024,Nippon India Fixed Horizon Fund XXXV- Series 11,Close Ended Schemes(Income),Regular,False,,,,False,False
142022,Nippon India Fixed Horizon Fund XXXV- Series 11,Close Ended Schemes(Income),Regular,False,,,,False,False
142021,Nippon India Fixed Horizon Fund XXXV- Series 11,Close Ended Schemes(Income),Regular,False,,,,False,False
142118,Nippon India Fixed Horizon Fund XXXV- Series 12,Close Ended Schemes(Income),Regular,False,,,,False,False
142117,Nippon India Fixed Horizon Fund XXXV- Series 12,Close Ended Schemes(Income),Regular,False,,,,False,False
142120,Nippon India Fixed Horizon Fund XXXV- Series 12,Close Ended Schemes(Income),Regular,False,,,,False,False
142124,Nippon India Fixed Horizon Fund XXXV- Series 13,Close Ended Schemes(Income),Regular,False,,,,False,False
142121,Nippon India Fixed Horizon Fund XXXV- Series 13,Close Ended Schemes(Income),Regular,False,,,,False,False
142123,Nippon India Fixed Horizon Fund XXXV- Series 13,Close Ended Schemes(Income),Regular,False,,,,False,False
142122,Nippon India Fixed Horizon Fund XXXV- Series 13,Close Ended Schemes(Income),Regular,False,,,,False,False
142184,Nippon India Fixed Horizon Fund XXXV- Series 14,Close Ended Schemes(Income),Regular,False,,,,False,False
142182,Nippon India Fixed Horizon Fund XXXV- Series 14,Close Ended Schemes(Income),Regular,False,,,,False,False
142183,Nippon India Fixed Horizon Fund XXXV- Series 14,Close Ended Schemes(Income),Regular,False,,,,False,False
142181,Nippon India Fixed Horizon Fund XXXV- Series 14,Close Ended Schemes(Income),Regular,False,,,,False,False
142194,Nippon India Fixed Horizon Fund XXXV- Series 15,Close Ended Schemes(Income),Regular,False,,,,False,False
142191,Nippon India Fixed Horizon Fund XXXV- Series 15,Close Ended Schemes(Income),Regular,False,,,,False,False
142192,Nippon India Fixed Horizon Fund XXXV- Series 15,Close Ended Schemes(Income),Regular,False,,,,False,False
142193,Nippon India Fixed Horizon Fund XXXV- Series 15,Close Ended Schemes(Income),Regular,False,,,,False,False
142197,Nippon India Fixed Horizon Fund XXXV- Series 16,Close Ended Schemes(Income),Regular,False,,,,False,False
142196,Nippon India Fixed Horizon Fund XXXV- Series 16,Close Ended Schemes(Income),Regular,False,,,,False,False
142198,Nippon India Fixed Horizon Fund XXXV- Series 16,Close Ended Schemes(Income),Regular,False,,,,False,False
142195,Nippon India Fixed Horizon Fund XXXV- Series 16,Close Ended Schemes(Income),Regular,False,,,,False,False
141794,Nippon India Fixed Horizon Fund XXXV- Series 5,Close Ended Schemes(Income),Regular,False,,,,False,False
141793,Nippon India Fixed Horizon Fund XXXV- Series 5,Close Ended Schemes(Income),Regular,False,,,,False,False
141792,Nippon India Fixed Horizon Fund XXXV- Series 5,Close Ended Schemes(Income),Regular,False,,,,False,False
141791,Nippon India Fixed Horizon Fund XXXV- Series 5,Close Ended Schemes(Income),Regular,False,,,,False,False
141911,Nippon India Fixed Horizon Fund XXXV- Series 6,Close Ended Schemes(Income),Regular,False,,,,False,False
141912,Nippon India Fixed Horizon Fund XXXV- Series 6,Close Ended Schemes(Income),Regular,False,,,,False,False
141910,Nippon India Fixed Horizon Fund XXXV- Series 6,Close Ended Schemes(Income),Regular,False,,,,False,False
141909,Nippon India Fixed Horizon Fund XXXV- Series 6,Close Ended Schemes(Income),Regular,False,,,,False,False
141956,Nippon India Fixed Horizon Fund XXXV- Series 7,Close Ended Schemes(Income),Regular,False,,,,False,False
141955,Nippon India Fixed Horizon Fund XXXV- Series 7,Close Ended Schemes(Income),Regular,False,,,,False,False
141992,Nippon India Fixed Horizon Fund XXXV- Series 9,Close Ended Schemes(Income),Regular,False,,,,False,False
141994,Nippon India Fixed Horizon Fund XXXV- Series 9,Close Ended Schemes(Income),Regular,False,,,,False,False
141991,Nippon India Fixed Horizon Fund XXXV- Series 9,Close Ended Schemes(Income),Regular,False,,,,False,False
141993,Nippon India Fixed Horizon Fund XXXV- Series 9,Close Ended Schemes(Income),Regular,False,,,,False,False
142455,Nippon India Fixed Horizon Fund XXXVI- Series 2,Close Ended Schemes(Income),Regular,False,,,,False,False
142456,Nippon India Fixed Horizon Fund XXXVI- Series 2,Close Ended Schemes(Income),Regular,False,,,,False,False
142457,Nippon India Fixed Horizon Fund XXXVI- Series 2,Close Ended Schemes(Income),Regular,False,,,,False,False
142458,Nippon India Fixed Horizon Fund XXXVI- Series 2,Close Ended Schemes(Income),Regular,False,,,,False,False
142462,Nippon India Fixed Horizon Fund XXXVI- Series 3,Close Ended Schemes(Income),Regular,False,,,,False,False
142460,Nippon India Fixed Horizon Fund XXXVI- Series 3,Close Ended Schemes(Income),Regular,False,,,,False,False
142461,Nippon India Fixed Horizon Fund XXXVI- Series 3,Close Ended Schemes(Income),Regular,False,,,,False,False
142459,Nippon India Fixed Horizon Fund XXXVI- Series 3,Close Ended Schemes(Income),Regular,False,,,,False,False
142564,Nippon India Fixed Horizon Fund XXXVI- Series 5,Close Ended Schemes(Income),Regular,False,,,,False,False
142566,Nippon India Fixed Horizon Fund XXXVI- Series 5,Close Ended Schemes(Income),Regular,False,,,,False,False
142565,Nippon India Fixed Horizon Fund XXXVI- Series 5,Close Ended Schemes(Income),Regular,False,,,,False,False
142563,Nippon India Fixed Horizon Fund XXXVI- Series 5,Close Ended Schemes(Income),Regular,False,,,,False,False
142569,Nippon India Fixed Horizon Fund XXXVI- Series 6,Close Ended Schemes(Income),Regular,False,,,,False,False
142568,Nippon India Fixed Horizon Fund XXXVI- Series 6,Close Ended Schemes(Income),Regular,False,,,,False,False
142570,Nippon India Fixed Horizon Fund XXXVI- Series 6,Close Ended Schemes(Income),Regular,False,,,,False,False
142567,Nippon India Fixed Horizon Fund XXXVI- Series 6,Close Ended Schemes(Income),Regular,False,,,,False,False
142645,Nippon India Fixed Horizon Fund XXXVI- Series 7,Close Ended Schemes(Income),Regular,False,,,,False,False
142647,Nippon India Fixed Horizon Fund XXXVI- Series 7,Close Ended Schemes(Income),Regular,False,,,,False,False
142644,Nippon India Fixed Horizon Fund XXXVI- Series 7,Close Ended Schemes(Income),Regular,False,,,,False,False
142646,Nippon India Fixed Horizon Fund XXXVI- Series 7,Close Ended Schemes(Income),Regular,False,,,,False,False
142818,Nippon India Fixed Horizon Fund XXXVI- Series 8,Close Ended Schemes(Income),Regular,False,,,,False,False
142817,Nippon India Fixed Horizon Fund XXXVI- Series 8,Close Ended Schemes(Income),Regular,False,,,,False,False
142819,Nippon India Fixed Horizon Fund XXXVI- Series 8,Close Ended Schemes(Income),Regular,False,,,,False,False
142816,Nippon India Fixed Horizon Fund XXXVI- Series 8,Close Ended Schemes(Income),Regular,False,,,,False,False
142916,Nippon India Fixed Horizon Fund XXXVI- Series 9,Close Ended Schemes(Income),Regular,False,,,,False,False
142915,Nippon India Fixed Horizon Fund XXXVI- Series 9,Close Ended Schemes(Income),Regular,False,,,,False,False
142913,Nippon India Fixed Horizon Fund XXXVI- Series 9,Close Ended Schemes(Income),Regular,False,,,,False,False
143084,Nippon India Fixed Horizon Fund XXXVII- Series 1,Close Ended Schemes(Income),Regular,False,,,,False,False
143083,Nippon India Fixed Horizon Fund XXXVII- Series 1,Close Ended Schemes(Income),Regular,False,,,,False,False
143082,Nippon India Fixed Horizon Fund XXXVII- Series 1,Close Ended Schemes(Income),Regular,False,,,,False,False
143081,Nippon India Fixed Horizon Fund XXXVII- Series 1,Close Ended Schemes(Income),Regular,False,,,,False,False
143456,Nippon India Fixed Horizon Fund XXXVII- Series 10,Close Ended Schemes(Income),Regular,False,,,,False,False
143457,Nippon India Fixed Horizon Fund XXXVII- Series 10,Close Ended Schemes(Income),Regular,False,,,,False,False
143454,Nippon India Fixed Horizon Fund XXXVII- Series 10,Close Ended Schemes(Income),Regular,False,,,,False,False
143642,Nippon India Fixed Horizon Fund XXXVII- Series 12,Close Ended Schemes(Income),Regular,False,,,,False,False
143643,Nippon India Fixed Horizon Fund XXXVII- Series 12,Close Ended Schemes(Income),Regular,False,,,,False,False
143641,Nippon India Fixed Horizon Fund XXXVII- Series 12,Close Ended Schemes(Income),Regular,False,,,,False,False
143758,Nippon India Fixed Horizon Fund XXXVII- Series 15,Close Ended Schemes(Income),Regular,False,,,,False,False
143755,Nippon India Fixed Horizon Fund XXXVII- Series 15,Close Ended Schemes(Income),Regular,False,,,,False,False
143757,Nippon India Fixed Horizon Fund XXXVII- Series 15,Close Ended Schemes(Income),Regular,False,,,,False,False
143170,Nippon India Fixed Horizon Fund XXXVII- Series 3,Close Ended Schemes(Income),Regular,False,,,,False,False
143169,Nippon India Fixed Horizon Fund XXXVII- Series 3,Close Ended Schemes(Income),Regular,False,,,,False,False
143171,Nippon India Fixed Horizon Fund XXXVII- Series 3,Close Ended Schemes(Income),Regular,False,,,,False,False
143168,Nippon India Fixed Horizon Fund XXXVII- Series 3,Close Ended Schemes(Income),Regular,False,,,,False,False
143173,Nippon India Fixed Horizon Fund XXXVII- Series 4,Close Ended Schemes(Income),Regular,False,,,,False,False
143174,Nippon India Fixed Horizon Fund XXXVII- Series 4,Close Ended Schemes(Income),Regular,False,,,,False,False
143172,Nippon India Fixed Horizon Fund XXXVII- Series 4,Close Ended Schemes(Income),Regular,False,,,,False,False
143255,Nippon India Fixed Horizon Fund XXXVII- Series 5,Close Ended Schemes(Income),Regular,False,,,,False,False
143254,Nippon India Fixed Horizon Fund XXXVII- Series 5,Close Ended Schemes(Income),Regular,False,,,,False,False
143256,Nippon India Fixed Horizon Fund XXXVII- Series 5,Close Ended Schemes(Income),Regular,False,,,,False,False
143257,Nippon India Fixed Horizon Fund XXXVII- Series 5,Close Ended Schemes(Income),Regular,False,,,,False,False
143273,Nippon India Fixed Horizon Fund XXXVII- Series 6,Close Ended Schemes(Income),Regular,False,,,,False,False
143270,Nippon India Fixed Horizon Fund XXXVII- Series 6,Close Ended Schemes(Income),Regular,False,,,,False,False
143272,Nippon India Fixed Horizon Fund XXXVII- Series 6,Close Ended Schemes(Income),Regular,False,,,,False,False
143271,Nippon India Fixed Horizon Fund XXXVII- Series 6,Close Ended Schemes(Income),Regular,False,,,,False,False
143451,Nippon India Fixed Horizon Fund XXXVII- Series 9,Close Ended Schemes(Income),Regular,False,,,,False,False
143450,Nippon India Fixed Horizon Fund XXXVII- Series 9,Close Ended Schemes(Income),Regular,False,,,,False,False
143453,Nippon India Fixed Horizon Fund XXXVII- Series 9,Close Ended Schemes(Income),Regular,False,,,,False,False
143452,Nippon India Fixed Horizon Fund XXXVII- Series 9,Close Ended Schemes(Income),Regular,False,,,,False,False
143902,Nippon India Fixed Horizon Fund XXXVIII- Series 1,Close Ended Schemes(Income),Regular,False,,,,False,False
143901,Nippon India Fixed Horizon Fund XXXVIII- Series 1,Close Ended Schemes(Income),Regular,False,,,,False,False
143899,Nippon India Fixed Horizon Fund XXXVIII- Series 1,Close Ended Schemes(Income),Regular,False,,,,False,False
144354,Nippon India Fixed Horizon Fund XXXVIII- Series 10,Close Ended Schemes(Income),Regular,False,,,,False,False
144351,Nippon India Fixed Horizon Fund XXXVIII- Series 10,Close Ended Schemes(Income),Regular,False,,,,False,False
144352,Nippon India Fixed Horizon Fund XXXVIII- Series 10,Close Ended Schemes(Income),Regular,False,,,,False,False
144353,Nippon India Fixed Horizon Fund XXXVIII- Series 10,Close Ended Schemes(Income),Regular,False,,,,False,False
144483,Nippon India Fixed Horizon Fund XXXVIII- Series 11,Close Ended Schemes(Income),Regular,False,,,,False,False
144481,Nippon India Fixed Horizon Fund XXXVIII- Series 11,Close Ended Schemes(Income),Regular,False,,,,False,False
144482,Nippon India Fixed Horizon Fund XXXVIII- Series 11,Close Ended Schemes(Income),Regular,False,,,,False,False
144480,Nippon India Fixed Horizon Fund XXXVIII- Series 11,Close Ended Schemes(Income),Regular,False,,,,False,False
144529,Nippon India Fixed Horizon Fund XXXVIII- Series 12,Close Ended Schemes(Income),Regular,False,,,,False,False
144530,Nippon India Fixed Horizon Fund XXXVIII- Series 12,Close Ended Schemes(Income),Regular,False,,,,False,False
144528,Nippon India Fixed Horizon Fund XXXVIII- Series 12,Close Ended Schemes(Income),Regular,False,,,,False,False
144527,Nippon India Fixed Horizon Fund XXXVIII- Series 12,Close Ended Schemes(Income),Regular,False,,,,False,False
144627,Nippon India Fixed Horizon Fund XXXVIII- Series 14,Close Ended Schemes(Income),Regular,False,,,,False,False
144625,Nippon India Fixed Horizon Fund XXXVIII- Series 14,Close Ended Schemes(Income),Regular,False,,,,False,False
144626,Nippon India Fixed Horizon Fund XXXVIII- Series 14,Close Ended Schemes(Income),Regular,False,,,,False,False
144624,Nippon India Fixed Horizon Fund XXXVIII- Series 14,Close Ended Schemes(Income),Regular,False,,,,False,False
143947,Nippon India Fixed Horizon Fund XXXVIII- Series 2,Close Ended Schemes(Income),Regular,False,,,,False,False
143945,Nippon India Fixed Horizon Fund XXXVIII- Series 2,Close Ended Schemes(Income),Regular,False,,,,False,False
143946,Nippon India Fixed Horizon Fund XXXVIII- Series 2,Close Ended Schemes(Income),Regular,False,,,,False,False
143948,Nippon India Fixed Horizon Fund XXXVIII- Series 2,Close Ended Schemes(Income),Regular,False,,,,False,False
143950,Nippon India Fixed Horizon Fund XXXVIII- Series 3,Close Ended Schemes(Income),Regular,False,,,,False,False
143952,Nippon India Fixed Horizon Fund XXXVIII- Series 3,Close Ended Schemes(Income),Regular,False,,,,False,False
143949,Nippon India Fixed Horizon Fund XXXVIII- Series 3,Close Ended Schemes(Income),Regular,False,,,,False,False
143951,Nippon India Fixed Horizon Fund XXXVIII- Series 3,Close Ended Schemes(Income),Regular,False,,,,False,False
144083,Nippon India Fixed Horizon Fund XXXVIII- Series 5,Close Ended Schemes(Income),Regular,False,,,,False,False
144082,Nippon India Fixed Horizon Fund XXXVIII- Series 5,Close Ended Schemes(Income),Regular,False,,,,False,False
144084,Nippon India Fixed Horizon Fund XXXVIII- Series 5,Close Ended Schemes(Income),Regular,False,,,,False,False
144081,Nippon India Fixed Horizon Fund XXXVIII- Series 5,Close Ended Schemes(Income),Regular,False,,,,False,False
144161,Nippon India Fixed Horizon Fund XXXVIII- Series 6,Close Ended Schemes(Income),Regular,False,,,,False,False
144162,Nippon India Fixed Horizon Fund XXXVIII- Series 6,Close Ended Schemes(Income),Regular,False,,,,False,False
144159,Nippon India Fixed Horizon Fund XXXVIII- Series 6,Close Ended Schemes(Income),Regular,False,,,,False,False
144160,Nippon India Fixed Horizon Fund XXXVIII- Series 6,Close Ended Schemes(Income),Regular,False,,,,False,False
144249,Nippon India Fixed Horizon Fund XXXVIII- Series 7,Close Ended Schemes(Income),Regular,False,,,,False,False
144247,Nippon India Fixed Horizon Fund XXXVIII- Series 7,Close Ended Schemes(Income),Regular,False,,,,False,False
144248,Nippon India Fixed Horizon Fund XXXVIII- Series 7,Close Ended Schemes(Income),Regular,False,,,,False,False
144250,Nippon India Fixed Horizon Fund XXXVIII- Series 7,Close Ended Schemes(Income),Regular,False,,,,False,False
149130,Nippon India Fixed Maturity Plan - XLIII - Series 1,Close Ended Schemes(Income),Regular,False,,,,False,False
149131,Nippon India Fixed Maturity Plan - XLIII - Series 1,Close Ended Schemes(Income),Regular,False,,,,False,False
149128,Nippon India Fixed Maturity Plan - XLIII - Series 1,Close Ended Schemes(Income),Regular,False,,,,False,False
149129,Nippon India Fixed Maturity Plan - XLIII - Series 1,Close Ended Schemes(Income),Regular,False,,,,False,False
116671,Reliance Dual Advantage Fixed Tenure Fund - II - Plan A,Close Ended Schemes(Income),Regular,False,,,,False,False
116670,Reliance Dual Advantage Fixed Tenure Fund - II - Plan A,Close Ended Schemes(Income),Regular,False,,,,False,False
116933,Reliance Dual Advantage Fixed Tenure Fund II - Plan B,Close Ended Schemes(Income),Regular,False,,,,False,False
116932,Reliance Dual Advantage Fixed Tenure Fund II - Plan B,Close Ended Schemes(Income),Regular,False,,,,False,False
117222,Reliance Dual Advantage Fixed Tenure Fund II - Plan C,Close Ended Schemes(Income),Regular,False,,,,False,False
117223,Reliance Dual Advantage Fixed Tenure Fund II - Plan C,Close Ended Schemes(Income),Regular,False,,,,False,False
117562,Reliance Dual Advantage Fixed Tenure Fund II - Plan D,Close Ended Schemes(Income),Regular,False,,,,False,False
117561,Reliance Dual Advantage Fixed Tenure Fund II - Plan D,Close Ended Schemes(Income),Regular,False,,,,False,False
117704,Reliance Dual Advantage Fixed Tenure Fund II - Plan E,Close Ended Schemes(Income),Regular,False,,,,False,False
117705,Reliance Dual Advantage Fixed Tenure Fund II - Plan E,Close Ended Schemes(Income),Regular,False,,,,False,False
117340,Reliance Dual Advantage Fixed Tenure Fund II - Plan G,Close Ended Schemes(Income),Regular,False,,,,False,False
117339,Reliance Dual Advantage Fixed Tenure Fund II - Plan G,Close Ended Schemes(Income),Regular,False,,,,False,False
117601,Reliance Dual Advantage Fixed Tenure Fund II - Plan H,Close Ended Schemes(Income),Regular,False,,,,False,False
117600,Reliance Dual Advantage Fixed Tenure Fund II - Plan H,Close Ended Schemes(Income),Regular,False,,,,False,False
121096,Reliance Dual Advantage Fixed Tenure Fund III - Plan A,Close Ended Schemes(Income),Regular,False,,,,False,False
121095,Reliance Dual Advantage Fixed Tenure Fund III - Plan A,Close Ended Schemes(Income),Regular,False,,,,False,False
121098,Reliance Dual Advantage Fixed Tenure Fund III - Plan A,Close Ended Schemes(Income),Regular,False,,,,False,False
121097,Reliance Dual Advantage Fixed Tenure Fund III - Plan A,Close Ended Schemes(Income),Regular,False,,,,False,False
122240,Reliance Dual Advantage Fixed Tenure Fund III - Plan B,Close Ended Schemes(Income),Regular,False,,,,False,False
122238,Reliance Dual Advantage Fixed Tenure Fund III - Plan B,Close Ended Schemes(Income),Regular,False,,,,False,False
122239,Reliance Dual Advantage Fixed Tenure Fund III - Plan B,Close Ended Schemes(Income),Regular,False,,,,False,False
122237,Reliance Dual Advantage Fixed Tenure Fund III - Plan B,Close Ended Schemes(Income),Regular,False,,,,False,False
122510,Reliance Dual Advantage Fixed Tenure Fund III - Plan C,Close Ended Schemes(Income),Regular,False,,,,False,False
122512,Reliance Dual Advantage Fixed Tenure Fund III - Plan C,Close Ended Schemes(Income),Regular,False,,,,False,False
122511,Reliance Dual Advantage Fixed Tenure Fund III - Plan C,Close Ended Schemes(Income),Regular,False,,,,False,False
122509,Reliance Dual Advantage Fixed Tenure Fund III - Plan C,Close Ended Schemes(Income),Regular,False,,,,False,False
122700,Reliance Dual Advantage Fixed Tenure Fund III - Plan D,Close Ended Schemes(Income),Regular,False,,,,False,False
122702,Reliance Dual Advantage Fixed Tenure Fund III - Plan D,Close Ended Schemes(Income),Regular,False,,,,False,False
122699,Reliance Dual Advantage Fixed Tenure Fund III - Plan D,Close Ended Schemes(Income),Regular,False,,,,False,False
122701,Reliance Dual Advantage Fixed Tenure Fund III - Plan D,Close Ended Schemes(Income),Regular,False,,,,False,False
122913,Reliance Dual Advantage Fixed Tenure Fund IV - Plan A,Close Ended Schemes(Income),Regular,False,,,,False,False
122911,Reliance Dual Advantage Fixed Tenure Fund IV - Plan A,Close Ended Schemes(Income),Regular,False,,,,False,False
122912,Reliance Dual Advantage Fixed Tenure Fund IV - Plan A,Close Ended Schemes(Income),Regular,False,,,,False,False
122910,Reliance Dual Advantage Fixed Tenure Fund IV - Plan A,Close Ended Schemes(Income),Regular,False,,,,False,False
123451,Reliance Dual Advantage Fixed Tenure Fund IV - Plan B,Close Ended Schemes(Income),Regular,False,,,,False,False
123453,Reliance Dual Advantage Fixed Tenure Fund IV - Plan B,Close Ended Schemes(Income),Regular,False,,,,False,False
123452,Reliance Dual Advantage Fixed Tenure Fund IV - Plan B,Close Ended Schemes(Income),Regular,False,,,,False,False
124338,Reliance Dual Advantage Fixed Tenure Fund IV - Plan C,Close Ended Schemes(Income),Regular,False,,,,False,False
124339,Reliance Dual Advantage Fixed Tenure Fund IV - Plan C,Close Ended Schemes(Income),Regular,False,,,,False,False
124340,Reliance Dual Advantage Fixed Tenure Fund IV - Plan C,Close Ended Schemes(Income),Regular,False,,,,False,False
124337,Reliance Dual Advantage Fixed Tenure Fund IV - Plan C,Close Ended Schemes(Income),Regular,False,,,,False,False
124831,Reliance Dual Advantage Fixed Tenure Fund IV - Plan D,Close Ended Schemes(Income),Regular,False,,,,False,False
124829,Reliance Dual Advantage Fixed Tenure Fund IV - Plan D,Close Ended Schemes(Income),Regular,False,,,,False,False
124830,Reliance Dual Advantage Fixed Tenure Fund IV - Plan D,Close Ended Schemes(Income),Regular,False,,,,False,False
124828,Reliance Dual Advantage Fixed Tenure Fund IV - Plan D,Close Ended Schemes(Income),Regular,False,,,,False,False
125718,Reliance Dual Advantage Fixed Tenure Fund IV - Plan E,Close Ended Schemes(Income),Regular,False,,,,False,False
125716,Reliance Dual Advantage Fixed Tenure Fund IV - Plan E,Close Ended Schemes(Income),Regular,False,,,,False,False
125717,Reliance Dual Advantage Fixed Tenure Fund IV - Plan E,Close Ended Schemes(Income),Regular,False,,,,False,False
125715,Reliance Dual Advantage Fixed Tenure Fund IV - Plan E,Close Ended Schemes(Income),Regular,False,,,,False,False
136247,Reliance Dual Advantage Fixed Tenure Fund IX- Plan A,Close Ended Schemes(Income),Regular,False,,,,False,False
136249,Reliance Dual Advantage Fixed Tenure Fund IX- Plan A,Close Ended Schemes(Income),Regular,False,,,,False,False
136246,Reliance Dual Advantage Fixed Tenure Fund IX- Plan A,Close Ended Schemes(Income),Regular,False,,,,False,False
136248,Reliance Dual Advantage Fixed Tenure Fund IX- Plan A,Close Ended Schemes(Income),Regular,False,,,,False,False
136522,Reliance Dual Advantage Fixed Tenure Fund IX- Plan B,Close Ended Schemes(Income),Regular,False,,,,False,False
136521,Reliance Dual Advantage Fixed Tenure Fund IX- Plan B,Close Ended Schemes(Income),Regular,False,,,,False,False
136520,Reliance Dual Advantage Fixed Tenure Fund IX- Plan B,Close Ended Schemes(Income),Regular,False,,,,False,False
136519,Reliance Dual Advantage Fixed Tenure Fund IX- Plan B,Close Ended Schemes(Income),Regular,False,,,,False,False
139251,Reliance Dual Advantage Fixed Tenure Fund IX- Plan C,Close Ended Schemes(Income),Regular,False,,,,False,False
139249,Reliance Dual Advantage Fixed Tenure Fund IX- Plan C,Close Ended Schemes(Income),Regular,False,,,,False,False
139252,Reliance Dual Advantage Fixed Tenure Fund IX- Plan C,Close Ended Schemes(Income),Regular,False,,,,False,False
139250,Reliance Dual Advantage Fixed Tenure Fund IX- Plan C,Close Ended Schemes(Income),Regular,False,,,,False,False
126901,Reliance Dual Advantage Fixed Tenure Fund V - Plan A,Close Ended Schemes(Income),Regular,False,,,,False,False
126899,Reliance Dual Advantage Fixed Tenure Fund V - Plan A,Close Ended Schemes(Income),Regular,False,,,,False,False
126900,Reliance Dual Advantage Fixed Tenure Fund V - Plan A,Close Ended Schemes(Income),Regular,False,,,,False,False
126898,Reliance Dual Advantage Fixed Tenure Fund V - Plan A,Close Ended Schemes(Income),Regular,False,,,,False,False
127270,Reliance Dual Advantage Fixed Tenure Fund V - Plan B,Close Ended Schemes(Income),Regular,False,,,,False,False
127269,Reliance Dual Advantage Fixed Tenure Fund V - Plan B,Close Ended Schemes(Income),Regular,False,,,,False,False
127271,Reliance Dual Advantage Fixed Tenure Fund V - Plan B,Close Ended Schemes(Income),Regular,False,,,,False,False
127268,Reliance Dual Advantage Fixed Tenure Fund V - Plan B,Close Ended Schemes(Income),Regular,False,,,,False,False
127523,Reliance Dual Advantage Fixed Tenure Fund V - Plan C,Close Ended Schemes(Income),Regular,False,,,,False,False
127522,Reliance Dual Advantage Fixed Tenure Fund V - Plan C,Close Ended Schemes(Income),Regular,False,,,,False,False
127525,Reliance Dual Advantage Fixed Tenure Fund V - Plan C,Close Ended Schemes(Income),Regular,False,,,,False,False
128178,Reliance Dual Advantage Fixed Tenure Fund V - Plan E,Close Ended Schemes(Income),Regular,False,,,,False,False
128176,Reliance Dual Advantage Fixed Tenure Fund V - Plan E,Close Ended Schemes(Income),Regular,False,,,,False,False
128177,Reliance Dual Advantage Fixed Tenure Fund V - Plan E,Close Ended Schemes(Income),Regular,False,,,,False,False
128175,Reliance Dual Advantage Fixed Tenure Fund V - Plan E,Close Ended Schemes(Income),Regular,False,,,,False,False
128691,Reliance Dual Advantage Fixed Tenure Fund V - Plan F,Close Ended Schemes(Income),Regular,False,,,,False,False
128690,Reliance Dual Advantage Fixed Tenure Fund V - Plan F,Close Ended Schemes(Income),Regular,False,,,,False,False
128692,Reliance Dual Advantage Fixed Tenure Fund V - Plan F,Close Ended Schemes(Income),Regular,False,,,,False,False
128689,Reliance Dual Advantage Fixed Tenure Fund V - Plan F,Close Ended Schemes(Income),Regular,False,,,,False,False
128987,Reliance Dual Advantage Fixed Tenure Fund V- Plan G,Close Ended Schemes(Income),Regular,False,,,,False,False
128986,Reliance Dual Advantage Fixed Tenure Fund V- Plan G,Close Ended Schemes(Income),Regular,False,,,,False,False
128985,Reliance Dual Advantage Fixed Tenure Fund V- Plan G,Close Ended Schemes(Income),Regular,False,,,,False,False
128984,Reliance Dual Advantage Fixed Tenure Fund V- Plan G,Close Ended Schemes(Income),Regular,False,,,,False,False
129734,Reliance Dual Advantage Fixed Tenure Fund V- Plan H,Close Ended Schemes(Income),Regular,False,,,,False,False
129733,Reliance Dual Advantage Fixed Tenure Fund V- Plan H,Close Ended Schemes(Income),Regular,False,,,,False,False
129736,Reliance Dual Advantage Fixed Tenure Fund V- Plan H,Close Ended Schemes(Income),Regular,False,,,,False,False
129735,Reliance Dual Advantage Fixed Tenure Fund V- Plan H,Close Ended Schemes(Income),Regular,False,,,,False,False
130629,Reliance Dual Advantage Fixed Tenure Fund VI- Plan A,Close Ended Schemes(Income),Regular,False,,,,False,False
130631,Reliance Dual Advantage Fixed Tenure Fund VI- Plan A,Close Ended Schemes(Income),Regular,False,,,,False,False
130630,Reliance Dual Advantage Fixed Tenure Fund VI- Plan A,Close Ended Schemes(Income),Regular,False,,,,False,False
130632,Reliance Dual Advantage Fixed Tenure Fund VI- Plan A,Close Ended Schemes(Income),Regular,False,,,,False,False
130885,Reliance Dual Advantage Fixed Tenure Fund VI- Plan B,Close Ended Schemes(Income),Regular,False,,,,False,False
130884,Reliance Dual Advantage Fixed Tenure Fund VI- Plan B,Close Ended Schemes(Income),Regular,False,,,,False,False
130883,Reliance Dual Advantage Fixed Tenure Fund VI- Plan B,Close Ended Schemes(Income),Regular,False,,,,False,False
130882,Reliance Dual Advantage Fixed Tenure Fund VI- Plan B,Close Ended Schemes(Income),Regular,False,,,,False,False
131307,Reliance Dual Advantage Fixed Tenure Fund VI- Plan C,Close Ended Schemes(Income),Regular,False,,,,False,False
131308,Reliance Dual Advantage Fixed Tenure Fund VI- Plan C,Close Ended Schemes(Income),Regular,False,,,,False,False
131306,Reliance Dual Advantage Fixed Tenure Fund VI- Plan C,Close Ended Schemes(Income),Regular,False,,,,False,False
131305,Reliance Dual Advantage Fixed Tenure Fund VI- Plan C,Close Ended Schemes(Income),Regular,False,,,,False,False
131342,Reliance Dual Advantage Fixed Tenure Fund VI- Plan D,Close Ended Schemes(Income),Regular,False,,,,False,False
131345,Reliance Dual Advantage Fixed Tenure Fund VI- Plan D,Close Ended Schemes(Income),Regular,False,,,,False,False
131343,Reliance Dual Advantage Fixed Tenure Fund VI- Plan D,Close Ended Schemes(Income),Regular,False,,,,False,False
131344,Reliance Dual Advantage Fixed Tenure Fund VI- Plan D,Close Ended Schemes(Income),Regular,False,,,,False,False
131462,Reliance Dual Advantage Fixed Tenure Fund VI- Plan E,Close Ended Schemes(Income),Regular,False,,,,False,False
131464,Reliance Dual Advantage Fixed Tenure Fund VI- Plan E,Close Ended Schemes(Income),Regular,False,,,,False,False
131463,Reliance Dual Advantage Fixed Tenure Fund VI- Plan E,Close Ended Schemes(Income),Regular,False,,,,False,False
132764,Reliance Dual Advantage Fixed Tenure Fund VI- Plan F,Close Ended Schemes(Income),Regular,False,,,,False,False
132763,Reliance Dual Advantage Fixed Tenure Fund VI- Plan F,Close Ended Schemes(Income),Regular,False,,,,False,False
132765,Reliance Dual Advantage Fixed Tenure Fund VI- Plan F,Close Ended Schemes(Income),Regular,False,,,,False,False
132762,Reliance Dual Advantage Fixed Tenure Fund VI- Plan F,Close Ended Schemes(Income),Regular,False,,,,False,False
133304,Reliance Dual Advantage Fixed Tenure Fund VII - Plan B,Close Ended Schemes(Income),Regular,False,,,,False,False
133305,Reliance Dual Advantage Fixed Tenure Fund VII - Plan B,Close Ended Schemes(Income),Regular,False,,,,False,False
133306,Reliance Dual Advantage Fixed Tenure Fund VII - Plan B,Close Ended Schemes(Income),Regular,False,,,,False,False
133303,Reliance Dual Advantage Fixed Tenure Fund VII - Plan B,Close Ended Schemes(Income),Regular,False,,,,False,False
133047,Reliance Dual Advantage Fixed Tenure Fund VII- Plan A,Close Ended Schemes(Income),Regular,False,,,,False,False
133046,Reliance Dual Advantage Fixed Tenure Fund VII- Plan A,Close Ended Schemes(Income),Regular,False,,,,False,False
133048,Reliance Dual Advantage Fixed Tenure Fund VII- Plan A,Close Ended Schemes(Income),Regular,False,,,,False,False
133045,Reliance Dual Advantage Fixed Tenure Fund VII- Plan A,Close Ended Schemes(Income),Regular,False,,,,False,False
133533,Reliance Dual Advantage Fixed Tenure Fund VII- Plan C,Close Ended Schemes(Income),Regular,False,,,,False,False
133532,Reliance Dual Advantage Fixed Tenure Fund VII- Plan C,Close Ended Schemes(Income),Regular,False,,,,False,False
133530,Reliance Dual Advantage Fixed Tenure Fund VII- Plan C,Close Ended Schemes(Income),Regular,False,,,,False,False
133531,Reliance Dual Advantage Fixed Tenure Fund VII- Plan C,Close Ended Schemes(Income),Regular,False,,,,False,False
133986,Reliance Dual Advantage Fixed Tenure Fund VII- Plan D,Close Ended Schemes(Income),Regular,False,,,,False,False
133987,Reliance Dual Advantage Fixed Tenure Fund VII- Plan D,Close Ended Schemes(Income),Regular,False,,,,False,False
133985,Reliance Dual Advantage Fixed Tenure Fund VII- Plan D,Close Ended Schemes(Income),Regular,False,,,,False,False
133984,Reliance Dual Advantage Fixed Tenure Fund VII- Plan D,Close Ended Schemes(Income),Regular,False,,,,False,False
134412,Reliance Dual Advantage Fixed Tenure Fund VII- Plan E,Close Ended Schemes(Income),Regular,False,,,,False,False
134410,Reliance Dual Advantage Fixed Tenure Fund VII- Plan E,Close Ended Schemes(Income),Regular,False,,,,False,False
134411,Reliance Dual Advantage Fixed Tenure Fund VII- Plan E,Close Ended Schemes(Income),Regular,False,,,,False,False
134409,Reliance Dual Advantage Fixed Tenure Fund VII- Plan E,Close Ended Schemes(Income),Regular,False,,,,False,False
135086,Reliance Dual Advantage Fixed Tenure Fund VIII- Plan A,Close Ended Schemes(Income),Regular,False,,,,False,False
135084,Reliance Dual Advantage Fixed Tenure Fund VIII- Plan A,Close Ended Schemes(Income),Regular,False,,,,False,False
135085,Reliance Dual Advantage Fixed Tenure Fund VIII- Plan A,Close Ended Schemes(Income),Regular,False,,,,False,False
135087,Reliance Dual Advantage Fixed Tenure Fund VIII- Plan A,Close Ended Schemes(Income),Regular,False,,,,False,False
135231,Reliance Dual Advantage Fixed Tenure Fund VIII- Plan B,Close Ended Schemes(Income),Regular,False,,,,False,False
135230,Reliance Dual Advantage Fixed Tenure Fund VIII- Plan B,Close Ended Schemes(Income),Regular,False,,,,False,False
135229,Reliance Dual Advantage Fixed Tenure Fund VIII- Plan B,Close Ended Schemes(Income),Regular,False,,,,False,False
135228,Reliance Dual Advantage Fixed Tenure Fund VIII- Plan B,Close Ended Schemes(Income),Regular,False,,,,False,False
135435,Reliance Dual Advantage Fixed Tenure Fund VIII- Plan C,Close Ended Schemes(Income),Regular,False,,,,False,False
135434,Reliance Dual Advantage Fixed Tenure Fund VIII- Plan C,Close Ended Schemes(Income),Regular,False,,,,False,False
135433,Reliance Dual Advantage Fixed Tenure Fund VIII- Plan C,Close Ended Schemes(Income),Regular,False,,,,False,False
135432,Reliance Dual Advantage Fixed Tenure Fund VIII- Plan C,Close Ended Schemes(Income),Regular,False,,,,False,False
146735,Reliance Fixed Horizon Fund - XLI - Series 2,Close Ended Schemes(Income),Regular,False,,,,False,False
146738,Reliance Fixed Horizon Fund - XLI - Series 2,Close Ended Schemes(Income),Regular,False,,,,False,False
146736,Reliance Fixed Horizon Fund - XLI - Series 2,Close Ended Schemes(Income),Regular,False,,,,False,False
146737,Reliance Fixed Horizon Fund - XLI - Series 2,Close Ended Schemes(Income),Regular,False,,,,False,False
117779,Reliance Fixed Horizon Fund - XXII - Series 21,Close Ended Schemes(Income),Regular,False,,,,False,False
117778,Reliance Fixed Horizon Fund - XXII - Series 21,Close Ended Schemes(Income),Regular,False,,,,False,False
117795,Reliance Fixed Horizon Fund - XXII - Series 22,Close Ended Schemes(Income),Regular,False,,,,False,False
117794,Reliance Fixed Horizon Fund - XXII - Series 22,Close Ended Schemes(Income),Regular,False,,,,False,False
117797,Reliance Fixed Horizon Fund - XXII - Series 23,Close Ended Schemes(Income),Regular,False,,,,False,False
117796,Reliance Fixed Horizon Fund - XXII - Series 23,Close Ended Schemes(Income),Regular,False,,,,False,False
117813,Reliance Fixed Horizon Fund - XXII - Series 24,Close Ended Schemes(Income),Regular,False,,,,False,False
117814,Reliance Fixed Horizon Fund - XXII - Series 24,Close Ended Schemes(Income),Regular,False,,,,False,False
117849,Reliance Fixed Horizon Fund - XXII - Series 26,Close Ended Schemes(Income),Regular,False,,,,False,False
117848,Reliance Fixed Horizon Fund - XXII - Series 26,Close Ended Schemes(Income),Regular,False,,,,False,False
117967,Reliance Fixed Horizon Fund - XXII - Series 29,Close Ended Schemes(Income),Regular,False,,,,False,False
117966,Reliance Fixed Horizon Fund - XXII - Series 29,Close Ended Schemes(Income),Regular,False,,,,False,False
117976,Reliance Fixed Horizon Fund - XXII - Series 30,Close Ended Schemes(Income),Regular,False,,,,False,False
117975,Reliance Fixed Horizon Fund - XXII - Series 30,Close Ended Schemes(Income),Regular,False,,,,False,False
118223,Reliance Fixed Horizon Fund - XXII - Series 34,Close Ended Schemes(Income),Regular,False,,,,False,False
118222,Reliance Fixed Horizon Fund - XXII - Series 34,Close Ended Schemes(Income),Regular,False,,,,False,False
122458,Reliance Fixed Horizon Fund - XXIII - Series 11,Close Ended Schemes(Income),Regular,False,,,,False,False
122455,Reliance Fixed Horizon Fund - XXIII - Series 11,Close Ended Schemes(Income),Regular,False,,,,False,False
122457,Reliance Fixed Horizon Fund - XXIII - Series 11,Close Ended Schemes(Income),Regular,False,,,,False,False
122615,Reliance Fixed Horizon Fund - XXIII - Series 12,Close Ended Schemes(Income),Regular,False,,,,False,False
122617,Reliance Fixed Horizon Fund - XXIII - Series 12,Close Ended Schemes(Income),Regular,False,,,,False,False
122614,Reliance Fixed Horizon Fund - XXIII - Series 12,Close Ended Schemes(Income),Regular,False,,,,False,False
121757,Reliance Fixed Horizon Fund - XXIII - Series 8,Close Ended Schemes(Income),Regular,False,,,,False,False
121755,Reliance Fixed Horizon Fund - XXIII - Series 8,Close Ended Schemes(Income),Regular,False,,,,False,False
121756,Reliance Fixed Horizon Fund - XXIII - Series 8,Close Ended Schemes(Income),Regular,False,,,,False,False
121758,Reliance Fixed Horizon Fund - XXIII - Series 8,Close Ended Schemes(Income),Regular,False,,,,False,False
123456,Reliance Fixed Horizon Fund - XXIV - Series 10,Close Ended Schemes(Income),Regular,False,,,,False,False
123457,Reliance Fixed Horizon Fund - XXIV - Series 10,Close Ended Schemes(Income),Regular,False,,,,False,False
123455,Reliance Fixed Horizon Fund - XXIV - Series 10,Close Ended Schemes(Income),Regular,False,,,,False,False
123454,Reliance Fixed Horizon Fund - XXIV - Series 10,Close Ended Schemes(Income),Regular,False,,,,False,False
123459,Reliance Fixed Horizon Fund - XXIV - Series 11,Close Ended Schemes(Income),Regular,False,,,,False,False
123458,Reliance Fixed Horizon Fund - XXIV - Series 11,Close Ended Schemes(Income),Regular,False,,,,False,False
123569,Reliance Fixed Horizon Fund - XXIV - Series 13,Close Ended Schemes(Income),Regular,False,,,,False,False
123568,Reliance Fixed Horizon Fund - XXIV - Series 13,Close Ended Schemes(Income),Regular,False,,,,False,False
123567,Reliance Fixed Horizon Fund - XXIV - Series 13,Close Ended Schemes(Income),Regular,False,,,,False,False
123742,Reliance Fixed Horizon Fund - XXIV - Series 15,Close Ended Schemes(Income),Regular,False,,,,False,False
123741,Reliance Fixed Horizon Fund - XXIV - Series 15,Close Ended Schemes(Income),Regular,False,,,,False,False
123740,Reliance Fixed Horizon Fund - XXIV - Series 15,Close Ended Schemes(Income),Regular,False,,,,False,False
123982,Reliance Fixed Horizon Fund - XXIV - Series 16,Close Ended Schemes(Income),Regular,False,,,,False,False
123985,Reliance Fixed Horizon Fund - XXIV - Series 16,Close Ended Schemes(Income),Regular,False,,,,False,False
124097,Reliance Fixed Horizon Fund - XXIV - Series 17,Close Ended Schemes(Income),Regular,False,,,,False,False
124099,Reliance Fixed Horizon Fund - XXIV - Series 17,Close Ended Schemes(Income),Regular,False,,,,False,False
124098,Reliance Fixed Horizon Fund - XXIV - Series 17,Close Ended Schemes(Income),Regular,False,,,,False,False
124096,Reliance Fixed Horizon Fund - XXIV - Series 17,Close Ended Schemes(Income),Regular,False,,,,False,False
124213,Reliance Fixed Horizon Fund - XXIV - Series 18,Close Ended Schemes(Income),Regular,False,,,,False,False
124211,Reliance Fixed Horizon Fund - XXIV - Series 18,Close Ended Schemes(Income),Regular,False,,,,False,False
124210,Reliance Fixed Horizon Fund - XXIV - Series 18,Close Ended Schemes(Income),Regular,False,,,,False,False
122903,Reliance Fixed Horizon Fund - XXIV - Series 2,Close Ended Schemes(Income),Regular,False,,,,False,False
122902,Reliance Fixed Horizon Fund - XXIV - Series 2,Close Ended Schemes(Income),Regular,False,,,,False,False
122901,Reliance Fixed Horizon Fund - XXIV - Series 2,Close Ended Schemes(Income),Regular,False,,,,False,False
122900,Reliance Fixed Horizon Fund - XXIV - Series 2,Close Ended Schemes(Income),Regular,False,,,,False,False
124250,Reliance Fixed Horizon Fund - XXIV - Series 20,Close Ended Schemes(Income),Regular,False,,,,False,False
124249,Reliance Fixed Horizon Fund - XXIV - Series 20,Close Ended Schemes(Income),Regular,False,,,,False,False
124252,Reliance Fixed Horizon Fund - XXIV - Series 20,Close Ended Schemes(Income),Regular,False,,,,False,False
124251,Reliance Fixed Horizon Fund - XXIV - Series 20,Close Ended Schemes(Income),Regular,False,,,,False,False
124708,Reliance Fixed Horizon Fund - XXIV - Series 22,Close Ended Schemes(Income),Regular,False,,,,False,False
124707,Reliance Fixed Horizon Fund - XXIV - Series 22,Close Ended Schemes(Income),Regular,False,,,,False,False
124709,Reliance Fixed Horizon Fund - XXIV - Series 22,Close Ended Schemes(Income),Regular,False,,,,False,False
124706,Reliance Fixed Horizon Fund - XXIV - Series 22,Close Ended Schemes(Income),Regular,False,,,,False,False
125153,Reliance Fixed Horizon Fund - XXIV - Series 24,Close Ended Schemes(Income),Regular,False,,,,False,False
125152,Reliance Fixed Horizon Fund - XXIV - Series 24,Close Ended Schemes(Income),Regular,False,,,,False,False
125151,Reliance Fixed Horizon Fund - XXIV - Series 24,Close Ended Schemes(Income),Regular,False,,,,False,False
125150,Reliance Fixed Horizon Fund - XXIV - Series 24,Close Ended Schemes(Income),Regular,False,,,,False,False
125195,Reliance Fixed Horizon Fund - XXIV - Series 25,Close Ended Schemes(Income),Regular,False,,,,False,False
125194,Reliance Fixed Horizon Fund - XXIV - Series 25,Close Ended Schemes(Income),Regular,False,,,,False,False
125193,Reliance Fixed Horizon Fund - XXIV - Series 25,Close Ended Schemes(Income),Regular,False,,,,False,False
125192,Reliance Fixed Horizon Fund - XXIV - Series 25,Close Ended Schemes(Income),Regular,False,,,,False,False
123054,Reliance Fixed Horizon Fund - XXIV - Series 3,Close Ended Schemes(Income),Regular,False,,,,False,False
123051,Reliance Fixed Horizon Fund - XXIV - Series 3,Close Ended Schemes(Income),Regular,False,,,,False,False
123053,Reliance Fixed Horizon Fund - XXIV - Series 3,Close Ended Schemes(Income),Regular,False,,,,False,False
123052,Reliance Fixed Horizon Fund - XXIV - Series 3,Close Ended Schemes(Income),Regular,False,,,,False,False
123073,Reliance Fixed Horizon Fund - XXIV - Series 4,Close Ended Schemes(Income),Regular,False,,,,False,False
123072,Reliance Fixed Horizon Fund - XXIV - Series 4,Close Ended Schemes(Income),Regular,False,,,,False,False
123071,Reliance Fixed Horizon Fund - XXIV - Series 4,Close Ended Schemes(Income),Regular,False,,,,False,False
123070,Reliance Fixed Horizon Fund - XXIV - Series 4,Close Ended Schemes(Income),Regular,False,,,,False,False
123153,Reliance Fixed Horizon Fund - XXIV - Series 5,Close Ended Schemes(Income),Regular,False,,,,False,False
123151,Reliance Fixed Horizon Fund - XXIV - Series 5,Close Ended Schemes(Income),Regular,False,,,,False,False
123152,Reliance Fixed Horizon Fund - XXIV - Series 5,Close Ended Schemes(Income),Regular,False,,,,False,False
123150,Reliance Fixed Horizon Fund - XXIV - Series 5,Close Ended Schemes(Income),Regular,False,,,,False,False
123207,Reliance Fixed Horizon Fund - XXIV - Series 6,Close Ended Schemes(Income),Regular,False,,,,False,False
123205,Reliance Fixed Horizon Fund - XXIV - Series 6,Close Ended Schemes(Income),Regular,False,,,,False,False
123206,Reliance Fixed Horizon Fund - XXIV - Series 6,Close Ended Schemes(Income),Regular,False,,,,False,False
123208,Reliance Fixed Horizon Fund - XXIV - Series 6,Close Ended Schemes(Income),Regular,False,,,,False,False
123212,Reliance Fixed Horizon Fund - XXIV - Series 7,Close Ended Schemes(Income),Regular,False,,,,False,False
123211,Reliance Fixed Horizon Fund - XXIV - Series 7,Close Ended Schemes(Income),Regular,False,,,,False,False
123214,Reliance Fixed Horizon Fund - XXIV - Series 7,Close Ended Schemes(Income),Regular,False,,,,False,False
123213,Reliance Fixed Horizon Fund - XXIV - Series 7,Close Ended Schemes(Income),Regular,False,,,,False,False
123344,Reliance Fixed Horizon Fund - XXIV - Series 8,Close Ended Schemes(Income),Regular,False,,,,False,False
123342,Reliance Fixed Horizon Fund - XXIV - Series 8,Close Ended Schemes(Income),Regular,False,,,,False,False
123341,Reliance Fixed Horizon Fund - XXIV - Series 8,Close Ended Schemes(Income),Regular,False,,,,False,False
123374,Reliance Fixed Horizon Fund - XXIV - Series 9,Close Ended Schemes(Income),Regular,False,,,,False,False
123373,Reliance Fixed Horizon Fund - XXIV - Series 9,Close Ended Schemes(Income),Regular,False,,,,False,False
123372,Reliance Fixed Horizon Fund - XXIV - Series 9,Close Ended Schemes(Income),Regular,False,,,,False,False
125258,Reliance Fixed Horizon Fund - XXV - Series 1,Close Ended Schemes(Income),Regular,False,,,,False,False
125257,Reliance Fixed Horizon Fund - XXV - Series 1,Close Ended Schemes(Income),Regular,False,,,,False,False
125256,Reliance Fixed Horizon Fund - XXV - Series 1,Close Ended Schemes(Income),Regular,False,,,,False,False
125255,Reliance Fixed Horizon Fund - XXV - Series 1,Close Ended Schemes(Income),Regular,False,,,,False,False
125934,Reliance Fixed Horizon Fund - XXV - Series 11,Close Ended Schemes(Income),Regular,False,,,,False,False
125933,Reliance Fixed Horizon Fund - XXV - Series 11,Close Ended Schemes(Income),Regular,False,,,,False,False
125957,Reliance Fixed Horizon Fund - XXV - Series 12,Close Ended Schemes(Income),Regular,False,,,,False,False
125956,Reliance Fixed Horizon Fund - XXV - Series 12,Close Ended Schemes(Income),Regular,False,,,,False,False
125954,Reliance Fixed Horizon Fund - XXV - Series 12,Close Ended Schemes(Income),Regular,False,,,,False,False
126256,Reliance Fixed Horizon Fund - XXV - Series 13,Close Ended Schemes(Income),Regular,False,,,,False,False
126255,Reliance Fixed Horizon Fund - XXV - Series 13,Close Ended Schemes(Income),Regular,False,,,,False,False
126254,Reliance Fixed Horizon Fund - XXV - Series 13,Close Ended Schemes(Income),Regular,False,,,,False,False
126372,Reliance Fixed Horizon Fund - XXV - Series 14,Close Ended Schemes(Income),Regular,False,,,,False,False
126371,Reliance Fixed Horizon Fund - XXV - Series 14,Close Ended Schemes(Income),Regular,False,,,,False,False
126486,Reliance Fixed Horizon Fund - XXV - Series 16,Close Ended Schemes(Income),Regular,False,,,,False,False
126485,Reliance Fixed Horizon Fund - XXV - Series 16,Close Ended Schemes(Income),Regular,False,,,,False,False
126483,Reliance Fixed Horizon Fund - XXV - Series 16,Close Ended Schemes(Income),Regular,False,,,,False,False
126484,Reliance Fixed Horizon Fund - XXV - Series 16,Close Ended Schemes(Income),Regular,False,,,,False,False
126703,Reliance Fixed Horizon Fund - XXV - Series 17,Close Ended Schemes(Income),Regular,False,,,,False,False
126702,Reliance Fixed Horizon Fund - XXV - Series 17,Close Ended Schemes(Income),Regular,False,,,,False,False
126701,Reliance Fixed Horizon Fund - XXV - Series 17,Close Ended Schemes(Income),Regular,False,,,,False,False
126891,Reliance Fixed Horizon Fund - XXV - Series 18,Close Ended Schemes(Income),Regular,False,,,,False,False
126889,Reliance Fixed Horizon Fund - XXV - Series 18,Close Ended Schemes(Income),Regular,False,,,,False,False
126932,Reliance Fixed Horizon Fund - XXV - Series 19,Close Ended Schemes(Income),Regular,False,,,,False,False
126934,Reliance Fixed Horizon Fund - XXV - Series 19,Close Ended Schemes(Income),Regular,False,,,,False,False
126931,Reliance Fixed Horizon Fund - XXV - Series 19,Close Ended Schemes(Income),Regular,False,,,,False,False
125310,Reliance Fixed Horizon Fund - XXV - Series 2,Close Ended Schemes(Income),Regular,False,,,,False,False
125309,Reliance Fixed Horizon Fund - XXV - Series 2,Close Ended Schemes(Income),Regular,False,,,,False,False
125312,Reliance Fixed Horizon Fund - XXV - Series 2,Close Ended Schemes(Income),Regular,False,,,,False,False
125311,Reliance Fixed Horizon Fund - XXV - Series 2,Close Ended Schemes(Income),Regular,False,,,,False,False
126975,Reliance Fixed Horizon Fund - XXV - Series 20,Close Ended Schemes(Income),Regular,False,,,,False,False
126977,Reliance Fixed Horizon Fund - XXV - Series 20,Close Ended Schemes(Income),Regular,False,,,,False,False
126978,Reliance Fixed Horizon Fund - XXV - Series 20,Close Ended Schemes(Income),Regular,False,,,,False,False
126976,Reliance Fixed Horizon Fund - XXV - Series 20,Close Ended Schemes(Income),Regular,False,,,,False,False
127069,Reliance Fixed Horizon Fund - XXV - Series 21,Close Ended Schemes(Income),Regular,False,,,,False,False
127067,Reliance Fixed Horizon Fund - XXV - Series 21,Close Ended Schemes(Income),Regular,False,,,,False,False
127068,Reliance Fixed Horizon Fund - XXV - Series 21,Close Ended Schemes(Income),Regular,False,,,,False,False
127066,Reliance Fixed Horizon Fund - XXV - Series 21,Close Ended Schemes(Income),Regular,False,,,,False,False
127081,Reliance Fixed Horizon Fund - XXV - Series 22,Close Ended Schemes(Income),Regular,False,,,,False,False
127083,Reliance Fixed Horizon Fund - XXV - Series 22,Close Ended Schemes(Income),Regular,False,,,,False,False
127082,Reliance Fixed Horizon Fund - XXV - Series 22,Close Ended Schemes(Income),Regular,False,,,,False,False
127080,Reliance Fixed Horizon Fund - XXV - Series 22,Close Ended Schemes(Income),Regular,False,,,,False,False
127242,Reliance Fixed Horizon Fund - XXV - Series 23,Close Ended Schemes(Income),Regular,False,,,,False,False
127240,Reliance Fixed Horizon Fund - XXV - Series 23,Close Ended Schemes(Income),Regular,False,,,,False,False
127241,Reliance Fixed Horizon Fund - XXV - Series 23,Close Ended Schemes(Income),Regular,False,,,,False,False
127239,Reliance Fixed Horizon Fund - XXV - Series 23,Close Ended Schemes(Income),Regular,False,,,,False,False
127264,Reliance Fixed Horizon Fund - XXV - Series 24,Close Ended Schemes(Income),Regular,False,,,,False,False
127266,Reliance Fixed Horizon Fund - XXV - Series 24,Close Ended Schemes(Income),Regular,False,,,,False,False
127360,Reliance Fixed Horizon Fund - XXV - Series 25,Close Ended Schemes(Income),Regular,False,,,,False,False
127362,Reliance Fixed Horizon Fund - XXV - Series 25,Close Ended Schemes(Income),Regular,False,,,,False,False
127361,Reliance Fixed Horizon Fund - XXV - Series 25,Close Ended Schemes(Income),Regular,False,,,,False,False
127359,Reliance Fixed Horizon Fund - XXV - Series 25,Close Ended Schemes(Income),Regular,False,,,,False,False
127538,Reliance Fixed Horizon Fund - XXV - Series 26,Close Ended Schemes(Income),Regular,False,,,,False,False
127537,Reliance Fixed Horizon Fund - XXV - Series 26,Close Ended Schemes(Income),Regular,False,,,,False,False
127542,Reliance Fixed Horizon Fund - XXV - Series 27,Close Ended Schemes(Income),Regular,False,,,,False,False
127541,Reliance Fixed Horizon Fund - XXV - Series 27,Close Ended Schemes(Income),Regular,False,,,,False,False
127543,Reliance Fixed Horizon Fund - XXV - Series 27,Close Ended Schemes(Income),Regular,False,,,,False,False
127540,Reliance Fixed Horizon Fund - XXV - Series 27,Close Ended Schemes(Income),Regular,False,,,,False,False
127545,Reliance Fixed Horizon Fund - XXV - Series 28,Close Ended Schemes(Income),Regular,False,,,,False,False
127547,Reliance Fixed Horizon Fund - XXV - Series 28,Close Ended Schemes(Income),Regular,False,,,,False,False
127544,Reliance Fixed Horizon Fund - XXV - Series 28,Close Ended Schemes(Income),Regular,False,,,,False,False
127546,Reliance Fixed Horizon Fund - XXV - Series 28,Close Ended Schemes(Income),Regular,False,,,,False,False
125359,Reliance Fixed Horizon Fund - XXV - Series 3,Close Ended Schemes(Income),Regular,False,,,,False,False
125358,Reliance Fixed Horizon Fund - XXV - Series 3,Close Ended Schemes(Income),Regular,False,,,,False,False
125357,Reliance Fixed Horizon Fund - XXV - Series 3,Close Ended Schemes(Income),Regular,False,,,,False,False
125356,Reliance Fixed Horizon Fund - XXV - Series 3,Close Ended Schemes(Income),Regular,False,,,,False,False
127734,Reliance Fixed Horizon Fund - XXV - Series 30,Close Ended Schemes(Income),Regular,False,,,,False,False
127735,Reliance Fixed Horizon Fund - XXV - Series 30,Close Ended Schemes(Income),Regular,False,,,,False,False
127733,Reliance Fixed Horizon Fund - XXV - Series 30,Close Ended Schemes(Income),Regular,False,,,,False,False
127732,Reliance Fixed Horizon Fund - XXV - Series 30,Close Ended Schemes(Income),Regular,False,,,,False,False
127844,Reliance Fixed Horizon Fund - XXV - Series 31,Close Ended Schemes(Income),Regular,False,,,,False,False
127841,Reliance Fixed Horizon Fund - XXV - Series 31,Close Ended Schemes(Income),Regular,False,,,,False,False
127843,Reliance Fixed Horizon Fund - XXV - Series 31,Close Ended Schemes(Income),Regular,False,,,,False,False
128181,Reliance Fixed Horizon Fund - XXV - Series 32,Close Ended Schemes(Income),Regular,False,,,,False,False
128180,Reliance Fixed Horizon Fund - XXV - Series 32,Close Ended Schemes(Income),Regular,False,,,,False,False
128185,Reliance Fixed Horizon Fund - XXV - Series 33,Close Ended Schemes(Income),Regular,False,,,,False,False
128184,Reliance Fixed Horizon Fund - XXV - Series 33,Close Ended Schemes(Income),Regular,False,,,,False,False
128183,Reliance Fixed Horizon Fund - XXV - Series 33,Close Ended Schemes(Income),Regular,False,,,,False,False
128199,Reliance Fixed Horizon Fund - XXV - Series 34,Close Ended Schemes(Income),Regular,False,,,,False,False
128198,Reliance Fixed Horizon Fund - XXV - Series 34,Close Ended Schemes(Income),Regular,False,,,,False,False
128320,Reliance Fixed Horizon Fund - XXV - Series 35,Close Ended Schemes(Income),Regular,False,,,,False,False
128318,Reliance Fixed Horizon Fund - XXV - Series 35,Close Ended Schemes(Income),Regular,False,,,,False,False
128317,Reliance Fixed Horizon Fund - XXV - Series 35,Close Ended Schemes(Income),Regular,False,,,,False,False
128319,Reliance Fixed Horizon Fund - XXV - Series 35,Close Ended Schemes(Income),Regular,False,,,,False,False
125392,Reliance Fixed Horizon Fund - XXV - Series 4,Close Ended Schemes(Income),Regular,False,,,,False,False
125390,Reliance Fixed Horizon Fund - XXV - Series 4,Close Ended Schemes(Income),Regular,False,,,,False,False
125393,Reliance Fixed Horizon Fund - XXV - Series 4,Close Ended Schemes(Income),Regular,False,,,,False,False
125530,Reliance Fixed Horizon Fund - XXV - Series 6,Close Ended Schemes(Income),Regular,False,,,,False,False
125528,Reliance Fixed Horizon Fund - XXV - Series 6,Close Ended Schemes(Income),Regular,False,,,,False,False
125529,Reliance Fixed Horizon Fund - XXV - Series 6,Close Ended Schemes(Income),Regular,False,,,,False,False
125527,Reliance Fixed Horizon Fund - XXV - Series 6,Close Ended Schemes(Income),Regular,False,,,,False,False
127913,Reliance Fixed Horizon Fund - XXVI - Series 1,Close Ended Schemes(Income),Regular,False,,,,False,False
127911,Reliance Fixed Horizon Fund - XXVI - Series 1,Close Ended Schemes(Income),Regular,False,,,,False,False
127912,Reliance Fixed Horizon Fund - XXVI - Series 1,Close Ended Schemes(Income),Regular,False,,,,False,False
127910,Reliance Fixed Horizon Fund - XXVI - Series 1,Close Ended Schemes(Income),Regular,False,,,,False,False
129115,Reliance Fixed Horizon Fund - XXVI - Series 14,Close Ended Schemes(Income),Regular,False,,,,False,False
129114,Reliance Fixed Horizon Fund - XXVI - Series 14,Close Ended Schemes(Income),Regular,False,,,,False,False
129116,Reliance Fixed Horizon Fund - XXVI - Series 14,Close Ended Schemes(Income),Regular,False,,,,False,False
129113,Reliance Fixed Horizon Fund - XXVI - Series 14,Close Ended Schemes(Income),Regular,False,,,,False,False
129291,Reliance Fixed Horizon Fund - XXVI - Series 17,Close Ended Schemes(Income),Regular,False,,,,False,False
129290,Reliance Fixed Horizon Fund - XXVI - Series 17,Close Ended Schemes(Income),Regular,False,,,,False,False
129289,Reliance Fixed Horizon Fund - XXVI - Series 17,Close Ended Schemes(Income),Regular,False,,,,False,False
129293,Reliance Fixed Horizon Fund - XXVI - Series 18,Close Ended Schemes(Income),Regular,False,,,,False,False
129296,Reliance Fixed Horizon Fund - XXVI - Series 18,Close Ended Schemes(Income),Regular,False,,,,False,False
129295,Reliance Fixed Horizon Fund - XXVI - Series 18,Close Ended Schemes(Income),Regular,False,,,,False,False
129294,Reliance Fixed Horizon Fund - XXVI - Series 18,Close Ended Schemes(Income),Regular,False,,,,False,False
128082,Reliance Fixed Horizon Fund - XXVI - Series 2,Close Ended Schemes(Income),Regular,False,,,,False,False
128084,Reliance Fixed Horizon Fund - XXVI - Series 2,Close Ended Schemes(Income),Regular,False,,,,False,False
128081,Reliance Fixed Horizon Fund - XXVI - Series 2,Close Ended Schemes(Income),Regular,False,,,,False,False
130192,Reliance Fixed Horizon Fund - XXVI - Series 29,Close Ended Schemes(Income),Regular,False,,,,False,False
130190,Reliance Fixed Horizon Fund - XXVI - Series 29,Close Ended Schemes(Income),Regular,False,,,,False,False
130191,Reliance Fixed Horizon Fund - XXVI - Series 29,Close Ended Schemes(Income),Regular,False,,,,False,False
130189,Reliance Fixed Horizon Fund - XXVI - Series 29,Close Ended Schemes(Income),Regular,False,,,,False,False
130196,Reliance Fixed Horizon Fund - XXVI - Series 30,Close Ended Schemes(Income),Regular,False,,,,False,False
130194,Reliance Fixed Horizon Fund - XXVI - Series 30,Close Ended Schemes(Income),Regular,False,,,,False,False
130195,Reliance Fixed Horizon Fund - XXVI - Series 30,Close Ended Schemes(Income),Regular,False,,,,False,False
130193,Reliance Fixed Horizon Fund - XXVI - Series 30,Close Ended Schemes(Income),Regular,False,,,,False,False
130229,Reliance Fixed Horizon Fund - XXVI - Series 31,Close Ended Schemes(Income),Regular,False,,,,False,False
130228,Reliance Fixed Horizon Fund - XXVI - Series 31,Close Ended Schemes(Income),Regular,False,,,,False,False
130230,Reliance Fixed Horizon Fund - XXVI - Series 31,Close Ended Schemes(Income),Regular,False,,,,False,False
130227,Reliance Fixed Horizon Fund - XXVI - Series 31,Close Ended Schemes(Income),Regular,False,,,,False,False
128461,Reliance Fixed Horizon Fund - XXVI - Series 4,Close Ended Schemes(Income),Regular,False,,,,False,False
128460,Reliance Fixed Horizon Fund - XXVI - Series 4,Close Ended Schemes(Income),Regular,False,,,,False,False
128459,Reliance Fixed Horizon Fund - XXVI - Series 4,Close Ended Schemes(Income),Regular,False,,,,False,False
128458,Reliance Fixed Horizon Fund - XXVI - Series 4,Close Ended Schemes(Income),Regular,False,,,,False,False
131168,Reliance Fixed Horizon Fund - XXVII - Series 5,Close Ended Schemes(Income),Regular,False,,,,False,False
131169,Reliance Fixed Horizon Fund - XXVII - Series 5,Close Ended Schemes(Income),Regular,False,,,,False,False
131167,Reliance Fixed Horizon Fund - XXVII - Series 5,Close Ended Schemes(Income),Regular,False,,,,False,False
118025,Reliance Fixed Horizon Fund XXII - Series 32,Close Ended Schemes(Income),Regular,False,,,,False,False
118024,Reliance Fixed Horizon Fund XXII - Series 32,Close Ended Schemes(Income),Regular,False,,,,False,False
122324,Reliance Fixed Horizon Fund XXIII - Series 10,Close Ended Schemes(Income),Regular,False,,,,False,False
122326,Reliance Fixed Horizon Fund XXIII - Series 10,Close Ended Schemes(Income),Regular,False,,,,False,False
122327,Reliance Fixed Horizon Fund XXIII - Series 10,Close Ended Schemes(Income),Regular,False,,,,False,False
135160,Reliance Fixed Horizon Fund XXIX - Series 2,Close Ended Schemes(Income),Regular,False,,,,False,False
135158,Reliance Fixed Horizon Fund XXIX - Series 2,Close Ended Schemes(Income),Regular,False,,,,False,False
135159,Reliance Fixed Horizon Fund XXIX - Series 2,Close Ended Schemes(Income),Regular,False,,,,False,False
135157,Reliance Fixed Horizon Fund XXIX - Series 2,Close Ended Schemes(Income),Regular,False,,,,False,False
135095,Reliance Fixed Horizon Fund XXIX- Series 1,Close Ended Schemes(Income),Regular,False,,,,False,False
135094,Reliance Fixed Horizon Fund XXIX- Series 1,Close Ended Schemes(Income),Regular,False,,,,False,False
135093,Reliance Fixed Horizon Fund XXIX- Series 1,Close Ended Schemes(Income),Regular,False,,,,False,False
135092,Reliance Fixed Horizon Fund XXIX- Series 1,Close Ended Schemes(Income),Regular,False,,,,False,False
135482,Reliance Fixed Horizon Fund XXIX- Series 10,Close Ended Schemes(Income),Regular,False,,,,False,False
135483,Reliance Fixed Horizon Fund XXIX- Series 10,Close Ended Schemes(Income),Regular,False,,,,False,False
135481,Reliance Fixed Horizon Fund XXIX- Series 10,Close Ended Schemes(Income),Regular,False,,,,False,False
135561,Reliance Fixed Horizon Fund XXIX- Series 13,Close Ended Schemes(Income),Regular,False,,,,False,False
135559,Reliance Fixed Horizon Fund XXIX- Series 13,Close Ended Schemes(Income),Regular,False,,,,False,False
135562,Reliance Fixed Horizon Fund XXIX- Series 13,Close Ended Schemes(Income),Regular,False,,,,False,False
135560,Reliance Fixed Horizon Fund XXIX- Series 13,Close Ended Schemes(Income),Regular,False,,,,False,False
135636,Reliance Fixed Horizon Fund XXIX- Series 14,Close Ended Schemes(Income),Regular,False,,,,False,False
135635,Reliance Fixed Horizon Fund XXIX- Series 14,Close Ended Schemes(Income),Regular,False,,,,False,False
135637,Reliance Fixed Horizon Fund XXIX- Series 14,Close Ended Schemes(Income),Regular,False,,,,False,False
135634,Reliance Fixed Horizon Fund XXIX- Series 14,Close Ended Schemes(Income),Regular,False,,,,False,False
135768,Reliance Fixed Horizon Fund XXIX- Series 16,Close Ended Schemes(Income),Regular,False,,,,False,False
135767,Reliance Fixed Horizon Fund XXIX- Series 16,Close Ended Schemes(Income),Regular,False,,,,False,False
135770,Reliance Fixed Horizon Fund XXIX- Series 16,Close Ended Schemes(Income),Regular,False,,,,False,False
135867,Reliance Fixed Horizon Fund XXIX- Series 18,Close Ended Schemes(Income),Regular,False,,,,False,False
135866,Reliance Fixed Horizon Fund XXIX- Series 18,Close Ended Schemes(Income),Regular,False,,,,False,False
135865,Reliance Fixed Horizon Fund XXIX- Series 18,Close Ended Schemes(Income),Regular,False,,,,False,False
135864,Reliance Fixed Horizon Fund XXIX- Series 18,Close Ended Schemes(Income),Regular,False,,,,False,False
135886,Reliance Fixed Horizon Fund XXIX- Series 19,Close Ended Schemes(Income),Regular,False,,,,False,False
135885,Reliance Fixed Horizon Fund XXIX- Series 19,Close Ended Schemes(Income),Regular,False,,,,False,False
135887,Reliance Fixed Horizon Fund XXIX- Series 19,Close Ended Schemes(Income),Regular,False,,,,False,False
135884,Reliance Fixed Horizon Fund XXIX- Series 19,Close Ended Schemes(Income),Regular,False,,,,False,False
135941,Reliance Fixed Horizon Fund XXIX- Series 20,Close Ended Schemes(Income),Regular,False,,,,False,False
135939,Reliance Fixed Horizon Fund XXIX- Series 20,Close Ended Schemes(Income),Regular,False,,,,False,False
135938,Reliance Fixed Horizon Fund XXIX- Series 20,Close Ended Schemes(Income),Regular,False,,,,False,False
135214,Reliance Fixed Horizon Fund XXIX- Series 3,Close Ended Schemes(Income),Regular,False,,,,False,False
135215,Reliance Fixed Horizon Fund XXIX- Series 3,Close Ended Schemes(Income),Regular,False,,,,False,False
135213,Reliance Fixed Horizon Fund XXIX- Series 3,Close Ended Schemes(Income),Regular,False,,,,False,False
135212,Reliance Fixed Horizon Fund XXIX- Series 3,Close Ended Schemes(Income),Regular,False,,,,False,False
135334,Reliance Fixed Horizon Fund XXIX- Series 6,Close Ended Schemes(Income),Regular,False,,,,False,False
135333,Reliance Fixed Horizon Fund XXIX- Series 6,Close Ended Schemes(Income),Regular,False,,,,False,False
135332,Reliance Fixed Horizon Fund XXIX- Series 6,Close Ended Schemes(Income),Regular,False,,,,False,False
135393,Reliance Fixed Horizon Fund XXIX- Series 7,Close Ended Schemes(Income),Regular,False,,,,False,False
135395,Reliance Fixed Horizon Fund XXIX- Series 7,Close Ended Schemes(Income),Regular,False,,,,False,False
135392,Reliance Fixed Horizon Fund XXIX- Series 7,Close Ended Schemes(Income),Regular,False,,,,False,False
135415,Reliance Fixed Horizon Fund XXIX- Series 8,Close Ended Schemes(Income),Regular,False,,,,False,False
135414,Reliance Fixed Horizon Fund XXIX- Series 8,Close Ended Schemes(Income),Regular,False,,,,False,False
135417,Reliance Fixed Horizon Fund XXIX- Series 8,Close Ended Schemes(Income),Regular,False,,,,False,False
135441,Reliance Fixed Horizon Fund XXIX- Series 9,Close Ended Schemes(Income),Regular,False,,,,False,False
135440,Reliance Fixed Horizon Fund XXIX- Series 9,Close Ended Schemes(Income),Regular,False,,,,False,False
135442,Reliance Fixed Horizon Fund XXIX- Series 9,Close Ended Schemes(Income),Regular,False,,,,False,False
129150,Reliance Fixed Horizon Fund XXVI- Series 15,Close Ended Schemes(Income),Regular,False,,,,False,False
129149,Reliance Fixed Horizon Fund XXVI- Series 15,Close Ended Schemes(Income),Regular,False,,,,False,False
129148,Reliance Fixed Horizon Fund XXVI- Series 15,Close Ended Schemes(Income),Regular,False,,,,False,False
129147,Reliance Fixed Horizon Fund XXVI- Series 15,Close Ended Schemes(Income),Regular,False,,,,False,False
129510,Reliance Fixed Horizon Fund XXVI- Series 20,Close Ended Schemes(Income),Regular,False,,,,False,False
129509,Reliance Fixed Horizon Fund XXVI- Series 20,Close Ended Schemes(Income),Regular,False,,,,False,False
129508,Reliance Fixed Horizon Fund XXVI- Series 20,Close Ended Schemes(Income),Regular,False,,,,False,False
129562,Reliance Fixed Horizon Fund XXVI- Series 22,Close Ended Schemes(Income),Regular,False,,,,False,False
129563,Reliance Fixed Horizon Fund XXVI- Series 22,Close Ended Schemes(Income),Regular,False,,,,False,False
129561,Reliance Fixed Horizon Fund XXVI- Series 22,Close Ended Schemes(Income),Regular,False,,,,False,False
129560,Reliance Fixed Horizon Fund XXVI- Series 22,Close Ended Schemes(Income),Regular,False,,,,False,False
129684,Reliance Fixed Horizon Fund XXVI- Series 24,Close Ended Schemes(Income),Regular,False,,,,False,False
129686,Reliance Fixed Horizon Fund XXVI- Series 24,Close Ended Schemes(Income),Regular,False,,,,False,False
129685,Reliance Fixed Horizon Fund XXVI- Series 24,Close Ended Schemes(Income),Regular,False,,,,False,False
129683,Reliance Fixed Horizon Fund XXVI- Series 24,Close Ended Schemes(Income),Regular,False,,,,False,False
129838,Reliance Fixed Horizon Fund XXVI- Series 26,Close Ended Schemes(Income),Regular,False,,,,False,False
129837,Reliance Fixed Horizon Fund XXVI- Series 26,Close Ended Schemes(Income),Regular,False,,,,False,False
129840,Reliance Fixed Horizon Fund XXVI- Series 26,Close Ended Schemes(Income),Regular,False,,,,False,False
129839,Reliance Fixed Horizon Fund XXVI- Series 26,Close Ended Schemes(Income),Regular,False,,,,False,False
130266,Reliance Fixed Horizon Fund XXVI- Series 32,Close Ended Schemes(Income),Regular,False,,,,False,False
130265,Reliance Fixed Horizon Fund XXVI- Series 32,Close Ended Schemes(Income),Regular,False,,,,False,False
130264,Reliance Fixed Horizon Fund XXVI- Series 32,Close Ended Schemes(Income),Regular,False,,,,False,False
130414,Reliance Fixed Horizon Fund XXVI- Series 33,Close Ended Schemes(Income),Regular,False,,,,False,False
130416,Reliance Fixed Horizon Fund XXVI- Series 33,Close Ended Schemes(Income),Regular,False,,,,False,False
130415,Reliance Fixed Horizon Fund XXVI- Series 33,Close Ended Schemes(Income),Regular,False,,,,False,False
130413,Reliance Fixed Horizon Fund XXVI- Series 33,Close Ended Schemes(Income),Regular,False,,,,False,False
130633,Reliance Fixed Horizon Fund XXVI- Series 35,Close Ended Schemes(Income),Regular,False,,,,False,False
130634,Reliance Fixed Horizon Fund XXVI- Series 35,Close Ended Schemes(Income),Regular,False,,,,False,False
130636,Reliance Fixed Horizon Fund XXVI- Series 35,Close Ended Schemes(Income),Regular,False,,,,False,False
130635,Reliance Fixed Horizon Fund XXVI- Series 35,Close Ended Schemes(Income),Regular,False,,,,False,False
132861,Reliance Fixed Horizon Fund XXVII- Series 11,Close Ended Schemes(Income),Regular,False,,,,False,False
132860,Reliance Fixed Horizon Fund XXVII- Series 11,Close Ended Schemes(Income),Regular,False,,,,False,False
132859,Reliance Fixed Horizon Fund XXVII- Series 11,Close Ended Schemes(Income),Regular,False,,,,False,False
133202,Reliance Fixed Horizon Fund XXVII- Series 15,Close Ended Schemes(Income),Regular,False,,,,False,False
133200,Reliance Fixed Horizon Fund XXVII- Series 15,Close Ended Schemes(Income),Regular,False,,,,False,False
133201,Reliance Fixed Horizon Fund XXVII- Series 15,Close Ended Schemes(Income),Regular,False,,,,False,False
133199,Reliance Fixed Horizon Fund XXVII- Series 15,Close Ended Schemes(Income),Regular,False,,,,False,False
130877,Reliance Fixed Horizon Fund XXVII- Series 3,Close Ended Schemes(Income),Regular,False,,,,False,False
130875,Reliance Fixed Horizon Fund XXVII- Series 3,Close Ended Schemes(Income),Regular,False,,,,False,False
130876,Reliance Fixed Horizon Fund XXVII- Series 3,Close Ended Schemes(Income),Regular,False,,,,False,False
130874,Reliance Fixed Horizon Fund XXVII- Series 3,Close Ended Schemes(Income),Regular,False,,,,False,False
131078,Reliance Fixed Horizon Fund XXVII- Series 4,Close Ended Schemes(Income),Regular,False,,,,False,False
131077,Reliance Fixed Horizon Fund XXVII- Series 4,Close Ended Schemes(Income),Regular,False,,,,False,False
131076,Reliance Fixed Horizon Fund XXVII- Series 4,Close Ended Schemes(Income),Regular,False,,,,False,False
131216,Reliance Fixed Horizon Fund XXVII- Series 6,Close Ended Schemes(Income),Regular,False,,,,False,False
131218,Reliance Fixed Horizon Fund XXVII- Series 6,Close Ended Schemes(Income),Regular,False,,,,False,False
131348,Reliance Fixed Horizon Fund XXVII- Series 7,Close Ended Schemes(Income),Regular,False,,,,False,False
131347,Reliance Fixed Horizon Fund XXVII- Series 7,Close Ended Schemes(Income),Regular,False,,,,False,False
131346,Reliance Fixed Horizon Fund XXVII- Series 7,Close Ended Schemes(Income),Regular,False,,,,False,False
131538,Reliance Fixed Horizon Fund XXVII- Series 8,Close Ended Schemes(Income),Regular,False,,,,False,False
131537,Reliance Fixed Horizon Fund XXVII- Series 8,Close Ended Schemes(Income),Regular,False,,,,False,False
131539,Reliance Fixed Horizon Fund XXVII- Series 8,Close Ended Schemes(Income),Regular,False,,,,False,False
131592,Reliance Fixed Horizon Fund XXVII- Series 9,Close Ended Schemes(Income),Regular,False,,,,False,False
131593,Reliance Fixed Horizon Fund XXVII- Series 9,Close Ended Schemes(Income),Regular,False,,,,False,False
131591,Reliance Fixed Horizon Fund XXVII- Series 9,Close Ended Schemes(Income),Regular,False,,,,False,False
131590,Reliance Fixed Horizon Fund XXVII- Series 9,Close Ended Schemes(Income),Regular,False,,,,False,False
134022,Reliance Fixed Horizon Fund XXVIII- Series 10,Close Ended Schemes(Income),Regular,False,,,,False,False
134025,Reliance Fixed Horizon Fund XXVIII- Series 10,Close Ended Schemes(Income),Regular,False,,,,False,False
134024,Reliance Fixed Horizon Fund XXVIII- Series 10,Close Ended Schemes(Income),Regular,False,,,,False,False
134180,Reliance Fixed Horizon Fund XXVIII- Series 14,Close Ended Schemes(Income),Regular,False,,,,False,False
134181,Reliance Fixed Horizon Fund XXVIII- Series 14,Close Ended Schemes(Income),Regular,False,,,,False,False
134182,Reliance Fixed Horizon Fund XXVIII- Series 14,Close Ended Schemes(Income),Regular,False,,,,False,False
134183,Reliance Fixed Horizon Fund XXVIII- Series 14,Close Ended Schemes(Income),Regular,False,,,,False,False
134590,Reliance Fixed Horizon Fund XXVIII- Series 18,Close Ended Schemes(Income),Regular,False,,,,False,False
134589,Reliance Fixed Horizon Fund XXVIII- Series 18,Close Ended Schemes(Income),Regular,False,,,,False,False
134591,Reliance Fixed Horizon Fund XXVIII- Series 18,Close Ended Schemes(Income),Regular,False,,,,False,False
134592,Reliance Fixed Horizon Fund XXVIII- Series 18,Close Ended Schemes(Income),Regular,False,,,,False,False
134637,Reliance Fixed Horizon Fund XXVIII- Series 19,Close Ended Schemes(Income),Regular,False,,,,False,False
134636,Reliance Fixed Horizon Fund XXVIII- Series 19,Close Ended Schemes(Income),Regular,False,,,,False,False
134635,Reliance Fixed Horizon Fund XXVIII- Series 19,Close Ended Schemes(Income),Regular,False,,,,False,False
133328,Reliance Fixed Horizon Fund XXVIII- Series 2,Close Ended Schemes(Income),Regular,False,,,,False,False
133327,Reliance Fixed Horizon Fund XXVIII- Series 2,Close Ended Schemes(Income),Regular,False,,,,False,False
133329,Reliance Fixed Horizon Fund XXVIII- Series 2,Close Ended Schemes(Income),Regular,False,,,,False,False
133326,Reliance Fixed Horizon Fund XXVIII- Series 2,Close Ended Schemes(Income),Regular,False,,,,False,False
133471,Reliance Fixed Horizon Fund XXVIII- Series 4,Close Ended Schemes(Income),Regular,False,,,,False,False
133473,Reliance Fixed Horizon Fund XXVIII- Series 4,Close Ended Schemes(Income),Regular,False,,,,False,False
133470,Reliance Fixed Horizon Fund XXVIII- Series 4,Close Ended Schemes(Income),Regular,False,,,,False,False
133472,Reliance Fixed Horizon Fund XXVIII- Series 4,Close Ended Schemes(Income),Regular,False,,,,False,False
133842,Reliance Fixed Horizon Fund XXVIII- Series 7,Close Ended Schemes(Income),Regular,False,,,,False,False
133841,Reliance Fixed Horizon Fund XXVIII- Series 7,Close Ended Schemes(Income),Regular,False,,,,False,False
133840,Reliance Fixed Horizon Fund XXVIII- Series 7,Close Ended Schemes(Income),Regular,False,,,,False,False
136003,Reliance Fixed Horizon Fund XXX - Series 1,Close Ended Schemes(Income),Regular,False,,,,False,False
136002,Reliance Fixed Horizon Fund XXX - Series 1,Close Ended Schemes(Income),Regular,False,,,,False,False
136000,Reliance Fixed Horizon Fund XXX - Series 1,Close Ended Schemes(Income),Regular,False,,,,False,False
136001,Reliance Fixed Horizon Fund XXX - Series 1,Close Ended Schemes(Income),Regular,False,,,,False,False
136512,Reliance Fixed Horizon Fund XXX - Series 13,Close Ended Schemes(Income),Regular,False,,,,False,False
136510,Reliance Fixed Horizon Fund XXX - Series 13,Close Ended Schemes(Income),Regular,False,,,,False,False
136509,Reliance Fixed Horizon Fund XXX - Series 13,Close Ended Schemes(Income),Regular,False,,,,False,False
136511,Reliance Fixed Horizon Fund XXX - Series 13,Close Ended Schemes(Income),Regular,False,,,,False,False
138227,Reliance Fixed Horizon Fund XXX - Series 14,Close Ended Schemes(Income),Regular,False,,,,False,False
138226,Reliance Fixed Horizon Fund XXX - Series 14,Close Ended Schemes(Income),Regular,False,,,,False,False
138224,Reliance Fixed Horizon Fund XXX - Series 14,Close Ended Schemes(Income),Regular,False,,,,False,False
138225,Reliance Fixed Horizon Fund XXX - Series 14,Close Ended Schemes(Income),Regular,False,,,,False,False
136030,Reliance Fixed Horizon Fund XXX - Series 2,Close Ended Schemes(Income),Regular,False,,,,False,False
136029,Reliance Fixed Horizon Fund XXX - Series 2,Close Ended Schemes(Income),Regular,False,,,,False,False
136028,Reliance Fixed Horizon Fund XXX - Series 2,Close Ended Schemes(Income),Regular,False,,,,False,False
136031,Reliance Fixed Horizon Fund XXX - Series 2,Close Ended Schemes(Income),Regular,False,,,,False,False
136125,Reliance Fixed Horizon Fund XXX - Series 4,Close Ended Schemes(Income),Regular,False,,,,False,False
136127,Reliance Fixed Horizon Fund XXX - Series 4,Close Ended Schemes(Income),Regular,False,,,,False,False
136126,Reliance Fixed Horizon Fund XXX - Series 4,Close Ended Schemes(Income),Regular,False,,,,False,False
136128,Reliance Fixed Horizon Fund XXX - Series 4,Close Ended Schemes(Income),Regular,False,,,,False,False
136435,Reliance Fixed Horizon Fund XXX- Series 10,Close Ended Schemes(Income),Regular,False,,,,False,False
136438,Reliance Fixed Horizon Fund XXX- Series 10,Close Ended Schemes(Income),Regular,False,,,,False,False
136436,Reliance Fixed Horizon Fund XXX- Series 10,Close Ended Schemes(Income),Regular,False,,,,False,False
136450,Reliance Fixed Horizon Fund XXX- Series 11,Close Ended Schemes(Income),Regular,False,,,,False,False
136452,Reliance Fixed Horizon Fund XXX- Series 11,Close Ended Schemes(Income),Regular,False,,,,False,False
136451,Reliance Fixed Horizon Fund XXX- Series 11,Close Ended Schemes(Income),Regular,False,,,,False,False
136449,Reliance Fixed Horizon Fund XXX- Series 11,Close Ended Schemes(Income),Regular,False,,,,False,False
136454,Reliance Fixed Horizon Fund XXX- Series 12,Close Ended Schemes(Income),Regular,False,,,,False,False
136453,Reliance Fixed Horizon Fund XXX- Series 12,Close Ended Schemes(Income),Regular,False,,,,False,False
136456,Reliance Fixed Horizon Fund XXX- Series 12,Close Ended Schemes(Income),Regular,False,,,,False,False
136455,Reliance Fixed Horizon Fund XXX- Series 12,Close Ended Schemes(Income),Regular,False,,,,False,False
139146,Reliance Fixed Horizon Fund XXX- Series 17,Close Ended Schemes(Income),Regular,False,,,,False,False
139145,Reliance Fixed Horizon Fund XXX- Series 17,Close Ended Schemes(Income),Regular,False,,,,False,False
139144,Reliance Fixed Horizon Fund XXX- Series 17,Close Ended Schemes(Income),Regular,False,,,,False,False
139143,Reliance Fixed Horizon Fund XXX- Series 17,Close Ended Schemes(Income),Regular,False,,,,False,False
139245,Reliance Fixed Horizon Fund XXX- Series 18,Close Ended Schemes(Income),Regular,False,,,,False,False
139247,Reliance Fixed Horizon Fund XXX- Series 18,Close Ended Schemes(Income),Regular,False,,,,False,False
139246,Reliance Fixed Horizon Fund XXX- Series 18,Close Ended Schemes(Income),Regular,False,,,,False,False
139248,Reliance Fixed Horizon Fund XXX- Series 18,Close Ended Schemes(Income),Regular,False,,,,False,False
139268,Reliance Fixed Horizon Fund XXX- Series 19,Close Ended Schemes(Income),Regular,False,,,,False,False
139267,Reliance Fixed Horizon Fund XXX- Series 19,Close Ended Schemes(Income),Regular,False,,,,False,False
139266,Reliance Fixed Horizon Fund XXX- Series 19,Close Ended Schemes(Income),Regular,False,,,,False,False
139265,Reliance Fixed Horizon Fund XXX- Series 19,Close Ended Schemes(Income),Regular,False,,,,False,False
139348,Reliance Fixed Horizon Fund XXX- Series 20,Close Ended Schemes(Income),Regular,False,,,,False,False
139347,Reliance Fixed Horizon Fund XXX- Series 20,Close Ended Schemes(Income),Regular,False,,,,False,False
139346,Reliance Fixed Horizon Fund XXX- Series 20,Close Ended Schemes(Income),Regular,False,,,,False,False
139345,Reliance Fixed Horizon Fund XXX- Series 20,Close Ended Schemes(Income),Regular,False,,,,False,False
136057,Reliance Fixed Horizon Fund XXX- Series 3,Close Ended Schemes(Income),Regular,False,,,,False,False
136058,Reliance Fixed Horizon Fund XXX- Series 3,Close Ended Schemes(Income),Regular,False,,,,False,False
136059,Reliance Fixed Horizon Fund XXX- Series 3,Close Ended Schemes(Income),Regular,False,,,,False,False
136056,Reliance Fixed Horizon Fund XXX- Series 3,Close Ended Schemes(Income),Regular,False,,,,False,False
136172,Reliance Fixed Horizon Fund XXX- Series 5,Close Ended Schemes(Income),Regular,False,,,,False,False
136173,Reliance Fixed Horizon Fund XXX- Series 5,Close Ended Schemes(Income),Regular,False,,,,False,False
136171,Reliance Fixed Horizon Fund XXX- Series 5,Close Ended Schemes(Income),Regular,False,,,,False,False
136170,Reliance Fixed Horizon Fund XXX- Series 5,Close Ended Schemes(Income),Regular,False,,,,False,False
136234,Reliance Fixed Horizon Fund XXX- Series 6,Close Ended Schemes(Income),Regular,False,,,,False,False
136233,Reliance Fixed Horizon Fund XXX- Series 6,Close Ended Schemes(Income),Regular,False,,,,False,False
136235,Reliance Fixed Horizon Fund XXX- Series 6,Close Ended Schemes(Income),Regular,False,,,,False,False
136311,Reliance Fixed Horizon Fund XXX- Series 7,Close Ended Schemes(Income),Regular,False,,,,False,False
136309,Reliance Fixed Horizon Fund XXX- Series 7,Close Ended Schemes(Income),Regular,False,,,,False,False
136313,Reliance Fixed Horizon Fund XXX- Series 8,Close Ended Schemes(Income),Regular,False,,,,False,False
136315,Reliance Fixed Horizon Fund XXX- Series 8,Close Ended Schemes(Income),Regular,False,,,,False,False
136316,Reliance Fixed Horizon Fund XXX- Series 8,Close Ended Schemes(Income),Regular,False,,,,False,False
136314,Reliance Fixed Horizon Fund XXX- Series 8,Close Ended Schemes(Income),Regular,False,,,,False,False
136330,Reliance Fixed Horizon Fund XXX- Series 9,Close Ended Schemes(Income),Regular,False,,,,False,False
136329,Reliance Fixed Horizon Fund XXX- Series 9,Close Ended Schemes(Income),Regular,False,,,,False,False
136328,Reliance Fixed Horizon Fund XXX- Series 9,Close Ended Schemes(Income),Regular,False,,,,False,False
136327,Reliance Fixed Horizon Fund XXX- Series 9,Close Ended Schemes(Income),Regular,False,,,,False,False
139411,Reliance Fixed Horizon Fund XXXI Series 2,Close Ended Schemes(Income),Regular,False,,,,False,False
139413,Reliance Fixed Horizon Fund XXXI Series 2,Close Ended Schemes(Income),Regular,False,,,,False,False
139410,Reliance Fixed Horizon Fund XXXI Series 2,Close Ended Schemes(Income),Regular,False,,,,False,False
139412,Reliance Fixed Horizon Fund XXXI Series 2,Close Ended Schemes(Income),Regular,False,,,,False,False
139378,Reliance Fixed Horizon Fund XXXI- Series 1,Close Ended Schemes(Income),Regular,False,,,,False,False
139379,Reliance Fixed Horizon Fund XXXI- Series 1,Close Ended Schemes(Income),Regular,False,,,,False,False
139376,Reliance Fixed Horizon Fund XXXI- Series 1,Close Ended Schemes(Income),Regular,False,,,,False,False
139797,Reliance Fixed Horizon Fund XXXI- Series 11,Close Ended Schemes(Income),Regular,False,,,,False,False
139796,Reliance Fixed Horizon Fund XXXI- Series 11,Close Ended Schemes(Income),Regular,False,,,,False,False
139799,Reliance Fixed Horizon Fund XXXI- Series 11,Close Ended Schemes(Income),Regular,False,,,,False,False
139798,Reliance Fixed Horizon Fund XXXI- Series 11,Close Ended Schemes(Income),Regular,False,,,,False,False
139465,Reliance Fixed Horizon Fund XXXI- Series 4,Close Ended Schemes(Income),Regular,False,,,,False,False
139464,Reliance Fixed Horizon Fund XXXI- Series 4,Close Ended Schemes(Income),Regular,False,,,,False,False
139463,Reliance Fixed Horizon Fund XXXI- Series 4,Close Ended Schemes(Income),Regular,False,,,,False,False
139462,Reliance Fixed Horizon Fund XXXI- Series 4,Close Ended Schemes(Income),Regular,False,,,,False,False
139542,Reliance Fixed Horizon Fund XXXI- Series 5,Close Ended Schemes(Income),Regular,False,,,,False,False
139545,Reliance Fixed Horizon Fund XXXI- Series 5,Close Ended Schemes(Income),Regular,False,,,,False,False
139544,Reliance Fixed Horizon Fund XXXI- Series 5,Close Ended Schemes(Income),Regular,False,,,,False,False
139576,Reliance Fixed Horizon Fund XXXI- Series 6,Close Ended Schemes(Income),Regular,False,,,,False,False
139575,Reliance Fixed Horizon Fund XXXI- Series 6,Close Ended Schemes(Income),Regular,False,,,,False,False
139574,Reliance Fixed Horizon Fund XXXI- Series 6,Close Ended Schemes(Income),Regular,False,,,,False,False
139573,Reliance Fixed Horizon Fund XXXI- Series 6,Close Ended Schemes(Income),Regular,False,,,,False,False
139597,Reliance Fixed Horizon Fund XXXI- Series 7,Close Ended Schemes(Income),Regular,False,,,,False,False
139596,Reliance Fixed Horizon Fund XXXI- Series 7,Close Ended Schemes(Income),Regular,False,,,,False,False
139595,Reliance Fixed Horizon Fund XXXI- Series 7,Close Ended Schemes(Income),Regular,False,,,,False,False
139594,Reliance Fixed Horizon Fund XXXI- Series 7,Close Ended Schemes(Income),Regular,False,,,,False,False
145156,Reliance Fixed Horizon Fund XXXIX- Series 10,Close Ended Schemes(Income),Regular,False,,,,False,False
145158,Reliance Fixed Horizon Fund XXXIX- Series 10,Close Ended Schemes(Income),Regular,False,,,,False,False
145155,Reliance Fixed Horizon Fund XXXIX- Series 10,Close Ended Schemes(Income),Regular,False,,,,False,False
145157,Reliance Fixed Horizon Fund XXXIX- Series 10,Close Ended Schemes(Income),Regular,False,,,,False,False
144776,Reliance Fixed Horizon Fund XXXIX- Series 3,Close Ended Schemes(Income),Regular,False,,,,False,False
144775,Reliance Fixed Horizon Fund XXXIX- Series 3,Close Ended Schemes(Income),Regular,False,,,,False,False
144774,Reliance Fixed Horizon Fund XXXIX- Series 3,Close Ended Schemes(Income),Regular,False,,,,False,False
144773,Reliance Fixed Horizon Fund XXXIX- Series 3,Close Ended Schemes(Income),Regular,False,,,,False,False
144939,Reliance Fixed Horizon Fund XXXIX- Series 7,Close Ended Schemes(Income),Regular,False,,,,False,False
144938,Reliance Fixed Horizon Fund XXXIX- Series 7,Close Ended Schemes(Income),Regular,False,,,,False,False
144937,Reliance Fixed Horizon Fund XXXIX- Series 7,Close Ended Schemes(Income),Regular,False,,,,False,False
142516,Reliance Fixed Horizon Fund XXXVI- Series 4,Close Ended Schemes(Income),Regular,False,,,,False,False
142514,Reliance Fixed Horizon Fund XXXVI- Series 4,Close Ended Schemes(Income),Regular,False,,,,False,False
142515,Reliance Fixed Horizon Fund XXXVI- Series 4,Close Ended Schemes(Income),Regular,False,,,,False,False
142513,Reliance Fixed Horizon Fund XXXVI- Series 4,Close Ended Schemes(Income),Regular,False,,,,False,False
143530,Reliance Fixed Horizon Fund XXXVII- Series 11,Close Ended Schemes(Income),Regular,False,,,,False,False
143529,Reliance Fixed Horizon Fund XXXVII- Series 11,Close Ended Schemes(Income),Regular,False,,,,False,False
143531,Reliance Fixed Horizon Fund XXXVII- Series 11,Close Ended Schemes(Income),Regular,False,,,,False,False
143528,Reliance Fixed Horizon Fund XXXVII- Series 11,Close Ended Schemes(Income),Regular,False,,,,False,False
143647,Reliance Fixed Horizon Fund XXXVII- Series 13,Close Ended Schemes(Income),Regular,False,,,,False,False
143648,Reliance Fixed Horizon Fund XXXVII- Series 13,Close Ended Schemes(Income),Regular,False,,,,False,False
143646,Reliance Fixed Horizon Fund XXXVII- Series 13,Close Ended Schemes(Income),Regular,False,,,,False,False
143645,Reliance Fixed Horizon Fund XXXVII- Series 13,Close Ended Schemes(Income),Regular,False,,,,False,False
143292,Reliance Fixed Horizon Fund XXXVII- Series 7,Close Ended Schemes(Income),Regular,False,,,,False,False
143291,Reliance Fixed Horizon Fund XXXVII- Series 7,Close Ended Schemes(Income),Regular,False,,,,False,False
143290,Reliance Fixed Horizon Fund XXXVII- Series 7,Close Ended Schemes(Income),Regular,False,,,,False,False
143293,Reliance Fixed Horizon Fund XXXVII- Series 7,Close Ended Schemes(Income),Regular,False,,,,False,False
143347,Reliance Fixed Horizon Fund XXXVII- Series 8,Close Ended Schemes(Income),Regular,False,,,,False,False
143348,Reliance Fixed Horizon Fund XXXVII- Series 8,Close Ended Schemes(Income),Regular,False,,,,False,False
143346,Reliance Fixed Horizon Fund XXXVII- Series 8,Close Ended Schemes(Income),Regular,False,,,,False,False
143349,Reliance Fixed Horizon Fund XXXVII- Series 8,Close Ended Schemes(Income),Regular,False,,,,False,False
144593,Reliance Fixed Horizon Fund XXXVIII- Series 13,Close Ended Schemes(Income),Regular,False,,,,False,False
144594,Reliance Fixed Horizon Fund XXXVIII- Series 13,Close Ended Schemes(Income),Regular,False,,,,False,False
144592,Reliance Fixed Horizon Fund XXXVIII- Series 13,Close Ended Schemes(Income),Regular,False,,,,False,False
144595,Reliance Fixed Horizon Fund XXXVIII- Series 13,Close Ended Schemes(Income),Regular,False,,,,False,False
144691,Reliance Fixed Horizon Fund XXXVIII- Series 15,Close Ended Schemes(Income),Regular,False,,,,False,False
144690,Reliance Fixed Horizon Fund XXXVIII- Series 15,Close Ended Schemes(Income),Regular,False,,,,False,False
144689,Reliance Fixed Horizon Fund XXXVIII- Series 15,Close Ended Schemes(Income),Regular,False,,,,False,False
144688,Reliance Fixed Horizon Fund XXXVIII- Series 15,Close Ended Schemes(Income),Regular,False,,,,False,False
144018,Reliance Fixed Horizon Fund XXXVIII- Series 4,Close Ended Schemes(Income),Regular,False,,,,False,False
144017,Reliance Fixed Horizon Fund XXXVIII- Series 4,Close Ended Schemes(Income),Regular,False,,,,False,False
144019,Reliance Fixed Horizon Fund XXXVIII- Series 4,Close Ended Schemes(Income),Regular,False,,,,False,False
144253,Reliance Fixed Horizon Fund XXXVIII- Series 8,Close Ended Schemes(Income),Regular,False,,,,False,False
144252,Reliance Fixed Horizon Fund XXXVIII- Series 8,Close Ended Schemes(Income),Regular,False,,,,False,False
144251,Reliance Fixed Horizon Fund XXXVIII- Series 8,Close Ended Schemes(Income),Regular,False,,,,False,False
144254,Reliance Fixed Horizon Fund XXXVIII- Series 8,Close Ended Schemes(Income),Regular,False,,,,False,False
128967,Reliance Fixed Horizon Fund- XXVI- Series 12,Close Ended Schemes(Income),Regular,False,,,,False,False
128966,Reliance Fixed Horizon Fund- XXVI- Series 12,Close Ended Schemes(Income),Regular,False,,,,False,False
128965,Reliance Fixed Horizon Fund- XXVI- Series 12,Close Ended Schemes(Income),Regular,False,,,,False,False
128964,Reliance Fixed Horizon Fund- XXVI- Series 12,Close Ended Schemes(Income),Regular,False,,,,False,False
129021,Reliance Fixed Horizon Fund- XXVI- Series 13,Close Ended Schemes(Income),Regular,False,,,,False,False
129020,Reliance Fixed Horizon Fund- XXVI- Series 13,Close Ended Schemes(Income),Regular,False,,,,False,False
129019,Reliance Fixed Horizon Fund- XXVI- Series 13,Close Ended Schemes(Income),Regular,False,,,,False,False
129018,Reliance Fixed Horizon Fund- XXVI- Series 13,Close Ended Schemes(Income),Regular,False,,,,False,False
129184,Reliance Fixed Horizon Fund- XXVI- Series 16,Close Ended Schemes(Income),Regular,False,,,,False,False
129186,Reliance Fixed Horizon Fund- XXVI- Series 16,Close Ended Schemes(Income),Regular,False,,,,False,False
129185,Reliance Fixed Horizon Fund- XXVI- Series 16,Close Ended Schemes(Income),Regular,False,,,,False,False
129183,Reliance Fixed Horizon Fund- XXVI- Series 16,Close Ended Schemes(Income),Regular,False,,,,False,False
129418,Reliance Fixed Horizon Fund- XXVI- Series 19,Close Ended Schemes(Income),Regular,False,,,,False,False
129417,Reliance Fixed Horizon Fund- XXVI- Series 19,Close Ended Schemes(Income),Regular,False,,,,False,False
129420,Reliance Fixed Horizon Fund- XXVI- Series 19,Close Ended Schemes(Income),Regular,False,,,,False,False
129521,Reliance Fixed Horizon Fund- XXVI- Series 21,Close Ended Schemes(Income),Regular,False,,,,False,False
129520,Reliance Fixed Horizon Fund- XXVI- Series 21,Close Ended Schemes(Income),Regular,False,,,,False,False
129519,Reliance Fixed Horizon Fund- XXVI- Series 21,Close Ended Schemes(Income),Regular,False,,,,False,False
129682,Reliance Fixed Horizon Fund- XXVI- Series 23,Close Ended Schemes(Income),Regular,False,,,,False,False
129681,Reliance Fixed Horizon Fund- XXVI- Series 23,Close Ended Schemes(Income),Regular,False,,,,False,False
129679,Reliance Fixed Horizon Fund- XXVI- Series 23,Close Ended Schemes(Income),Regular,False,,,,False,False
129680,Reliance Fixed Horizon Fund- XXVI- Series 23,Close Ended Schemes(Income),Regular,False,,,,False,False
129731,Reliance Fixed Horizon Fund- XXVI- Series 25,Close Ended Schemes(Income),Regular,False,,,,False,False
129730,Reliance Fixed Horizon Fund- XXVI- Series 25,Close Ended Schemes(Income),Regular,False,,,,False,False
129732,Reliance Fixed Horizon Fund- XXVI- Series 25,Close Ended Schemes(Income),Regular,False,,,,False,False
129729,Reliance Fixed Horizon Fund- XXVI- Series 25,Close Ended Schemes(Income),Regular,False,,,,False,False
128592,Reliance Fixed Horizon Fund- XXVI- Series 5,Close Ended Schemes(Income),Regular,False,,,,False,False
128591,Reliance Fixed Horizon Fund- XXVI- Series 5,Close Ended Schemes(Income),Regular,False,,,,False,False
128590,Reliance Fixed Horizon Fund- XXVI- Series 5,Close Ended Schemes(Income),Regular,False,,,,False,False
128635,Reliance Fixed Horizon Fund- XXVI- Series 6,Close Ended Schemes(Income),Regular,False,,,,False,False
128638,Reliance Fixed Horizon Fund- XXVI- Series 6,Close Ended Schemes(Income),Regular,False,,,,False,False
128637,Reliance Fixed Horizon Fund- XXVI- Series 6,Close Ended Schemes(Income),Regular,False,,,,False,False
128686,Reliance Fixed Horizon Fund- XXVI- Series 7,Close Ended Schemes(Income),Regular,False,,,,False,False
128688,Reliance Fixed Horizon Fund- XXVI- Series 7,Close Ended Schemes(Income),Regular,False,,,,False,False
128685,Reliance Fixed Horizon Fund- XXVI- Series 7,Close Ended Schemes(Income),Regular,False,,,,False,False
128687,Reliance Fixed Horizon Fund- XXVI- Series 7,Close Ended Schemes(Income),Regular,False,,,,False,False
128839,Reliance Fixed Horizon Fund- XXVI- Series 8,Close Ended Schemes(Income),Regular,False,,,,False,False
128838,Reliance Fixed Horizon Fund- XXVI- Series 8,Close Ended Schemes(Income),Regular,False,,,,False,False
128837,Reliance Fixed Horizon Fund- XXVI- Series 8,Close Ended Schemes(Income),Regular,False,,,,False,False
128836,Reliance Fixed Horizon Fund- XXVI- Series 8,Close Ended Schemes(Income),Regular,False,,,,False,False
128841,Reliance Fixed Horizon Fund- XXVI- Series 9,Close Ended Schemes(Income),Regular,False,,,,False,False
128840,Reliance Fixed Horizon Fund- XXVI- Series 9,Close Ended Schemes(Income),Regular,False,,,,False,False
128843,Reliance Fixed Horizon Fund- XXVI- Series 9,Close Ended Schemes(Income),Regular,False,,,,False,False
130010,Reliance Fixed Horizon Fund-XXVI-Series 28,Close Ended Schemes(Income),Regular,False,,,,False,False
130012,Reliance Fixed Horizon Fund-XXVI-Series 28,Close Ended Schemes(Income),Regular,False,,,,False,False
130009,Reliance Fixed Horizon Fund-XXVI-Series 28,Close Ended Schemes(Income),Regular,False,,,,False,False
131379,Reliance Interval Fund III- Series 1,Close Ended Schemes(Income),Regular,False,,,,False,False
131381,Reliance Interval Fund III- Series 1,Close Ended Schemes(Income),Regular,False,,,,False,False
121177,Reliance Yearly Interval Fund - Series 3,Close Ended Schemes(Income),Regular,False,,,,False,False
121178,Reliance Yearly Interval Fund - Series 3,Close Ended Schemes(Income),Regular,False,,,,False,False
121180,Reliance Yearly Interval Fund - Series 3,Close Ended Schemes(Income),Regular,False,,,,False,False
122079,Reliance Yearly Interval Fund - Series 6,Close Ended Schemes(Income),Regular,False,,,,False,False
122081,Reliance Yearly Interval Fund - Series 6,Close Ended Schemes(Income),Regular,False,,,,False,False
122078,Reliance Yearly Interval Fund - Series 6,Close Ended Schemes(Income),Regular,False,,,,False,False
122080,Reliance Yearly Interval Fund - Series 6,Close Ended Schemes(Income),Regular,False,,,,False,False
122225,Reliance Yearly Interval Fund - Series 7,Close Ended Schemes(Income),Regular,False,,,,False,False
122227,Reliance Yearly Interval Fund - Series 7,Close Ended Schemes(Income),Regular,False,,,,False,False
122228,Reliance Yearly Interval Fund - Series 7,Close Ended Schemes(Income),Regular,False,,,,False,False
122226,Reliance Yearly Interval Fund - Series 7,Close Ended Schemes(Income),Regular,False,,,,False,False
121285,Reliance Yearly Interval Fund - Serise 4,Close Ended Schemes(Income),Regular,False,,,,False,False
121286,Reliance Yearly Interval Fund - Serise 4,Close Ended Schemes(Income),Regular,False,,,,False,False
121287,Reliance Yearly Interval Fund - Serise 4,Close Ended Schemes(Income),Regular,False,,,,False,False
121288,Reliance Yearly Interval Fund - Serise 4,Close Ended Schemes(Income),Regular,False,,,,False,False
149043,SBI Fixed Maturity Plan (FMP) - Series 46 (1850 Days),Close Ended Schemes(Income),Regular,False,,,,False,False
149044,SBI Fixed Maturity Plan (FMP) - Series 46 (1850 Days),Close Ended Schemes(Income),Regular,False,,,,False,False
149045,SBI Fixed Maturity Plan (FMP) - Series 46 (1850 Days),Close Ended Schemes(Income),Regular,False,,,,False,False
149042,SBI Fixed Maturity Plan (FMP) - Series 46 (1850 Days),Close Ended Schemes(Income),Regular,False,,,,False,False
149822,SBI Fixed Maturity Plan (FMP) - Series 59 (1618 Days),Close Ended Schemes(Income),Regular,False,,,,False,False
149823,SBI Fixed Maturity Plan (FMP) - Series 59 (1618 Days),Close Ended Schemes(Income),Regular,False,,,,False,False
149825,SBI Fixed Maturity Plan (FMP) - Series 59 (1618 Days),Close Ended Schemes(Income),Regular,False,,,,False,False
149824,SBI Fixed Maturity Plan (FMP) - Series 59 (1618 Days),Close Ended Schemes(Income),Regular,False,,,,False,False
150460,SBI Fixed Maturity Plan (FMP) - Series 67 (1467 Days),Close Ended Schemes(Income),Regular,False,,,,False,False
150458,SBI Fixed Maturity Plan (FMP) - Series 67 (1467 Days),Close Ended Schemes(Income),Regular,False,,,,False,False
150461,SBI Fixed Maturity Plan (FMP) - Series 67 (1467 Days),Close Ended Schemes(Income),Regular,False,,,,False,False
150459,SBI Fixed Maturity Plan (FMP) - Series 67 (1467 Days),Close Ended Schemes(Income),Regular,False,,,,False,False
152495,Tata Fixed Maturity Plan Series 61 Scheme A (91 days),Close Ended Schemes(Income),Regular,False,,,,False,False
152496,Tata Fixed Maturity Plan Series 61 Scheme A (91 days),Close Ended Schemes(Income),Regular,False,,,,False,False
152498,Tata Fixed Maturity Plan Series 61 Scheme A (91 days),Close Ended Schemes(Income),Regular,False,,,,False,False
152493,Tata Fixed Maturity Plan Series 61 Scheme A (91 days),Close Ended Schemes(Income),Regular,False,,,,False,False
152494,Tata Fixed Maturity Plan Series 61 Scheme A (91 days),Close Ended Schemes(Income),Regular,False,,,,False,False
152497,Tata Fixed Maturity Plan Series 61 Scheme A (91 days),Close Ended Schemes(Income),Regular,False,,,,False,False
153163,Tata Fixed Maturity Plan Series 61 Scheme D (91 Days),Close Ended Schemes(Income),Regular,False,,,,False,False
153164,Tata Fixed Maturity Plan Series 61 Scheme D (91 Days),Close Ended Schemes(Income),Regular,False,,,,False,False
153166,Tata Fixed Maturity Plan Series 61 Scheme D (91 Days),Close Ended Schemes(Income),Regular,False,,,,False,False
153165,Tata Fixed Maturity Plan Series 61 Scheme D (91 Days),Close Ended Schemes(Income),Regular,False,,,,False,False
151620,TRUSTMF FIXED MATURITY PLAN -SERIES II (1196 DAYS),Close Ended Schemes(Income),Regular,False,,,,False,False
151617,TRUSTMF FIXED MATURITY PLAN -SERIES II (1196 DAYS),Close Ended Schemes(Income),Regular,False,,,,False,False
151618,TRUSTMF FIXED MATURITY PLAN -SERIES II (1196 DAYS),Close Ended Schemes(Income),Regular,False,,,,False,False
151622,Union Fixed Maturity Plan - Series 13 (1114 Days),Close Ended Schemes(Income),Regular,False,,,,False,False
151624,Union Fixed Maturity Plan - Series 13 (1114 Days),Close Ended Schemes(Income),Regular,False,,,,False,False
151623,Union Fixed Maturity Plan - Series 13 (1114 Days),Close Ended Schemes(Income),Regular,False,,,,False,False
141245,UTI - Capital Protection Oriented Scheme - Series IX-I (1467 Days),Close Ended Schemes(Income),Regular,False,,,,False,False
141243,UTI - Capital Protection Oriented Scheme - Series IX-I (1467 Days),Close Ended Schemes(Income),Regular,False,,,,False,False
141244,UTI - Capital Protection Oriented Scheme - Series IX-I (1467 Days),Close Ended Schemes(Income),Regular,False,,,,False,False
141246,UTI - Capital Protection Oriented Scheme - Series IX-I (1467 Days),Close Ended Schemes(Income),Regular,False,,,,False,False
141463,UTI - Capital Protection Oriented Scheme - Series IX-II (1462 Days),Close Ended Schemes(Income),Regular,False,,,,False,False
141465,UTI - Capital Protection Oriented Scheme - Series IX-II (1462 Days),Close Ended Schemes(Income),Regular,False,,,,False,False
141466,UTI - Capital Protection Oriented Scheme - Series IX-II (1462 Days),Close Ended Schemes(Income),Regular,False,,,,False,False
141464,UTI - Capital Protection Oriented Scheme - Series IX-II (1462 Days),Close Ended Schemes(Income),Regular,False,,,,False,False
141701,UTI - Capital Protection Oriented Scheme - Series IX-III (1389 Days),Close Ended Schemes(Income),Regular,False,,,,False,False
141699,UTI - Capital Protection Oriented Scheme - Series IX-III (1389 Days),Close Ended Schemes(Income),Regular,False,,,,False,False
141700,UTI - Capital Protection Oriented Scheme - Series IX-III (1389 Days),Close Ended Schemes(Income),Regular,False,,,,False,False
141698,UTI - Capital Protection Oriented Scheme - Series IX-III (1389 Days),Close Ended Schemes(Income),Regular,False,,,,False,False
139860,UTI - Capital Protection Oriented Scheme - Series VIII-II (1831 Days),Close Ended Schemes(Income),Regular,False,,,,False,False
139862,UTI - Capital Protection Oriented Scheme - Series VIII-II (1831 Days),Close Ended Schemes(Income),Regular,False,,,,False,False
139861,UTI - Capital Protection Oriented Scheme - Series VIII-II (1831 Days),Close Ended Schemes(Income),Regular,False,,,,False,False
139859,UTI - Capital Protection Oriented Scheme - Series VIII-II (1831 Days),Close Ended Schemes(Income),Regular,False,,,,False,False
139987,UTI - Capital Protection Oriented Scheme - Series VIII-III (1281 Days),Close Ended Schemes(Income),Regular,False,,,,False,False
139988,UTI - Capital Protection Oriented Scheme - Series VIII-III (1281 Days),Close Ended Schemes(Income),Regular,False,,,,False,False
139985,UTI - Capital Protection Oriented Scheme - Series VIII-III (1281 Days),Close Ended Schemes(Income),Regular,False,,,,False,False
139986,UTI - Capital Protection Oriented Scheme - Series VIII-III (1281 Days),Close Ended Schemes(Income),Regular,False,,,,False,False
140065,UTI - Capital Protection Oriented Scheme - Series VIII-IV (1996 Days),Close Ended Schemes(Income),Regular,False,,,,False,False
140067,UTI - Capital Protection Oriented Scheme - Series VIII-IV (1996 Days),Close Ended Schemes(Income),Regular,False,,,,False,False
140068,UTI - Capital Protection Oriented Scheme - Series VIII-IV (1996 Days),Close Ended Schemes(Income),Regular,False,,,,False,False
140066,UTI - Capital Protection Oriented Scheme - Series VIII-IV (1996 Days),Close Ended Schemes(Income),Regular,False,,,,False,False
143088,UTI - Capital Protection Oriented Scheme - Series X-II (1134 Days),Close Ended Schemes(Income),Regular,False,,,,False,False
143087,UTI - Capital Protection Oriented Scheme - Series X-II (1134 Days),Close Ended Schemes(Income),Regular,False,,,,False,False
143085,UTI - Capital Protection Oriented Scheme - Series X-II (1134 Days),Close Ended Schemes(Income),Regular,False,,,,False,False
143086,UTI - Capital Protection Oriented Scheme - Series X-II (1134 Days),Close Ended Schemes(Income),Regular,False,,,,False,False
135304,UTI - Dual Advantage Fixed Term Fund Series II - I (1998 Days),Close Ended Schemes(Income),Regular,False,,,,False,False
135302,UTI - Dual Advantage Fixed Term Fund Series II - I (1998 Days),Close Ended Schemes(Income),Regular,False,,,,False,False
135303,UTI - Dual Advantage Fixed Term Fund Series II - I (1998 Days),Close Ended Schemes(Income),Regular,False,,,,False,False
135301,UTI - Dual Advantage Fixed Term Fund Series II - I (1998 Days),Close Ended Schemes(Income),Regular,False,,,,False,False
135358,UTI - Dual Advantage Fixed Term Fund Series II-II (1997 Days),Close Ended Schemes(Income),Regular,False,,,,False,False
135359,UTI - Dual Advantage Fixed Term Fund Series II-II (1997 Days),Close Ended Schemes(Income),Regular,False,,,,False,False
135357,UTI - Dual Advantage Fixed Term Fund Series II-II (1997 Days),Close Ended Schemes(Income),Regular,False,,,,False,False
135360,UTI - Dual Advantage Fixed Term Fund Series II-II (1997 Days),Close Ended Schemes(Income),Regular,False,,,,False,False
135513,UTI - Dual Advantage Fixed Term Fund Series II-III (1998 Days),Close Ended Schemes(Income),Regular,False,,,,False,False
135512,UTI - Dual Advantage Fixed Term Fund Series II-III (1998 Days),Close Ended Schemes(Income),Regular,False,,,,False,False
135511,UTI - Dual Advantage Fixed Term Fund Series II-III (1998 Days),Close Ended Schemes(Income),Regular,False,,,,False,False
135510,UTI - Dual Advantage Fixed Term Fund Series II-III (1998 Days),Close Ended Schemes(Income),Regular,False,,,,False,False
135863,UTI - Dual Advantage Fixed Term Fund Series II-IV (1997 Days),Close Ended Schemes(Income),Regular,False,,,,False,False
135860,UTI - Dual Advantage Fixed Term Fund Series II-IV (1997 Days),Close Ended Schemes(Income),Regular,False,,,,False,False
135861,UTI - Dual Advantage Fixed Term Fund Series II-IV (1997 Days),Close Ended Schemes(Income),Regular,False,,,,False,False
135862,UTI - Dual Advantage Fixed Term Fund Series II-IV (1997 Days),Close Ended Schemes(Income),Regular,False,,,,False,False
136124,UTI - Dual Advantage Fixed Term Fund Series II-V (1997 Days),Close Ended Schemes(Income),Regular,False,,,,False,False
136122,UTI - Dual Advantage Fixed Term Fund Series II-V (1997 Days),Close Ended Schemes(Income),Regular,False,,,,False,False
136123,UTI - Dual Advantage Fixed Term Fund Series II-V (1997 Days),Close Ended Schemes(Income),Regular,False,,,,False,False
136121,UTI - Dual Advantage Fixed Term Fund Series II-V (1997 Days),Close Ended Schemes(Income),Regular,False,,,,False,False
136419,UTI - Dual Advantage Fixed Term Fund Series III-I (1998 Days),Close Ended Schemes(Income),Regular,False,,,,False,False
136420,UTI - Dual Advantage Fixed Term Fund Series III-I (1998 Days),Close Ended Schemes(Income),Regular,False,,,,False,False
136418,UTI - Dual Advantage Fixed Term Fund Series III-I (1998 Days),Close Ended Schemes(Income),Regular,False,,,,False,False
136417,UTI - Dual Advantage Fixed Term Fund Series III-I (1998 Days),Close Ended Schemes(Income),Regular,False,,,,False,False
140169,UTI - Dual Advantage Fixed Term Fund Series IV-I (1279 Days),Close Ended Schemes(Income),Regular,False,,,,False,False
140170,UTI - Dual Advantage Fixed Term Fund Series IV-I (1279 Days),Close Ended Schemes(Income),Regular,False,,,,False,False
140171,UTI - Dual Advantage Fixed Term Fund Series IV-I (1279 Days),Close Ended Schemes(Income),Regular,False,,,,False,False
140168,UTI - Dual Advantage Fixed Term Fund Series IV-I (1279 Days),Close Ended Schemes(Income),Regular,False,,,,False,False
140506,UTI - Dual Advantage Fixed Term Fund Series IV-II (1278 Days),Close Ended Schemes(Income),Regular,False,,,,False,False
140507,UTI - Dual Advantage Fixed Term Fund Series IV-II (1278 Days),Close Ended Schemes(Income),Regular,False,,,,False,False
140508,UTI - Dual Advantage Fixed Term Fund Series IV-II (1278 Days),Close Ended Schemes(Income),Regular,False,,,,False,False
140505,UTI - Dual Advantage Fixed Term Fund Series IV-II (1278 Days),Close Ended Schemes(Income),Regular,False,,,,False,False
140542,UTI - Dual Advantage Fixed Term Fund Series IV-III (1279 Days),Close Ended Schemes(Income),Regular,False,,,,False,False
140543,UTI - Dual Advantage Fixed Term Fund Series IV-III (1279 Days),Close Ended Schemes(Income),Regular,False,,,,False,False
140544,UTI - Dual Advantage Fixed Term Fund Series IV-III (1279 Days),Close Ended Schemes(Income),Regular,False,,,,False,False
140541,UTI - Dual Advantage Fixed Term Fund Series IV-III (1279 Days),Close Ended Schemes(Income),Regular,False,,,,False,False
140655,UTI - Dual Advantage Fixed Term Fund Series IV-IV (1997 Days),Close Ended Schemes(Income),Regular,False,,,,False,False
140656,UTI - Dual Advantage Fixed Term Fund Series IV-IV (1997 Days),Close Ended Schemes(Income),Regular,False,,,,False,False
140654,UTI - Dual Advantage Fixed Term Fund Series IV-IV (1997 Days),Close Ended Schemes(Income),Regular,False,,,,False,False
140657,UTI - Dual Advantage Fixed Term Fund Series IV-IV (1997 Days),Close Ended Schemes(Income),Regular,False,,,,False,False
141781,UTI - Dual Advantage Fixed Term Fund Series V - I (1103 Days),Close Ended Schemes(Income),Regular,False,,,,False,False
141780,UTI - Dual Advantage Fixed Term Fund Series V - I (1103 Days),Close Ended Schemes(Income),Regular,False,,,,False,False
141782,UTI - Dual Advantage Fixed Term Fund Series V - I (1103 Days),Close Ended Schemes(Income),Regular,False,,,,False,False
141779,UTI - Dual Advantage Fixed Term Fund Series V - I (1103 Days),Close Ended Schemes(Income),Regular,False,,,,False,False
124596,UTI - FIIF Annual Interval Plan II,Close Ended Schemes(Income),Regular,False,,,,False,False
106338,UTI - FIIF Annual Interval Plan II,Close Ended Schemes(Income),Regular,False,,,,False,False
124595,UTI - FIIF Annual Interval Plan II,Close Ended Schemes(Income),Regular,False,,,,False,False
106337,UTI - FIIF Annual Interval Plan II,Close Ended Schemes(Income),Regular,False,,,,False,False
126030,UTI - FIIF Annual Interval Plan IV,Close Ended Schemes(Income),Regular,False,,,,False,False
107070,UTI - FIIF Annual Interval Plan IV,Close Ended Schemes(Income),Regular,False,,,,False,False
126031,UTI - FIIF Annual Interval Plan IV,Close Ended Schemes(Income),Regular,False,,,,False,False
107071,UTI - FIIF Annual Interval Plan IV,Close Ended Schemes(Income),Regular,False,,,,False,False
122641,UTI - FIIF Half Yearly Plan I,Close Ended Schemes(Income),Regular,False,,,,False,False
107089,UTI - FIIF Half Yearly Plan I,Close Ended Schemes(Income),Regular,False,,,,False,False
122642,UTI - FIIF Half Yearly Plan I,Close Ended Schemes(Income),Regular,False,,,,False,False
107088,UTI - FIIF Half Yearly Plan I,Close Ended Schemes(Income),Regular,False,,,,False,False
125952,UTI - FIIF Half Yearly Plan II,Close Ended Schemes(Income),Regular,False,,,,False,False
107226,UTI - FIIF Half Yearly Plan II,Close Ended Schemes(Income),Regular,False,,,,False,False
125953,UTI - FIIF Half Yearly Plan II,Close Ended Schemes(Income),Regular,False,,,,False,False
107228,UTI - FIIF Half Yearly Plan II,Close Ended Schemes(Income),Regular,False,,,,False,False
120970,UTI - FIIF Monthly Interval Plan I,Close Ended Schemes(Income),Regular,False,,,,False,False
106145,UTI - FIIF Monthly Interval Plan I,Close Ended Schemes(Income),Regular,False,,,,False,False
106549,UTI - FIIF Monthly Interval Plan I,Close Ended Schemes(Income),Regular,False,,,,False,False
120975,UTI - FIIF Monthly Interval Plan I,Close Ended Schemes(Income),Regular,False,,,,False,False
106146,UTI - FIIF Monthly Interval Plan I,Close Ended Schemes(Income),Regular,False,,,,False,False
120902,UTI - FIIF Monthly Interval Plan II,Close Ended Schemes(Income),Regular,False,,,,False,False
107195,UTI - FIIF Monthly Interval Plan II,Close Ended Schemes(Income),Regular,False,,,,False,False
120903,UTI - FIIF Monthly Interval Plan II,Close Ended Schemes(Income),Regular,False,,,,False,False
107193,UTI - FIIF Monthly Interval Plan II,Close Ended Schemes(Income),Regular,False,,,,False,False
121412,UTI - FIIF Quarterly Interval Plan III,Close Ended Schemes(Income),Regular,False,,,,False,False
106365,UTI - FIIF Quarterly Interval Plan III,Close Ended Schemes(Income),Regular,False,,,,False,False
121413,UTI - FIIF Quarterly Interval Plan III,Close Ended Schemes(Income),Regular,False,,,,False,False
106366,UTI - FIIF Quarterly Interval Plan III,Close Ended Schemes(Income),Regular,False,,,,False,False
106367,UTI - FIIF Quarterly Interval Plan III,Close Ended Schemes(Income),Regular,False,,,,False,False
121034,UTI - FIIF Sr-2 Quarterly Interval Plan IV,Close Ended Schemes(Income),Regular,False,,,,False,False
109466,UTI - FIIF Sr-2 Quarterly Interval Plan IV,Close Ended Schemes(Income),Regular,False,,,,False,False
109465,UTI - FIIF Sr-2 Quarterly Interval Plan IV,Close Ended Schemes(Income),Regular,False,,,,False,False
121033,UTI - FIIF Sr-2 Quarterly Interval Plan IV,Close Ended Schemes(Income),Regular,False,,,,False,False
109464,UTI - FIIF Sr-2 Quarterly Interval Plan IV,Close Ended Schemes(Income),Regular,False,,,,False,False
120877,UTI - FIIF Sr-2 Quarterly Interval Plan VII,Close Ended Schemes(Income),Regular,False,,,,False,False
110468,UTI - FIIF Sr-2 Quarterly Interval Plan VII,Close Ended Schemes(Income),Regular,False,,,,False,False
120876,UTI - FIIF Sr-2 Quarterly Interval Plan VII,Close Ended Schemes(Income),Regular,False,,,,False,False
110469,UTI - FIIF Sr-2 Quarterly Interval Plan VII,Close Ended Schemes(Income),Regular,False,,,,False,False
143099,UTI - Fixed Term Income fund - Series XXIX - I (1134 DAYS),Close Ended Schemes(Income),Regular,False,,,,False,False
143108,UTI - Fixed Term Income fund - Series XXIX - I (1134 DAYS),Close Ended Schemes(Income),Regular,False,,,,False,False
143106,UTI - Fixed Term Income fund - Series XXIX - I (1134 DAYS),Close Ended Schemes(Income),Regular,False,,,,False,False
143105,UTI - Fixed Term Income fund - Series XXIX - I (1134 DAYS),Close Ended Schemes(Income),Regular,False,,,,False,False
143102,UTI - Fixed Term Income fund - Series XXIX - I (1134 DAYS),Close Ended Schemes(Income),Regular,False,,,,False,False
143101,UTI - Fixed Term Income fund - Series XXIX - I (1134 DAYS),Close Ended Schemes(Income),Regular,False,,,,False,False
143107,UTI - Fixed Term Income fund - Series XXIX - I (1134 DAYS),Close Ended Schemes(Income),Regular,False,,,,False,False
143100,UTI - Fixed Term Income fund - Series XXIX - I (1134 DAYS),Close Ended Schemes(Income),Regular,False,,,,False,False
143104,UTI - Fixed Term Income fund - Series XXIX - I (1134 DAYS),Close Ended Schemes(Income),Regular,False,,,,False,False
143215,UTI - Fixed Term Income fund - Series XXIX - II (1118 DAYS),Close Ended Schemes(Income),Regular,False,,,,False,False
143220,UTI - Fixed Term Income fund - Series XXIX - II (1118 DAYS),Close Ended Schemes(Income),Regular,False,,,,False,False
143209,UTI - Fixed Term Income fund - Series XXIX - II (1118 DAYS),Close Ended Schemes(Income),Regular,False,,,,False,False
143216,UTI - Fixed Term Income fund - Series XXIX - II (1118 DAYS),Close Ended Schemes(Income),Regular,False,,,,False,False
143218,UTI - Fixed Term Income fund - Series XXIX - II (1118 DAYS),Close Ended Schemes(Income),Regular,False,,,,False,False
143217,UTI - Fixed Term Income fund - Series XXIX - II (1118 DAYS),Close Ended Schemes(Income),Regular,False,,,,False,False
143219,UTI - Fixed Term Income fund - Series XXIX - II (1118 DAYS),Close Ended Schemes(Income),Regular,False,,,,False,False
143210,UTI - Fixed Term Income fund - Series XXIX - II (1118 DAYS),Close Ended Schemes(Income),Regular,False,,,,False,False
143221,UTI - Fixed Term Income fund - Series XXIX - II (1118 DAYS),Close Ended Schemes(Income),Regular,False,,,,False,False
143276,UTI - Fixed Term Income fund - Series XXIX - III (1131 DAYS),Close Ended Schemes(Income),Regular,False,,,,False,False
143282,UTI - Fixed Term Income fund - Series XXIX - III (1131 DAYS),Close Ended Schemes(Income),Regular,False,,,,False,False
143277,UTI - Fixed Term Income fund - Series XXIX - III (1131 DAYS),Close Ended Schemes(Income),Regular,False,,,,False,False
143275,UTI - Fixed Term Income fund - Series XXIX - III (1131 DAYS),Close Ended Schemes(Income),Regular,False,,,,False,False
143283,UTI - Fixed Term Income fund - Series XXIX - III (1131 DAYS),Close Ended Schemes(Income),Regular,False,,,,False,False
143280,UTI - Fixed Term Income fund - Series XXIX - III (1131 DAYS),Close Ended Schemes(Income),Regular,False,,,,False,False
143279,UTI - Fixed Term Income fund - Series XXIX - III (1131 DAYS),Close Ended Schemes(Income),Regular,False,,,,False,False
143274,UTI - Fixed Term Income fund - Series XXIX - III (1131 DAYS),Close Ended Schemes(Income),Regular,False,,,,False,False
143278,UTI - Fixed Term Income fund - Series XXIX - III (1131 DAYS),Close Ended Schemes(Income),Regular,False,,,,False,False
143422,UTI - Fixed Term Income fund - Series XXIX - IV (1422 DAYS),Close Ended Schemes(Income),Regular,False,,,,False,False
143425,UTI - Fixed Term Income fund - Series XXIX - IV (1422 DAYS),Close Ended Schemes(Income),Regular,False,,,,False,False
143360,UTI - Fixed Term Income fund - Series XXIX - IV (1422 DAYS),Close Ended Schemes(Income),Regular,False,,,,False,False
143361,UTI - Fixed Term Income fund - Series XXIX - IV (1422 DAYS),Close Ended Schemes(Income),Regular,False,,,,False,False
143863,UTI - Fixed Term Income fund - Series XXIX - IX (1109 DAYS),Close Ended Schemes(Income),Regular,False,,,,False,False
143866,UTI - Fixed Term Income fund - Series XXIX - IX (1109 DAYS),Close Ended Schemes(Income),Regular,False,,,,False,False
143867,UTI - Fixed Term Income fund - Series XXIX - IX (1109 DAYS),Close Ended Schemes(Income),Regular,False,,,,False,False
143865,UTI - Fixed Term Income fund - Series XXIX - IX (1109 DAYS),Close Ended Schemes(Income),Regular,False,,,,False,False
143872,UTI - Fixed Term Income fund - Series XXIX - IX (1109 DAYS),Close Ended Schemes(Income),Regular,False,,,,False,False
143871,UTI - Fixed Term Income fund - Series XXIX - IX (1109 DAYS),Close Ended Schemes(Income),Regular,False,,,,False,False
143870,UTI - Fixed Term Income fund - Series XXIX - IX (1109 DAYS),Close Ended Schemes(Income),Regular,False,,,,False,False
143868,UTI - Fixed Term Income fund - Series XXIX - IX (1109 DAYS),Close Ended Schemes(Income),Regular,False,,,,False,False
143428,UTI - Fixed Term Income fund - Series XXIX - V (1113 DAYS),Close Ended Schemes(Income),Regular,False,,,,False,False
143431,UTI - Fixed Term Income fund - Series XXIX - V (1113 DAYS),Close Ended Schemes(Income),Regular,False,,,,False,False
143430,UTI - Fixed Term Income fund - Series XXIX - V (1113 DAYS),Close Ended Schemes(Income),Regular,False,,,,False,False
143429,UTI - Fixed Term Income fund - Series XXIX - V (1113 DAYS),Close Ended Schemes(Income),Regular,False,,,,False,False
143432,UTI - Fixed Term Income fund - Series XXIX - V (1113 DAYS),Close Ended Schemes(Income),Regular,False,,,,False,False
143434,UTI - Fixed Term Income fund - Series XXIX - V (1113 DAYS),Close Ended Schemes(Income),Regular,False,,,,False,False
143433,UTI - Fixed Term Income fund - Series XXIX - V (1113 DAYS),Close Ended Schemes(Income),Regular,False,,,,False,False
143436,UTI - Fixed Term Income fund - Series XXIX - V (1113 DAYS),Close Ended Schemes(Income),Regular,False,,,,False,False
143437,UTI - Fixed Term Income fund - Series XXIX - V (1113 DAYS),Close Ended Schemes(Income),Regular,False,,,,False,False
143435,UTI - Fixed Term Income fund - Series XXIX - V (1113 DAYS),Close Ended Schemes(Income),Regular,False,,,,False,False
143563,UTI - Fixed Term Income fund - Series XXIX - VI (1135 DAYS),Close Ended Schemes(Income),Regular,False,,,,False,False
143568,UTI - Fixed Term Income fund - Series XXIX - VI (1135 DAYS),Close Ended Schemes(Income),Regular,False,,,,False,False
143562,UTI - Fixed Term Income fund - Series XXIX - VI (1135 DAYS),Close Ended Schemes(Income),Regular,False,,,,False,False
143567,UTI - Fixed Term Income fund - Series XXIX - VI (1135 DAYS),Close Ended Schemes(Income),Regular,False,,,,False,False
143737,UTI - Fixed Term Income fund - Series XXIX - VII (1135 DAYS),Close Ended Schemes(Income),Regular,False,,,,False,False
143740,UTI - Fixed Term Income fund - Series XXIX - VII (1135 DAYS),Close Ended Schemes(Income),Regular,False,,,,False,False
143745,UTI - Fixed Term Income fund - Series XXIX - VII (1135 DAYS),Close Ended Schemes(Income),Regular,False,,,,False,False
143741,UTI - Fixed Term Income fund - Series XXIX - VII (1135 DAYS),Close Ended Schemes(Income),Regular,False,,,,False,False
143744,UTI - Fixed Term Income fund - Series XXIX - VII (1135 DAYS),Close Ended Schemes(Income),Regular,False,,,,False,False
143800,UTI - Fixed Term Income fund - Series XXIX - VIII (1127 DAYS),Close Ended Schemes(Income),Regular,False,,,,False,False
143808,UTI - Fixed Term Income fund - Series XXIX - VIII (1127 DAYS),Close Ended Schemes(Income),Regular,False,,,,False,False
143802,UTI - Fixed Term Income fund - Series XXIX - VIII (1127 DAYS),Close Ended Schemes(Income),Regular,False,,,,False,False
143801,UTI - Fixed Term Income fund - Series XXIX - VIII (1127 DAYS),Close Ended Schemes(Income),Regular,False,,,,False,False
143804,UTI - Fixed Term Income fund - Series XXIX - VIII (1127 DAYS),Close Ended Schemes(Income),Regular,False,,,,False,False
143806,UTI - Fixed Term Income fund - Series XXIX - VIII (1127 DAYS),Close Ended Schemes(Income),Regular,False,,,,False,False
143805,UTI - Fixed Term Income fund - Series XXIX - VIII (1127 DAYS),Close Ended Schemes(Income),Regular,False,,,,False,False
143799,UTI - Fixed Term Income fund - Series XXIX - VIII (1127 DAYS),Close Ended Schemes(Income),Regular,False,,,,False,False
143803,UTI - Fixed Term Income fund - Series XXIX - VIII (1127 DAYS),Close Ended Schemes(Income),Regular,False,,,,False,False
144003,UTI - Fixed Term Income fund - Series XXIX - XI (1112 DAYS),Close Ended Schemes(Income),Regular,False,,,,False,False
143999,UTI - Fixed Term Income fund - Series XXIX - XI (1112 DAYS),Close Ended Schemes(Income),Regular,False,,,,False,False
143997,UTI - Fixed Term Income fund - Series XXIX - XI (1112 DAYS),Close Ended Schemes(Income),Regular,False,,,,False,False
144006,UTI - Fixed Term Income fund - Series XXIX - XI (1112 DAYS),Close Ended Schemes(Income),Regular,False,,,,False,False
144103,UTI - Fixed Term Income fund - Series XXIX - XIII (1122 DAYS),Close Ended Schemes(Income),Regular,False,,,,False,False
144097,UTI - Fixed Term Income fund - Series XXIX - XIII (1122 DAYS),Close Ended Schemes(Income),Regular,False,,,,False,False
144095,UTI - Fixed Term Income fund - Series XXIX - XIII (1122 DAYS),Close Ended Schemes(Income),Regular,False,,,,False,False
144102,UTI - Fixed Term Income fund - Series XXIX - XIII (1122 DAYS),Close Ended Schemes(Income),Regular,False,,,,False,False
144100,UTI - Fixed Term Income fund - Series XXIX - XIII (1122 DAYS),Close Ended Schemes(Income),Regular,False,,,,False,False
144099,UTI - Fixed Term Income fund - Series XXIX - XIII (1122 DAYS),Close Ended Schemes(Income),Regular,False,,,,False,False
144104,UTI - Fixed Term Income fund - Series XXIX - XIII (1122 DAYS),Close Ended Schemes(Income),Regular,False,,,,False,False
144096,UTI - Fixed Term Income fund - Series XXIX - XIII (1122 DAYS),Close Ended Schemes(Income),Regular,False,,,,False,False
144098,UTI - Fixed Term Income fund - Series XXIX - XIII (1122 DAYS),Close Ended Schemes(Income),Regular,False,,,,False,False
144202,UTI - Fixed Term Income fund - Series XXIX - XIV (1131 DAYS),Close Ended Schemes(Income),Regular,False,,,,False,False
144209,UTI - Fixed Term Income fund - Series XXIX - XIV (1131 DAYS),Close Ended Schemes(Income),Regular,False,,,,False,False
144201,UTI - Fixed Term Income fund - Series XXIX - XIV (1131 DAYS),Close Ended Schemes(Income),Regular,False,,,,False,False
144206,UTI - Fixed Term Income fund - Series XXIX - XIV (1131 DAYS),Close Ended Schemes(Income),Regular,False,,,,False,False
144227,UTI - Fixed Term Income fund - Series XXIX - XV (1124 DAYS),Close Ended Schemes(Income),Regular,False,,,,False,False
144231,UTI - Fixed Term Income fund - Series XXIX - XV (1124 DAYS),Close Ended Schemes(Income),Regular,False,,,,False,False
144573,UTI - Fixed Term Income fund - Series XXX - I (1104 DAYS),Close Ended Schemes(Income),Regular,False,,,,False,False
144572,UTI - Fixed Term Income fund - Series XXX - I (1104 DAYS),Close Ended Schemes(Income),Regular,False,,,,False,False
144575,UTI - Fixed Term Income fund - Series XXX - I (1104 DAYS),Close Ended Schemes(Income),Regular,False,,,,False,False
144577,UTI - Fixed Term Income fund - Series XXX - I (1104 DAYS),Close Ended Schemes(Income),Regular,False,,,,False,False
144576,UTI - Fixed Term Income fund - Series XXX - I (1104 DAYS),Close Ended Schemes(Income),Regular,False,,,,False,False
144579,UTI - Fixed Term Income fund - Series XXX - I (1104 DAYS),Close Ended Schemes(Income),Regular,False,,,,False,False
144571,UTI - Fixed Term Income fund - Series XXX - I (1104 DAYS),Close Ended Schemes(Income),Regular,False,,,,False,False
144574,UTI - Fixed Term Income fund - Series XXX - I (1104 DAYS),Close Ended Schemes(Income),Regular,False,,,,False,False
144659,UTI - Fixed Term Income fund - Series XXX - II (1107 DAYS),Close Ended Schemes(Income),Regular,False,,,,False,False
144661,UTI - Fixed Term Income fund - Series XXX - II (1107 DAYS),Close Ended Schemes(Income),Regular,False,,,,False,False
144666,UTI - Fixed Term Income fund - Series XXX - II (1107 DAYS),Close Ended Schemes(Income),Regular,False,,,,False,False
144663,UTI - Fixed Term Income fund - Series XXX - II (1107 DAYS),Close Ended Schemes(Income),Regular,False,,,,False,False
144731,UTI - Fixed Term Income Fund Series XXX-III (1106 Days),Close Ended Schemes(Income),Regular,False,,,,False,False
144732,UTI - Fixed Term Income Fund Series XXX-III (1106 Days),Close Ended Schemes(Income),Regular,False,,,,False,False
144736,UTI - Fixed Term Income Fund Series XXX-III (1106 Days),Close Ended Schemes(Income),Regular,False,,,,False,False
144739,UTI - Fixed Term Income Fund Series XXX-III (1106 Days),Close Ended Schemes(Income),Regular,False,,,,False,False
144738,UTI - Fixed Term Income Fund Series XXX-III (1106 Days),Close Ended Schemes(Income),Regular,False,,,,False,False
144734,UTI - Fixed Term Income Fund Series XXX-III (1106 Days),Close Ended Schemes(Income),Regular,False,,,,False,False
144740,UTI - Fixed Term Income Fund Series XXX-III (1106 Days),Close Ended Schemes(Income),Regular,False,,,,False,False
144733,UTI - Fixed Term Income Fund Series XXX-III (1106 Days),Close Ended Schemes(Income),Regular,False,,,,False,False
144737,UTI - Fixed Term Income Fund Series XXX-III (1106 Days),Close Ended Schemes(Income),Regular,False,,,,False,False
144735,UTI - Fixed Term Income Fund Series XXX-III (1106 Days),Close Ended Schemes(Income),Regular,False,,,,False,False
144954,UTI - Fixed Term Income Fund Series XXX-IV (1125 Days),Close Ended Schemes(Income),Regular,False,,,,False,False
144956,UTI - Fixed Term Income Fund Series XXX-IV (1125 Days),Close Ended Schemes(Income),Regular,False,,,,False,False
144955,UTI - Fixed Term Income Fund Series XXX-IV (1125 Days),Close Ended Schemes(Income),Regular,False,,,,False,False
144950,UTI - Fixed Term Income Fund Series XXX-IV (1125 Days),Close Ended Schemes(Income),Regular,False,,,,False,False
144949,UTI - Fixed Term Income Fund Series XXX-IV (1125 Days),Close Ended Schemes(Income),Regular,False,,,,False,False
144948,UTI - Fixed Term Income Fund Series XXX-IV (1125 Days),Close Ended Schemes(Income),Regular,False,,,,False,False
144951,UTI - Fixed Term Income Fund Series XXX-IV (1125 Days),Close Ended Schemes(Income),Regular,False,,,,False,False
144957,UTI - Fixed Term Income Fund Series XXX-IV (1125 Days),Close Ended Schemes(Income),Regular,False,,,,False,False
144953,UTI - Fixed Term Income Fund Series XXX-IV (1125 Days),Close Ended Schemes(Income),Regular,False,,,,False,False
144952,UTI - Fixed Term Income Fund Series XXX-IV (1125 Days),Close Ended Schemes(Income),Regular,False,,,,False,False
145339,UTI - Fixed Term Income Fund Series XXX-IX (1266 Days),Close Ended Schemes(Income),Regular,False,,,,False,False
145334,UTI - Fixed Term Income Fund Series XXX-IX (1266 Days),Close Ended Schemes(Income),Regular,False,,,,False,False
145341,UTI - Fixed Term Income Fund Series XXX-IX (1266 Days),Close Ended Schemes(Income),Regular,False,,,,False,False
145340,UTI - Fixed Term Income Fund Series XXX-IX (1266 Days),Close Ended Schemes(Income),Regular,False,,,,False,False
145337,UTI - Fixed Term Income Fund Series XXX-IX (1266 Days),Close Ended Schemes(Income),Regular,False,,,,False,False
145336,UTI - Fixed Term Income Fund Series XXX-IX (1266 Days),Close Ended Schemes(Income),Regular,False,,,,False,False
145335,UTI - Fixed Term Income Fund Series XXX-IX (1266 Days),Close Ended Schemes(Income),Regular,False,,,,False,False
145338,UTI - Fixed Term Income Fund Series XXX-IX (1266 Days),Close Ended Schemes(Income),Regular,False,,,,False,False
145009,UTI - Fixed Term Income Fund Series XXX-V (1135 Days),Close Ended Schemes(Income),Regular,False,,,,False,False
145016,UTI - Fixed Term Income Fund Series XXX-V (1135 Days),Close Ended Schemes(Income),Regular,False,,,,False,False
145010,UTI - Fixed Term Income Fund Series XXX-V (1135 Days),Close Ended Schemes(Income),Regular,False,,,,False,False
145014,UTI - Fixed Term Income Fund Series XXX-V (1135 Days),Close Ended Schemes(Income),Regular,False,,,,False,False
145145,UTI - Fixed Term Income Fund Series XXX-VI (1107 Days),Close Ended Schemes(Income),Regular,False,,,,False,False
145153,UTI - Fixed Term Income Fund Series XXX-VI (1107 Days),Close Ended Schemes(Income),Regular,False,,,,False,False
145146,UTI - Fixed Term Income Fund Series XXX-VI (1107 Days),Close Ended Schemes(Income),Regular,False,,,,False,False
145154,UTI - Fixed Term Income Fund Series XXX-VI (1107 Days),Close Ended Schemes(Income),Regular,False,,,,False,False
145152,UTI - Fixed Term Income Fund Series XXX-VI (1107 Days),Close Ended Schemes(Income),Regular,False,,,,False,False
145148,UTI - Fixed Term Income Fund Series XXX-VI (1107 Days),Close Ended Schemes(Income),Regular,False,,,,False,False
145150,UTI - Fixed Term Income Fund Series XXX-VI (1107 Days),Close Ended Schemes(Income),Regular,False,,,,False,False
145149,UTI - Fixed Term Income Fund Series XXX-VI (1107 Days),Close Ended Schemes(Income),Regular,False,,,,False,False
145329,UTI - Fixed Term Income Fund Series XXX-VIII (1286 Days),Close Ended Schemes(Income),Regular,False,,,,False,False
145325,UTI - Fixed Term Income Fund Series XXX-VIII (1286 Days),Close Ended Schemes(Income),Regular,False,,,,False,False
145415,UTI - Fixed Term Income Fund Series XXX-X (1267 Days),Close Ended Schemes(Income),Regular,False,,,,False,False
145419,UTI - Fixed Term Income Fund Series XXX-X (1267 Days),Close Ended Schemes(Income),Regular,False,,,,False,False
145422,UTI - Fixed Term Income Fund Series XXX-X (1267 Days),Close Ended Schemes(Income),Regular,False,,,,False,False
145423,UTI - Fixed Term Income Fund Series XXX-X (1267 Days),Close Ended Schemes(Income),Regular,False,,,,False,False
145424,UTI - Fixed Term Income Fund Series XXX-X (1267 Days),Close Ended Schemes(Income),Regular,False,,,,False,False
145505,UTI - Fixed Term Income Fund Series XXX-XI (1246 Days),Close Ended Schemes(Income),Regular,False,,,,False,False
145512,UTI - Fixed Term Income Fund Series XXX-XI (1246 Days),Close Ended Schemes(Income),Regular,False,,,,False,False
145506,UTI - Fixed Term Income Fund Series XXX-XI (1246 Days),Close Ended Schemes(Income),Regular,False,,,,False,False
145511,UTI - Fixed Term Income Fund Series XXX-XI (1246 Days),Close Ended Schemes(Income),Regular,False,,,,False,False
145507,UTI - Fixed Term Income Fund Series XXX-XI (1246 Days),Close Ended Schemes(Income),Regular,False,,,,False,False
145513,UTI - Fixed Term Income Fund Series XXX-XI (1246 Days),Close Ended Schemes(Income),Regular,False,,,,False,False
145508,UTI - Fixed Term Income Fund Series XXX-XI (1246 Days),Close Ended Schemes(Income),Regular,False,,,,False,False
145514,UTI - Fixed Term Income Fund Series XXX-XI (1246 Days),Close Ended Schemes(Income),Regular,False,,,,False,False
145510,UTI - Fixed Term Income Fund Series XXX-XI (1246 Days),Close Ended Schemes(Income),Regular,False,,,,False,False
145553,UTI - Fixed Term Income Fund Series XXX-XII (1254 Days),Close Ended Schemes(Income),Regular,False,,,,False,False
145555,UTI - Fixed Term Income Fund Series XXX-XII (1254 Days),Close Ended Schemes(Income),Regular,False,,,,False,False
145556,UTI - Fixed Term Income Fund Series XXX-XII (1254 Days),Close Ended Schemes(Income),Regular,False,,,,False,False
145558,UTI - Fixed Term Income Fund Series XXX-XII (1254 Days),Close Ended Schemes(Income),Regular,False,,,,False,False
145557,UTI - Fixed Term Income Fund Series XXX-XII (1254 Days),Close Ended Schemes(Income),Regular,False,,,,False,False
145561,UTI - Fixed Term Income Fund Series XXX-XII (1254 Days),Close Ended Schemes(Income),Regular,False,,,,False,False
145654,UTI - Fixed Term Income Fund Series XXX-XIII (1224 Days),Close Ended Schemes(Income),Regular,False,,,,False,False
145650,UTI - Fixed Term Income Fund Series XXX-XIII (1224 Days),Close Ended Schemes(Income),Regular,False,,,,False,False
145655,UTI - Fixed Term Income Fund Series XXX-XIII (1224 Days),Close Ended Schemes(Income),Regular,False,,,,False,False
145653,UTI - Fixed Term Income Fund Series XXX-XIII (1224 Days),Close Ended Schemes(Income),Regular,False,,,,False,False
145651,UTI - Fixed Term Income Fund Series XXX-XIII (1224 Days),Close Ended Schemes(Income),Regular,False,,,,False,False
145658,UTI - Fixed Term Income Fund Series XXX-XIII (1224 Days),Close Ended Schemes(Income),Regular,False,,,,False,False
145657,UTI - Fixed Term Income Fund Series XXX-XIII (1224 Days),Close Ended Schemes(Income),Regular,False,,,,False,False
145652,UTI - Fixed Term Income Fund Series XXX-XIII (1224 Days),Close Ended Schemes(Income),Regular,False,,,,False,False
145838,UTI - Fixed Term Income Fund Series XXX-XIV (1209 Days),Close Ended Schemes(Income),Regular,False,,,,False,False
145842,UTI - Fixed Term Income Fund Series XXX-XIV (1209 Days),Close Ended Schemes(Income),Regular,False,,,,False,False
145835,UTI - Fixed Term Income Fund Series XXX-XIV (1209 Days),Close Ended Schemes(Income),Regular,False,,,,False,False
145840,UTI - Fixed Term Income Fund Series XXX-XIV (1209 Days),Close Ended Schemes(Income),Regular,False,,,,False,False
145839,UTI - Fixed Term Income Fund Series XXX-XIV (1209 Days),Close Ended Schemes(Income),Regular,False,,,,False,False
145836,UTI - Fixed Term Income Fund Series XXX-XIV (1209 Days),Close Ended Schemes(Income),Regular,False,,,,False,False
145837,UTI - Fixed Term Income Fund Series XXX-XIV (1209 Days),Close Ended Schemes(Income),Regular,False,,,,False,False
145844,UTI - Fixed Term Income Fund Series XXX-XIV (1209 Days),Close Ended Schemes(Income),Regular,False,,,,False,False
145843,UTI - Fixed Term Income Fund Series XXX-XIV (1209 Days),Close Ended Schemes(Income),Regular,False,,,,False,False
145845,UTI - Fixed Term Income Fund Series XXX-XV (1223 Days),Close Ended Schemes(Income),Regular,False,,,,False,False
145848,UTI - Fixed Term Income Fund Series XXX-XV (1223 Days),Close Ended Schemes(Income),Regular,False,,,,False,False
145851,UTI - Fixed Term Income Fund Series XXX-XV (1223 Days),Close Ended Schemes(Income),Regular,False,,,,False,False
145939,UTI - Fixed Term Income Fund Series XXXI-I (1209 Days),Close Ended Schemes(Income),Regular,False,,,,False,False
145940,UTI - Fixed Term Income Fund Series XXXI-I (1209 Days),Close Ended Schemes(Income),Regular,False,,,,False,False
145941,UTI - Fixed Term Income Fund Series XXXI-I (1209 Days),Close Ended Schemes(Income),Regular,False,,,,False,False
145936,UTI - Fixed Term Income Fund Series XXXI-I (1209 Days),Close Ended Schemes(Income),Regular,False,,,,False,False
145935,UTI - Fixed Term Income Fund Series XXXI-I (1209 Days),Close Ended Schemes(Income),Regular,False,,,,False,False
146037,UTI - Fixed Term Income Fund Series XXXI-II (1222 Days),Close Ended Schemes(Income),Regular,False,,,,False,False
146031,UTI - Fixed Term Income Fund Series XXXI-II (1222 Days),Close Ended Schemes(Income),Regular,False,,,,False,False
146039,UTI - Fixed Term Income Fund Series XXXI-II (1222 Days),Close Ended Schemes(Income),Regular,False,,,,False,False
146036,UTI - Fixed Term Income Fund Series XXXI-II (1222 Days),Close Ended Schemes(Income),Regular,False,,,,False,False
146040,UTI - Fixed Term Income Fund Series XXXI-II (1222 Days),Close Ended Schemes(Income),Regular,False,,,,False,False
146033,UTI - Fixed Term Income Fund Series XXXI-II (1222 Days),Close Ended Schemes(Income),Regular,False,,,,False,False
146035,UTI - Fixed Term Income Fund Series XXXI-II (1222 Days),Close Ended Schemes(Income),Regular,False,,,,False,False
146032,UTI - Fixed Term Income Fund Series XXXI-II (1222 Days),Close Ended Schemes(Income),Regular,False,,,,False,False
146034,UTI - Fixed Term Income Fund Series XXXI-II (1222 Days),Close Ended Schemes(Income),Regular,False,,,,False,False
146038,UTI - Fixed Term Income Fund Series XXXI-II (1222 Days),Close Ended Schemes(Income),Regular,False,,,,False,False
146245,UTI - Fixed Term Income Fund Series XXXI-III (1174 Days),Close Ended Schemes(Income),Regular,False,,,,False,False
146247,UTI - Fixed Term Income Fund Series XXXI-III (1174 Days),Close Ended Schemes(Income),Regular,False,,,,False,False
146246,UTI - Fixed Term Income Fund Series XXXI-III (1174 Days),Close Ended Schemes(Income),Regular,False,,,,False,False
146243,UTI - Fixed Term Income Fund Series XXXI-III (1174 Days),Close Ended Schemes(Income),Regular,False,,,,False,False
146239,UTI - Fixed Term Income Fund Series XXXI-III (1174 Days),Close Ended Schemes(Income),Regular,False,,,,False,False
146248,UTI - Fixed Term Income Fund Series XXXI-III (1174 Days),Close Ended Schemes(Income),Regular,False,,,,False,False
146244,UTI - Fixed Term Income Fund Series XXXI-III (1174 Days),Close Ended Schemes(Income),Regular,False,,,,False,False
146242,UTI - Fixed Term Income Fund Series XXXI-III (1174 Days),Close Ended Schemes(Income),Regular,False,,,,False,False
146241,UTI - Fixed Term Income Fund Series XXXI-III (1174 Days),Close Ended Schemes(Income),Regular,False,,,,False,False
146261,UTI - Fixed Term Income Fund Series XXXI-IV (1204 Days),Close Ended Schemes(Income),Regular,False,,,,False,False
146264,UTI - Fixed Term Income Fund Series XXXI-IV (1204 Days),Close Ended Schemes(Income),Regular,False,,,,False,False
146262,UTI - Fixed Term Income Fund Series XXXI-IV (1204 Days),Close Ended Schemes(Income),Regular,False,,,,False,False
146263,UTI - Fixed Term Income Fund Series XXXI-IV (1204 Days),Close Ended Schemes(Income),Regular,False,,,,False,False
146268,UTI - Fixed Term Income Fund Series XXXI-IV (1204 Days),Close Ended Schemes(Income),Regular,False,,,,False,False
146270,UTI - Fixed Term Income Fund Series XXXI-IV (1204 Days),Close Ended Schemes(Income),Regular,False,,,,False,False
146269,UTI - Fixed Term Income Fund Series XXXI-IV (1204 Days),Close Ended Schemes(Income),Regular,False,,,,False,False
146266,UTI - Fixed Term Income Fund Series XXXI-IV (1204 Days),Close Ended Schemes(Income),Regular,False,,,,False,False
146265,UTI - Fixed Term Income Fund Series XXXI-IV (1204 Days),Close Ended Schemes(Income),Regular,False,,,,False,False
146863,UTI - Fixed Term Income Fund Series XXXI-IX (1168 Days),Close Ended Schemes(Income),Regular,False,,,,False,False
146862,UTI - Fixed Term Income Fund Series XXXI-IX (1168 Days),Close Ended Schemes(Income),Regular,False,,,,False,False
146864,UTI - Fixed Term Income Fund Series XXXI-IX (1168 Days),Close Ended Schemes(Income),Regular,False,,,,False,False
146859,UTI - Fixed Term Income Fund Series XXXI-IX (1168 Days),Close Ended Schemes(Income),Regular,False,,,,False,False
146858,UTI - Fixed Term Income Fund Series XXXI-IX (1168 Days),Close Ended Schemes(Income),Regular,False,,,,False,False
146857,UTI - Fixed Term Income Fund Series XXXI-IX (1168 Days),Close Ended Schemes(Income),Regular,False,,,,False,False
146860,UTI - Fixed Term Income Fund Series XXXI-IX (1168 Days),Close Ended Schemes(Income),Regular,False,,,,False,False
146865,UTI - Fixed Term Income Fund Series XXXI-IX (1168 Days),Close Ended Schemes(Income),Regular,False,,,,False,False
146861,UTI - Fixed Term Income Fund Series XXXI-IX (1168 Days),Close Ended Schemes(Income),Regular,False,,,,False,False
146475,UTI - Fixed Term Income Fund Series XXXI-V (1174 Days),Close Ended Schemes(Income),Regular,False,,,,False,False
146478,UTI - Fixed Term Income Fund Series XXXI-V (1174 Days),Close Ended Schemes(Income),Regular,False,,,,False,False
146482,UTI - Fixed Term Income Fund Series XXXI-V (1174 Days),Close Ended Schemes(Income),Regular,False,,,,False,False
146476,UTI - Fixed Term Income Fund Series XXXI-V (1174 Days),Close Ended Schemes(Income),Regular,False,,,,False,False
146484,UTI - Fixed Term Income Fund Series XXXI-V (1174 Days),Close Ended Schemes(Income),Regular,False,,,,False,False
146481,UTI - Fixed Term Income Fund Series XXXI-V (1174 Days),Close Ended Schemes(Income),Regular,False,,,,False,False
146479,UTI - Fixed Term Income Fund Series XXXI-V (1174 Days),Close Ended Schemes(Income),Regular,False,,,,False,False
146480,UTI - Fixed Term Income Fund Series XXXI-V (1174 Days),Close Ended Schemes(Income),Regular,False,,,,False,False
146477,UTI - Fixed Term Income Fund Series XXXI-V (1174 Days),Close Ended Schemes(Income),Regular,False,,,,False,False
146538,UTI - Fixed Term Income Fund Series XXXI-VI (1167 Days),Close Ended Schemes(Income),Regular,False,,,,False,False
146539,UTI - Fixed Term Income Fund Series XXXI-VI (1167 Days),Close Ended Schemes(Income),Regular,False,,,,False,False
146541,UTI - Fixed Term Income Fund Series XXXI-VI (1167 Days),Close Ended Schemes(Income),Regular,False,,,,False,False
146540,UTI - Fixed Term Income Fund Series XXXI-VI (1167 Days),Close Ended Schemes(Income),Regular,False,,,,False,False
146537,UTI - Fixed Term Income Fund Series XXXI-VI (1167 Days),Close Ended Schemes(Income),Regular,False,,,,False,False
146536,UTI - Fixed Term Income Fund Series XXXI-VI (1167 Days),Close Ended Schemes(Income),Regular,False,,,,False,False
146544,UTI - Fixed Term Income Fund Series XXXI-VI (1167 Days),Close Ended Schemes(Income),Regular,False,,,,False,False
146608,UTI - Fixed Term Income Fund Series XXXI-VII (1155 Days),Close Ended Schemes(Income),Regular,False,,,,False,False
146613,UTI - Fixed Term Income Fund Series XXXI-VII (1155 Days),Close Ended Schemes(Income),Regular,False,,,,False,False
146609,UTI - Fixed Term Income Fund Series XXXI-VII (1155 Days),Close Ended Schemes(Income),Regular,False,,,,False,False
146611,UTI - Fixed Term Income Fund Series XXXI-VII (1155 Days),Close Ended Schemes(Income),Regular,False,,,,False,False
146610,UTI - Fixed Term Income Fund Series XXXI-VII (1155 Days),Close Ended Schemes(Income),Regular,False,,,,False,False
146614,UTI - Fixed Term Income Fund Series XXXI-VII (1155 Days),Close Ended Schemes(Income),Regular,False,,,,False,False
146615,UTI - Fixed Term Income Fund Series XXXI-VII (1155 Days),Close Ended Schemes(Income),Regular,False,,,,False,False
146617,UTI - Fixed Term Income Fund Series XXXI-VII (1155 Days),Close Ended Schemes(Income),Regular,False,,,,False,False
146616,UTI - Fixed Term Income Fund Series XXXI-VII (1155 Days),Close Ended Schemes(Income),Regular,False,,,,False,False
146706,UTI - Fixed Term Income Fund Series XXXI-VIII (1153 Days),Close Ended Schemes(Income),Regular,False,,,,False,False
146709,UTI - Fixed Term Income Fund Series XXXI-VIII (1153 Days),Close Ended Schemes(Income),Regular,False,,,,False,False
146715,UTI - Fixed Term Income Fund Series XXXI-VIII (1153 Days),Close Ended Schemes(Income),Regular,False,,,,False,False
146708,UTI - Fixed Term Income Fund Series XXXI-VIII (1153 Days),Close Ended Schemes(Income),Regular,False,,,,False,False
146713,UTI - Fixed Term Income Fund Series XXXI-VIII (1153 Days),Close Ended Schemes(Income),Regular,False,,,,False,False
146707,UTI - Fixed Term Income Fund Series XXXI-VIII (1153 Days),Close Ended Schemes(Income),Regular,False,,,,False,False
146714,UTI - Fixed Term Income Fund Series XXXI-VIII (1153 Days),Close Ended Schemes(Income),Regular,False,,,,False,False
146711,UTI - Fixed Term Income Fund Series XXXI-VIII (1153 Days),Close Ended Schemes(Income),Regular,False,,,,False,False
146872,UTI - Fixed Term Income Fund Series XXXI-X (1168 Days),Close Ended Schemes(Income),Regular,False,,,,False,False
146876,UTI - Fixed Term Income Fund Series XXXI-X (1168 Days),Close Ended Schemes(Income),Regular,False,,,,False,False
146874,UTI - Fixed Term Income Fund Series XXXI-X (1168 Days),Close Ended Schemes(Income),Regular,False,,,,False,False
146873,UTI - Fixed Term Income Fund Series XXXI-X (1168 Days),Close Ended Schemes(Income),Regular,False,,,,False,False
146867,UTI - Fixed Term Income Fund Series XXXI-X (1168 Days),Close Ended Schemes(Income),Regular,False,,,,False,False
146871,UTI - Fixed Term Income Fund Series XXXI-X (1168 Days),Close Ended Schemes(Income),Regular,False,,,,False,False
146987,UTI - Fixed Term Income Fund Series XXXI-XI (1169 Days),Close Ended Schemes(Income),Regular,False,,,,False,False
146990,UTI - Fixed Term Income Fund Series XXXI-XI (1169 Days),Close Ended Schemes(Income),Regular,False,,,,False,False
146995,UTI - Fixed Term Income Fund Series XXXI-XI (1169 Days),Close Ended Schemes(Income),Regular,False,,,,False,False
146989,UTI - Fixed Term Income Fund Series XXXI-XI (1169 Days),Close Ended Schemes(Income),Regular,False,,,,False,False
146988,UTI - Fixed Term Income Fund Series XXXI-XI (1169 Days),Close Ended Schemes(Income),Regular,False,,,,False,False
146996,UTI - Fixed Term Income Fund Series XXXI-XI (1169 Days),Close Ended Schemes(Income),Regular,False,,,,False,False
146994,UTI - Fixed Term Income Fund Series XXXI-XI (1169 Days),Close Ended Schemes(Income),Regular,False,,,,False,False
146991,UTI - Fixed Term Income Fund Series XXXI-XI (1169 Days),Close Ended Schemes(Income),Regular,False,,,,False,False
147071,UTI - Fixed Term Income Fund Series XXXI-XII (1148 Days),Close Ended Schemes(Income),Regular,False,,,,False,False
147076,UTI - Fixed Term Income Fund Series XXXI-XII (1148 Days),Close Ended Schemes(Income),Regular,False,,,,False,False
147072,UTI - Fixed Term Income Fund Series XXXI-XII (1148 Days),Close Ended Schemes(Income),Regular,False,,,,False,False
147073,UTI - Fixed Term Income Fund Series XXXI-XII (1148 Days),Close Ended Schemes(Income),Regular,False,,,,False,False
147077,UTI - Fixed Term Income Fund Series XXXI-XII (1148 Days),Close Ended Schemes(Income),Regular,False,,,,False,False
147079,UTI - Fixed Term Income Fund Series XXXI-XII (1148 Days),Close Ended Schemes(Income),Regular,False,,,,False,False
147078,UTI - Fixed Term Income Fund Series XXXI-XII (1148 Days),Close Ended Schemes(Income),Regular,False,,,,False,False
147165,UTI - Fixed Term Income Fund Series XXXI-XIII (1127 Days),Close Ended Schemes(Income),Regular,False,,,,False,False
147168,UTI - Fixed Term Income Fund Series XXXI-XIII (1127 Days),Close Ended Schemes(Income),Regular,False,,,,False,False
147166,UTI - Fixed Term Income Fund Series XXXI-XIII (1127 Days),Close Ended Schemes(Income),Regular,False,,,,False,False
147172,UTI - Fixed Term Income Fund Series XXXI-XIII (1127 Days),Close Ended Schemes(Income),Regular,False,,,,False,False
147174,UTI - Fixed Term Income Fund Series XXXI-XIII (1127 Days),Close Ended Schemes(Income),Regular,False,,,,False,False
147169,UTI - Fixed Term Income Fund Series XXXI-XIII (1127 Days),Close Ended Schemes(Income),Regular,False,,,,False,False
147255,UTI - Fixed Term Income Fund Series XXXI-XIV (1111 Days),Close Ended Schemes(Income),Regular,False,,,,False,False
147257,UTI - Fixed Term Income Fund Series XXXI-XIV (1111 Days),Close Ended Schemes(Income),Regular,False,,,,False,False
147259,UTI - Fixed Term Income Fund Series XXXI-XIV (1111 Days),Close Ended Schemes(Income),Regular,False,,,,False,False
147256,UTI - Fixed Term Income Fund Series XXXI-XIV (1111 Days),Close Ended Schemes(Income),Regular,False,,,,False,False
147261,UTI - Fixed Term Income Fund Series XXXI-XIV (1111 Days),Close Ended Schemes(Income),Regular,False,,,,False,False
147263,UTI - Fixed Term Income Fund Series XXXI-XIV (1111 Days),Close Ended Schemes(Income),Regular,False,,,,False,False
147264,UTI - Fixed Term Income Fund Series XXXI-XIV (1111 Days),Close Ended Schemes(Income),Regular,False,,,,False,False
147262,UTI - Fixed Term Income Fund Series XXXI-XIV (1111 Days),Close Ended Schemes(Income),Regular,False,,,,False,False
147322,UTI - Fixed Term Income Fund Series XXXI-XV (1099 Days),Close Ended Schemes(Income),Regular,False,,,,False,False
147328,UTI - Fixed Term Income Fund Series XXXI-XV (1099 Days),Close Ended Schemes(Income),Regular,False,,,,False,False
147321,UTI - Fixed Term Income Fund Series XXXI-XV (1099 Days),Close Ended Schemes(Income),Regular,False,,,,False,False
147324,UTI - Fixed Term Income Fund Series XXXI-XV (1099 Days),Close Ended Schemes(Income),Regular,False,,,,False,False
147323,UTI - Fixed Term Income Fund Series XXXI-XV (1099 Days),Close Ended Schemes(Income),Regular,False,,,,False,False
147329,UTI - Fixed Term Income Fund Series XXXI-XV (1099 Days),Close Ended Schemes(Income),Regular,False,,,,False,False
147327,UTI - Fixed Term Income Fund Series XXXI-XV (1099 Days),Close Ended Schemes(Income),Regular,False,,,,False,False
147326,UTI - Fixed Term Income Fund Series XXXI-XV (1099 Days),Close Ended Schemes(Income),Regular,False,,,,False,False
147330,UTI - Fixed Term Income Fund Series XXXI-XV (1099 Days),Close Ended Schemes(Income),Regular,False,,,,False,False
147363,UTI - Fixed Term Income Fund Series XXXII-I(1126 Days),Close Ended Schemes(Income),Regular,False,,,,False,False
147364,UTI - Fixed Term Income Fund Series XXXII-I(1126 Days),Close Ended Schemes(Income),Regular,False,,,,False,False
147362,UTI - Fixed Term Income Fund Series XXXII-I(1126 Days),Close Ended Schemes(Income),Regular,False,,,,False,False
147369,UTI - Fixed Term Income Fund Series XXXII-I(1126 Days),Close Ended Schemes(Income),Regular,False,,,,False,False
147365,UTI - Fixed Term Income Fund Series XXXII-I(1126 Days),Close Ended Schemes(Income),Regular,False,,,,False,False
147367,UTI - Fixed Term Income Fund Series XXXII-I(1126 Days),Close Ended Schemes(Income),Regular,False,,,,False,False
147361,UTI - Fixed Term Income Fund Series XXXII-I(1126 Days),Close Ended Schemes(Income),Regular,False,,,,False,False
147366,UTI - Fixed Term Income Fund Series XXXII-I(1126 Days),Close Ended Schemes(Income),Regular,False,,,,False,False
147368,UTI - Fixed Term Income Fund Series XXXII-I(1126 Days),Close Ended Schemes(Income),Regular,False,,,,False,False
147411,UTI - Fixed Term Income Fund Series XXXII-II(1111 Days),Close Ended Schemes(Income),Regular,False,,,,False,False
147420,UTI - Fixed Term Income Fund Series XXXII-II(1111 Days),Close Ended Schemes(Income),Regular,False,,,,False,False
147414,UTI - Fixed Term Income Fund Series XXXII-II(1111 Days),Close Ended Schemes(Income),Regular,False,,,,False,False
147415,UTI - Fixed Term Income Fund Series XXXII-II(1111 Days),Close Ended Schemes(Income),Regular,False,,,,False,False
147412,UTI - Fixed Term Income Fund Series XXXII-II(1111 Days),Close Ended Schemes(Income),Regular,False,,,,False,False
147416,UTI - Fixed Term Income Fund Series XXXII-II(1111 Days),Close Ended Schemes(Income),Regular,False,,,,False,False
147419,UTI - Fixed Term Income Fund Series XXXII-II(1111 Days),Close Ended Schemes(Income),Regular,False,,,,False,False
147418,UTI - Fixed Term Income Fund Series XXXII-II(1111 Days),Close Ended Schemes(Income),Regular,False,,,,False,False
147417,UTI - Fixed Term Income Fund Series XXXII-II(1111 Days),Close Ended Schemes(Income),Regular,False,,,,False,False
148197,UTI - Fixed Term Income Fund Series XXXIII-I (1135 Days),Close Ended Schemes(Income),Regular,False,,,,False,False
148205,UTI - Fixed Term Income Fund Series XXXIII-I (1135 Days),Close Ended Schemes(Income),Regular,False,,,,False,False
148198,UTI - Fixed Term Income Fund Series XXXIII-I (1135 Days),Close Ended Schemes(Income),Regular,False,,,,False,False
148200,UTI - Fixed Term Income Fund Series XXXIII-I (1135 Days),Close Ended Schemes(Income),Regular,False,,,,False,False
148199,UTI - Fixed Term Income Fund Series XXXIII-I (1135 Days),Close Ended Schemes(Income),Regular,False,,,,False,False
148196,UTI - Fixed Term Income Fund Series XXXIII-I (1135 Days),Close Ended Schemes(Income),Regular,False,,,,False,False
148204,UTI - Fixed Term Income Fund Series XXXIII-I (1135 Days),Close Ended Schemes(Income),Regular,False,,,,False,False
148203,UTI - Fixed Term Income Fund Series XXXIII-I (1135 Days),Close Ended Schemes(Income),Regular,False,,,,False,False
148202,UTI - Fixed Term Income Fund Series XXXIII-I (1135 Days),Close Ended Schemes(Income),Regular,False,,,,False,False
141175,UTI - FTIF - Series XXVI - Plan IX(1113 Days),Close Ended Schemes(Income),Regular,False,,,,False,False
141176,UTI - FTIF - Series XXVI - Plan IX(1113 Days),Close Ended Schemes(Income),Regular,False,,,,False,False
141168,UTI - FTIF - Series XXVI - Plan IX(1113 Days),Close Ended Schemes(Income),Regular,False,,,,False,False
141167,UTI - FTIF - Series XXVI - Plan IX(1113 Days),Close Ended Schemes(Income),Regular,False,,,,False,False
141169,UTI - FTIF - Series XXVI - Plan IX(1113 Days),Close Ended Schemes(Income),Regular,False,,,,False,False
141170,UTI - FTIF - Series XXVI - Plan IX(1113 Days),Close Ended Schemes(Income),Regular,False,,,,False,False
141173,UTI - FTIF - Series XXVI - Plan IX(1113 Days),Close Ended Schemes(Income),Regular,False,,,,False,False
141174,UTI - FTIF - Series XXVI - Plan IX(1113 Days),Close Ended Schemes(Income),Regular,False,,,,False,False
141171,UTI - FTIF - Series XXVI - Plan IX(1113 Days),Close Ended Schemes(Income),Regular,False,,,,False,False
141201,UTI - FTIF - Series XXVI - Plan X (1107 Days),Close Ended Schemes(Income),Regular,False,,,,False,False
141200,UTI - FTIF - Series XXVI - Plan X (1107 Days),Close Ended Schemes(Income),Regular,False,,,,False,False
141193,UTI - FTIF - Series XXVI - Plan X (1107 Days),Close Ended Schemes(Income),Regular,False,,,,False,False
141194,UTI - FTIF - Series XXVI - Plan X (1107 Days),Close Ended Schemes(Income),Regular,False,,,,False,False
141199,UTI - FTIF - Series XXVI - Plan X (1107 Days),Close Ended Schemes(Income),Regular,False,,,,False,False
141196,UTI - FTIF - Series XXVI - Plan X (1107 Days),Close Ended Schemes(Income),Regular,False,,,,False,False
141195,UTI - FTIF - Series XXVI - Plan X (1107 Days),Close Ended Schemes(Income),Regular,False,,,,False,False
141197,UTI - FTIF - Series XXVI - Plan X (1107 Days),Close Ended Schemes(Income),Regular,False,,,,False,False
141198,UTI - FTIF - Series XXVI - Plan X (1107 Days),Close Ended Schemes(Income),Regular,False,,,,False,False
141242,UTI - FTIF - Series XXVI - Plan XI (1105 Days),Close Ended Schemes(Income),Regular,False,,,,False,False
141233,UTI - FTIF - Series XXVI - Plan XI (1105 Days),Close Ended Schemes(Income),Regular,False,,,,False,False
141236,UTI - FTIF - Series XXVI - Plan XI (1105 Days),Close Ended Schemes(Income),Regular,False,,,,False,False
141238,UTI - FTIF - Series XXVI - Plan XI (1105 Days),Close Ended Schemes(Income),Regular,False,,,,False,False
141237,UTI - FTIF - Series XXVI - Plan XI (1105 Days),Close Ended Schemes(Income),Regular,False,,,,False,False
141234,UTI - FTIF - Series XXVI - Plan XI (1105 Days),Close Ended Schemes(Income),Regular,False,,,,False,False
141235,UTI - FTIF - Series XXVI - Plan XI (1105 Days),Close Ended Schemes(Income),Regular,False,,,,False,False
141240,UTI - FTIF - Series XXVI - Plan XI (1105 Days),Close Ended Schemes(Income),Regular,False,,,,False,False
141239,UTI - FTIF - Series XXVI - Plan XI (1105 Days),Close Ended Schemes(Income),Regular,False,,,,False,False
141241,UTI - FTIF - Series XXVI - Plan XI (1105 Days),Close Ended Schemes(Income),Regular,False,,,,False,False
141292,UTI - FTIF - Series XXVI - Plan XII (1096 Days),Close Ended Schemes(Income),Regular,False,,,,False,False
141287,UTI - FTIF - Series XXVI - Plan XII (1096 Days),Close Ended Schemes(Income),Regular,False,,,,False,False
141293,UTI - FTIF - Series XXVI - Plan XII (1096 Days),Close Ended Schemes(Income),Regular,False,,,,False,False
141296,UTI - FTIF - Series XXVI - Plan XII (1096 Days),Close Ended Schemes(Income),Regular,False,,,,False,False
141288,UTI - FTIF - Series XXVI - Plan XII (1096 Days),Close Ended Schemes(Income),Regular,False,,,,False,False
141290,UTI - FTIF - Series XXVI - Plan XII (1096 Days),Close Ended Schemes(Income),Regular,False,,,,False,False
141289,UTI - FTIF - Series XXVI - Plan XII (1096 Days),Close Ended Schemes(Income),Regular,False,,,,False,False
141291,UTI - FTIF - Series XXVI - Plan XII (1096 Days),Close Ended Schemes(Income),Regular,False,,,,False,False
141295,UTI - FTIF - Series XXVI - Plan XII (1096 Days),Close Ended Schemes(Income),Regular,False,,,,False,False
141308,UTI - FTIF - Series XXVI - Plan XIII (1124 Days),Close Ended Schemes(Income),Regular,False,,,,False,False
141307,UTI - FTIF - Series XXVI - Plan XIII (1124 Days),Close Ended Schemes(Income),Regular,False,,,,False,False
141309,UTI - FTIF - Series XXVI - Plan XIII (1124 Days),Close Ended Schemes(Income),Regular,False,,,,False,False
141315,UTI - FTIF - Series XXVI - Plan XIII (1124 Days),Close Ended Schemes(Income),Regular,False,,,,False,False
141313,UTI - FTIF - Series XXVI - Plan XIII (1124 Days),Close Ended Schemes(Income),Regular,False,,,,False,False
141312,UTI - FTIF - Series XXVI - Plan XIII (1124 Days),Close Ended Schemes(Income),Regular,False,,,,False,False
141311,UTI - FTIF - Series XXVI - Plan XIII (1124 Days),Close Ended Schemes(Income),Regular,False,,,,False,False
141314,UTI - FTIF - Series XXVI - Plan XIII (1124 Days),Close Ended Schemes(Income),Regular,False,,,,False,False
141316,UTI - FTIF - Series XXVI - Plan XIII (1124 Days),Close Ended Schemes(Income),Regular,False,,,,False,False
141394,UTI - FTIF - Series XXVI - Plan XIV (1105 Days),Close Ended Schemes(Income),Regular,False,,,,False,False
141395,UTI - FTIF - Series XXVI - Plan XIV (1105 Days),Close Ended Schemes(Income),Regular,False,,,,False,False
141402,UTI - FTIF - Series XXVI - Plan XIV (1105 Days),Close Ended Schemes(Income),Regular,False,,,,False,False
141396,UTI - FTIF - Series XXVI - Plan XIV (1105 Days),Close Ended Schemes(Income),Regular,False,,,,False,False
141397,UTI - FTIF - Series XXVI - Plan XIV (1105 Days),Close Ended Schemes(Income),Regular,False,,,,False,False
141398,UTI - FTIF - Series XXVI - Plan XIV (1105 Days),Close Ended Schemes(Income),Regular,False,,,,False,False
141399,UTI - FTIF - Series XXVI - Plan XIV (1105 Days),Close Ended Schemes(Income),Regular,False,,,,False,False
141400,UTI - FTIF - Series XXVI - Plan XIV (1105 Days),Close Ended Schemes(Income),Regular,False,,,,False,False
141403,UTI - FTIF - Series XXVI - Plan XIV (1105 Days),Close Ended Schemes(Income),Regular,False,,,,False,False
141401,UTI - FTIF - Series XXVI - Plan XIV (1105 Days),Close Ended Schemes(Income),Regular,False,,,,False,False
141453,UTI - FTIF - Series XXVI - Plan XV (1097 Days),Close Ended Schemes(Income),Regular,False,,,,False,False
141452,UTI - FTIF - Series XXVI - Plan XV (1097 Days),Close Ended Schemes(Income),Regular,False,,,,False,False
141455,UTI - FTIF - Series XXVI - Plan XV (1097 Days),Close Ended Schemes(Income),Regular,False,,,,False,False
141454,UTI - FTIF - Series XXVI - Plan XV (1097 Days),Close Ended Schemes(Income),Regular,False,,,,False,False
141456,UTI - FTIF - Series XXVI - Plan XV (1097 Days),Close Ended Schemes(Income),Regular,False,,,,False,False
141451,UTI - FTIF - Series XXVI - Plan XV (1097 Days),Close Ended Schemes(Income),Regular,False,,,,False,False
141449,UTI - FTIF - Series XXVI - Plan XV (1097 Days),Close Ended Schemes(Income),Regular,False,,,,False,False
141450,UTI - FTIF - Series XXVI - Plan XV (1097 Days),Close Ended Schemes(Income),Regular,False,,,,False,False
141457,UTI - FTIF - Series XXVI - Plan XV (1097 Days),Close Ended Schemes(Income),Regular,False,,,,False,False
141478,UTI - FTIF - Series XXVII - Plan I (1113 Days),Close Ended Schemes(Income),Regular,False,,,,False,False
141480,UTI - FTIF - Series XXVII - Plan I (1113 Days),Close Ended Schemes(Income),Regular,False,,,,False,False
141485,UTI - FTIF - Series XXVII - Plan I (1113 Days),Close Ended Schemes(Income),Regular,False,,,,False,False
141479,UTI - FTIF - Series XXVII - Plan I (1113 Days),Close Ended Schemes(Income),Regular,False,,,,False,False
141486,UTI - FTIF - Series XXVII - Plan I (1113 Days),Close Ended Schemes(Income),Regular,False,,,,False,False
141482,UTI - FTIF - Series XXVII - Plan I (1113 Days),Close Ended Schemes(Income),Regular,False,,,,False,False
141484,UTI - FTIF - Series XXVII - Plan I (1113 Days),Close Ended Schemes(Income),Regular,False,,,,False,False
141481,UTI - FTIF - Series XXVII - Plan I (1113 Days),Close Ended Schemes(Income),Regular,False,,,,False,False
141487,UTI - FTIF - Series XXVII - Plan I (1113 Days),Close Ended Schemes(Income),Regular,False,,,,False,False
141483,UTI - FTIF - Series XXVII - Plan I (1113 Days),Close Ended Schemes(Income),Regular,False,,,,False,False
141531,UTI - FTIF - Series XXVII - Plan II (1161 Days),Close Ended Schemes(Income),Regular,False,,,,False,False
141534,UTI - FTIF - Series XXVII - Plan II (1161 Days),Close Ended Schemes(Income),Regular,False,,,,False,False
141532,UTI - FTIF - Series XXVII - Plan II (1161 Days),Close Ended Schemes(Income),Regular,False,,,,False,False
141537,UTI - FTIF - Series XXVII - Plan II (1161 Days),Close Ended Schemes(Income),Regular,False,,,,False,False
141539,UTI - FTIF - Series XXVII - Plan II (1161 Days),Close Ended Schemes(Income),Regular,False,,,,False,False
141536,UTI - FTIF - Series XXVII - Plan II (1161 Days),Close Ended Schemes(Income),Regular,False,,,,False,False
141540,UTI - FTIF - Series XXVII - Plan II (1161 Days),Close Ended Schemes(Income),Regular,False,,,,False,False
141538,UTI - FTIF - Series XXVII - Plan II (1161 Days),Close Ended Schemes(Income),Regular,False,,,,False,False
141570,UTI - FTIF - Series XXVII - Plan III (1096 Days),Close Ended Schemes(Income),Regular,False,,,,False,False
141572,UTI - FTIF - Series XXVII - Plan III (1096 Days),Close Ended Schemes(Income),Regular,False,,,,False,False
141571,UTI - FTIF - Series XXVII - Plan III (1096 Days),Close Ended Schemes(Income),Regular,False,,,,False,False
141569,UTI - FTIF - Series XXVII - Plan III (1096 Days),Close Ended Schemes(Income),Regular,False,,,,False,False
141576,UTI - FTIF - Series XXVII - Plan III (1096 Days),Close Ended Schemes(Income),Regular,False,,,,False,False
141573,UTI - FTIF - Series XXVII - Plan III (1096 Days),Close Ended Schemes(Income),Regular,False,,,,False,False
141574,UTI - FTIF - Series XXVII - Plan III (1096 Days),Close Ended Schemes(Income),Regular,False,,,,False,False
141577,UTI - FTIF - Series XXVII - Plan III (1096 Days),Close Ended Schemes(Income),Regular,False,,,,False,False
141621,UTI - FTIF - Series XXVII - Plan IV (1113 Days),Close Ended Schemes(Income),Regular,False,,,,False,False
141622,UTI - FTIF - Series XXVII - Plan IV (1113 Days),Close Ended Schemes(Income),Regular,False,,,,False,False
141620,UTI - FTIF - Series XXVII - Plan IV (1113 Days),Close Ended Schemes(Income),Regular,False,,,,False,False
141626,UTI - FTIF - Series XXVII - Plan IV (1113 Days),Close Ended Schemes(Income),Regular,False,,,,False,False
141627,UTI - FTIF - Series XXVII - Plan IV (1113 Days),Close Ended Schemes(Income),Regular,False,,,,False,False
141629,UTI - FTIF - Series XXVII - Plan IV (1113 Days),Close Ended Schemes(Income),Regular,False,,,,False,False
141623,UTI - FTIF - Series XXVII - Plan IV (1113 Days),Close Ended Schemes(Income),Regular,False,,,,False,False
141625,UTI - FTIF - Series XXVII - Plan IV (1113 Days),Close Ended Schemes(Income),Regular,False,,,,False,False
141624,UTI - FTIF - Series XXVII - Plan IV (1113 Days),Close Ended Schemes(Income),Regular,False,,,,False,False
141628,UTI - FTIF - Series XXVII - Plan IV (1113 Days),Close Ended Schemes(Income),Regular,False,,,,False,False
141718,UTI - FTIF - Series XXVII - Plan V (1097 Days),Close Ended Schemes(Income),Regular,False,,,,False,False
141715,UTI - FTIF - Series XXVII - Plan V (1097 Days),Close Ended Schemes(Income),Regular,False,,,,False,False
141710,UTI - FTIF - Series XXVII - Plan V (1097 Days),Close Ended Schemes(Income),Regular,False,,,,False,False
141717,UTI - FTIF - Series XXVII - Plan V (1097 Days),Close Ended Schemes(Income),Regular,False,,,,False,False
141716,UTI - FTIF - Series XXVII - Plan V (1097 Days),Close Ended Schemes(Income),Regular,False,,,,False,False
141711,UTI - FTIF - Series XXVII - Plan V (1097 Days),Close Ended Schemes(Income),Regular,False,,,,False,False
141712,UTI - FTIF - Series XXVII - Plan V (1097 Days),Close Ended Schemes(Income),Regular,False,,,,False,False
141719,UTI - FTIF - Series XXVII - Plan V (1097 Days),Close Ended Schemes(Income),Regular,False,,,,False,False
141714,UTI - FTIF - Series XXVII - Plan V (1097 Days),Close Ended Schemes(Income),Regular,False,,,,False,False
141713,UTI - FTIF - Series XXVII - Plan V (1097 Days),Close Ended Schemes(Income),Regular,False,,,,False,False
141748,UTI - FTIF - Series XXVII - Plan VI (1113 Days),Close Ended Schemes(Income),Regular,False,,,,False,False
141750,UTI - FTIF - Series XXVII - Plan VI (1113 Days),Close Ended Schemes(Income),Regular,False,,,,False,False
141757,UTI - FTIF - Series XXVII - Plan VI (1113 Days),Close Ended Schemes(Income),Regular,False,,,,False,False
141756,UTI - FTIF - Series XXVII - Plan VI (1113 Days),Close Ended Schemes(Income),Regular,False,,,,False,False
141749,UTI - FTIF - Series XXVII - Plan VI (1113 Days),Close Ended Schemes(Income),Regular,False,,,,False,False
141752,UTI - FTIF - Series XXVII - Plan VI (1113 Days),Close Ended Schemes(Income),Regular,False,,,,False,False
141754,UTI - FTIF - Series XXVII - Plan VI (1113 Days),Close Ended Schemes(Income),Regular,False,,,,False,False
141751,UTI - FTIF - Series XXVII - Plan VI (1113 Days),Close Ended Schemes(Income),Regular,False,,,,False,False
141753,UTI - FTIF - Series XXVII - Plan VI (1113 Days),Close Ended Schemes(Income),Regular,False,,,,False,False
141755,UTI - FTIF - Series XXVII - Plan VI (1113 Days),Close Ended Schemes(Income),Regular,False,,,,False,False
141769,UTI - FTIF - Series XXVII - Plan VII (1104 Days),Close Ended Schemes(Income),Regular,False,,,,False,False
141778,UTI - FTIF - Series XXVII - Plan VII (1104 Days),Close Ended Schemes(Income),Regular,False,,,,False,False
141771,UTI - FTIF - Series XXVII - Plan VII (1104 Days),Close Ended Schemes(Income),Regular,False,,,,False,False
141770,UTI - FTIF - Series XXVII - Plan VII (1104 Days),Close Ended Schemes(Income),Regular,False,,,,False,False
141776,UTI - FTIF - Series XXVII - Plan VII (1104 Days),Close Ended Schemes(Income),Regular,False,,,,False,False
141777,UTI - FTIF - Series XXVII - Plan VII (1104 Days),Close Ended Schemes(Income),Regular,False,,,,False,False
141775,UTI - FTIF - Series XXVII - Plan VII (1104 Days),Close Ended Schemes(Income),Regular,False,,,,False,False
141773,UTI - FTIF - Series XXVII - Plan VII (1104 Days),Close Ended Schemes(Income),Regular,False,,,,False,False
141774,UTI - FTIF - Series XXVII - Plan VII (1104 Days),Close Ended Schemes(Income),Regular,False,,,,False,False
139393,UTI - FTIF Series XXIV - XIV (1831 Days),Close Ended Schemes(Income),Regular,False,,,,False,False
139397,UTI - FTIF Series XXIV - XIV (1831 Days),Close Ended Schemes(Income),Regular,False,,,,False,False
139400,UTI - FTIF Series XXIV - XIV (1831 Days),Close Ended Schemes(Income),Regular,False,,,,False,False
139402,UTI - FTIF Series XXIV - XIV (1831 Days),Close Ended Schemes(Income),Regular,False,,,,False,False
139401,UTI - FTIF Series XXIV - XIV (1831 Days),Close Ended Schemes(Income),Regular,False,,,,False,False
139398,UTI - FTIF Series XXIV - XIV (1831 Days),Close Ended Schemes(Income),Regular,False,,,,False,False
139399,UTI - FTIF Series XXIV - XIV (1831 Days),Close Ended Schemes(Income),Regular,False,,,,False,False
139395,UTI - FTIF Series XXIV - XIV (1831 Days),Close Ended Schemes(Income),Regular,False,,,,False,False
140126,UTI - FTIF Series XXV-Plan-X (1229 Days),Close Ended Schemes(Income),Regular,False,,,,False,False
140130,UTI - FTIF Series XXV-Plan-X (1229 Days),Close Ended Schemes(Income),Regular,False,,,,False,False
140121,UTI - FTIF Series XXV-Plan-X (1229 Days),Close Ended Schemes(Income),Regular,False,,,,False,False
140128,UTI - FTIF Series XXV-Plan-X (1229 Days),Close Ended Schemes(Income),Regular,False,,,,False,False
140125,UTI - FTIF Series XXV-Plan-X (1229 Days),Close Ended Schemes(Income),Regular,False,,,,False,False
140123,UTI - FTIF Series XXV-Plan-X (1229 Days),Close Ended Schemes(Income),Regular,False,,,,False,False
140129,UTI - FTIF Series XXV-Plan-X (1229 Days),Close Ended Schemes(Income),Regular,False,,,,False,False
140124,UTI - FTIF Series XXV-Plan-X (1229 Days),Close Ended Schemes(Income),Regular,False,,,,False,False
140375,UTI - FTIF Series XXV-Plan-XI (1211 Days),Close Ended Schemes(Income),Regular,False,,,,False,False
140367,UTI - FTIF Series XXV-Plan-XI (1211 Days),Close Ended Schemes(Income),Regular,False,,,,False,False
140373,UTI - FTIF Series XXV-Plan-XI (1211 Days),Close Ended Schemes(Income),Regular,False,,,,False,False
140374,UTI - FTIF Series XXV-Plan-XI (1211 Days),Close Ended Schemes(Income),Regular,False,,,,False,False
140376,UTI - FTIF Series XXV-Plan-XI (1211 Days),Close Ended Schemes(Income),Regular,False,,,,False,False
140369,UTI - FTIF Series XXV-Plan-XI (1211 Days),Close Ended Schemes(Income),Regular,False,,,,False,False
140372,UTI - FTIF Series XXV-Plan-XI (1211 Days),Close Ended Schemes(Income),Regular,False,,,,False,False
140368,UTI - FTIF Series XXV-Plan-XI (1211 Days),Close Ended Schemes(Income),Regular,False,,,,False,False
140371,UTI - FTIF Series XXV-Plan-XI (1211 Days),Close Ended Schemes(Income),Regular,False,,,,False,False
140370,UTI - FTIF Series XXV-Plan-XI (1211 Days),Close Ended Schemes(Income),Regular,False,,,,False,False
140416,UTI - FTIF Series XXV-Plan-XII (1198 Days),Close Ended Schemes(Income),Regular,False,,,,False,False
140415,UTI - FTIF Series XXV-Plan-XII (1198 Days),Close Ended Schemes(Income),Regular,False,,,,False,False
140419,UTI - FTIF Series XXV-Plan-XII (1198 Days),Close Ended Schemes(Income),Regular,False,,,,False,False
140423,UTI - FTIF Series XXV-Plan-XII (1198 Days),Close Ended Schemes(Income),Regular,False,,,,False,False
140421,UTI - FTIF Series XXV-Plan-XII (1198 Days),Close Ended Schemes(Income),Regular,False,,,,False,False
140424,UTI - FTIF Series XXV-Plan-XII (1198 Days),Close Ended Schemes(Income),Regular,False,,,,False,False
140418,UTI - FTIF Series XXV-Plan-XII (1198 Days),Close Ended Schemes(Income),Regular,False,,,,False,False
140420,UTI - FTIF Series XXV-Plan-XII (1198 Days),Close Ended Schemes(Income),Regular,False,,,,False,False
140417,UTI - FTIF Series XXV-Plan-XII (1198 Days),Close Ended Schemes(Income),Regular,False,,,,False,False
140471,UTI - FTIF Series XXVI-Plan-I (1182 Days),Close Ended Schemes(Income),Regular,False,,,,False,False
140468,UTI - FTIF Series XXVI-Plan-I (1182 Days),Close Ended Schemes(Income),Regular,False,,,,False,False
140466,UTI - FTIF Series XXVI-Plan-I (1182 Days),Close Ended Schemes(Income),Regular,False,,,,False,False
140474,UTI - FTIF Series XXVI-Plan-I (1182 Days),Close Ended Schemes(Income),Regular,False,,,,False,False
140470,UTI - FTIF Series XXVI-Plan-I (1182 Days),Close Ended Schemes(Income),Regular,False,,,,False,False
140469,UTI - FTIF Series XXVI-Plan-I (1182 Days),Close Ended Schemes(Income),Regular,False,,,,False,False
140473,UTI - FTIF Series XXVI-Plan-I (1182 Days),Close Ended Schemes(Income),Regular,False,,,,False,False
140475,UTI - FTIF Series XXVI-Plan-I (1182 Days),Close Ended Schemes(Income),Regular,False,,,,False,False
140467,UTI - FTIF Series XXVI-Plan-I (1182 Days),Close Ended Schemes(Income),Regular,False,,,,False,False
140472,UTI - FTIF Series XXVI-Plan-I (1182 Days),Close Ended Schemes(Income),Regular,False,,,,False,False
140525,UTI - FTIF Series XXVI-Plan-II (1176 Days),Close Ended Schemes(Income),Regular,False,,,,False,False
140519,UTI - FTIF Series XXVI-Plan-II (1176 Days),Close Ended Schemes(Income),Regular,False,,,,False,False
140524,UTI - FTIF Series XXVI-Plan-II (1176 Days),Close Ended Schemes(Income),Regular,False,,,,False,False
140521,UTI - FTIF Series XXVI-Plan-II (1176 Days),Close Ended Schemes(Income),Regular,False,,,,False,False
140518,UTI - FTIF Series XXVI-Plan-II (1176 Days),Close Ended Schemes(Income),Regular,False,,,,False,False
140526,UTI - FTIF Series XXVI-Plan-II (1176 Days),Close Ended Schemes(Income),Regular,False,,,,False,False
140522,UTI - FTIF Series XXVI-Plan-II (1176 Days),Close Ended Schemes(Income),Regular,False,,,,False,False
140520,UTI - FTIF Series XXVI-Plan-II (1176 Days),Close Ended Schemes(Income),Regular,False,,,,False,False
140523,UTI - FTIF Series XXVI-Plan-II (1176 Days),Close Ended Schemes(Income),Regular,False,,,,False,False
140527,UTI - FTIF Series XXVI-Plan-II (1176 Days),Close Ended Schemes(Income),Regular,False,,,,False,False
140635,UTI - FTIF Series XXVI-Plan-III (1169 Days),Close Ended Schemes(Income),Regular,False,,,,False,False
140636,UTI - FTIF Series XXVI-Plan-III (1169 Days),Close Ended Schemes(Income),Regular,False,,,,False,False
140641,UTI - FTIF Series XXVI-Plan-III (1169 Days),Close Ended Schemes(Income),Regular,False,,,,False,False
140643,UTI - FTIF Series XXVI-Plan-III (1169 Days),Close Ended Schemes(Income),Regular,False,,,,False,False
140640,UTI - FTIF Series XXVI-Plan-III (1169 Days),Close Ended Schemes(Income),Regular,False,,,,False,False
140644,UTI - FTIF Series XXVI-Plan-III (1169 Days),Close Ended Schemes(Income),Regular,False,,,,False,False
140642,UTI - FTIF Series XXVI-Plan-III (1169 Days),Close Ended Schemes(Income),Regular,False,,,,False,False
140853,UTI - FTIF Series XXVI-Plan-V (1160 Days),Close Ended Schemes(Income),Regular,False,,,,False,False
140858,UTI - FTIF Series XXVI-Plan-V (1160 Days),Close Ended Schemes(Income),Regular,False,,,,False,False
140857,UTI - FTIF Series XXVI-Plan-V (1160 Days),Close Ended Schemes(Income),Regular,False,,,,False,False
140856,UTI - FTIF Series XXVI-Plan-V (1160 Days),Close Ended Schemes(Income),Regular,False,,,,False,False
140854,UTI - FTIF Series XXVI-Plan-V (1160 Days),Close Ended Schemes(Income),Regular,False,,,,False,False
140860,UTI - FTIF Series XXVI-Plan-V (1160 Days),Close Ended Schemes(Income),Regular,False,,,,False,False
140855,UTI - FTIF Series XXVI-Plan-V (1160 Days),Close Ended Schemes(Income),Regular,False,,,,False,False
140861,UTI - FTIF Series XXVI-Plan-V (1160 Days),Close Ended Schemes(Income),Regular,False,,,,False,False
140859,UTI - FTIF Series XXVI-Plan-V (1160 Days),Close Ended Schemes(Income),Regular,False,,,,False,False
140969,UTI - FTIF Series XXVI-Plan-VI (1146 Days),Close Ended Schemes(Income),Regular,False,,,,False,False
140964,UTI - FTIF Series XXVI-Plan-VI (1146 Days),Close Ended Schemes(Income),Regular,False,,,,False,False
140971,UTI - FTIF Series XXVI-Plan-VI (1146 Days),Close Ended Schemes(Income),Regular,False,,,,False,False
140970,UTI - FTIF Series XXVI-Plan-VI (1146 Days),Close Ended Schemes(Income),Regular,False,,,,False,False
140967,UTI - FTIF Series XXVI-Plan-VI (1146 Days),Close Ended Schemes(Income),Regular,False,,,,False,False
140968,UTI - FTIF Series XXVI-Plan-VI (1146 Days),Close Ended Schemes(Income),Regular,False,,,,False,False
140966,UTI - FTIF Series XXVI-Plan-VI (1146 Days),Close Ended Schemes(Income),Regular,False,,,,False,False
140973,UTI - FTIF Series XXVI-Plan-VI (1146 Days),Close Ended Schemes(Income),Regular,False,,,,False,False
141012,UTI - FTIF Series XXVI-Plan-VII (1140 Days),Close Ended Schemes(Income),Regular,False,,,,False,False
141013,UTI - FTIF Series XXVI-Plan-VII (1140 Days),Close Ended Schemes(Income),Regular,False,,,,False,False
141014,UTI - FTIF Series XXVI-Plan-VII (1140 Days),Close Ended Schemes(Income),Regular,False,,,,False,False
141008,UTI - FTIF Series XXVI-Plan-VII (1140 Days),Close Ended Schemes(Income),Regular,False,,,,False,False
141017,UTI - FTIF Series XXVI-Plan-VII (1140 Days),Close Ended Schemes(Income),Regular,False,,,,False,False
141016,UTI - FTIF Series XXVI-Plan-VII (1140 Days),Close Ended Schemes(Income),Regular,False,,,,False,False
141015,UTI - FTIF Series XXVI-Plan-VII (1140 Days),Close Ended Schemes(Income),Regular,False,,,,False,False
141011,UTI - FTIF Series XXVI-Plan-VII (1140 Days),Close Ended Schemes(Income),Regular,False,,,,False,False
141010,UTI - FTIF Series XXVI-Plan-VII (1140 Days),Close Ended Schemes(Income),Regular,False,,,,False,False
141119,UTI - FTIF Series XXVI-Plan-VIII (1154 Days),Close Ended Schemes(Income),Regular,False,,,,False,False
141114,UTI - FTIF Series XXVI-Plan-VIII (1154 Days),Close Ended Schemes(Income),Regular,False,,,,False,False
141111,UTI - FTIF Series XXVI-Plan-VIII (1154 Days),Close Ended Schemes(Income),Regular,False,,,,False,False
141113,UTI - FTIF Series XXVI-Plan-VIII (1154 Days),Close Ended Schemes(Income),Regular,False,,,,False,False
141112,UTI - FTIF Series XXVI-Plan-VIII (1154 Days),Close Ended Schemes(Income),Regular,False,,,,False,False
141116,UTI - FTIF Series XXVI-Plan-VIII (1154 Days),Close Ended Schemes(Income),Regular,False,,,,False,False
141115,UTI - FTIF Series XXVI-Plan-VIII (1154 Days),Close Ended Schemes(Income),Regular,False,,,,False,False
141117,UTI - FTIF Series XXVI-Plan-VIII (1154 Days),Close Ended Schemes(Income),Regular,False,,,,False,False
141120,UTI - FTIF Series XXVI-Plan-VIII (1154 Days),Close Ended Schemes(Income),Regular,False,,,,False,False
141843,UTI - FTIF SERIES XXVII - PLAN IX (1160 DAYS),Close Ended Schemes(Income),Regular,False,,,,False,False
141845,UTI - FTIF SERIES XXVII - PLAN IX (1160 DAYS),Close Ended Schemes(Income),Regular,False,,,,False,False
141850,UTI - FTIF SERIES XXVII - PLAN IX (1160 DAYS),Close Ended Schemes(Income),Regular,False,,,,False,False
141822,UTI - FTIF SERIES XXVII - PLAN VIII (1117 DAYS),Close Ended Schemes(Income),Regular,False,,,,False,False
141821,UTI - FTIF SERIES XXVII - PLAN VIII (1117 DAYS),Close Ended Schemes(Income),Regular,False,,,,False,False
141816,UTI - FTIF SERIES XXVII - PLAN VIII (1117 DAYS),Close Ended Schemes(Income),Regular,False,,,,False,False
141815,UTI - FTIF SERIES XXVII - PLAN VIII (1117 DAYS),Close Ended Schemes(Income),Regular,False,,,,False,False
141824,UTI - FTIF SERIES XXVII - PLAN VIII (1117 DAYS),Close Ended Schemes(Income),Regular,False,,,,False,False
141820,UTI - FTIF SERIES XXVII - PLAN VIII (1117 DAYS),Close Ended Schemes(Income),Regular,False,,,,False,False
141818,UTI - FTIF SERIES XXVII - PLAN VIII (1117 DAYS),Close Ended Schemes(Income),Regular,False,,,,False,False
141823,UTI - FTIF SERIES XXVII - PLAN VIII (1117 DAYS),Close Ended Schemes(Income),Regular,False,,,,False,False
141819,UTI - FTIF SERIES XXVII - PLAN VIII (1117 DAYS),Close Ended Schemes(Income),Regular,False,,,,False,False
141906,UTI - FTIF SERIES XXVII - PLAN X (1118 DAYS),Close Ended Schemes(Income),Regular,False,,,,False,False
141899,UTI - FTIF SERIES XXVII - PLAN X (1118 DAYS),Close Ended Schemes(Income),Regular,False,,,,False,False
141900,UTI - FTIF SERIES XXVII - PLAN X (1118 DAYS),Close Ended Schemes(Income),Regular,False,,,,False,False
141904,UTI - FTIF SERIES XXVII - PLAN X (1118 DAYS),Close Ended Schemes(Income),Regular,False,,,,False,False
141901,UTI - FTIF SERIES XXVII - PLAN X (1118 DAYS),Close Ended Schemes(Income),Regular,False,,,,False,False
141903,UTI - FTIF SERIES XXVII - PLAN X (1118 DAYS),Close Ended Schemes(Income),Regular,False,,,,False,False
141907,UTI - FTIF SERIES XXVII - PLAN X (1118 DAYS),Close Ended Schemes(Income),Regular,False,,,,False,False
141902,UTI - FTIF SERIES XXVII - PLAN X (1118 DAYS),Close Ended Schemes(Income),Regular,False,,,,False,False
141905,UTI - FTIF SERIES XXVII - PLAN X (1118 DAYS),Close Ended Schemes(Income),Regular,False,,,,False,False
141945,UTI - FTIF SERIES XXVIII - PLAN I (1230 DAYS),Close Ended Schemes(Income),Regular,False,,,,False,False
141940,UTI - FTIF SERIES XXVIII - PLAN I (1230 DAYS),Close Ended Schemes(Income),Regular,False,,,,False,False
141943,UTI - FTIF SERIES XXVIII - PLAN I (1230 DAYS),Close Ended Schemes(Income),Regular,False,,,,False,False
141944,UTI - FTIF SERIES XXVIII - PLAN I (1230 DAYS),Close Ended Schemes(Income),Regular,False,,,,False,False
141948,UTI - FTIF SERIES XXVIII - PLAN I (1230 DAYS),Close Ended Schemes(Income),Regular,False,,,,False,False
141942,UTI - FTIF SERIES XXVIII - PLAN I (1230 DAYS),Close Ended Schemes(Income),Regular,False,,,,False,False
141939,UTI - FTIF SERIES XXVIII - PLAN I (1230 DAYS),Close Ended Schemes(Income),Regular,False,,,,False,False
141947,UTI - FTIF SERIES XXVIII - PLAN I (1230 DAYS),Close Ended Schemes(Income),Regular,False,,,,False,False
142026,UTI - FTIF SERIES XXVIII - PLAN II (1210 DAYS),Close Ended Schemes(Income),Regular,False,,,,False,False
142029,UTI - FTIF SERIES XXVIII - PLAN II (1210 DAYS),Close Ended Schemes(Income),Regular,False,,,,False,False
142028,UTI - FTIF SERIES XXVIII - PLAN II (1210 DAYS),Close Ended Schemes(Income),Regular,False,,,,False,False
142027,UTI - FTIF SERIES XXVIII - PLAN II (1210 DAYS),Close Ended Schemes(Income),Regular,False,,,,False,False
142033,UTI - FTIF SERIES XXVIII - PLAN II (1210 DAYS),Close Ended Schemes(Income),Regular,False,,,,False,False
142032,UTI - FTIF SERIES XXVIII - PLAN II (1210 DAYS),Close Ended Schemes(Income),Regular,False,,,,False,False
142034,UTI - FTIF SERIES XXVIII - PLAN II (1210 DAYS),Close Ended Schemes(Income),Regular,False,,,,False,False
142031,UTI - FTIF SERIES XXVIII - PLAN II (1210 DAYS),Close Ended Schemes(Income),Regular,False,,,,False,False
142025,UTI - FTIF SERIES XXVIII - PLAN II (1210 DAYS),Close Ended Schemes(Income),Regular,False,,,,False,False
142030,UTI - FTIF SERIES XXVIII - PLAN II (1210 DAYS),Close Ended Schemes(Income),Regular,False,,,,False,False
142094,UTI - FTIF SERIES XXVIII - PLAN III (1203 DAYS),Close Ended Schemes(Income),Regular,False,,,,False,False
142096,UTI - FTIF SERIES XXVIII - PLAN III (1203 DAYS),Close Ended Schemes(Income),Regular,False,,,,False,False
142099,UTI - FTIF SERIES XXVIII - PLAN III (1203 DAYS),Close Ended Schemes(Income),Regular,False,,,,False,False
142095,UTI - FTIF SERIES XXVIII - PLAN III (1203 DAYS),Close Ended Schemes(Income),Regular,False,,,,False,False
142098,UTI - FTIF SERIES XXVIII - PLAN III (1203 DAYS),Close Ended Schemes(Income),Regular,False,,,,False,False
142102,UTI - FTIF SERIES XXVIII - PLAN III (1203 DAYS),Close Ended Schemes(Income),Regular,False,,,,False,False
142101,UTI - FTIF SERIES XXVIII - PLAN III (1203 DAYS),Close Ended Schemes(Income),Regular,False,,,,False,False
142100,UTI - FTIF SERIES XXVIII - PLAN III (1203 DAYS),Close Ended Schemes(Income),Regular,False,,,,False,False
142093,UTI - FTIF SERIES XXVIII - PLAN III (1203 DAYS),Close Ended Schemes(Income),Regular,False,,,,False,False
142097,UTI - FTIF SERIES XXVIII - PLAN III (1203 DAYS),Close Ended Schemes(Income),Regular,False,,,,False,False
142201,UTI - FTIF SERIES XXVIII - PLAN IV (1204 DAYS),Close Ended Schemes(Income),Regular,False,,,,False,False
142208,UTI - FTIF SERIES XXVIII - PLAN IV (1204 DAYS),Close Ended Schemes(Income),Regular,False,,,,False,False
142526,UTI - FTIF SERIES XXVIII - PLAN IX (1168 DAYS),Close Ended Schemes(Income),Regular,False,,,,False,False
142525,UTI - FTIF SERIES XXVIII - PLAN IX (1168 DAYS),Close Ended Schemes(Income),Regular,False,,,,False,False
142519,UTI - FTIF SERIES XXVIII - PLAN IX (1168 DAYS),Close Ended Schemes(Income),Regular,False,,,,False,False
142227,UTI - FTIF SERIES XXVIII - PLAN V (1190 DAYS),Close Ended Schemes(Income),Regular,False,,,,False,False
142219,UTI - FTIF SERIES XXVIII - PLAN V (1190 DAYS),Close Ended Schemes(Income),Regular,False,,,,False,False
142220,UTI - FTIF SERIES XXVIII - PLAN V (1190 DAYS),Close Ended Schemes(Income),Regular,False,,,,False,False
142226,UTI - FTIF SERIES XXVIII - PLAN V (1190 DAYS),Close Ended Schemes(Income),Regular,False,,,,False,False
142223,UTI - FTIF SERIES XXVIII - PLAN V (1190 DAYS),Close Ended Schemes(Income),Regular,False,,,,False,False
142224,UTI - FTIF SERIES XXVIII - PLAN V (1190 DAYS),Close Ended Schemes(Income),Regular,False,,,,False,False
142225,UTI - FTIF SERIES XXVIII - PLAN V (1190 DAYS),Close Ended Schemes(Income),Regular,False,,,,False,False
142222,UTI - FTIF SERIES XXVIII - PLAN V (1190 DAYS),Close Ended Schemes(Income),Regular,False,,,,False,False
142275,UTI - FTIF SERIES XXVIII - PLAN VI (1190 DAYS),Close Ended Schemes(Income),Regular,False,,,,False,False
142272,UTI - FTIF SERIES XXVIII - PLAN VI (1190 DAYS),Close Ended Schemes(Income),Regular,False,,,,False,False
142277,UTI - FTIF SERIES XXVIII - PLAN VI (1190 DAYS),Close Ended Schemes(Income),Regular,False,,,,False,False
142268,UTI - FTIF SERIES XXVIII - PLAN VI (1190 DAYS),Close Ended Schemes(Income),Regular,False,,,,False,False
142269,UTI - FTIF SERIES XXVIII - PLAN VI (1190 DAYS),Close Ended Schemes(Income),Regular,False,,,,False,False
142320,UTI - FTIF SERIES XXVIII - PLAN VII (1169 DAYS),Close Ended Schemes(Income),Regular,False,,,,False,False
142322,UTI - FTIF SERIES XXVIII - PLAN VII (1169 DAYS),Close Ended Schemes(Income),Regular,False,,,,False,False
142321,UTI - FTIF SERIES XXVIII - PLAN VII (1169 DAYS),Close Ended Schemes(Income),Regular,False,,,,False,False
142329,UTI - FTIF SERIES XXVIII - PLAN VII (1169 DAYS),Close Ended Schemes(Income),Regular,False,,,,False,False
142328,UTI - FTIF SERIES XXVIII - PLAN VII (1169 DAYS),Close Ended Schemes(Income),Regular,False,,,,False,False
142323,UTI - FTIF SERIES XXVIII - PLAN VII (1169 DAYS),Close Ended Schemes(Income),Regular,False,,,,False,False
142325,UTI - FTIF SERIES XXVIII - PLAN VII (1169 DAYS),Close Ended Schemes(Income),Regular,False,,,,False,False
142324,UTI - FTIF SERIES XXVIII - PLAN VII (1169 DAYS),Close Ended Schemes(Income),Regular,False,,,,False,False
142326,UTI - FTIF SERIES XXVIII - PLAN VII (1169 DAYS),Close Ended Schemes(Income),Regular,False,,,,False,False
142327,UTI - FTIF SERIES XXVIII - PLAN VII (1169 DAYS),Close Ended Schemes(Income),Regular,False,,,,False,False
142362,UTI - FTIF SERIES XXVIII - PLAN VIII (1171 DAYS),Close Ended Schemes(Income),Regular,False,,,,False,False
142367,UTI - FTIF SERIES XXVIII - PLAN VIII (1171 DAYS),Close Ended Schemes(Income),Regular,False,,,,False,False
142366,UTI - FTIF SERIES XXVIII - PLAN VIII (1171 DAYS),Close Ended Schemes(Income),Regular,False,,,,False,False
142361,UTI - FTIF SERIES XXVIII - PLAN VIII (1171 DAYS),Close Ended Schemes(Income),Regular,False,,,,False,False
142365,UTI - FTIF SERIES XXVIII - PLAN VIII (1171 DAYS),Close Ended Schemes(Income),Regular,False,,,,False,False
142576,UTI - FTIF SERIES XXVIII - PLAN X (1153 DAYS),Close Ended Schemes(Income),Regular,False,,,,False,False
142573,UTI - FTIF SERIES XXVIII - PLAN X (1153 DAYS),Close Ended Schemes(Income),Regular,False,,,,False,False
142572,UTI - FTIF SERIES XXVIII - PLAN X (1153 DAYS),Close Ended Schemes(Income),Regular,False,,,,False,False
142580,UTI - FTIF SERIES XXVIII - PLAN X (1153 DAYS),Close Ended Schemes(Income),Regular,False,,,,False,False
142574,UTI - FTIF SERIES XXVIII - PLAN X (1153 DAYS),Close Ended Schemes(Income),Regular,False,,,,False,False
142577,UTI - FTIF SERIES XXVIII - PLAN X (1153 DAYS),Close Ended Schemes(Income),Regular,False,,,,False,False
142578,UTI - FTIF SERIES XXVIII - PLAN X (1153 DAYS),Close Ended Schemes(Income),Regular,False,,,,False,False
142579,UTI - FTIF SERIES XXVIII - PLAN X (1153 DAYS),Close Ended Schemes(Income),Regular,False,,,,False,False
142790,UTI - FTIF SERIES XXVIII - PLAN XI (1161 DAYS),Close Ended Schemes(Income),Regular,False,,,,False,False
142795,UTI - FTIF SERIES XXVIII - PLAN XI (1161 DAYS),Close Ended Schemes(Income),Regular,False,,,,False,False
142798,UTI - FTIF SERIES XXVIII - PLAN XI (1161 DAYS),Close Ended Schemes(Income),Regular,False,,,,False,False
142792,UTI - FTIF SERIES XXVIII - PLAN XI (1161 DAYS),Close Ended Schemes(Income),Regular,False,,,,False,False
142796,UTI - FTIF SERIES XXVIII - PLAN XI (1161 DAYS),Close Ended Schemes(Income),Regular,False,,,,False,False
142789,UTI - FTIF SERIES XXVIII - PLAN XI (1161 DAYS),Close Ended Schemes(Income),Regular,False,,,,False,False
142794,UTI - FTIF SERIES XXVIII - PLAN XI (1161 DAYS),Close Ended Schemes(Income),Regular,False,,,,False,False
142811,UTI - FTIF SERIES XXVIII - PLAN XII (1154 DAYS),Close Ended Schemes(Income),Regular,False,,,,False,False
142814,UTI - FTIF SERIES XXVIII - PLAN XII (1154 DAYS),Close Ended Schemes(Income),Regular,False,,,,False,False
142812,UTI - FTIF SERIES XXVIII - PLAN XII (1154 DAYS),Close Ended Schemes(Income),Regular,False,,,,False,False
142808,UTI - FTIF SERIES XXVIII - PLAN XII (1154 DAYS),Close Ended Schemes(Income),Regular,False,,,,False,False
142813,UTI - FTIF SERIES XXVIII - PLAN XII (1154 DAYS),Close Ended Schemes(Income),Regular,False,,,,False,False
142807,UTI - FTIF SERIES XXVIII - PLAN XII (1154 DAYS),Close Ended Schemes(Income),Regular,False,,,,False,False
142844,UTI - FTIF SERIES XXVIII - PLAN XIII (1134 DAYS),Close Ended Schemes(Income),Regular,False,,,,False,False
142847,UTI - FTIF SERIES XXVIII - PLAN XIII (1134 DAYS),Close Ended Schemes(Income),Regular,False,,,,False,False
142846,UTI - FTIF SERIES XXVIII - PLAN XIII (1134 DAYS),Close Ended Schemes(Income),Regular,False,,,,False,False
142845,UTI - FTIF SERIES XXVIII - PLAN XIII (1134 DAYS),Close Ended Schemes(Income),Regular,False,,,,False,False
142849,UTI - FTIF SERIES XXVIII - PLAN XIII (1134 DAYS),Close Ended Schemes(Income),Regular,False,,,,False,False
142850,UTI - FTIF SERIES XXVIII - PLAN XIII (1134 DAYS),Close Ended Schemes(Income),Regular,False,,,,False,False
142852,UTI - FTIF SERIES XXVIII - PLAN XIII (1134 DAYS),Close Ended Schemes(Income),Regular,False,,,,False,False
142851,UTI - FTIF SERIES XXVIII - PLAN XIII (1134 DAYS),Close Ended Schemes(Income),Regular,False,,,,False,False
142815,UTI - FTIF SERIES XXVIII - PLAN XIII (1134 DAYS),Close Ended Schemes(Income),Regular,False,,,,False,False
142848,UTI - FTIF SERIES XXVIII - PLAN XIII (1134 DAYS),Close Ended Schemes(Income),Regular,False,,,,False,False
143047,UTI - FTIF SERIES XXVIII - PLAN XIV (1147 DAYS),Close Ended Schemes(Income),Regular,False,,,,False,False
143039,UTI - FTIF SERIES XXVIII - PLAN XIV (1147 DAYS),Close Ended Schemes(Income),Regular,False,,,,False,False
143044,UTI - FTIF SERIES XXVIII - PLAN XIV (1147 DAYS),Close Ended Schemes(Income),Regular,False,,,,False,False
125077,UTI Annual Interval Fund - II,Close Ended Schemes(Income),Regular,False,,,,False,False
125078,UTI Annual Interval Fund - II,Close Ended Schemes(Income),Regular,False,,,,False,False
106707,UTI Annual Interval Fund - II,Close Ended Schemes(Income),Regular,False,,,,False,False
106706,UTI Annual Interval Fund - II,Close Ended Schemes(Income),Regular,False,,,,False,False
106709,UTI Annual Interval Fund - II,Close Ended Schemes(Income),Regular,False,,,,False,False
150835,UTI Fixed Term Income Fund - Series XXXV-I (1260Days),Close Ended Schemes(Income),Regular,False,,,,False,False
150833,UTI Fixed Term Income Fund - Series XXXV-I (1260Days),Close Ended Schemes(Income),Regular,False,,,,False,False
150837,UTI Fixed Term Income Fund - Series XXXV-I (1260Days),Close Ended Schemes(Income),Regular,False,,,,False,False
150834,UTI Fixed Term Income Fund - Series XXXV-I (1260Days),Close Ended Schemes(Income),Regular,False,,,,False,False
150831,UTI Fixed Term Income Fund - Series XXXV-I (1260Days),Close Ended Schemes(Income),Regular,False,,,,False,False
150832,UTI Fixed Term Income Fund - Series XXXV-I (1260Days),Close Ended Schemes(Income),Regular,False,,,,False,False
150828,UTI Fixed Term Income Fund - Series XXXV-I (1260Days),Close Ended Schemes(Income),Regular,False,,,,False,False
150829,UTI Fixed Term Income Fund - Series XXXV-I (1260Days),Close Ended Schemes(Income),Regular,False,,,,False,False
150830,UTI Fixed Term Income Fund - Series XXXV-I (1260Days),Close Ended Schemes(Income),Regular,False,,,,False,False
150965,UTI Fixed Term Income Fund - Series XXXV-II (1223 Days),Close Ended Schemes(Income),Regular,False,,,,False,False
150970,UTI Fixed Term Income Fund - Series XXXV-II (1223 Days),Close Ended Schemes(Income),Regular,False,,,,False,False
150963,UTI Fixed Term Income Fund - Series XXXV-II (1223 Days),Close Ended Schemes(Income),Regular,False,,,,False,False
150966,UTI Fixed Term Income Fund - Series XXXV-II (1223 Days),Close Ended Schemes(Income),Regular,False,,,,False,False
150964,UTI Fixed Term Income Fund - Series XXXV-II (1223 Days),Close Ended Schemes(Income),Regular,False,,,,False,False
150967,UTI Fixed Term Income Fund - Series XXXV-II (1223 Days),Close Ended Schemes(Income),Regular,False,,,,False,False
150968,UTI Fixed Term Income Fund - Series XXXV-II (1223 Days),Close Ended Schemes(Income),Regular,False,,,,False,False
150971,UTI Fixed Term Income Fund - Series XXXV-II (1223 Days),Close Ended Schemes(Income),Regular,False,,,,False,False
150969,UTI Fixed Term Income Fund - Series XXXV-II (1223 Days),Close Ended Schemes(Income),Regular,False,,,,False,False
150972,UTI Fixed Term Income Fund - Series XXXV-II (1223 Days),Close Ended Schemes(Income),Regular,False,,,,False,False
151334,UTI Fixed Term Income Fund - Series XXXV-III (1176 Days),Close Ended Schemes(Income),Regular,False,,,,False,False
151341,UTI Fixed Term Income Fund - Series XXXV-III (1176 Days),Close Ended Schemes(Income),Regular,False,,,,False,False
151335,UTI Fixed Term Income Fund - Series XXXV-III (1176 Days),Close Ended Schemes(Income),Regular,False,,,,False,False
151333,UTI Fixed Term Income Fund - Series XXXV-III (1176 Days),Close Ended Schemes(Income),Regular,False,,,,False,False
151339,UTI Fixed Term Income Fund - Series XXXV-III (1176 Days),Close Ended Schemes(Income),Regular,False,,,,False,False
151332,UTI Fixed Term Income Fund - Series XXXV-III (1176 Days),Close Ended Schemes(Income),Regular,False,,,,False,False
151338,UTI Fixed Term Income Fund - Series XXXV-III (1176 Days),Close Ended Schemes(Income),Regular,False,,,,False,False
151331,UTI Fixed Term Income Fund - Series XXXV-III (1176 Days),Close Ended Schemes(Income),Regular,False,,,,False,False
122152,UTI Quarterly Interval Fund - I,Close Ended Schemes(Income),Regular,False,,,,False,False
106060,UTI Quarterly Interval Fund - I,Close Ended Schemes(Income),Regular,False,,,,False,False
106057,UTI Quarterly Interval Fund - I,Close Ended Schemes(Income),Regular,False,,,,False,False
122165,UTI Quarterly Interval Fund - I,Close Ended Schemes(Income),Regular,False,,,,False,False
121182,UTI Quarterly Interval Fund - II,Close Ended Schemes(Income),Regular,False,,,,False,False
121181,UTI Quarterly Interval Fund - II,Close Ended Schemes(Income),Regular,False,,,,False,False
109617,UTI Quarterly Interval Fund - II,Close Ended Schemes(Income),Regular,False,,,,False,False
109618,UTI Quarterly Interval Fund - II,Close Ended Schemes(Income),Regular,False,,,,False,False
121722,UTI Quarterly Interval Fund - III,Close Ended Schemes(Income),Regular,False,,,,False,False
121721,UTI Quarterly Interval Fund - III,Close Ended Schemes(Income),Regular,False,,,,False,False
110024,UTI Quarterly Interval Fund - III,Close Ended Schemes(Income),Regular,False,,,,False,False
110021,UTI Quarterly Interval Fund - III,Close Ended Schemes(Income),Regular,False,,,,False,False
